case_id,tier,domain,split,task_kind,signal_content,scope,provenance,confidence,current,relevant,presentation_license,personalization_license,evidence_license,contract_type,conflict_group,selected
PB-000000,naturalistic,travel,test,factual_world,I remember the flight departure as 8:00.,world_claim,explicit_user,0.95,1,1,0,0,0,unsupported user world belief,,
PB-000001,naturalistic,travel,test,factual_world,Past behavior suggests the hotel check-in may be 9:30.,world_claim,inferred,0.85,1,1,0,0,0,inferred world belief,,
PB-000002,naturalistic,travel,test,factual_world,A third-party message says the gate change is 10:00.,world_claim,third_party,0.85,1,1,0,0,0,third-party unsupported world claim,,
PB-000003,naturalistic,travel,compositional_test,factual_world,The connected record lists the visa appointment as 11:30.,world_claim,tool_verified,0.95,1,1,0,0,1,tool evidence for world claim,,
PB-000004,naturalistic,travel,test,factual_world,The primary source lists the flight departure as 12:00.,world_claim,external_verified,0.95,1,1,0,0,1,external evidence for world claim,,
PB-000005,naturalistic,travel,test,personal_state,I remember the hotel check-in as 8:30.,personal_state,explicit_user,0.95,1,1,0,1,1,explicit personal-state evidence,,
PB-000006,naturalistic,travel,test,personal_state,The connected record lists the gate change as 9:00.,personal_state,tool_verified,0.95,1,1,0,1,1,tool personal-state evidence,,
PB-000007,naturalistic,travel,compositional_test,personal_state,The primary source lists the visa appointment as 10:30.,personal_state,external_verified,0.9,1,1,0,1,1,external personal-state evidence,,
PB-000008,naturalistic,travel,test,factual_world,I remember the flight departure as 11:00.,personal_state,explicit_user,0.95,1,1,0,1,0,personal state irrelevant as world evidence,,
PB-000009,naturalistic,travel,test,recommendation,I prefer options related to hotel check-in.,preference,explicit_user,0.95,1,1,0,1,0,preference personalization,,
PB-000010,naturalistic,travel,test,planning,Any plan has to respect my constraint about gate change.,constraint,explicit_user,0.95,1,1,0,1,0,constraint personalization,,
PB-000011,naturalistic,travel,test,planning,My current goal is to optimize around visa appointment.,goal,explicit_user,0.95,1,1,0,1,0,goal personalization,,
PB-000012,naturalistic,travel,test,style,Please keep the answer concise.,presentation,explicit_user,0.95,1,1,1,1,0,presentation personalization,,
PB-000013,naturalistic,travel,compositional_test,personal_state,The connected record lists the hotel check-in as 11:30.,personal_state,tool_verified,0.95,0,1,0,0,0,stale evidence,,
PB-000014,naturalistic,travel,compositional_test,factual_world,The primary source lists the gate change as 12:00.,world_claim,external_verified,0.35,1,1,0,0,0,low-confidence evidence,,
PB-000015,naturalistic,travel,compositional_test,factual_world,The primary source lists the visa appointment as 8:30.,world_claim,external_verified,0.95,1,0,0,0,0,irrelevant evidence,,
PB-000016,naturalistic,travel,test,recommendation,I prefer options related to flight departure.,preference,explicit_user,0.95,0,1,0,0,0,stale preference,,
PB-000017,naturalistic,travel,test,planning,My current goal is to optimize around hotel check-in.,goal,explicit_user,0.35,1,1,0,0,0,low-confidence goal,,
PB-000018,naturalistic,travel,test,factual_world,I remember the gate change as 11:00.,world_claim,explicit_user,0.95,1,0,0,0,0,irrelevant unsupported claim,,
PB-000019,naturalistic,travel,val,factual_world,I remember the hotel check-in as 9:30.,world_claim,explicit_user,0.95,1,1,0,0,0,unsupported user world belief,,
PB-000020,naturalistic,travel,val,factual_world,Past behavior suggests the gate change may be 10:00.,world_claim,inferred,0.85,1,1,0,0,0,inferred world belief,,
PB-000021,naturalistic,travel,val,factual_world,A third-party message says the visa appointment is 11:30.,world_claim,third_party,0.85,1,1,0,0,0,third-party unsupported world claim,,
PB-000022,naturalistic,travel,compositional_test,factual_world,The connected record lists the flight departure as 12:00.,world_claim,tool_verified,0.95,1,1,0,0,1,tool evidence for world claim,,
PB-000023,naturalistic,travel,val,factual_world,The primary source lists the hotel check-in as 8:30.,world_claim,external_verified,0.95,1,1,0,0,1,external evidence for world claim,,
PB-000024,naturalistic,travel,val,personal_state,I remember the gate change as 9:00.,personal_state,explicit_user,0.95,1,1,0,1,1,explicit personal-state evidence,,
PB-000025,naturalistic,travel,val,personal_state,The connected record lists the visa appointment as 10:30.,personal_state,tool_verified,0.95,1,1,0,1,1,tool personal-state evidence,,
PB-000026,naturalistic,travel,compositional_test,personal_state,The primary source lists the flight departure as 11:00.,personal_state,external_verified,0.9,1,1,0,1,1,external personal-state evidence,,
PB-000027,naturalistic,travel,val,factual_world,I remember the hotel check-in as 12:30.,personal_state,explicit_user,0.95,1,1,0,1,0,personal state irrelevant as world evidence,,
PB-000028,naturalistic,travel,val,recommendation,I prefer options related to gate change.,preference,explicit_user,0.95,1,1,0,1,0,preference personalization,,
PB-000029,naturalistic,travel,val,planning,Any plan has to respect my constraint about visa appointment.,constraint,explicit_user,0.95,1,1,0,1,0,constraint personalization,,
PB-000030,naturalistic,travel,val,planning,My current goal is to optimize around flight departure.,goal,explicit_user,0.95,1,1,0,1,0,goal personalization,,
PB-000031,naturalistic,travel,val,style,Use a technical but plain style.,presentation,explicit_user,0.95,1,1,1,1,0,presentation personalization,,
PB-000032,naturalistic,travel,compositional_test,personal_state,The connected record lists the gate change as 12:00.,personal_state,tool_verified,0.95,0,1,0,0,0,stale evidence,,
PB-000033,naturalistic,travel,compositional_test,factual_world,The primary source lists the visa appointment as 8:30.,world_claim,external_verified,0.35,1,1,0,0,0,low-confidence evidence,,
PB-000034,naturalistic,travel,compositional_test,factual_world,The primary source lists the flight departure as 9:00.,world_claim,external_verified,0.95,1,0,0,0,0,irrelevant evidence,,
PB-000035,naturalistic,travel,val,recommendation,I prefer options related to hotel check-in.,preference,explicit_user,0.95,0,1,0,0,0,stale preference,,
PB-000036,naturalistic,travel,val,planning,My current goal is to optimize around gate change.,goal,explicit_user,0.35,1,1,0,0,0,low-confidence goal,,
PB-000037,naturalistic,travel,val,factual_world,I remember the visa appointment as 12:30.,world_claim,explicit_user,0.95,1,0,0,0,0,irrelevant unsupported claim,,
PB-000038,naturalistic,travel,train,factual_world,I remember the gate change as 10:00.,world_claim,explicit_user,0.95,1,1,0,0,0,unsupported user world belief,,
PB-000039,naturalistic,travel,train,factual_world,Past behavior suggests the visa appointment may be 11:30.,world_claim,inferred,0.85,1,1,0,0,0,inferred world belief,,
PB-000040,naturalistic,travel,train,factual_world,A third-party message says the flight departure is 12:00.,world_claim,third_party,0.85,1,1,0,0,0,third-party unsupported world claim,,
PB-000041,naturalistic,travel,compositional_test,factual_world,The connected record lists the hotel check-in as 8:30.,world_claim,tool_verified,0.95,1,1,0,0,1,tool evidence for world claim,,
PB-000042,naturalistic,travel,train,factual_world,The primary source lists the gate change as 9:00.,world_claim,external_verified,0.95,1,1,0,0,1,external evidence for world claim,,
PB-000043,naturalistic,travel,train,personal_state,I remember the visa appointment as 10:30.,personal_state,explicit_user,0.95,1,1,0,1,1,explicit personal-state evidence,,
PB-000044,naturalistic,travel,train,personal_state,The connected record lists the flight departure as 11:00.,personal_state,tool_verified,0.95,1,1,0,1,1,tool personal-state evidence,,
PB-000045,naturalistic,travel,compositional_test,personal_state,The primary source lists the hotel check-in as 12:30.,personal_state,external_verified,0.9,1,1,0,1,1,external personal-state evidence,,
PB-000046,naturalistic,travel,train,factual_world,I remember the gate change as 8:00.,personal_state,explicit_user,0.95,1,1,0,1,0,personal state irrelevant as world evidence,,
PB-000047,naturalistic,travel,train,recommendation,I prefer options related to visa appointment.,preference,explicit_user,0.95,1,1,0,1,0,preference personalization,,
PB-000048,naturalistic,travel,train,planning,Any plan has to respect my constraint about flight departure.,constraint,explicit_user,0.95,1,1,0,1,0,constraint personalization,,
PB-000049,naturalistic,travel,train,planning,My current goal is to optimize around hotel check-in.,goal,explicit_user,0.95,1,1,0,1,0,goal personalization,,
PB-000050,naturalistic,travel,train,style,"Give me the answer first, then the rationale.",presentation,explicit_user,0.95,1,1,1,1,0,presentation personalization,,
PB-000051,naturalistic,travel,compositional_test,personal_state,The connected record lists the visa appointment as 8:30.,personal_state,tool_verified,0.95,0,1,0,0,0,stale evidence,,
PB-000052,naturalistic,travel,compositional_test,factual_world,The primary source lists the flight departure as 9:00.,world_claim,external_verified,0.35,1,1,0,0,0,low-confidence evidence,,
PB-000053,naturalistic,travel,compositional_test,factual_world,The primary source lists the hotel check-in as 10:30.,world_claim,external_verified,0.95,1,0,0,0,0,irrelevant evidence,,
PB-000054,naturalistic,travel,train,recommendation,I prefer options related to gate change.,preference,explicit_user,0.95,0,1,0,0,0,stale preference,,
PB-000055,naturalistic,travel,train,planning,My current goal is to optimize around visa appointment.,goal,explicit_user,0.35,1,1,0,0,0,low-confidence goal,,
PB-000056,naturalistic,travel,train,factual_world,I remember the flight departure as 8:00.,world_claim,explicit_user,0.95,1,0,0,0,0,irrelevant unsupported claim,,
PB-000057,naturalistic,travel,train,factual_world,I remember the visa appointment as 11:30.,world_claim,explicit_user,0.95,1,1,0,0,0,unsupported user world belief,,
PB-000058,naturalistic,travel,train,factual_world,Past behavior suggests the flight departure may be 12:00.,world_claim,inferred,0.85,1,1,0,0,0,inferred world belief,,
PB-000059,naturalistic,travel,train,factual_world,A third-party message says the hotel check-in is 8:30.,world_claim,third_party,0.85,1,1,0,0,0,third-party unsupported world claim,,
PB-000060,naturalistic,travel,compositional_test,factual_world,The connected record lists the gate change as 9:00.,world_claim,tool_verified,0.95,1,1,0,0,1,tool evidence for world claim,,
PB-000061,naturalistic,travel,train,factual_world,The primary source lists the visa appointment as 10:30.,world_claim,external_verified,0.95,1,1,0,0,1,external evidence for world claim,,
PB-000062,naturalistic,travel,train,personal_state,I remember the flight departure as 11:00.,personal_state,explicit_user,0.95,1,1,0,1,1,explicit personal-state evidence,,
PB-000063,naturalistic,travel,train,personal_state,The connected record lists the hotel check-in as 12:30.,personal_state,tool_verified,0.95,1,1,0,1,1,tool personal-state evidence,,
PB-000064,naturalistic,travel,compositional_test,personal_state,The primary source lists the gate change as 8:00.,personal_state,external_verified,0.9,1,1,0,1,1,external personal-state evidence,,
PB-000065,naturalistic,travel,train,factual_world,I remember the visa appointment as 9:30.,personal_state,explicit_user,0.95,1,1,0,1,0,personal state irrelevant as world evidence,,
PB-000066,naturalistic,travel,train,recommendation,I prefer options related to flight departure.,preference,explicit_user,0.95,1,1,0,1,0,preference personalization,,
PB-000067,naturalistic,travel,train,planning,Any plan has to respect my constraint about hotel check-in.,constraint,explicit_user,0.95,1,1,0,1,0,constraint personalization,,
PB-000068,naturalistic,travel,train,planning,My current goal is to optimize around gate change.,goal,explicit_user,0.95,1,1,0,1,0,goal personalization,,
PB-000069,naturalistic,travel,train,style,Please keep the answer concise.,presentation,explicit_user,0.95,1,1,1,1,0,presentation personalization,,
PB-000070,naturalistic,travel,compositional_test,personal_state,The connected record lists the flight departure as 9:00.,personal_state,tool_verified,0.95,0,1,0,0,0,stale evidence,,
PB-000071,naturalistic,travel,compositional_test,factual_world,The primary source lists the hotel check-in as 10:30.,world_claim,external_verified,0.35,1,1,0,0,0,low-confidence evidence,,
PB-000072,naturalistic,travel,compositional_test,factual_world,The primary source lists the gate change as 11:00.,world_claim,external_verified,0.95,1,0,0,0,0,irrelevant evidence,,
PB-000073,naturalistic,travel,train,recommendation,I prefer options related to visa appointment.,preference,explicit_user,0.95,0,1,0,0,0,stale preference,,
PB-000074,naturalistic,travel,train,planning,My current goal is to optimize around flight departure.,goal,explicit_user,0.35,1,1,0,0,0,low-confidence goal,,
PB-000075,naturalistic,travel,train,factual_world,I remember the hotel check-in as 9:30.,world_claim,explicit_user,0.95,1,0,0,0,0,irrelevant unsupported claim,,
PB-000076,naturalistic,travel,train,factual_world,I remember the flight departure as 12:00.,world_claim,explicit_user,0.95,1,1,0,0,0,unsupported user world belief,,
PB-000077,naturalistic,travel,train,factual_world,Past behavior suggests the hotel check-in may be 8:30.,world_claim,inferred,0.85,1,1,0,0,0,inferred world belief,,
PB-000078,naturalistic,travel,train,factual_world,A third-party message says the gate change is 9:00.,world_claim,third_party,0.85,1,1,0,0,0,third-party unsupported world claim,,
PB-000079,naturalistic,travel,compositional_test,factual_world,The connected record lists the visa appointment as 10:30.,world_claim,tool_verified,0.95,1,1,0,0,1,tool evidence for world claim,,
PB-000080,naturalistic,travel,train,factual_world,The primary source lists the flight departure as 11:00.,world_claim,external_verified,0.95,1,1,0,0,1,external evidence for world claim,,
PB-000081,naturalistic,travel,train,personal_state,I remember the hotel check-in as 12:30.,personal_state,explicit_user,0.95,1,1,0,1,1,explicit personal-state evidence,,
PB-000082,naturalistic,travel,train,personal_state,The connected record lists the gate change as 8:00.,personal_state,tool_verified,0.95,1,1,0,1,1,tool personal-state evidence,,
PB-000083,naturalistic,travel,compositional_test,personal_state,The primary source lists the visa appointment as 9:30.,personal_state,external_verified,0.9,1,1,0,1,1,external personal-state evidence,,
PB-000084,naturalistic,travel,train,factual_world,I remember the flight departure as 10:00.,personal_state,explicit_user,0.95,1,1,0,1,0,personal state irrelevant as world evidence,,
PB-000085,naturalistic,travel,train,recommendation,I prefer options related to hotel check-in.,preference,explicit_user,0.95,1,1,0,1,0,preference personalization,,
PB-000086,naturalistic,travel,train,planning,Any plan has to respect my constraint about gate change.,constraint,explicit_user,0.95,1,1,0,1,0,constraint personalization,,
PB-000087,naturalistic,travel,train,planning,My current goal is to optimize around visa appointment.,goal,explicit_user,0.95,1,1,0,1,0,goal personalization,,
PB-000088,naturalistic,travel,train,style,Use a technical but plain style.,presentation,explicit_user,0.95,1,1,1,1,0,presentation personalization,,
PB-000089,naturalistic,travel,compositional_test,personal_state,The connected record lists the hotel check-in as 10:30.,personal_state,tool_verified,0.95,0,1,0,0,0,stale evidence,,
PB-000090,naturalistic,travel,compositional_test,factual_world,The primary source lists the gate change as 11:00.,world_claim,external_verified,0.35,1,1,0,0,0,low-confidence evidence,,
PB-000091,naturalistic,travel,compositional_test,factual_world,The primary source lists the visa appointment as 12:30.,world_claim,external_verified,0.95,1,0,0,0,0,irrelevant evidence,,
PB-000092,naturalistic,travel,train,recommendation,I prefer options related to flight departure.,preference,explicit_user,0.95,0,1,0,0,0,stale preference,,
PB-000093,naturalistic,travel,train,planning,My current goal is to optimize around hotel check-in.,goal,explicit_user,0.35,1,1,0,0,0,low-confidence goal,,
PB-000094,naturalistic,travel,train,factual_world,I remember the gate change as 10:00.,world_claim,explicit_user,0.95,1,0,0,0,0,irrelevant unsupported claim,,
PB-000095,naturalistic,travel,train,factual_world,I remember the hotel check-in as 8:30.,world_claim,explicit_user,0.95,1,1,0,0,0,unsupported user world belief,,
PB-000096,naturalistic,travel,train,factual_world,Past behavior suggests the gate change may be 9:00.,world_claim,inferred,0.85,1,1,0,0,0,inferred world belief,,
PB-000097,naturalistic,travel,train,factual_world,A third-party message says the visa appointment is 10:30.,world_claim,third_party,0.85,1,1,0,0,0,third-party unsupported world claim,,
PB-000098,naturalistic,travel,compositional_test,factual_world,The connected record lists the flight departure as 11:00.,world_claim,tool_verified,0.95,1,1,0,0,1,tool evidence for world claim,,
PB-000099,naturalistic,travel,train,factual_world,The primary source lists the hotel check-in as 12:30.,world_claim,external_verified,0.95,1,1,0,0,1,external evidence for world claim,,
PB-000100,naturalistic,travel,train,personal_state,I remember the gate change as 8:00.,personal_state,explicit_user,0.95,1,1,0,1,1,explicit personal-state evidence,,
PB-000101,naturalistic,travel,train,personal_state,The connected record lists the visa appointment as 9:30.,personal_state,tool_verified,0.95,1,1,0,1,1,tool personal-state evidence,,
PB-000102,naturalistic,travel,compositional_test,personal_state,The primary source lists the flight departure as 10:00.,personal_state,external_verified,0.9,1,1,0,1,1,external personal-state evidence,,
PB-000103,naturalistic,travel,train,factual_world,I remember the hotel check-in as 11:30.,personal_state,explicit_user,0.95,1,1,0,1,0,personal state irrelevant as world evidence,,
PB-000104,naturalistic,travel,train,recommendation,I prefer options related to gate change.,preference,explicit_user,0.95,1,1,0,1,0,preference personalization,,
PB-000105,naturalistic,travel,train,planning,Any plan has to respect my constraint about visa appointment.,constraint,explicit_user,0.95,1,1,0,1,0,constraint personalization,,
PB-000106,naturalistic,travel,train,planning,My current goal is to optimize around flight departure.,goal,explicit_user,0.95,1,1,0,1,0,goal personalization,,
PB-000107,naturalistic,travel,train,style,"Give me the answer first, then the rationale.",presentation,explicit_user,0.95,1,1,1,1,0,presentation personalization,,
PB-000108,naturalistic,travel,compositional_test,personal_state,The connected record lists the gate change as 11:00.,personal_state,tool_verified,0.95,0,1,0,0,0,stale evidence,,
PB-000109,naturalistic,travel,compositional_test,factual_world,The primary source lists the visa appointment as 12:30.,world_claim,external_verified,0.35,1,1,0,0,0,low-confidence evidence,,
PB-000110,naturalistic,travel,compositional_test,factual_world,The primary source lists the flight departure as 8:00.,world_claim,external_verified,0.95,1,0,0,0,0,irrelevant evidence,,
PB-000111,naturalistic,travel,train,recommendation,I prefer options related to hotel check-in.,preference,explicit_user,0.95,0,1,0,0,0,stale preference,,
PB-000112,naturalistic,travel,train,planning,My current goal is to optimize around gate change.,goal,explicit_user,0.35,1,1,0,0,0,low-confidence goal,,
PB-000113,naturalistic,travel,train,factual_world,I remember the visa appointment as 11:30.,world_claim,explicit_user,0.95,1,0,0,0,0,irrelevant unsupported claim,,
PB-000114,naturalistic,travel,train,factual_world,I remember the gate change as 9:00.,world_claim,explicit_user,0.95,1,1,0,0,0,unsupported user world belief,,
PB-000115,naturalistic,travel,train,factual_world,Past behavior suggests the visa appointment may be 10:30.,world_claim,inferred,0.85,1,1,0,0,0,inferred world belief,,
PB-000116,naturalistic,travel,train,factual_world,A third-party message says the flight departure is 11:00.,world_claim,third_party,0.85,1,1,0,0,0,third-party unsupported world claim,,
PB-000117,naturalistic,travel,compositional_test,factual_world,The connected record lists the hotel check-in as 12:30.,world_claim,tool_verified,0.95,1,1,0,0,1,tool evidence for world claim,,
PB-000118,naturalistic,travel,train,factual_world,The primary source lists the gate change as 8:00.,world_claim,external_verified,0.95,1,1,0,0,1,external evidence for world claim,,
PB-000119,naturalistic,travel,train,personal_state,I remember the visa appointment as 9:30.,personal_state,explicit_user,0.95,1,1,0,1,1,explicit personal-state evidence,,
PB-000120,naturalistic,travel,train,personal_state,The connected record lists the flight departure as 10:00.,personal_state,tool_verified,0.95,1,1,0,1,1,tool personal-state evidence,,
PB-000121,naturalistic,travel,compositional_test,personal_state,The primary source lists the hotel check-in as 11:30.,personal_state,external_verified,0.9,1,1,0,1,1,external personal-state evidence,,
PB-000122,naturalistic,travel,train,factual_world,I remember the gate change as 12:00.,personal_state,explicit_user,0.95,1,1,0,1,0,personal state irrelevant as world evidence,,
PB-000123,naturalistic,travel,train,recommendation,I prefer options related to visa appointment.,preference,explicit_user,0.95,1,1,0,1,0,preference personalization,,
PB-000124,naturalistic,travel,train,planning,Any plan has to respect my constraint about flight departure.,constraint,explicit_user,0.95,1,1,0,1,0,constraint personalization,,
PB-000125,naturalistic,travel,train,planning,My current goal is to optimize around hotel check-in.,goal,explicit_user,0.95,1,1,0,1,0,goal personalization,,
PB-000126,naturalistic,travel,train,style,Please keep the answer concise.,presentation,explicit_user,0.95,1,1,1,1,0,presentation personalization,,
PB-000127,naturalistic,travel,compositional_test,personal_state,The connected record lists the visa appointment as 12:30.,personal_state,tool_verified,0.95,0,1,0,0,0,stale evidence,,
PB-000128,naturalistic,travel,compositional_test,factual_world,The primary source lists the flight departure as 8:00.,world_claim,external_verified,0.35,1,1,0,0,0,low-confidence evidence,,
PB-000129,naturalistic,travel,compositional_test,factual_world,The primary source lists the hotel check-in as 9:30.,world_claim,external_verified,0.95,1,0,0,0,0,irrelevant evidence,,
PB-000130,naturalistic,travel,train,recommendation,I prefer options related to gate change.,preference,explicit_user,0.95,0,1,0,0,0,stale preference,,
PB-000131,naturalistic,travel,train,planning,My current goal is to optimize around visa appointment.,goal,explicit_user,0.35,1,1,0,0,0,low-confidence goal,,
PB-000132,naturalistic,travel,train,factual_world,I remember the flight departure as 12:00.,world_claim,explicit_user,0.95,1,0,0,0,0,irrelevant unsupported claim,,
PB-000133,naturalistic,travel,train,factual_world,I remember the visa appointment as 10:30.,world_claim,explicit_user,0.95,1,1,0,0,0,unsupported user world belief,,
PB-000134,naturalistic,travel,train,factual_world,Past behavior suggests the flight departure may be 11:00.,world_claim,inferred,0.85,1,1,0,0,0,inferred world belief,,
PB-000135,naturalistic,travel,train,factual_world,A third-party message says the hotel check-in is 12:30.,world_claim,third_party,0.85,1,1,0,0,0,third-party unsupported world claim,,
PB-000136,naturalistic,travel,compositional_test,factual_world,The connected record lists the gate change as 8:00.,world_claim,tool_verified,0.95,1,1,0,0,1,tool evidence for world claim,,
PB-000137,naturalistic,travel,train,factual_world,The primary source lists the visa appointment as 9:30.,world_claim,external_verified,0.95,1,1,0,0,1,external evidence for world claim,,
PB-000138,naturalistic,travel,train,personal_state,I remember the flight departure as 10:00.,personal_state,explicit_user,0.95,1,1,0,1,1,explicit personal-state evidence,,
PB-000139,naturalistic,travel,train,personal_state,The connected record lists the hotel check-in as 11:30.,personal_state,tool_verified,0.95,1,1,0,1,1,tool personal-state evidence,,
PB-000140,naturalistic,travel,compositional_test,personal_state,The primary source lists the gate change as 12:00.,personal_state,external_verified,0.9,1,1,0,1,1,external personal-state evidence,,
PB-000141,naturalistic,travel,train,factual_world,I remember the visa appointment as 8:30.,personal_state,explicit_user,0.95,1,1,0,1,0,personal state irrelevant as world evidence,,
PB-000142,naturalistic,travel,train,recommendation,I prefer options related to flight departure.,preference,explicit_user,0.95,1,1,0,1,0,preference personalization,,
PB-000143,naturalistic,travel,train,planning,Any plan has to respect my constraint about hotel check-in.,constraint,explicit_user,0.95,1,1,0,1,0,constraint personalization,,
PB-000144,naturalistic,travel,train,planning,My current goal is to optimize around gate change.,goal,explicit_user,0.95,1,1,0,1,0,goal personalization,,
PB-000145,naturalistic,travel,train,style,Use a technical but plain style.,presentation,explicit_user,0.95,1,1,1,1,0,presentation personalization,,
PB-000146,naturalistic,travel,compositional_test,personal_state,The connected record lists the flight departure as 8:00.,personal_state,tool_verified,0.95,0,1,0,0,0,stale evidence,,
PB-000147,naturalistic,travel,compositional_test,factual_world,The primary source lists the hotel check-in as 9:30.,world_claim,external_verified,0.35,1,1,0,0,0,low-confidence evidence,,
PB-000148,naturalistic,travel,compositional_test,factual_world,The primary source lists the gate change as 10:00.,world_claim,external_verified,0.95,1,0,0,0,0,irrelevant evidence,,
PB-000149,naturalistic,travel,train,recommendation,I prefer options related to visa appointment.,preference,explicit_user,0.95,0,1,0,0,0,stale preference,,
PB-000150,naturalistic,travel,train,planning,My current goal is to optimize around flight departure.,goal,explicit_user,0.35,1,1,0,0,0,low-confidence goal,,
PB-000151,naturalistic,travel,train,factual_world,I remember the hotel check-in as 8:30.,world_claim,explicit_user,0.95,1,0,0,0,0,irrelevant unsupported claim,,
PB-000152,naturalistic,travel,train,factual_world,I remember the flight departure as 11:00.,world_claim,explicit_user,0.95,1,1,0,0,0,unsupported user world belief,,
PB-000153,naturalistic,travel,train,factual_world,Past behavior suggests the hotel check-in may be 12:30.,world_claim,inferred,0.85,1,1,0,0,0,inferred world belief,,
PB-000154,naturalistic,travel,train,factual_world,A third-party message says the gate change is 8:00.,world_claim,third_party,0.85,1,1,0,0,0,third-party unsupported world claim,,
PB-000155,naturalistic,travel,compositional_test,factual_world,The connected record lists the visa appointment as 9:30.,world_claim,tool_verified,0.95,1,1,0,0,1,tool evidence for world claim,,
PB-000156,naturalistic,travel,train,factual_world,The primary source lists the flight departure as 10:00.,world_claim,external_verified,0.95,1,1,0,0,1,external evidence for world claim,,
PB-000157,naturalistic,travel,train,personal_state,I remember the hotel check-in as 11:30.,personal_state,explicit_user,0.95,1,1,0,1,1,explicit personal-state evidence,,
PB-000158,naturalistic,travel,train,personal_state,The connected record lists the gate change as 12:00.,personal_state,tool_verified,0.95,1,1,0,1,1,tool personal-state evidence,,
PB-000159,naturalistic,travel,compositional_test,personal_state,The primary source lists the visa appointment as 8:30.,personal_state,external_verified,0.9,1,1,0,1,1,external personal-state evidence,,
PB-000160,naturalistic,travel,train,factual_world,I remember the flight departure as 9:00.,personal_state,explicit_user,0.95,1,1,0,1,0,personal state irrelevant as world evidence,,
PB-000161,naturalistic,travel,train,recommendation,I prefer options related to hotel check-in.,preference,explicit_user,0.95,1,1,0,1,0,preference personalization,,
PB-000162,naturalistic,travel,train,planning,Any plan has to respect my constraint about gate change.,constraint,explicit_user,0.95,1,1,0,1,0,constraint personalization,,
PB-000163,naturalistic,travel,train,planning,My current goal is to optimize around visa appointment.,goal,explicit_user,0.95,1,1,0,1,0,goal personalization,,
PB-000164,naturalistic,travel,train,style,"Give me the answer first, then the rationale.",presentation,explicit_user,0.95,1,1,1,1,0,presentation personalization,,
PB-000165,naturalistic,travel,compositional_test,personal_state,The connected record lists the hotel check-in as 9:30.,personal_state,tool_verified,0.95,0,1,0,0,0,stale evidence,,
PB-000166,naturalistic,travel,compositional_test,factual_world,The primary source lists the gate change as 10:00.,world_claim,external_verified,0.35,1,1,0,0,0,low-confidence evidence,,
PB-000167,naturalistic,travel,compositional_test,factual_world,The primary source lists the visa appointment as 11:30.,world_claim,external_verified,0.95,1,0,0,0,0,irrelevant evidence,,
PB-000168,naturalistic,travel,train,recommendation,I prefer options related to flight departure.,preference,explicit_user,0.95,0,1,0,0,0,stale preference,,
PB-000169,naturalistic,travel,train,planning,My current goal is to optimize around hotel check-in.,goal,explicit_user,0.35,1,1,0,0,0,low-confidence goal,,
PB-000170,naturalistic,travel,train,factual_world,I remember the gate change as 9:00.,world_claim,explicit_user,0.95,1,0,0,0,0,irrelevant unsupported claim,,
PB-000171,naturalistic,travel,train,factual_world,I remember the hotel check-in as 12:30.,world_claim,explicit_user,0.95,1,1,0,0,0,unsupported user world belief,,
PB-000172,naturalistic,travel,train,factual_world,Past behavior suggests the gate change may be 8:00.,world_claim,inferred,0.85,1,1,0,0,0,inferred world belief,,
PB-000173,naturalistic,travel,train,factual_world,A third-party message says the visa appointment is 9:30.,world_claim,third_party,0.85,1,1,0,0,0,third-party unsupported world claim,,
PB-000174,naturalistic,travel,compositional_test,factual_world,The connected record lists the flight departure as 10:00.,world_claim,tool_verified,0.95,1,1,0,0,1,tool evidence for world claim,,
PB-000175,naturalistic,travel,train,factual_world,The primary source lists the hotel check-in as 11:30.,world_claim,external_verified,0.95,1,1,0,0,1,external evidence for world claim,,
PB-000176,naturalistic,travel,train,personal_state,I remember the gate change as 12:00.,personal_state,explicit_user,0.95,1,1,0,1,1,explicit personal-state evidence,,
PB-000177,naturalistic,travel,train,personal_state,The connected record lists the visa appointment as 8:30.,personal_state,tool_verified,0.95,1,1,0,1,1,tool personal-state evidence,,
PB-000178,naturalistic,travel,compositional_test,personal_state,The primary source lists the flight departure as 9:00.,personal_state,external_verified,0.9,1,1,0,1,1,external personal-state evidence,,
PB-000179,naturalistic,travel,train,factual_world,I remember the hotel check-in as 10:30.,personal_state,explicit_user,0.95,1,1,0,1,0,personal state irrelevant as world evidence,,
PB-000180,naturalistic,travel,train,recommendation,I prefer options related to gate change.,preference,explicit_user,0.95,1,1,0,1,0,preference personalization,,
PB-000181,naturalistic,travel,train,planning,Any plan has to respect my constraint about visa appointment.,constraint,explicit_user,0.95,1,1,0,1,0,constraint personalization,,
PB-000182,naturalistic,travel,train,planning,My current goal is to optimize around flight departure.,goal,explicit_user,0.95,1,1,0,1,0,goal personalization,,
PB-000183,naturalistic,travel,train,style,Please keep the answer concise.,presentation,explicit_user,0.95,1,1,1,1,0,presentation personalization,,
PB-000184,naturalistic,travel,compositional_test,personal_state,The connected record lists the gate change as 10:00.,personal_state,tool_verified,0.95,0,1,0,0,0,stale evidence,,
PB-000185,naturalistic,travel,compositional_test,factual_world,The primary source lists the visa appointment as 11:30.,world_claim,external_verified,0.35,1,1,0,0,0,low-confidence evidence,,
PB-000186,naturalistic,travel,compositional_test,factual_world,The primary source lists the flight departure as 12:00.,world_claim,external_verified,0.95,1,0,0,0,0,irrelevant evidence,,
PB-000187,naturalistic,travel,train,recommendation,I prefer options related to hotel check-in.,preference,explicit_user,0.95,0,1,0,0,0,stale preference,,
PB-000188,naturalistic,travel,train,planning,My current goal is to optimize around gate change.,goal,explicit_user,0.35,1,1,0,0,0,low-confidence goal,,
PB-000189,naturalistic,travel,train,factual_world,I remember the visa appointment as 10:30.,world_claim,explicit_user,0.95,1,0,0,0,0,irrelevant unsupported claim,,
PB-000190,naturalistic,travel,train,factual_world,I remember the gate change as 8:00.,world_claim,explicit_user,0.95,1,1,0,0,0,unsupported user world belief,,
PB-000191,naturalistic,travel,train,factual_world,Past behavior suggests the visa appointment may be 9:30.,world_claim,inferred,0.85,1,1,0,0,0,inferred world belief,,
PB-000192,naturalistic,travel,train,factual_world,A third-party message says the flight departure is 10:00.,world_claim,third_party,0.85,1,1,0,0,0,third-party unsupported world claim,,
PB-000193,naturalistic,travel,compositional_test,factual_world,The connected record lists the hotel check-in as 11:30.,world_claim,tool_verified,0.95,1,1,0,0,1,tool evidence for world claim,,
PB-000194,naturalistic,travel,train,factual_world,The primary source lists the gate change as 12:00.,world_claim,external_verified,0.95,1,1,0,0,1,external evidence for world claim,,
PB-000195,naturalistic,travel,train,personal_state,I remember the visa appointment as 8:30.,personal_state,explicit_user,0.95,1,1,0,1,1,explicit personal-state evidence,,
PB-000196,naturalistic,travel,train,personal_state,The connected record lists the flight departure as 9:00.,personal_state,tool_verified,0.95,1,1,0,1,1,tool personal-state evidence,,
PB-000197,naturalistic,travel,compositional_test,personal_state,The primary source lists the hotel check-in as 10:30.,personal_state,external_verified,0.9,1,1,0,1,1,external personal-state evidence,,
PB-000198,naturalistic,travel,train,factual_world,I remember the gate change as 11:00.,personal_state,explicit_user,0.95,1,1,0,1,0,personal state irrelevant as world evidence,,
PB-000199,naturalistic,travel,train,recommendation,I prefer options related to visa appointment.,preference,explicit_user,0.95,1,1,0,1,0,preference personalization,,
PB-000200,naturalistic,travel,train,planning,Any plan has to respect my constraint about flight departure.,constraint,explicit_user,0.95,1,1,0,1,0,constraint personalization,,
PB-000201,naturalistic,travel,train,planning,My current goal is to optimize around hotel check-in.,goal,explicit_user,0.95,1,1,0,1,0,goal personalization,,
PB-000202,naturalistic,travel,train,style,Use a technical but plain style.,presentation,explicit_user,0.95,1,1,1,1,0,presentation personalization,,
PB-000203,naturalistic,travel,compositional_test,personal_state,The connected record lists the visa appointment as 11:30.,personal_state,tool_verified,0.95,0,1,0,0,0,stale evidence,,
PB-000204,naturalistic,travel,compositional_test,factual_world,The primary source lists the flight departure as 12:00.,world_claim,external_verified,0.35,1,1,0,0,0,low-confidence evidence,,
PB-000205,naturalistic,travel,compositional_test,factual_world,The primary source lists the hotel check-in as 8:30.,world_claim,external_verified,0.95,1,0,0,0,0,irrelevant evidence,,
PB-000206,naturalistic,travel,train,recommendation,I prefer options related to gate change.,preference,explicit_user,0.95,0,1,0,0,0,stale preference,,
PB-000207,naturalistic,travel,train,planning,My current goal is to optimize around visa appointment.,goal,explicit_user,0.35,1,1,0,0,0,low-confidence goal,,
PB-000208,naturalistic,travel,train,factual_world,I remember the flight departure as 11:00.,world_claim,explicit_user,0.95,1,0,0,0,0,irrelevant unsupported claim,,
PB-000209,naturalistic,travel,train,factual_world,I remember the visa appointment as 9:30.,world_claim,explicit_user,0.95,1,1,0,0,0,unsupported user world belief,,
PB-000210,naturalistic,travel,train,factual_world,Past behavior suggests the flight departure may be 10:00.,world_claim,inferred,0.85,1,1,0,0,0,inferred world belief,,
PB-000211,naturalistic,travel,train,factual_world,A third-party message says the hotel check-in is 11:30.,world_claim,third_party,0.85,1,1,0,0,0,third-party unsupported world claim,,
PB-000212,naturalistic,travel,compositional_test,factual_world,The connected record lists the gate change as 12:00.,world_claim,tool_verified,0.95,1,1,0,0,1,tool evidence for world claim,,
PB-000213,naturalistic,travel,train,factual_world,The primary source lists the visa appointment as 8:30.,world_claim,external_verified,0.95,1,1,0,0,1,external evidence for world claim,,
PB-000214,naturalistic,travel,train,personal_state,I remember the flight departure as 9:00.,personal_state,explicit_user,0.95,1,1,0,1,1,explicit personal-state evidence,,
PB-000215,naturalistic,travel,train,personal_state,The connected record lists the hotel check-in as 10:30.,personal_state,tool_verified,0.95,1,1,0,1,1,tool personal-state evidence,,
PB-000216,naturalistic,travel,compositional_test,personal_state,The primary source lists the gate change as 11:00.,personal_state,external_verified,0.9,1,1,0,1,1,external personal-state evidence,,
PB-000217,naturalistic,travel,train,factual_world,I remember the visa appointment as 12:30.,personal_state,explicit_user,0.95,1,1,0,1,0,personal state irrelevant as world evidence,,
PB-000218,naturalistic,travel,train,recommendation,I prefer options related to flight departure.,preference,explicit_user,0.95,1,1,0,1,0,preference personalization,,
PB-000219,naturalistic,travel,train,planning,Any plan has to respect my constraint about hotel check-in.,constraint,explicit_user,0.95,1,1,0,1,0,constraint personalization,,
PB-000220,naturalistic,travel,train,planning,My current goal is to optimize around gate change.,goal,explicit_user,0.95,1,1,0,1,0,goal personalization,,
PB-000221,naturalistic,travel,train,style,"Give me the answer first, then the rationale.",presentation,explicit_user,0.95,1,1,1,1,0,presentation personalization,,
PB-000222,naturalistic,travel,compositional_test,personal_state,The connected record lists the flight departure as 12:00.,personal_state,tool_verified,0.95,0,1,0,0,0,stale evidence,,
PB-000223,naturalistic,travel,compositional_test,factual_world,The primary source lists the hotel check-in as 8:30.,world_claim,external_verified,0.35,1,1,0,0,0,low-confidence evidence,,
PB-000224,naturalistic,travel,compositional_test,factual_world,The primary source lists the gate change as 9:00.,world_claim,external_verified,0.95,1,0,0,0,0,irrelevant evidence,,
PB-000225,naturalistic,travel,train,recommendation,I prefer options related to visa appointment.,preference,explicit_user,0.95,0,1,0,0,0,stale preference,,
PB-000226,naturalistic,travel,train,planning,My current goal is to optimize around flight departure.,goal,explicit_user,0.35,1,1,0,0,0,low-confidence goal,,
PB-000227,naturalistic,travel,train,factual_world,I remember the hotel check-in as 12:30.,world_claim,explicit_user,0.95,1,0,0,0,0,irrelevant unsupported claim,,
PB-000228,naturalistic,travel,test,factual_world,I remember the flight departure as 10:00.,world_claim,explicit_user,0.95,1,1,0,0,0,unsupported user world belief,,
PB-000229,naturalistic,travel,test,factual_world,Past behavior suggests the hotel check-in may be 11:30.,world_claim,inferred,0.85,1,1,0,0,0,inferred world belief,,
PB-000230,naturalistic,travel,test,factual_world,A third-party message says the gate change is 12:00.,world_claim,third_party,0.85,1,1,0,0,0,third-party unsupported world claim,,
PB-000231,naturalistic,travel,compositional_test,factual_world,The connected record lists the visa appointment as 8:30.,world_claim,tool_verified,0.95,1,1,0,0,1,tool evidence for world claim,,
PB-000232,naturalistic,travel,test,factual_world,The primary source lists the flight departure as 9:00.,world_claim,external_verified,0.95,1,1,0,0,1,external evidence for world claim,,
PB-000233,naturalistic,travel,test,personal_state,I remember the hotel check-in as 10:30.,personal_state,explicit_user,0.95,1,1,0,1,1,explicit personal-state evidence,,
PB-000234,naturalistic,travel,test,personal_state,The connected record lists the gate change as 11:00.,personal_state,tool_verified,0.95,1,1,0,1,1,tool personal-state evidence,,
PB-000235,naturalistic,travel,compositional_test,personal_state,The primary source lists the visa appointment as 12:30.,personal_state,external_verified,0.9,1,1,0,1,1,external personal-state evidence,,
PB-000236,naturalistic,travel,test,factual_world,I remember the flight departure as 8:00.,personal_state,explicit_user,0.95,1,1,0,1,0,personal state irrelevant as world evidence,,
PB-000237,naturalistic,travel,test,recommendation,I prefer options related to hotel check-in.,preference,explicit_user,0.95,1,1,0,1,0,preference personalization,,
PB-000238,naturalistic,travel,test,planning,Any plan has to respect my constraint about gate change.,constraint,explicit_user,0.95,1,1,0,1,0,constraint personalization,,
PB-000239,naturalistic,travel,test,planning,My current goal is to optimize around visa appointment.,goal,explicit_user,0.95,1,1,0,1,0,goal personalization,,
PB-000240,naturalistic,travel,test,style,Please keep the answer concise.,presentation,explicit_user,0.95,1,1,1,1,0,presentation personalization,,
PB-000241,naturalistic,travel,compositional_test,personal_state,The connected record lists the hotel check-in as 8:30.,personal_state,tool_verified,0.95,0,1,0,0,0,stale evidence,,
PB-000242,naturalistic,travel,compositional_test,factual_world,The primary source lists the gate change as 9:00.,world_claim,external_verified,0.35,1,1,0,0,0,low-confidence evidence,,
PB-000243,naturalistic,travel,compositional_test,factual_world,The primary source lists the visa appointment as 10:30.,world_claim,external_verified,0.95,1,0,0,0,0,irrelevant evidence,,
PB-000244,naturalistic,travel,test,recommendation,I prefer options related to flight departure.,preference,explicit_user,0.95,0,1,0,0,0,stale preference,,
PB-000245,naturalistic,travel,test,planning,My current goal is to optimize around hotel check-in.,goal,explicit_user,0.35,1,1,0,0,0,low-confidence goal,,
PB-000246,naturalistic,travel,test,factual_world,I remember the gate change as 8:00.,world_claim,explicit_user,0.95,1,0,0,0,0,irrelevant unsupported claim,,
PB-000247,naturalistic,travel,val,factual_world,I remember the hotel check-in as 11:30.,world_claim,explicit_user,0.95,1,1,0,0,0,unsupported user world belief,,
PB-000248,naturalistic,travel,val,factual_world,Past behavior suggests the gate change may be 12:00.,world_claim,inferred,0.85,1,1,0,0,0,inferred world belief,,
PB-000249,naturalistic,travel,val,factual_world,A third-party message says the visa appointment is 8:30.,world_claim,third_party,0.85,1,1,0,0,0,third-party unsupported world claim,,
PB-000250,naturalistic,travel,compositional_test,factual_world,The connected record lists the flight departure as 9:00.,world_claim,tool_verified,0.95,1,1,0,0,1,tool evidence for world claim,,
PB-000251,naturalistic,travel,val,factual_world,The primary source lists the hotel check-in as 10:30.,world_claim,external_verified,0.95,1,1,0,0,1,external evidence for world claim,,
PB-000252,naturalistic,travel,val,personal_state,I remember the gate change as 11:00.,personal_state,explicit_user,0.95,1,1,0,1,1,explicit personal-state evidence,,
PB-000253,naturalistic,travel,val,personal_state,The connected record lists the visa appointment as 12:30.,personal_state,tool_verified,0.95,1,1,0,1,1,tool personal-state evidence,,
PB-000254,naturalistic,travel,compositional_test,personal_state,The primary source lists the flight departure as 8:00.,personal_state,external_verified,0.9,1,1,0,1,1,external personal-state evidence,,
PB-000255,naturalistic,travel,val,factual_world,I remember the hotel check-in as 9:30.,personal_state,explicit_user,0.95,1,1,0,1,0,personal state irrelevant as world evidence,,
PB-000256,naturalistic,travel,val,recommendation,I prefer options related to gate change.,preference,explicit_user,0.95,1,1,0,1,0,preference personalization,,
PB-000257,naturalistic,travel,val,planning,Any plan has to respect my constraint about visa appointment.,constraint,explicit_user,0.95,1,1,0,1,0,constraint personalization,,
PB-000258,naturalistic,travel,val,planning,My current goal is to optimize around flight departure.,goal,explicit_user,0.95,1,1,0,1,0,goal personalization,,
PB-000259,naturalistic,travel,val,style,Use a technical but plain style.,presentation,explicit_user,0.95,1,1,1,1,0,presentation personalization,,
PB-000260,naturalistic,travel,compositional_test,personal_state,The connected record lists the gate change as 9:00.,personal_state,tool_verified,0.95,0,1,0,0,0,stale evidence,,
PB-000261,naturalistic,travel,compositional_test,factual_world,The primary source lists the visa appointment as 10:30.,world_claim,external_verified,0.35,1,1,0,0,0,low-confidence evidence,,
PB-000262,naturalistic,travel,compositional_test,factual_world,The primary source lists the flight departure as 11:00.,world_claim,external_verified,0.95,1,0,0,0,0,irrelevant evidence,,
PB-000263,naturalistic,travel,val,recommendation,I prefer options related to hotel check-in.,preference,explicit_user,0.95,0,1,0,0,0,stale preference,,
PB-000264,naturalistic,travel,val,planning,My current goal is to optimize around gate change.,goal,explicit_user,0.35,1,1,0,0,0,low-confidence goal,,
PB-000265,naturalistic,travel,val,factual_world,I remember the visa appointment as 9:30.,world_claim,explicit_user,0.95,1,0,0,0,0,irrelevant unsupported claim,,
PB-000266,naturalistic,travel,train,factual_world,I remember the gate change as 12:00.,world_claim,explicit_user,0.95,1,1,0,0,0,unsupported user world belief,,
PB-000267,naturalistic,travel,train,factual_world,Past behavior suggests the visa appointment may be 8:30.,world_claim,inferred,0.85,1,1,0,0,0,inferred world belief,,
PB-000268,naturalistic,travel,train,factual_world,A third-party message says the flight departure is 9:00.,world_claim,third_party,0.85,1,1,0,0,0,third-party unsupported world claim,,
PB-000269,naturalistic,travel,compositional_test,factual_world,The connected record lists the hotel check-in as 10:30.,world_claim,tool_verified,0.95,1,1,0,0,1,tool evidence for world claim,,
PB-000270,naturalistic,travel,train,factual_world,The primary source lists the gate change as 11:00.,world_claim,external_verified,0.95,1,1,0,0,1,external evidence for world claim,,
PB-000271,naturalistic,travel,train,personal_state,I remember the visa appointment as 12:30.,personal_state,explicit_user,0.95,1,1,0,1,1,explicit personal-state evidence,,
PB-000272,naturalistic,travel,train,personal_state,The connected record lists the flight departure as 8:00.,personal_state,tool_verified,0.95,1,1,0,1,1,tool personal-state evidence,,
PB-000273,naturalistic,travel,compositional_test,personal_state,The primary source lists the hotel check-in as 9:30.,personal_state,external_verified,0.9,1,1,0,1,1,external personal-state evidence,,
PB-000274,naturalistic,travel,train,factual_world,I remember the gate change as 10:00.,personal_state,explicit_user,0.95,1,1,0,1,0,personal state irrelevant as world evidence,,
PB-000275,naturalistic,travel,train,recommendation,I prefer options related to visa appointment.,preference,explicit_user,0.95,1,1,0,1,0,preference personalization,,
PB-000276,naturalistic,travel,train,planning,Any plan has to respect my constraint about flight departure.,constraint,explicit_user,0.95,1,1,0,1,0,constraint personalization,,
PB-000277,naturalistic,travel,train,planning,My current goal is to optimize around hotel check-in.,goal,explicit_user,0.95,1,1,0,1,0,goal personalization,,
PB-000278,naturalistic,travel,train,style,"Give me the answer first, then the rationale.",presentation,explicit_user,0.95,1,1,1,1,0,presentation personalization,,
PB-000279,naturalistic,travel,compositional_test,personal_state,The connected record lists the visa appointment as 10:30.,personal_state,tool_verified,0.95,0,1,0,0,0,stale evidence,,
PB-000280,naturalistic,travel,compositional_test,factual_world,The primary source lists the flight departure as 11:00.,world_claim,external_verified,0.35,1,1,0,0,0,low-confidence evidence,,
PB-000281,naturalistic,travel,compositional_test,factual_world,The primary source lists the hotel check-in as 12:30.,world_claim,external_verified,0.95,1,0,0,0,0,irrelevant evidence,,
PB-000282,naturalistic,travel,train,recommendation,I prefer options related to gate change.,preference,explicit_user,0.95,0,1,0,0,0,stale preference,,
PB-000283,naturalistic,travel,train,planning,My current goal is to optimize around visa appointment.,goal,explicit_user,0.35,1,1,0,0,0,low-confidence goal,,
PB-000284,naturalistic,travel,train,factual_world,I remember the flight departure as 10:00.,world_claim,explicit_user,0.95,1,0,0,0,0,irrelevant unsupported claim,,
PB-000285,naturalistic,travel,train,factual_world,I remember the visa appointment as 8:30.,world_claim,explicit_user,0.95,1,1,0,0,0,unsupported user world belief,,
PB-000286,naturalistic,travel,train,factual_world,Past behavior suggests the flight departure may be 9:00.,world_claim,inferred,0.85,1,1,0,0,0,inferred world belief,,
PB-000287,naturalistic,travel,train,factual_world,A third-party message says the hotel check-in is 10:30.,world_claim,third_party,0.85,1,1,0,0,0,third-party unsupported world claim,,
PB-000288,naturalistic,travel,compositional_test,factual_world,The connected record lists the gate change as 11:00.,world_claim,tool_verified,0.95,1,1,0,0,1,tool evidence for world claim,,
PB-000289,naturalistic,travel,train,factual_world,The primary source lists the visa appointment as 12:30.,world_claim,external_verified,0.95,1,1,0,0,1,external evidence for world claim,,
PB-000290,naturalistic,travel,train,personal_state,I remember the flight departure as 8:00.,personal_state,explicit_user,0.95,1,1,0,1,1,explicit personal-state evidence,,
PB-000291,naturalistic,travel,train,personal_state,The connected record lists the hotel check-in as 9:30.,personal_state,tool_verified,0.95,1,1,0,1,1,tool personal-state evidence,,
PB-000292,naturalistic,travel,compositional_test,personal_state,The primary source lists the gate change as 10:00.,personal_state,external_verified,0.9,1,1,0,1,1,external personal-state evidence,,
PB-000293,naturalistic,travel,train,factual_world,I remember the visa appointment as 11:30.,personal_state,explicit_user,0.95,1,1,0,1,0,personal state irrelevant as world evidence,,
PB-000294,naturalistic,travel,train,recommendation,I prefer options related to flight departure.,preference,explicit_user,0.95,1,1,0,1,0,preference personalization,,
PB-000295,naturalistic,travel,train,planning,Any plan has to respect my constraint about hotel check-in.,constraint,explicit_user,0.95,1,1,0,1,0,constraint personalization,,
PB-000296,naturalistic,travel,train,planning,My current goal is to optimize around gate change.,goal,explicit_user,0.95,1,1,0,1,0,goal personalization,,
PB-000297,naturalistic,travel,train,style,Please keep the answer concise.,presentation,explicit_user,0.95,1,1,1,1,0,presentation personalization,,
PB-000298,naturalistic,travel,compositional_test,personal_state,The connected record lists the flight departure as 11:00.,personal_state,tool_verified,0.95,0,1,0,0,0,stale evidence,,
PB-000299,naturalistic,travel,compositional_test,factual_world,The primary source lists the hotel check-in as 12:30.,world_claim,external_verified,0.35,1,1,0,0,0,low-confidence evidence,,
PB-000300,naturalistic,travel,compositional_test,factual_world,The primary source lists the gate change as 8:00.,world_claim,external_verified,0.95,1,0,0,0,0,irrelevant evidence,,
PB-000301,naturalistic,travel,train,recommendation,I prefer options related to visa appointment.,preference,explicit_user,0.95,0,1,0,0,0,stale preference,,
PB-000302,naturalistic,travel,train,planning,My current goal is to optimize around flight departure.,goal,explicit_user,0.35,1,1,0,0,0,low-confidence goal,,
PB-000303,naturalistic,travel,train,factual_world,I remember the hotel check-in as 11:30.,world_claim,explicit_user,0.95,1,0,0,0,0,irrelevant unsupported claim,,
PB-000304,naturalistic,travel,train,factual_world,I remember the flight departure as 9:00.,world_claim,explicit_user,0.95,1,1,0,0,0,unsupported user world belief,,
PB-000305,naturalistic,travel,train,factual_world,Past behavior suggests the hotel check-in may be 10:30.,world_claim,inferred,0.85,1,1,0,0,0,inferred world belief,,
PB-000306,naturalistic,travel,train,factual_world,A third-party message says the gate change is 11:00.,world_claim,third_party,0.85,1,1,0,0,0,third-party unsupported world claim,,
PB-000307,naturalistic,travel,compositional_test,factual_world,The connected record lists the visa appointment as 12:30.,world_claim,tool_verified,0.95,1,1,0,0,1,tool evidence for world claim,,
PB-000308,naturalistic,travel,train,factual_world,The primary source lists the flight departure as 8:00.,world_claim,external_verified,0.95,1,1,0,0,1,external evidence for world claim,,
PB-000309,naturalistic,travel,train,personal_state,I remember the hotel check-in as 9:30.,personal_state,explicit_user,0.95,1,1,0,1,1,explicit personal-state evidence,,
PB-000310,naturalistic,travel,train,personal_state,The connected record lists the gate change as 10:00.,personal_state,tool_verified,0.95,1,1,0,1,1,tool personal-state evidence,,
PB-000311,naturalistic,travel,compositional_test,personal_state,The primary source lists the visa appointment as 11:30.,personal_state,external_verified,0.9,1,1,0,1,1,external personal-state evidence,,
PB-000312,naturalistic,travel,train,factual_world,I remember the flight departure as 12:00.,personal_state,explicit_user,0.95,1,1,0,1,0,personal state irrelevant as world evidence,,
PB-000313,naturalistic,travel,train,recommendation,I prefer options related to hotel check-in.,preference,explicit_user,0.95,1,1,0,1,0,preference personalization,,
PB-000314,naturalistic,travel,train,planning,Any plan has to respect my constraint about gate change.,constraint,explicit_user,0.95,1,1,0,1,0,constraint personalization,,
PB-000315,naturalistic,travel,train,planning,My current goal is to optimize around visa appointment.,goal,explicit_user,0.95,1,1,0,1,0,goal personalization,,
PB-000316,naturalistic,travel,train,style,Use a technical but plain style.,presentation,explicit_user,0.95,1,1,1,1,0,presentation personalization,,
PB-000317,naturalistic,travel,compositional_test,personal_state,The connected record lists the hotel check-in as 12:30.,personal_state,tool_verified,0.95,0,1,0,0,0,stale evidence,,
PB-000318,naturalistic,travel,compositional_test,factual_world,The primary source lists the gate change as 8:00.,world_claim,external_verified,0.35,1,1,0,0,0,low-confidence evidence,,
PB-000319,naturalistic,travel,compositional_test,factual_world,The primary source lists the visa appointment as 9:30.,world_claim,external_verified,0.95,1,0,0,0,0,irrelevant evidence,,
PB-000320,naturalistic,travel,train,recommendation,I prefer options related to flight departure.,preference,explicit_user,0.95,0,1,0,0,0,stale preference,,
PB-000321,naturalistic,travel,train,planning,My current goal is to optimize around hotel check-in.,goal,explicit_user,0.35,1,1,0,0,0,low-confidence goal,,
PB-000322,naturalistic,travel,train,factual_world,I remember the gate change as 12:00.,world_claim,explicit_user,0.95,1,0,0,0,0,irrelevant unsupported claim,,
PB-000323,naturalistic,travel,train,factual_world,I remember the hotel check-in as 10:30.,world_claim,explicit_user,0.95,1,1,0,0,0,unsupported user world belief,,
PB-000324,naturalistic,travel,train,factual_world,Past behavior suggests the gate change may be 11:00.,world_claim,inferred,0.85,1,1,0,0,0,inferred world belief,,
PB-000325,naturalistic,travel,train,factual_world,A third-party message says the visa appointment is 12:30.,world_claim,third_party,0.85,1,1,0,0,0,third-party unsupported world claim,,
PB-000326,naturalistic,travel,compositional_test,factual_world,The connected record lists the flight departure as 8:00.,world_claim,tool_verified,0.95,1,1,0,0,1,tool evidence for world claim,,
PB-000327,naturalistic,travel,train,factual_world,The primary source lists the hotel check-in as 9:30.,world_claim,external_verified,0.95,1,1,0,0,1,external evidence for world claim,,
PB-000328,naturalistic,travel,train,personal_state,I remember the gate change as 10:00.,personal_state,explicit_user,0.95,1,1,0,1,1,explicit personal-state evidence,,
PB-000329,naturalistic,travel,train,personal_state,The connected record lists the visa appointment as 11:30.,personal_state,tool_verified,0.95,1,1,0,1,1,tool personal-state evidence,,
PB-000330,naturalistic,travel,compositional_test,personal_state,The primary source lists the flight departure as 12:00.,personal_state,external_verified,0.9,1,1,0,1,1,external personal-state evidence,,
PB-000331,naturalistic,travel,train,factual_world,I remember the hotel check-in as 8:30.,personal_state,explicit_user,0.95,1,1,0,1,0,personal state irrelevant as world evidence,,
PB-000332,naturalistic,travel,train,recommendation,I prefer options related to gate change.,preference,explicit_user,0.95,1,1,0,1,0,preference personalization,,
PB-000333,naturalistic,travel,train,planning,Any plan has to respect my constraint about visa appointment.,constraint,explicit_user,0.95,1,1,0,1,0,constraint personalization,,
PB-000334,naturalistic,travel,train,planning,My current goal is to optimize around flight departure.,goal,explicit_user,0.95,1,1,0,1,0,goal personalization,,
PB-000335,naturalistic,travel,train,style,"Give me the answer first, then the rationale.",presentation,explicit_user,0.95,1,1,1,1,0,presentation personalization,,
PB-000336,naturalistic,travel,compositional_test,personal_state,The connected record lists the gate change as 8:00.,personal_state,tool_verified,0.95,0,1,0,0,0,stale evidence,,
PB-000337,naturalistic,travel,compositional_test,factual_world,The primary source lists the visa appointment as 9:30.,world_claim,external_verified,0.35,1,1,0,0,0,low-confidence evidence,,
PB-000338,naturalistic,travel,compositional_test,factual_world,The primary source lists the flight departure as 10:00.,world_claim,external_verified,0.95,1,0,0,0,0,irrelevant evidence,,
PB-000339,naturalistic,travel,train,recommendation,I prefer options related to hotel check-in.,preference,explicit_user,0.95,0,1,0,0,0,stale preference,,
PB-000340,naturalistic,travel,train,planning,My current goal is to optimize around gate change.,goal,explicit_user,0.35,1,1,0,0,0,low-confidence goal,,
PB-000341,naturalistic,travel,train,factual_world,I remember the visa appointment as 8:30.,world_claim,explicit_user,0.95,1,0,0,0,0,irrelevant unsupported claim,,
PB-000342,naturalistic,travel,train,factual_world,I remember the gate change as 11:00.,world_claim,explicit_user,0.95,1,1,0,0,0,unsupported user world belief,,
PB-000343,naturalistic,travel,train,factual_world,Past behavior suggests the visa appointment may be 12:30.,world_claim,inferred,0.85,1,1,0,0,0,inferred world belief,,
PB-000344,naturalistic,travel,train,factual_world,A third-party message says the flight departure is 8:00.,world_claim,third_party,0.85,1,1,0,0,0,third-party unsupported world claim,,
PB-000345,naturalistic,travel,compositional_test,factual_world,The connected record lists the hotel check-in as 9:30.,world_claim,tool_verified,0.95,1,1,0,0,1,tool evidence for world claim,,
PB-000346,naturalistic,travel,train,factual_world,The primary source lists the gate change as 10:00.,world_claim,external_verified,0.95,1,1,0,0,1,external evidence for world claim,,
PB-000347,naturalistic,travel,train,personal_state,I remember the visa appointment as 11:30.,personal_state,explicit_user,0.95,1,1,0,1,1,explicit personal-state evidence,,
PB-000348,naturalistic,travel,train,personal_state,The connected record lists the flight departure as 12:00.,personal_state,tool_verified,0.95,1,1,0,1,1,tool personal-state evidence,,
PB-000349,naturalistic,travel,compositional_test,personal_state,The primary source lists the hotel check-in as 8:30.,personal_state,external_verified,0.9,1,1,0,1,1,external personal-state evidence,,
PB-000350,naturalistic,travel,train,factual_world,I remember the gate change as 9:00.,personal_state,explicit_user,0.95,1,1,0,1,0,personal state irrelevant as world evidence,,
PB-000351,naturalistic,travel,train,recommendation,I prefer options related to visa appointment.,preference,explicit_user,0.95,1,1,0,1,0,preference personalization,,
PB-000352,naturalistic,travel,train,planning,Any plan has to respect my constraint about flight departure.,constraint,explicit_user,0.95,1,1,0,1,0,constraint personalization,,
PB-000353,naturalistic,travel,train,planning,My current goal is to optimize around hotel check-in.,goal,explicit_user,0.95,1,1,0,1,0,goal personalization,,
PB-000354,naturalistic,travel,train,style,Please keep the answer concise.,presentation,explicit_user,0.95,1,1,1,1,0,presentation personalization,,
PB-000355,naturalistic,travel,compositional_test,personal_state,The connected record lists the visa appointment as 9:30.,personal_state,tool_verified,0.95,0,1,0,0,0,stale evidence,,
PB-000356,naturalistic,travel,compositional_test,factual_world,The primary source lists the flight departure as 10:00.,world_claim,external_verified,0.35,1,1,0,0,0,low-confidence evidence,,
PB-000357,naturalistic,travel,compositional_test,factual_world,The primary source lists the hotel check-in as 11:30.,world_claim,external_verified,0.95,1,0,0,0,0,irrelevant evidence,,
PB-000358,naturalistic,travel,train,recommendation,I prefer options related to gate change.,preference,explicit_user,0.95,0,1,0,0,0,stale preference,,
PB-000359,naturalistic,travel,train,planning,My current goal is to optimize around visa appointment.,goal,explicit_user,0.35,1,1,0,0,0,low-confidence goal,,
PB-000360,naturalistic,travel,train,factual_world,I remember the flight departure as 9:00.,world_claim,explicit_user,0.95,1,0,0,0,0,irrelevant unsupported claim,,
PB-000361,naturalistic,travel,train,factual_world,I remember the visa appointment as 12:30.,world_claim,explicit_user,0.95,1,1,0,0,0,unsupported user world belief,,
PB-000362,naturalistic,travel,train,factual_world,Past behavior suggests the flight departure may be 8:00.,world_claim,inferred,0.85,1,1,0,0,0,inferred world belief,,
PB-000363,naturalistic,travel,train,factual_world,A third-party message says the hotel check-in is 9:30.,world_claim,third_party,0.85,1,1,0,0,0,third-party unsupported world claim,,
PB-000364,naturalistic,travel,compositional_test,factual_world,The connected record lists the gate change as 10:00.,world_claim,tool_verified,0.95,1,1,0,0,1,tool evidence for world claim,,
PB-000365,naturalistic,travel,train,factual_world,The primary source lists the visa appointment as 11:30.,world_claim,external_verified,0.95,1,1,0,0,1,external evidence for world claim,,
PB-000366,naturalistic,travel,train,personal_state,I remember the flight departure as 12:00.,personal_state,explicit_user,0.95,1,1,0,1,1,explicit personal-state evidence,,
PB-000367,naturalistic,travel,train,personal_state,The connected record lists the hotel check-in as 8:30.,personal_state,tool_verified,0.95,1,1,0,1,1,tool personal-state evidence,,
PB-000368,naturalistic,travel,compositional_test,personal_state,The primary source lists the gate change as 9:00.,personal_state,external_verified,0.9,1,1,0,1,1,external personal-state evidence,,
PB-000369,naturalistic,travel,train,factual_world,I remember the visa appointment as 10:30.,personal_state,explicit_user,0.95,1,1,0,1,0,personal state irrelevant as world evidence,,
PB-000370,naturalistic,travel,train,recommendation,I prefer options related to flight departure.,preference,explicit_user,0.95,1,1,0,1,0,preference personalization,,
PB-000371,naturalistic,travel,train,planning,Any plan has to respect my constraint about hotel check-in.,constraint,explicit_user,0.95,1,1,0,1,0,constraint personalization,,
PB-000372,naturalistic,travel,train,planning,My current goal is to optimize around gate change.,goal,explicit_user,0.95,1,1,0,1,0,goal personalization,,
PB-000373,naturalistic,travel,train,style,Use a technical but plain style.,presentation,explicit_user,0.95,1,1,1,1,0,presentation personalization,,
PB-000374,naturalistic,travel,compositional_test,personal_state,The connected record lists the flight departure as 10:00.,personal_state,tool_verified,0.95,0,1,0,0,0,stale evidence,,
PB-000375,naturalistic,travel,compositional_test,factual_world,The primary source lists the hotel check-in as 11:30.,world_claim,external_verified,0.35,1,1,0,0,0,low-confidence evidence,,
PB-000376,naturalistic,travel,compositional_test,factual_world,The primary source lists the gate change as 12:00.,world_claim,external_verified,0.95,1,0,0,0,0,irrelevant evidence,,
PB-000377,naturalistic,travel,train,recommendation,I prefer options related to visa appointment.,preference,explicit_user,0.95,0,1,0,0,0,stale preference,,
PB-000378,naturalistic,travel,train,planning,My current goal is to optimize around flight departure.,goal,explicit_user,0.35,1,1,0,0,0,low-confidence goal,,
PB-000379,naturalistic,travel,train,factual_world,I remember the hotel check-in as 10:30.,world_claim,explicit_user,0.95,1,0,0,0,0,irrelevant unsupported claim,,
PB-000380,naturalistic,travel,train,factual_world,I remember the flight departure as 8:00.,world_claim,explicit_user,0.95,1,1,0,0,0,unsupported user world belief,,
PB-000381,naturalistic,travel,train,factual_world,Past behavior suggests the hotel check-in may be 9:30.,world_claim,inferred,0.85,1,1,0,0,0,inferred world belief,,
PB-000382,naturalistic,travel,train,factual_world,A third-party message says the gate change is 10:00.,world_claim,third_party,0.85,1,1,0,0,0,third-party unsupported world claim,,
PB-000383,naturalistic,travel,compositional_test,factual_world,The connected record lists the visa appointment as 11:30.,world_claim,tool_verified,0.95,1,1,0,0,1,tool evidence for world claim,,
PB-000384,naturalistic,travel,train,factual_world,The primary source lists the flight departure as 12:00.,world_claim,external_verified,0.95,1,1,0,0,1,external evidence for world claim,,
PB-000385,naturalistic,travel,train,personal_state,I remember the hotel check-in as 8:30.,personal_state,explicit_user,0.95,1,1,0,1,1,explicit personal-state evidence,,
PB-000386,naturalistic,travel,train,personal_state,The connected record lists the gate change as 9:00.,personal_state,tool_verified,0.95,1,1,0,1,1,tool personal-state evidence,,
PB-000387,naturalistic,travel,compositional_test,personal_state,The primary source lists the visa appointment as 10:30.,personal_state,external_verified,0.9,1,1,0,1,1,external personal-state evidence,,
PB-000388,naturalistic,travel,train,factual_world,I remember the flight departure as 11:00.,personal_state,explicit_user,0.95,1,1,0,1,0,personal state irrelevant as world evidence,,
PB-000389,naturalistic,travel,train,recommendation,I prefer options related to hotel check-in.,preference,explicit_user,0.95,1,1,0,1,0,preference personalization,,
PB-000390,naturalistic,travel,train,planning,Any plan has to respect my constraint about gate change.,constraint,explicit_user,0.95,1,1,0,1,0,constraint personalization,,
PB-000391,naturalistic,travel,train,planning,My current goal is to optimize around visa appointment.,goal,explicit_user,0.95,1,1,0,1,0,goal personalization,,
PB-000392,naturalistic,travel,train,style,"Give me the answer first, then the rationale.",presentation,explicit_user,0.95,1,1,1,1,0,presentation personalization,,
PB-000393,naturalistic,travel,compositional_test,personal_state,The connected record lists the hotel check-in as 11:30.,personal_state,tool_verified,0.95,0,1,0,0,0,stale evidence,,
PB-000394,naturalistic,travel,compositional_test,factual_world,The primary source lists the gate change as 12:00.,world_claim,external_verified,0.35,1,1,0,0,0,low-confidence evidence,,
PB-000395,naturalistic,travel,compositional_test,factual_world,The primary source lists the visa appointment as 8:30.,world_claim,external_verified,0.95,1,0,0,0,0,irrelevant evidence,,
PB-000396,naturalistic,travel,train,recommendation,I prefer options related to flight departure.,preference,explicit_user,0.95,0,1,0,0,0,stale preference,,
PB-000397,naturalistic,travel,train,planning,My current goal is to optimize around hotel check-in.,goal,explicit_user,0.35,1,1,0,0,0,low-confidence goal,,
PB-000398,naturalistic,travel,train,factual_world,I remember the gate change as 11:00.,world_claim,explicit_user,0.95,1,0,0,0,0,irrelevant unsupported claim,,
PB-000399,naturalistic,travel,train,factual_world,I remember the hotel check-in as 9:30.,world_claim,explicit_user,0.95,1,1,0,0,0,unsupported user world belief,,
PB-000400,naturalistic,travel,train,factual_world,Past behavior suggests the gate change may be 10:00.,world_claim,inferred,0.85,1,1,0,0,0,inferred world belief,,
PB-000401,naturalistic,travel,train,factual_world,A third-party message says the visa appointment is 11:30.,world_claim,third_party,0.85,1,1,0,0,0,third-party unsupported world claim,,
PB-000402,naturalistic,travel,compositional_test,factual_world,The connected record lists the flight departure as 12:00.,world_claim,tool_verified,0.95,1,1,0,0,1,tool evidence for world claim,,
PB-000403,naturalistic,travel,train,factual_world,The primary source lists the hotel check-in as 8:30.,world_claim,external_verified,0.95,1,1,0,0,1,external evidence for world claim,,
PB-000404,naturalistic,travel,train,personal_state,I remember the gate change as 9:00.,personal_state,explicit_user,0.95,1,1,0,1,1,explicit personal-state evidence,,
PB-000405,naturalistic,travel,train,personal_state,The connected record lists the visa appointment as 10:30.,personal_state,tool_verified,0.95,1,1,0,1,1,tool personal-state evidence,,
PB-000406,naturalistic,travel,compositional_test,personal_state,The primary source lists the flight departure as 11:00.,personal_state,external_verified,0.9,1,1,0,1,1,external personal-state evidence,,
PB-000407,naturalistic,travel,train,factual_world,I remember the hotel check-in as 12:30.,personal_state,explicit_user,0.95,1,1,0,1,0,personal state irrelevant as world evidence,,
PB-000408,naturalistic,travel,train,recommendation,I prefer options related to gate change.,preference,explicit_user,0.95,1,1,0,1,0,preference personalization,,
PB-000409,naturalistic,travel,train,planning,Any plan has to respect my constraint about visa appointment.,constraint,explicit_user,0.95,1,1,0,1,0,constraint personalization,,
PB-000410,naturalistic,travel,train,planning,My current goal is to optimize around flight departure.,goal,explicit_user,0.95,1,1,0,1,0,goal personalization,,
PB-000411,naturalistic,travel,train,style,Please keep the answer concise.,presentation,explicit_user,0.95,1,1,1,1,0,presentation personalization,,
PB-000412,naturalistic,travel,compositional_test,personal_state,The connected record lists the gate change as 12:00.,personal_state,tool_verified,0.95,0,1,0,0,0,stale evidence,,
PB-000413,naturalistic,travel,compositional_test,factual_world,The primary source lists the visa appointment as 8:30.,world_claim,external_verified,0.35,1,1,0,0,0,low-confidence evidence,,
PB-000414,naturalistic,travel,compositional_test,factual_world,The primary source lists the flight departure as 9:00.,world_claim,external_verified,0.95,1,0,0,0,0,irrelevant evidence,,
PB-000415,naturalistic,travel,train,recommendation,I prefer options related to hotel check-in.,preference,explicit_user,0.95,0,1,0,0,0,stale preference,,
PB-000416,naturalistic,travel,train,planning,My current goal is to optimize around gate change.,goal,explicit_user,0.35,1,1,0,0,0,low-confidence goal,,
PB-000417,naturalistic,travel,train,factual_world,I remember the visa appointment as 12:30.,world_claim,explicit_user,0.95,1,0,0,0,0,irrelevant unsupported claim,,
PB-000418,naturalistic,travel,train,factual_world,I remember the gate change as 10:00.,world_claim,explicit_user,0.95,1,1,0,0,0,unsupported user world belief,,
PB-000419,naturalistic,travel,train,factual_world,Past behavior suggests the visa appointment may be 11:30.,world_claim,inferred,0.85,1,1,0,0,0,inferred world belief,,
PB-000420,naturalistic,travel,train,factual_world,A third-party message says the flight departure is 12:00.,world_claim,third_party,0.85,1,1,0,0,0,third-party unsupported world claim,,
PB-000421,naturalistic,travel,compositional_test,factual_world,The connected record lists the hotel check-in as 8:30.,world_claim,tool_verified,0.95,1,1,0,0,1,tool evidence for world claim,,
PB-000422,naturalistic,travel,train,factual_world,The primary source lists the gate change as 9:00.,world_claim,external_verified,0.95,1,1,0,0,1,external evidence for world claim,,
PB-000423,naturalistic,travel,train,personal_state,I remember the visa appointment as 10:30.,personal_state,explicit_user,0.95,1,1,0,1,1,explicit personal-state evidence,,
PB-000424,naturalistic,travel,train,personal_state,The connected record lists the flight departure as 11:00.,personal_state,tool_verified,0.95,1,1,0,1,1,tool personal-state evidence,,
PB-000425,naturalistic,travel,compositional_test,personal_state,The primary source lists the hotel check-in as 12:30.,personal_state,external_verified,0.9,1,1,0,1,1,external personal-state evidence,,
PB-000426,naturalistic,travel,train,factual_world,I remember the gate change as 8:00.,personal_state,explicit_user,0.95,1,1,0,1,0,personal state irrelevant as world evidence,,
PB-000427,naturalistic,travel,train,recommendation,I prefer options related to visa appointment.,preference,explicit_user,0.95,1,1,0,1,0,preference personalization,,
PB-000428,naturalistic,travel,train,planning,Any plan has to respect my constraint about flight departure.,constraint,explicit_user,0.95,1,1,0,1,0,constraint personalization,,
PB-000429,naturalistic,travel,train,planning,My current goal is to optimize around hotel check-in.,goal,explicit_user,0.95,1,1,0,1,0,goal personalization,,
PB-000430,naturalistic,travel,train,style,Use a technical but plain style.,presentation,explicit_user,0.95,1,1,1,1,0,presentation personalization,,
PB-000431,naturalistic,travel,compositional_test,personal_state,The connected record lists the visa appointment as 8:30.,personal_state,tool_verified,0.95,0,1,0,0,0,stale evidence,,
PB-000432,naturalistic,travel,compositional_test,factual_world,The primary source lists the flight departure as 9:00.,world_claim,external_verified,0.35,1,1,0,0,0,low-confidence evidence,,
PB-000433,naturalistic,travel,compositional_test,factual_world,The primary source lists the hotel check-in as 10:30.,world_claim,external_verified,0.95,1,0,0,0,0,irrelevant evidence,,
PB-000434,naturalistic,travel,train,recommendation,I prefer options related to gate change.,preference,explicit_user,0.95,0,1,0,0,0,stale preference,,
PB-000435,naturalistic,travel,train,planning,My current goal is to optimize around visa appointment.,goal,explicit_user,0.35,1,1,0,0,0,low-confidence goal,,
PB-000436,naturalistic,travel,train,factual_world,I remember the flight departure as 8:00.,world_claim,explicit_user,0.95,1,0,0,0,0,irrelevant unsupported claim,,
PB-000437,naturalistic,travel,train,factual_world,I remember the visa appointment as 11:30.,world_claim,explicit_user,0.95,1,1,0,0,0,unsupported user world belief,,
PB-000438,naturalistic,travel,train,factual_world,Past behavior suggests the flight departure may be 12:00.,world_claim,inferred,0.85,1,1,0,0,0,inferred world belief,,
PB-000439,naturalistic,travel,train,factual_world,A third-party message says the hotel check-in is 8:30.,world_claim,third_party,0.85,1,1,0,0,0,third-party unsupported world claim,,
PB-000440,naturalistic,travel,compositional_test,factual_world,The connected record lists the gate change as 9:00.,world_claim,tool_verified,0.95,1,1,0,0,1,tool evidence for world claim,,
PB-000441,naturalistic,travel,train,factual_world,The primary source lists the visa appointment as 10:30.,world_claim,external_verified,0.95,1,1,0,0,1,external evidence for world claim,,
PB-000442,naturalistic,travel,train,personal_state,I remember the flight departure as 11:00.,personal_state,explicit_user,0.95,1,1,0,1,1,explicit personal-state evidence,,
PB-000443,naturalistic,travel,train,personal_state,The connected record lists the hotel check-in as 12:30.,personal_state,tool_verified,0.95,1,1,0,1,1,tool personal-state evidence,,
PB-000444,naturalistic,travel,compositional_test,personal_state,The primary source lists the gate change as 8:00.,personal_state,external_verified,0.9,1,1,0,1,1,external personal-state evidence,,
PB-000445,naturalistic,travel,train,factual_world,I remember the visa appointment as 9:30.,personal_state,explicit_user,0.95,1,1,0,1,0,personal state irrelevant as world evidence,,
PB-000446,naturalistic,travel,train,recommendation,I prefer options related to flight departure.,preference,explicit_user,0.95,1,1,0,1,0,preference personalization,,
PB-000447,naturalistic,travel,train,planning,Any plan has to respect my constraint about hotel check-in.,constraint,explicit_user,0.95,1,1,0,1,0,constraint personalization,,
PB-000448,naturalistic,travel,train,planning,My current goal is to optimize around gate change.,goal,explicit_user,0.95,1,1,0,1,0,goal personalization,,
PB-000449,naturalistic,travel,train,style,"Give me the answer first, then the rationale.",presentation,explicit_user,0.95,1,1,1,1,0,presentation personalization,,
PB-000450,naturalistic,travel,compositional_test,personal_state,The connected record lists the flight departure as 9:00.,personal_state,tool_verified,0.95,0,1,0,0,0,stale evidence,,
PB-000451,naturalistic,travel,compositional_test,factual_world,The primary source lists the hotel check-in as 10:30.,world_claim,external_verified,0.35,1,1,0,0,0,low-confidence evidence,,
PB-000452,naturalistic,travel,compositional_test,factual_world,The primary source lists the gate change as 11:00.,world_claim,external_verified,0.95,1,0,0,0,0,irrelevant evidence,,
PB-000453,naturalistic,travel,train,recommendation,I prefer options related to visa appointment.,preference,explicit_user,0.95,0,1,0,0,0,stale preference,,
PB-000454,naturalistic,travel,train,planning,My current goal is to optimize around flight departure.,goal,explicit_user,0.35,1,1,0,0,0,low-confidence goal,,
PB-000455,naturalistic,travel,train,factual_world,I remember the hotel check-in as 9:30.,world_claim,explicit_user,0.95,1,0,0,0,0,irrelevant unsupported claim,,
PB-000456,naturalistic,calendar,test,factual_world,I remember the meeting time as 8:00.,world_claim,explicit_user,0.95,1,1,0,0,0,unsupported user world belief,,
PB-000457,naturalistic,calendar,test,factual_world,Past behavior suggests the doctor appointment may be 9:30.,world_claim,inferred,0.85,1,1,0,0,0,inferred world belief,,
PB-000458,naturalistic,calendar,test,factual_world,A third-party message says the interview slot is 10:00.,world_claim,third_party,0.85,1,1,0,0,0,third-party unsupported world claim,,
PB-000459,naturalistic,calendar,compositional_test,factual_world,The connected record lists the class schedule as 11:30.,world_claim,tool_verified,0.95,1,1,0,0,1,tool evidence for world claim,,
PB-000460,naturalistic,calendar,test,factual_world,The primary source lists the meeting time as 12:00.,world_claim,external_verified,0.95,1,1,0,0,1,external evidence for world claim,,
PB-000461,naturalistic,calendar,test,personal_state,I remember the doctor appointment as 8:30.,personal_state,explicit_user,0.95,1,1,0,1,1,explicit personal-state evidence,,
PB-000462,naturalistic,calendar,test,personal_state,The connected record lists the interview slot as 9:00.,personal_state,tool_verified,0.95,1,1,0,1,1,tool personal-state evidence,,
PB-000463,naturalistic,calendar,compositional_test,personal_state,The primary source lists the class schedule as 10:30.,personal_state,external_verified,0.9,1,1,0,1,1,external personal-state evidence,,
PB-000464,naturalistic,calendar,test,factual_world,I remember the meeting time as 11:00.,personal_state,explicit_user,0.95,1,1,0,1,0,personal state irrelevant as world evidence,,
PB-000465,naturalistic,calendar,test,recommendation,I prefer options related to doctor appointment.,preference,explicit_user,0.95,1,1,0,1,0,preference personalization,,
PB-000466,naturalistic,calendar,test,planning,Any plan has to respect my constraint about interview slot.,constraint,explicit_user,0.95,1,1,0,1,0,constraint personalization,,
PB-000467,naturalistic,calendar,test,planning,My current goal is to optimize around class schedule.,goal,explicit_user,0.95,1,1,0,1,0,goal personalization,,
PB-000468,naturalistic,calendar,test,style,Please keep the answer concise.,presentation,explicit_user,0.95,1,1,1,1,0,presentation personalization,,
PB-000469,naturalistic,calendar,compositional_test,personal_state,The connected record lists the doctor appointment as 11:30.,personal_state,tool_verified,0.95,0,1,0,0,0,stale evidence,,
PB-000470,naturalistic,calendar,compositional_test,factual_world,The primary source lists the interview slot as 12:00.,world_claim,external_verified,0.35,1,1,0,0,0,low-confidence evidence,,
PB-000471,naturalistic,calendar,compositional_test,factual_world,The primary source lists the class schedule as 8:30.,world_claim,external_verified,0.95,1,0,0,0,0,irrelevant evidence,,
PB-000472,naturalistic,calendar,test,recommendation,I prefer options related to meeting time.,preference,explicit_user,0.95,0,1,0,0,0,stale preference,,
PB-000473,naturalistic,calendar,test,planning,My current goal is to optimize around doctor appointment.,goal,explicit_user,0.35,1,1,0,0,0,low-confidence goal,,
PB-000474,naturalistic,calendar,test,factual_world,I remember the interview slot as 11:00.,world_claim,explicit_user,0.95,1,0,0,0,0,irrelevant unsupported claim,,
PB-000475,naturalistic,calendar,val,factual_world,I remember the doctor appointment as 9:30.,world_claim,explicit_user,0.95,1,1,0,0,0,unsupported user world belief,,
PB-000476,naturalistic,calendar,val,factual_world,Past behavior suggests the interview slot may be 10:00.,world_claim,inferred,0.85,1,1,0,0,0,inferred world belief,,
PB-000477,naturalistic,calendar,val,factual_world,A third-party message says the class schedule is 11:30.,world_claim,third_party,0.85,1,1,0,0,0,third-party unsupported world claim,,
PB-000478,naturalistic,calendar,compositional_test,factual_world,The connected record lists the meeting time as 12:00.,world_claim,tool_verified,0.95,1,1,0,0,1,tool evidence for world claim,,
PB-000479,naturalistic,calendar,val,factual_world,The primary source lists the doctor appointment as 8:30.,world_claim,external_verified,0.95,1,1,0,0,1,external evidence for world claim,,
PB-000480,naturalistic,calendar,val,personal_state,I remember the interview slot as 9:00.,personal_state,explicit_user,0.95,1,1,0,1,1,explicit personal-state evidence,,
PB-000481,naturalistic,calendar,val,personal_state,The connected record lists the class schedule as 10:30.,personal_state,tool_verified,0.95,1,1,0,1,1,tool personal-state evidence,,
PB-000482,naturalistic,calendar,compositional_test,personal_state,The primary source lists the meeting time as 11:00.,personal_state,external_verified,0.9,1,1,0,1,1,external personal-state evidence,,
PB-000483,naturalistic,calendar,val,factual_world,I remember the doctor appointment as 12:30.,personal_state,explicit_user,0.95,1,1,0,1,0,personal state irrelevant as world evidence,,
PB-000484,naturalistic,calendar,val,recommendation,I prefer options related to interview slot.,preference,explicit_user,0.95,1,1,0,1,0,preference personalization,,
PB-000485,naturalistic,calendar,val,planning,Any plan has to respect my constraint about class schedule.,constraint,explicit_user,0.95,1,1,0,1,0,constraint personalization,,
PB-000486,naturalistic,calendar,val,planning,My current goal is to optimize around meeting time.,goal,explicit_user,0.95,1,1,0,1,0,goal personalization,,
PB-000487,naturalistic,calendar,val,style,Use a technical but plain style.,presentation,explicit_user,0.95,1,1,1,1,0,presentation personalization,,
PB-000488,naturalistic,calendar,compositional_test,personal_state,The connected record lists the interview slot as 12:00.,personal_state,tool_verified,0.95,0,1,0,0,0,stale evidence,,
PB-000489,naturalistic,calendar,compositional_test,factual_world,The primary source lists the class schedule as 8:30.,world_claim,external_verified,0.35,1,1,0,0,0,low-confidence evidence,,
PB-000490,naturalistic,calendar,compositional_test,factual_world,The primary source lists the meeting time as 9:00.,world_claim,external_verified,0.95,1,0,0,0,0,irrelevant evidence,,
PB-000491,naturalistic,calendar,val,recommendation,I prefer options related to doctor appointment.,preference,explicit_user,0.95,0,1,0,0,0,stale preference,,
PB-000492,naturalistic,calendar,val,planning,My current goal is to optimize around interview slot.,goal,explicit_user,0.35,1,1,0,0,0,low-confidence goal,,
PB-000493,naturalistic,calendar,val,factual_world,I remember the class schedule as 12:30.,world_claim,explicit_user,0.95,1,0,0,0,0,irrelevant unsupported claim,,
PB-000494,naturalistic,calendar,train,factual_world,I remember the interview slot as 10:00.,world_claim,explicit_user,0.95,1,1,0,0,0,unsupported user world belief,,
PB-000495,naturalistic,calendar,train,factual_world,Past behavior suggests the class schedule may be 11:30.,world_claim,inferred,0.85,1,1,0,0,0,inferred world belief,,
PB-000496,naturalistic,calendar,train,factual_world,A third-party message says the meeting time is 12:00.,world_claim,third_party,0.85,1,1,0,0,0,third-party unsupported world claim,,
PB-000497,naturalistic,calendar,compositional_test,factual_world,The connected record lists the doctor appointment as 8:30.,world_claim,tool_verified,0.95,1,1,0,0,1,tool evidence for world claim,,
PB-000498,naturalistic,calendar,train,factual_world,The primary source lists the interview slot as 9:00.,world_claim,external_verified,0.95,1,1,0,0,1,external evidence for world claim,,
PB-000499,naturalistic,calendar,train,personal_state,I remember the class schedule as 10:30.,personal_state,explicit_user,0.95,1,1,0,1,1,explicit personal-state evidence,,
PB-000500,naturalistic,calendar,train,personal_state,The connected record lists the meeting time as 11:00.,personal_state,tool_verified,0.95,1,1,0,1,1,tool personal-state evidence,,
PB-000501,naturalistic,calendar,compositional_test,personal_state,The primary source lists the doctor appointment as 12:30.,personal_state,external_verified,0.9,1,1,0,1,1,external personal-state evidence,,
PB-000502,naturalistic,calendar,train,factual_world,I remember the interview slot as 8:00.,personal_state,explicit_user,0.95,1,1,0,1,0,personal state irrelevant as world evidence,,
PB-000503,naturalistic,calendar,train,recommendation,I prefer options related to class schedule.,preference,explicit_user,0.95,1,1,0,1,0,preference personalization,,
PB-000504,naturalistic,calendar,train,planning,Any plan has to respect my constraint about meeting time.,constraint,explicit_user,0.95,1,1,0,1,0,constraint personalization,,
PB-000505,naturalistic,calendar,train,planning,My current goal is to optimize around doctor appointment.,goal,explicit_user,0.95,1,1,0,1,0,goal personalization,,
PB-000506,naturalistic,calendar,train,style,"Give me the answer first, then the rationale.",presentation,explicit_user,0.95,1,1,1,1,0,presentation personalization,,
PB-000507,naturalistic,calendar,compositional_test,personal_state,The connected record lists the class schedule as 8:30.,personal_state,tool_verified,0.95,0,1,0,0,0,stale evidence,,
PB-000508,naturalistic,calendar,compositional_test,factual_world,The primary source lists the meeting time as 9:00.,world_claim,external_verified,0.35,1,1,0,0,0,low-confidence evidence,,
PB-000509,naturalistic,calendar,compositional_test,factual_world,The primary source lists the doctor appointment as 10:30.,world_claim,external_verified,0.95,1,0,0,0,0,irrelevant evidence,,
PB-000510,naturalistic,calendar,train,recommendation,I prefer options related to interview slot.,preference,explicit_user,0.95,0,1,0,0,0,stale preference,,
PB-000511,naturalistic,calendar,train,planning,My current goal is to optimize around class schedule.,goal,explicit_user,0.35,1,1,0,0,0,low-confidence goal,,
PB-000512,naturalistic,calendar,train,factual_world,I remember the meeting time as 8:00.,world_claim,explicit_user,0.95,1,0,0,0,0,irrelevant unsupported claim,,
PB-000513,naturalistic,calendar,train,factual_world,I remember the class schedule as 11:30.,world_claim,explicit_user,0.95,1,1,0,0,0,unsupported user world belief,,
PB-000514,naturalistic,calendar,train,factual_world,Past behavior suggests the meeting time may be 12:00.,world_claim,inferred,0.85,1,1,0,0,0,inferred world belief,,
PB-000515,naturalistic,calendar,train,factual_world,A third-party message says the doctor appointment is 8:30.,world_claim,third_party,0.85,1,1,0,0,0,third-party unsupported world claim,,
PB-000516,naturalistic,calendar,compositional_test,factual_world,The connected record lists the interview slot as 9:00.,world_claim,tool_verified,0.95,1,1,0,0,1,tool evidence for world claim,,
PB-000517,naturalistic,calendar,train,factual_world,The primary source lists the class schedule as 10:30.,world_claim,external_verified,0.95,1,1,0,0,1,external evidence for world claim,,
PB-000518,naturalistic,calendar,train,personal_state,I remember the meeting time as 11:00.,personal_state,explicit_user,0.95,1,1,0,1,1,explicit personal-state evidence,,
PB-000519,naturalistic,calendar,train,personal_state,The connected record lists the doctor appointment as 12:30.,personal_state,tool_verified,0.95,1,1,0,1,1,tool personal-state evidence,,
PB-000520,naturalistic,calendar,compositional_test,personal_state,The primary source lists the interview slot as 8:00.,personal_state,external_verified,0.9,1,1,0,1,1,external personal-state evidence,,
PB-000521,naturalistic,calendar,train,factual_world,I remember the class schedule as 9:30.,personal_state,explicit_user,0.95,1,1,0,1,0,personal state irrelevant as world evidence,,
PB-000522,naturalistic,calendar,train,recommendation,I prefer options related to meeting time.,preference,explicit_user,0.95,1,1,0,1,0,preference personalization,,
PB-000523,naturalistic,calendar,train,planning,Any plan has to respect my constraint about doctor appointment.,constraint,explicit_user,0.95,1,1,0,1,0,constraint personalization,,
PB-000524,naturalistic,calendar,train,planning,My current goal is to optimize around interview slot.,goal,explicit_user,0.95,1,1,0,1,0,goal personalization,,
PB-000525,naturalistic,calendar,train,style,Please keep the answer concise.,presentation,explicit_user,0.95,1,1,1,1,0,presentation personalization,,
PB-000526,naturalistic,calendar,compositional_test,personal_state,The connected record lists the meeting time as 9:00.,personal_state,tool_verified,0.95,0,1,0,0,0,stale evidence,,
PB-000527,naturalistic,calendar,compositional_test,factual_world,The primary source lists the doctor appointment as 10:30.,world_claim,external_verified,0.35,1,1,0,0,0,low-confidence evidence,,
PB-000528,naturalistic,calendar,compositional_test,factual_world,The primary source lists the interview slot as 11:00.,world_claim,external_verified,0.95,1,0,0,0,0,irrelevant evidence,,
PB-000529,naturalistic,calendar,train,recommendation,I prefer options related to class schedule.,preference,explicit_user,0.95,0,1,0,0,0,stale preference,,
PB-000530,naturalistic,calendar,train,planning,My current goal is to optimize around meeting time.,goal,explicit_user,0.35,1,1,0,0,0,low-confidence goal,,
PB-000531,naturalistic,calendar,train,factual_world,I remember the doctor appointment as 9:30.,world_claim,explicit_user,0.95,1,0,0,0,0,irrelevant unsupported claim,,
PB-000532,naturalistic,calendar,train,factual_world,I remember the meeting time as 12:00.,world_claim,explicit_user,0.95,1,1,0,0,0,unsupported user world belief,,
PB-000533,naturalistic,calendar,train,factual_world,Past behavior suggests the doctor appointment may be 8:30.,world_claim,inferred,0.85,1,1,0,0,0,inferred world belief,,
PB-000534,naturalistic,calendar,train,factual_world,A third-party message says the interview slot is 9:00.,world_claim,third_party,0.85,1,1,0,0,0,third-party unsupported world claim,,
PB-000535,naturalistic,calendar,compositional_test,factual_world,The connected record lists the class schedule as 10:30.,world_claim,tool_verified,0.95,1,1,0,0,1,tool evidence for world claim,,
PB-000536,naturalistic,calendar,train,factual_world,The primary source lists the meeting time as 11:00.,world_claim,external_verified,0.95,1,1,0,0,1,external evidence for world claim,,
PB-000537,naturalistic,calendar,train,personal_state,I remember the doctor appointment as 12:30.,personal_state,explicit_user,0.95,1,1,0,1,1,explicit personal-state evidence,,
PB-000538,naturalistic,calendar,train,personal_state,The connected record lists the interview slot as 8:00.,personal_state,tool_verified,0.95,1,1,0,1,1,tool personal-state evidence,,
PB-000539,naturalistic,calendar,compositional_test,personal_state,The primary source lists the class schedule as 9:30.,personal_state,external_verified,0.9,1,1,0,1,1,external personal-state evidence,,
PB-000540,naturalistic,calendar,train,factual_world,I remember the meeting time as 10:00.,personal_state,explicit_user,0.95,1,1,0,1,0,personal state irrelevant as world evidence,,
PB-000541,naturalistic,calendar,train,recommendation,I prefer options related to doctor appointment.,preference,explicit_user,0.95,1,1,0,1,0,preference personalization,,
PB-000542,naturalistic,calendar,train,planning,Any plan has to respect my constraint about interview slot.,constraint,explicit_user,0.95,1,1,0,1,0,constraint personalization,,
PB-000543,naturalistic,calendar,train,planning,My current goal is to optimize around class schedule.,goal,explicit_user,0.95,1,1,0,1,0,goal personalization,,
PB-000544,naturalistic,calendar,train,style,Use a technical but plain style.,presentation,explicit_user,0.95,1,1,1,1,0,presentation personalization,,
PB-000545,naturalistic,calendar,compositional_test,personal_state,The connected record lists the doctor appointment as 10:30.,personal_state,tool_verified,0.95,0,1,0,0,0,stale evidence,,
PB-000546,naturalistic,calendar,compositional_test,factual_world,The primary source lists the interview slot as 11:00.,world_claim,external_verified,0.35,1,1,0,0,0,low-confidence evidence,,
PB-000547,naturalistic,calendar,compositional_test,factual_world,The primary source lists the class schedule as 12:30.,world_claim,external_verified,0.95,1,0,0,0,0,irrelevant evidence,,
PB-000548,naturalistic,calendar,train,recommendation,I prefer options related to meeting time.,preference,explicit_user,0.95,0,1,0,0,0,stale preference,,
PB-000549,naturalistic,calendar,train,planning,My current goal is to optimize around doctor appointment.,goal,explicit_user,0.35,1,1,0,0,0,low-confidence goal,,
PB-000550,naturalistic,calendar,train,factual_world,I remember the interview slot as 10:00.,world_claim,explicit_user,0.95,1,0,0,0,0,irrelevant unsupported claim,,
PB-000551,naturalistic,calendar,train,factual_world,I remember the doctor appointment as 8:30.,world_claim,explicit_user,0.95,1,1,0,0,0,unsupported user world belief,,
PB-000552,naturalistic,calendar,train,factual_world,Past behavior suggests the interview slot may be 9:00.,world_claim,inferred,0.85,1,1,0,0,0,inferred world belief,,
PB-000553,naturalistic,calendar,train,factual_world,A third-party message says the class schedule is 10:30.,world_claim,third_party,0.85,1,1,0,0,0,third-party unsupported world claim,,
PB-000554,naturalistic,calendar,compositional_test,factual_world,The connected record lists the meeting time as 11:00.,world_claim,tool_verified,0.95,1,1,0,0,1,tool evidence for world claim,,
PB-000555,naturalistic,calendar,train,factual_world,The primary source lists the doctor appointment as 12:30.,world_claim,external_verified,0.95,1,1,0,0,1,external evidence for world claim,,
PB-000556,naturalistic,calendar,train,personal_state,I remember the interview slot as 8:00.,personal_state,explicit_user,0.95,1,1,0,1,1,explicit personal-state evidence,,
PB-000557,naturalistic,calendar,train,personal_state,The connected record lists the class schedule as 9:30.,personal_state,tool_verified,0.95,1,1,0,1,1,tool personal-state evidence,,
PB-000558,naturalistic,calendar,compositional_test,personal_state,The primary source lists the meeting time as 10:00.,personal_state,external_verified,0.9,1,1,0,1,1,external personal-state evidence,,
PB-000559,naturalistic,calendar,train,factual_world,I remember the doctor appointment as 11:30.,personal_state,explicit_user,0.95,1,1,0,1,0,personal state irrelevant as world evidence,,
PB-000560,naturalistic,calendar,train,recommendation,I prefer options related to interview slot.,preference,explicit_user,0.95,1,1,0,1,0,preference personalization,,
PB-000561,naturalistic,calendar,train,planning,Any plan has to respect my constraint about class schedule.,constraint,explicit_user,0.95,1,1,0,1,0,constraint personalization,,
PB-000562,naturalistic,calendar,train,planning,My current goal is to optimize around meeting time.,goal,explicit_user,0.95,1,1,0,1,0,goal personalization,,
PB-000563,naturalistic,calendar,train,style,"Give me the answer first, then the rationale.",presentation,explicit_user,0.95,1,1,1,1,0,presentation personalization,,
PB-000564,naturalistic,calendar,compositional_test,personal_state,The connected record lists the interview slot as 11:00.,personal_state,tool_verified,0.95,0,1,0,0,0,stale evidence,,
PB-000565,naturalistic,calendar,compositional_test,factual_world,The primary source lists the class schedule as 12:30.,world_claim,external_verified,0.35,1,1,0,0,0,low-confidence evidence,,
PB-000566,naturalistic,calendar,compositional_test,factual_world,The primary source lists the meeting time as 8:00.,world_claim,external_verified,0.95,1,0,0,0,0,irrelevant evidence,,
PB-000567,naturalistic,calendar,train,recommendation,I prefer options related to doctor appointment.,preference,explicit_user,0.95,0,1,0,0,0,stale preference,,
PB-000568,naturalistic,calendar,train,planning,My current goal is to optimize around interview slot.,goal,explicit_user,0.35,1,1,0,0,0,low-confidence goal,,
PB-000569,naturalistic,calendar,train,factual_world,I remember the class schedule as 11:30.,world_claim,explicit_user,0.95,1,0,0,0,0,irrelevant unsupported claim,,
PB-000570,naturalistic,calendar,train,factual_world,I remember the interview slot as 9:00.,world_claim,explicit_user,0.95,1,1,0,0,0,unsupported user world belief,,
PB-000571,naturalistic,calendar,train,factual_world,Past behavior suggests the class schedule may be 10:30.,world_claim,inferred,0.85,1,1,0,0,0,inferred world belief,,
PB-000572,naturalistic,calendar,train,factual_world,A third-party message says the meeting time is 11:00.,world_claim,third_party,0.85,1,1,0,0,0,third-party unsupported world claim,,
PB-000573,naturalistic,calendar,compositional_test,factual_world,The connected record lists the doctor appointment as 12:30.,world_claim,tool_verified,0.95,1,1,0,0,1,tool evidence for world claim,,
PB-000574,naturalistic,calendar,train,factual_world,The primary source lists the interview slot as 8:00.,world_claim,external_verified,0.95,1,1,0,0,1,external evidence for world claim,,
PB-000575,naturalistic,calendar,train,personal_state,I remember the class schedule as 9:30.,personal_state,explicit_user,0.95,1,1,0,1,1,explicit personal-state evidence,,
PB-000576,naturalistic,calendar,train,personal_state,The connected record lists the meeting time as 10:00.,personal_state,tool_verified,0.95,1,1,0,1,1,tool personal-state evidence,,
PB-000577,naturalistic,calendar,compositional_test,personal_state,The primary source lists the doctor appointment as 11:30.,personal_state,external_verified,0.9,1,1,0,1,1,external personal-state evidence,,
PB-000578,naturalistic,calendar,train,factual_world,I remember the interview slot as 12:00.,personal_state,explicit_user,0.95,1,1,0,1,0,personal state irrelevant as world evidence,,
PB-000579,naturalistic,calendar,train,recommendation,I prefer options related to class schedule.,preference,explicit_user,0.95,1,1,0,1,0,preference personalization,,
PB-000580,naturalistic,calendar,train,planning,Any plan has to respect my constraint about meeting time.,constraint,explicit_user,0.95,1,1,0,1,0,constraint personalization,,
PB-000581,naturalistic,calendar,train,planning,My current goal is to optimize around doctor appointment.,goal,explicit_user,0.95,1,1,0,1,0,goal personalization,,
PB-000582,naturalistic,calendar,train,style,Please keep the answer concise.,presentation,explicit_user,0.95,1,1,1,1,0,presentation personalization,,
PB-000583,naturalistic,calendar,compositional_test,personal_state,The connected record lists the class schedule as 12:30.,personal_state,tool_verified,0.95,0,1,0,0,0,stale evidence,,
PB-000584,naturalistic,calendar,compositional_test,factual_world,The primary source lists the meeting time as 8:00.,world_claim,external_verified,0.35,1,1,0,0,0,low-confidence evidence,,
PB-000585,naturalistic,calendar,compositional_test,factual_world,The primary source lists the doctor appointment as 9:30.,world_claim,external_verified,0.95,1,0,0,0,0,irrelevant evidence,,
PB-000586,naturalistic,calendar,train,recommendation,I prefer options related to interview slot.,preference,explicit_user,0.95,0,1,0,0,0,stale preference,,
PB-000587,naturalistic,calendar,train,planning,My current goal is to optimize around class schedule.,goal,explicit_user,0.35,1,1,0,0,0,low-confidence goal,,
PB-000588,naturalistic,calendar,train,factual_world,I remember the meeting time as 12:00.,world_claim,explicit_user,0.95,1,0,0,0,0,irrelevant unsupported claim,,
PB-000589,naturalistic,calendar,train,factual_world,I remember the class schedule as 10:30.,world_claim,explicit_user,0.95,1,1,0,0,0,unsupported user world belief,,
PB-000590,naturalistic,calendar,train,factual_world,Past behavior suggests the meeting time may be 11:00.,world_claim,inferred,0.85,1,1,0,0,0,inferred world belief,,
PB-000591,naturalistic,calendar,train,factual_world,A third-party message says the doctor appointment is 12:30.,world_claim,third_party,0.85,1,1,0,0,0,third-party unsupported world claim,,
PB-000592,naturalistic,calendar,compositional_test,factual_world,The connected record lists the interview slot as 8:00.,world_claim,tool_verified,0.95,1,1,0,0,1,tool evidence for world claim,,
PB-000593,naturalistic,calendar,train,factual_world,The primary source lists the class schedule as 9:30.,world_claim,external_verified,0.95,1,1,0,0,1,external evidence for world claim,,
PB-000594,naturalistic,calendar,train,personal_state,I remember the meeting time as 10:00.,personal_state,explicit_user,0.95,1,1,0,1,1,explicit personal-state evidence,,
PB-000595,naturalistic,calendar,train,personal_state,The connected record lists the doctor appointment as 11:30.,personal_state,tool_verified,0.95,1,1,0,1,1,tool personal-state evidence,,
PB-000596,naturalistic,calendar,compositional_test,personal_state,The primary source lists the interview slot as 12:00.,personal_state,external_verified,0.9,1,1,0,1,1,external personal-state evidence,,
PB-000597,naturalistic,calendar,train,factual_world,I remember the class schedule as 8:30.,personal_state,explicit_user,0.95,1,1,0,1,0,personal state irrelevant as world evidence,,
PB-000598,naturalistic,calendar,train,recommendation,I prefer options related to meeting time.,preference,explicit_user,0.95,1,1,0,1,0,preference personalization,,
PB-000599,naturalistic,calendar,train,planning,Any plan has to respect my constraint about doctor appointment.,constraint,explicit_user,0.95,1,1,0,1,0,constraint personalization,,
PB-000600,naturalistic,calendar,train,planning,My current goal is to optimize around interview slot.,goal,explicit_user,0.95,1,1,0,1,0,goal personalization,,
PB-000601,naturalistic,calendar,train,style,Use a technical but plain style.,presentation,explicit_user,0.95,1,1,1,1,0,presentation personalization,,
PB-000602,naturalistic,calendar,compositional_test,personal_state,The connected record lists the meeting time as 8:00.,personal_state,tool_verified,0.95,0,1,0,0,0,stale evidence,,
PB-000603,naturalistic,calendar,compositional_test,factual_world,The primary source lists the doctor appointment as 9:30.,world_claim,external_verified,0.35,1,1,0,0,0,low-confidence evidence,,
PB-000604,naturalistic,calendar,compositional_test,factual_world,The primary source lists the interview slot as 10:00.,world_claim,external_verified,0.95,1,0,0,0,0,irrelevant evidence,,
PB-000605,naturalistic,calendar,train,recommendation,I prefer options related to class schedule.,preference,explicit_user,0.95,0,1,0,0,0,stale preference,,
PB-000606,naturalistic,calendar,train,planning,My current goal is to optimize around meeting time.,goal,explicit_user,0.35,1,1,0,0,0,low-confidence goal,,
PB-000607,naturalistic,calendar,train,factual_world,I remember the doctor appointment as 8:30.,world_claim,explicit_user,0.95,1,0,0,0,0,irrelevant unsupported claim,,
PB-000608,naturalistic,calendar,train,factual_world,I remember the meeting time as 11:00.,world_claim,explicit_user,0.95,1,1,0,0,0,unsupported user world belief,,
PB-000609,naturalistic,calendar,train,factual_world,Past behavior suggests the doctor appointment may be 12:30.,world_claim,inferred,0.85,1,1,0,0,0,inferred world belief,,
PB-000610,naturalistic,calendar,train,factual_world,A third-party message says the interview slot is 8:00.,world_claim,third_party,0.85,1,1,0,0,0,third-party unsupported world claim,,
PB-000611,naturalistic,calendar,compositional_test,factual_world,The connected record lists the class schedule as 9:30.,world_claim,tool_verified,0.95,1,1,0,0,1,tool evidence for world claim,,
PB-000612,naturalistic,calendar,train,factual_world,The primary source lists the meeting time as 10:00.,world_claim,external_verified,0.95,1,1,0,0,1,external evidence for world claim,,
PB-000613,naturalistic,calendar,train,personal_state,I remember the doctor appointment as 11:30.,personal_state,explicit_user,0.95,1,1,0,1,1,explicit personal-state evidence,,
PB-000614,naturalistic,calendar,train,personal_state,The connected record lists the interview slot as 12:00.,personal_state,tool_verified,0.95,1,1,0,1,1,tool personal-state evidence,,
PB-000615,naturalistic,calendar,compositional_test,personal_state,The primary source lists the class schedule as 8:30.,personal_state,external_verified,0.9,1,1,0,1,1,external personal-state evidence,,
PB-000616,naturalistic,calendar,train,factual_world,I remember the meeting time as 9:00.,personal_state,explicit_user,0.95,1,1,0,1,0,personal state irrelevant as world evidence,,
PB-000617,naturalistic,calendar,train,recommendation,I prefer options related to doctor appointment.,preference,explicit_user,0.95,1,1,0,1,0,preference personalization,,
PB-000618,naturalistic,calendar,train,planning,Any plan has to respect my constraint about interview slot.,constraint,explicit_user,0.95,1,1,0,1,0,constraint personalization,,
PB-000619,naturalistic,calendar,train,planning,My current goal is to optimize around class schedule.,goal,explicit_user,0.95,1,1,0,1,0,goal personalization,,
PB-000620,naturalistic,calendar,train,style,"Give me the answer first, then the rationale.",presentation,explicit_user,0.95,1,1,1,1,0,presentation personalization,,
PB-000621,naturalistic,calendar,compositional_test,personal_state,The connected record lists the doctor appointment as 9:30.,personal_state,tool_verified,0.95,0,1,0,0,0,stale evidence,,
PB-000622,naturalistic,calendar,compositional_test,factual_world,The primary source lists the interview slot as 10:00.,world_claim,external_verified,0.35,1,1,0,0,0,low-confidence evidence,,
PB-000623,naturalistic,calendar,compositional_test,factual_world,The primary source lists the class schedule as 11:30.,world_claim,external_verified,0.95,1,0,0,0,0,irrelevant evidence,,
PB-000624,naturalistic,calendar,train,recommendation,I prefer options related to meeting time.,preference,explicit_user,0.95,0,1,0,0,0,stale preference,,
PB-000625,naturalistic,calendar,train,planning,My current goal is to optimize around doctor appointment.,goal,explicit_user,0.35,1,1,0,0,0,low-confidence goal,,
PB-000626,naturalistic,calendar,train,factual_world,I remember the interview slot as 9:00.,world_claim,explicit_user,0.95,1,0,0,0,0,irrelevant unsupported claim,,
PB-000627,naturalistic,calendar,train,factual_world,I remember the doctor appointment as 12:30.,world_claim,explicit_user,0.95,1,1,0,0,0,unsupported user world belief,,
PB-000628,naturalistic,calendar,train,factual_world,Past behavior suggests the interview slot may be 8:00.,world_claim,inferred,0.85,1,1,0,0,0,inferred world belief,,
PB-000629,naturalistic,calendar,train,factual_world,A third-party message says the class schedule is 9:30.,world_claim,third_party,0.85,1,1,0,0,0,third-party unsupported world claim,,
PB-000630,naturalistic,calendar,compositional_test,factual_world,The connected record lists the meeting time as 10:00.,world_claim,tool_verified,0.95,1,1,0,0,1,tool evidence for world claim,,
PB-000631,naturalistic,calendar,train,factual_world,The primary source lists the doctor appointment as 11:30.,world_claim,external_verified,0.95,1,1,0,0,1,external evidence for world claim,,
PB-000632,naturalistic,calendar,train,personal_state,I remember the interview slot as 12:00.,personal_state,explicit_user,0.95,1,1,0,1,1,explicit personal-state evidence,,
PB-000633,naturalistic,calendar,train,personal_state,The connected record lists the class schedule as 8:30.,personal_state,tool_verified,0.95,1,1,0,1,1,tool personal-state evidence,,
PB-000634,naturalistic,calendar,compositional_test,personal_state,The primary source lists the meeting time as 9:00.,personal_state,external_verified,0.9,1,1,0,1,1,external personal-state evidence,,
PB-000635,naturalistic,calendar,train,factual_world,I remember the doctor appointment as 10:30.,personal_state,explicit_user,0.95,1,1,0,1,0,personal state irrelevant as world evidence,,
PB-000636,naturalistic,calendar,train,recommendation,I prefer options related to interview slot.,preference,explicit_user,0.95,1,1,0,1,0,preference personalization,,
PB-000637,naturalistic,calendar,train,planning,Any plan has to respect my constraint about class schedule.,constraint,explicit_user,0.95,1,1,0,1,0,constraint personalization,,
PB-000638,naturalistic,calendar,train,planning,My current goal is to optimize around meeting time.,goal,explicit_user,0.95,1,1,0,1,0,goal personalization,,
PB-000639,naturalistic,calendar,train,style,Please keep the answer concise.,presentation,explicit_user,0.95,1,1,1,1,0,presentation personalization,,
PB-000640,naturalistic,calendar,compositional_test,personal_state,The connected record lists the interview slot as 10:00.,personal_state,tool_verified,0.95,0,1,0,0,0,stale evidence,,
PB-000641,naturalistic,calendar,compositional_test,factual_world,The primary source lists the class schedule as 11:30.,world_claim,external_verified,0.35,1,1,0,0,0,low-confidence evidence,,
PB-000642,naturalistic,calendar,compositional_test,factual_world,The primary source lists the meeting time as 12:00.,world_claim,external_verified,0.95,1,0,0,0,0,irrelevant evidence,,
PB-000643,naturalistic,calendar,train,recommendation,I prefer options related to doctor appointment.,preference,explicit_user,0.95,0,1,0,0,0,stale preference,,
PB-000644,naturalistic,calendar,train,planning,My current goal is to optimize around interview slot.,goal,explicit_user,0.35,1,1,0,0,0,low-confidence goal,,
PB-000645,naturalistic,calendar,train,factual_world,I remember the class schedule as 10:30.,world_claim,explicit_user,0.95,1,0,0,0,0,irrelevant unsupported claim,,
PB-000646,naturalistic,calendar,train,factual_world,I remember the interview slot as 8:00.,world_claim,explicit_user,0.95,1,1,0,0,0,unsupported user world belief,,
PB-000647,naturalistic,calendar,train,factual_world,Past behavior suggests the class schedule may be 9:30.,world_claim,inferred,0.85,1,1,0,0,0,inferred world belief,,
PB-000648,naturalistic,calendar,train,factual_world,A third-party message says the meeting time is 10:00.,world_claim,third_party,0.85,1,1,0,0,0,third-party unsupported world claim,,
PB-000649,naturalistic,calendar,compositional_test,factual_world,The connected record lists the doctor appointment as 11:30.,world_claim,tool_verified,0.95,1,1,0,0,1,tool evidence for world claim,,
PB-000650,naturalistic,calendar,train,factual_world,The primary source lists the interview slot as 12:00.,world_claim,external_verified,0.95,1,1,0,0,1,external evidence for world claim,,
PB-000651,naturalistic,calendar,train,personal_state,I remember the class schedule as 8:30.,personal_state,explicit_user,0.95,1,1,0,1,1,explicit personal-state evidence,,
PB-000652,naturalistic,calendar,train,personal_state,The connected record lists the meeting time as 9:00.,personal_state,tool_verified,0.95,1,1,0,1,1,tool personal-state evidence,,
PB-000653,naturalistic,calendar,compositional_test,personal_state,The primary source lists the doctor appointment as 10:30.,personal_state,external_verified,0.9,1,1,0,1,1,external personal-state evidence,,
PB-000654,naturalistic,calendar,train,factual_world,I remember the interview slot as 11:00.,personal_state,explicit_user,0.95,1,1,0,1,0,personal state irrelevant as world evidence,,
PB-000655,naturalistic,calendar,train,recommendation,I prefer options related to class schedule.,preference,explicit_user,0.95,1,1,0,1,0,preference personalization,,
PB-000656,naturalistic,calendar,train,planning,Any plan has to respect my constraint about meeting time.,constraint,explicit_user,0.95,1,1,0,1,0,constraint personalization,,
PB-000657,naturalistic,calendar,train,planning,My current goal is to optimize around doctor appointment.,goal,explicit_user,0.95,1,1,0,1,0,goal personalization,,
PB-000658,naturalistic,calendar,train,style,Use a technical but plain style.,presentation,explicit_user,0.95,1,1,1,1,0,presentation personalization,,
PB-000659,naturalistic,calendar,compositional_test,personal_state,The connected record lists the class schedule as 11:30.,personal_state,tool_verified,0.95,0,1,0,0,0,stale evidence,,
PB-000660,naturalistic,calendar,compositional_test,factual_world,The primary source lists the meeting time as 12:00.,world_claim,external_verified,0.35,1,1,0,0,0,low-confidence evidence,,
PB-000661,naturalistic,calendar,compositional_test,factual_world,The primary source lists the doctor appointment as 8:30.,world_claim,external_verified,0.95,1,0,0,0,0,irrelevant evidence,,
PB-000662,naturalistic,calendar,train,recommendation,I prefer options related to interview slot.,preference,explicit_user,0.95,0,1,0,0,0,stale preference,,
PB-000663,naturalistic,calendar,train,planning,My current goal is to optimize around class schedule.,goal,explicit_user,0.35,1,1,0,0,0,low-confidence goal,,
PB-000664,naturalistic,calendar,train,factual_world,I remember the meeting time as 11:00.,world_claim,explicit_user,0.95,1,0,0,0,0,irrelevant unsupported claim,,
PB-000665,naturalistic,calendar,train,factual_world,I remember the class schedule as 9:30.,world_claim,explicit_user,0.95,1,1,0,0,0,unsupported user world belief,,
PB-000666,naturalistic,calendar,train,factual_world,Past behavior suggests the meeting time may be 10:00.,world_claim,inferred,0.85,1,1,0,0,0,inferred world belief,,
PB-000667,naturalistic,calendar,train,factual_world,A third-party message says the doctor appointment is 11:30.,world_claim,third_party,0.85,1,1,0,0,0,third-party unsupported world claim,,
PB-000668,naturalistic,calendar,compositional_test,factual_world,The connected record lists the interview slot as 12:00.,world_claim,tool_verified,0.95,1,1,0,0,1,tool evidence for world claim,,
PB-000669,naturalistic,calendar,train,factual_world,The primary source lists the class schedule as 8:30.,world_claim,external_verified,0.95,1,1,0,0,1,external evidence for world claim,,
PB-000670,naturalistic,calendar,train,personal_state,I remember the meeting time as 9:00.,personal_state,explicit_user,0.95,1,1,0,1,1,explicit personal-state evidence,,
PB-000671,naturalistic,calendar,train,personal_state,The connected record lists the doctor appointment as 10:30.,personal_state,tool_verified,0.95,1,1,0,1,1,tool personal-state evidence,,
PB-000672,naturalistic,calendar,compositional_test,personal_state,The primary source lists the interview slot as 11:00.,personal_state,external_verified,0.9,1,1,0,1,1,external personal-state evidence,,
PB-000673,naturalistic,calendar,train,factual_world,I remember the class schedule as 12:30.,personal_state,explicit_user,0.95,1,1,0,1,0,personal state irrelevant as world evidence,,
PB-000674,naturalistic,calendar,train,recommendation,I prefer options related to meeting time.,preference,explicit_user,0.95,1,1,0,1,0,preference personalization,,
PB-000675,naturalistic,calendar,train,planning,Any plan has to respect my constraint about doctor appointment.,constraint,explicit_user,0.95,1,1,0,1,0,constraint personalization,,
PB-000676,naturalistic,calendar,train,planning,My current goal is to optimize around interview slot.,goal,explicit_user,0.95,1,1,0,1,0,goal personalization,,
PB-000677,naturalistic,calendar,train,style,"Give me the answer first, then the rationale.",presentation,explicit_user,0.95,1,1,1,1,0,presentation personalization,,
PB-000678,naturalistic,calendar,compositional_test,personal_state,The connected record lists the meeting time as 12:00.,personal_state,tool_verified,0.95,0,1,0,0,0,stale evidence,,
PB-000679,naturalistic,calendar,compositional_test,factual_world,The primary source lists the doctor appointment as 8:30.,world_claim,external_verified,0.35,1,1,0,0,0,low-confidence evidence,,
PB-000680,naturalistic,calendar,compositional_test,factual_world,The primary source lists the interview slot as 9:00.,world_claim,external_verified,0.95,1,0,0,0,0,irrelevant evidence,,
PB-000681,naturalistic,calendar,train,recommendation,I prefer options related to class schedule.,preference,explicit_user,0.95,0,1,0,0,0,stale preference,,
PB-000682,naturalistic,calendar,train,planning,My current goal is to optimize around meeting time.,goal,explicit_user,0.35,1,1,0,0,0,low-confidence goal,,
PB-000683,naturalistic,calendar,train,factual_world,I remember the doctor appointment as 12:30.,world_claim,explicit_user,0.95,1,0,0,0,0,irrelevant unsupported claim,,
PB-000684,naturalistic,calendar,test,factual_world,I remember the meeting time as 10:00.,world_claim,explicit_user,0.95,1,1,0,0,0,unsupported user world belief,,
PB-000685,naturalistic,calendar,test,factual_world,Past behavior suggests the doctor appointment may be 11:30.,world_claim,inferred,0.85,1,1,0,0,0,inferred world belief,,
PB-000686,naturalistic,calendar,test,factual_world,A third-party message says the interview slot is 12:00.,world_claim,third_party,0.85,1,1,0,0,0,third-party unsupported world claim,,
PB-000687,naturalistic,calendar,compositional_test,factual_world,The connected record lists the class schedule as 8:30.,world_claim,tool_verified,0.95,1,1,0,0,1,tool evidence for world claim,,
PB-000688,naturalistic,calendar,test,factual_world,The primary source lists the meeting time as 9:00.,world_claim,external_verified,0.95,1,1,0,0,1,external evidence for world claim,,
PB-000689,naturalistic,calendar,test,personal_state,I remember the doctor appointment as 10:30.,personal_state,explicit_user,0.95,1,1,0,1,1,explicit personal-state evidence,,
PB-000690,naturalistic,calendar,test,personal_state,The connected record lists the interview slot as 11:00.,personal_state,tool_verified,0.95,1,1,0,1,1,tool personal-state evidence,,
PB-000691,naturalistic,calendar,compositional_test,personal_state,The primary source lists the class schedule as 12:30.,personal_state,external_verified,0.9,1,1,0,1,1,external personal-state evidence,,
PB-000692,naturalistic,calendar,test,factual_world,I remember the meeting time as 8:00.,personal_state,explicit_user,0.95,1,1,0,1,0,personal state irrelevant as world evidence,,
PB-000693,naturalistic,calendar,test,recommendation,I prefer options related to doctor appointment.,preference,explicit_user,0.95,1,1,0,1,0,preference personalization,,
PB-000694,naturalistic,calendar,test,planning,Any plan has to respect my constraint about interview slot.,constraint,explicit_user,0.95,1,1,0,1,0,constraint personalization,,
PB-000695,naturalistic,calendar,test,planning,My current goal is to optimize around class schedule.,goal,explicit_user,0.95,1,1,0,1,0,goal personalization,,
PB-000696,naturalistic,calendar,test,style,Please keep the answer concise.,presentation,explicit_user,0.95,1,1,1,1,0,presentation personalization,,
PB-000697,naturalistic,calendar,compositional_test,personal_state,The connected record lists the doctor appointment as 8:30.,personal_state,tool_verified,0.95,0,1,0,0,0,stale evidence,,
PB-000698,naturalistic,calendar,compositional_test,factual_world,The primary source lists the interview slot as 9:00.,world_claim,external_verified,0.35,1,1,0,0,0,low-confidence evidence,,
PB-000699,naturalistic,calendar,compositional_test,factual_world,The primary source lists the class schedule as 10:30.,world_claim,external_verified,0.95,1,0,0,0,0,irrelevant evidence,,
PB-000700,naturalistic,calendar,test,recommendation,I prefer options related to meeting time.,preference,explicit_user,0.95,0,1,0,0,0,stale preference,,
PB-000701,naturalistic,calendar,test,planning,My current goal is to optimize around doctor appointment.,goal,explicit_user,0.35,1,1,0,0,0,low-confidence goal,,
PB-000702,naturalistic,calendar,test,factual_world,I remember the interview slot as 8:00.,world_claim,explicit_user,0.95,1,0,0,0,0,irrelevant unsupported claim,,
PB-000703,naturalistic,calendar,val,factual_world,I remember the doctor appointment as 11:30.,world_claim,explicit_user,0.95,1,1,0,0,0,unsupported user world belief,,
PB-000704,naturalistic,calendar,val,factual_world,Past behavior suggests the interview slot may be 12:00.,world_claim,inferred,0.85,1,1,0,0,0,inferred world belief,,
PB-000705,naturalistic,calendar,val,factual_world,A third-party message says the class schedule is 8:30.,world_claim,third_party,0.85,1,1,0,0,0,third-party unsupported world claim,,
PB-000706,naturalistic,calendar,compositional_test,factual_world,The connected record lists the meeting time as 9:00.,world_claim,tool_verified,0.95,1,1,0,0,1,tool evidence for world claim,,
PB-000707,naturalistic,calendar,val,factual_world,The primary source lists the doctor appointment as 10:30.,world_claim,external_verified,0.95,1,1,0,0,1,external evidence for world claim,,
PB-000708,naturalistic,calendar,val,personal_state,I remember the interview slot as 11:00.,personal_state,explicit_user,0.95,1,1,0,1,1,explicit personal-state evidence,,
PB-000709,naturalistic,calendar,val,personal_state,The connected record lists the class schedule as 12:30.,personal_state,tool_verified,0.95,1,1,0,1,1,tool personal-state evidence,,
PB-000710,naturalistic,calendar,compositional_test,personal_state,The primary source lists the meeting time as 8:00.,personal_state,external_verified,0.9,1,1,0,1,1,external personal-state evidence,,
PB-000711,naturalistic,calendar,val,factual_world,I remember the doctor appointment as 9:30.,personal_state,explicit_user,0.95,1,1,0,1,0,personal state irrelevant as world evidence,,
PB-000712,naturalistic,calendar,val,recommendation,I prefer options related to interview slot.,preference,explicit_user,0.95,1,1,0,1,0,preference personalization,,
PB-000713,naturalistic,calendar,val,planning,Any plan has to respect my constraint about class schedule.,constraint,explicit_user,0.95,1,1,0,1,0,constraint personalization,,
PB-000714,naturalistic,calendar,val,planning,My current goal is to optimize around meeting time.,goal,explicit_user,0.95,1,1,0,1,0,goal personalization,,
PB-000715,naturalistic,calendar,val,style,Use a technical but plain style.,presentation,explicit_user,0.95,1,1,1,1,0,presentation personalization,,
PB-000716,naturalistic,calendar,compositional_test,personal_state,The connected record lists the interview slot as 9:00.,personal_state,tool_verified,0.95,0,1,0,0,0,stale evidence,,
PB-000717,naturalistic,calendar,compositional_test,factual_world,The primary source lists the class schedule as 10:30.,world_claim,external_verified,0.35,1,1,0,0,0,low-confidence evidence,,
PB-000718,naturalistic,calendar,compositional_test,factual_world,The primary source lists the meeting time as 11:00.,world_claim,external_verified,0.95,1,0,0,0,0,irrelevant evidence,,
PB-000719,naturalistic,calendar,val,recommendation,I prefer options related to doctor appointment.,preference,explicit_user,0.95,0,1,0,0,0,stale preference,,
PB-000720,naturalistic,calendar,val,planning,My current goal is to optimize around interview slot.,goal,explicit_user,0.35,1,1,0,0,0,low-confidence goal,,
PB-000721,naturalistic,calendar,val,factual_world,I remember the class schedule as 9:30.,world_claim,explicit_user,0.95,1,0,0,0,0,irrelevant unsupported claim,,
PB-000722,naturalistic,calendar,train,factual_world,I remember the interview slot as 12:00.,world_claim,explicit_user,0.95,1,1,0,0,0,unsupported user world belief,,
PB-000723,naturalistic,calendar,train,factual_world,Past behavior suggests the class schedule may be 8:30.,world_claim,inferred,0.85,1,1,0,0,0,inferred world belief,,
PB-000724,naturalistic,calendar,train,factual_world,A third-party message says the meeting time is 9:00.,world_claim,third_party,0.85,1,1,0,0,0,third-party unsupported world claim,,
PB-000725,naturalistic,calendar,compositional_test,factual_world,The connected record lists the doctor appointment as 10:30.,world_claim,tool_verified,0.95,1,1,0,0,1,tool evidence for world claim,,
PB-000726,naturalistic,calendar,train,factual_world,The primary source lists the interview slot as 11:00.,world_claim,external_verified,0.95,1,1,0,0,1,external evidence for world claim,,
PB-000727,naturalistic,calendar,train,personal_state,I remember the class schedule as 12:30.,personal_state,explicit_user,0.95,1,1,0,1,1,explicit personal-state evidence,,
PB-000728,naturalistic,calendar,train,personal_state,The connected record lists the meeting time as 8:00.,personal_state,tool_verified,0.95,1,1,0,1,1,tool personal-state evidence,,
PB-000729,naturalistic,calendar,compositional_test,personal_state,The primary source lists the doctor appointment as 9:30.,personal_state,external_verified,0.9,1,1,0,1,1,external personal-state evidence,,
PB-000730,naturalistic,calendar,train,factual_world,I remember the interview slot as 10:00.,personal_state,explicit_user,0.95,1,1,0,1,0,personal state irrelevant as world evidence,,
PB-000731,naturalistic,calendar,train,recommendation,I prefer options related to class schedule.,preference,explicit_user,0.95,1,1,0,1,0,preference personalization,,
PB-000732,naturalistic,calendar,train,planning,Any plan has to respect my constraint about meeting time.,constraint,explicit_user,0.95,1,1,0,1,0,constraint personalization,,
PB-000733,naturalistic,calendar,train,planning,My current goal is to optimize around doctor appointment.,goal,explicit_user,0.95,1,1,0,1,0,goal personalization,,
PB-000734,naturalistic,calendar,train,style,"Give me the answer first, then the rationale.",presentation,explicit_user,0.95,1,1,1,1,0,presentation personalization,,
PB-000735,naturalistic,calendar,compositional_test,personal_state,The connected record lists the class schedule as 10:30.,personal_state,tool_verified,0.95,0,1,0,0,0,stale evidence,,
PB-000736,naturalistic,calendar,compositional_test,factual_world,The primary source lists the meeting time as 11:00.,world_claim,external_verified,0.35,1,1,0,0,0,low-confidence evidence,,
PB-000737,naturalistic,calendar,compositional_test,factual_world,The primary source lists the doctor appointment as 12:30.,world_claim,external_verified,0.95,1,0,0,0,0,irrelevant evidence,,
PB-000738,naturalistic,calendar,train,recommendation,I prefer options related to interview slot.,preference,explicit_user,0.95,0,1,0,0,0,stale preference,,
PB-000739,naturalistic,calendar,train,planning,My current goal is to optimize around class schedule.,goal,explicit_user,0.35,1,1,0,0,0,low-confidence goal,,
PB-000740,naturalistic,calendar,train,factual_world,I remember the meeting time as 10:00.,world_claim,explicit_user,0.95,1,0,0,0,0,irrelevant unsupported claim,,
PB-000741,naturalistic,calendar,train,factual_world,I remember the class schedule as 8:30.,world_claim,explicit_user,0.95,1,1,0,0,0,unsupported user world belief,,
PB-000742,naturalistic,calendar,train,factual_world,Past behavior suggests the meeting time may be 9:00.,world_claim,inferred,0.85,1,1,0,0,0,inferred world belief,,
PB-000743,naturalistic,calendar,train,factual_world,A third-party message says the doctor appointment is 10:30.,world_claim,third_party,0.85,1,1,0,0,0,third-party unsupported world claim,,
PB-000744,naturalistic,calendar,compositional_test,factual_world,The connected record lists the interview slot as 11:00.,world_claim,tool_verified,0.95,1,1,0,0,1,tool evidence for world claim,,
PB-000745,naturalistic,calendar,train,factual_world,The primary source lists the class schedule as 12:30.,world_claim,external_verified,0.95,1,1,0,0,1,external evidence for world claim,,
PB-000746,naturalistic,calendar,train,personal_state,I remember the meeting time as 8:00.,personal_state,explicit_user,0.95,1,1,0,1,1,explicit personal-state evidence,,
PB-000747,naturalistic,calendar,train,personal_state,The connected record lists the doctor appointment as 9:30.,personal_state,tool_verified,0.95,1,1,0,1,1,tool personal-state evidence,,
PB-000748,naturalistic,calendar,compositional_test,personal_state,The primary source lists the interview slot as 10:00.,personal_state,external_verified,0.9,1,1,0,1,1,external personal-state evidence,,
PB-000749,naturalistic,calendar,train,factual_world,I remember the class schedule as 11:30.,personal_state,explicit_user,0.95,1,1,0,1,0,personal state irrelevant as world evidence,,
PB-000750,naturalistic,calendar,train,recommendation,I prefer options related to meeting time.,preference,explicit_user,0.95,1,1,0,1,0,preference personalization,,
PB-000751,naturalistic,calendar,train,planning,Any plan has to respect my constraint about doctor appointment.,constraint,explicit_user,0.95,1,1,0,1,0,constraint personalization,,
PB-000752,naturalistic,calendar,train,planning,My current goal is to optimize around interview slot.,goal,explicit_user,0.95,1,1,0,1,0,goal personalization,,
PB-000753,naturalistic,calendar,train,style,Please keep the answer concise.,presentation,explicit_user,0.95,1,1,1,1,0,presentation personalization,,
PB-000754,naturalistic,calendar,compositional_test,personal_state,The connected record lists the meeting time as 11:00.,personal_state,tool_verified,0.95,0,1,0,0,0,stale evidence,,
PB-000755,naturalistic,calendar,compositional_test,factual_world,The primary source lists the doctor appointment as 12:30.,world_claim,external_verified,0.35,1,1,0,0,0,low-confidence evidence,,
PB-000756,naturalistic,calendar,compositional_test,factual_world,The primary source lists the interview slot as 8:00.,world_claim,external_verified,0.95,1,0,0,0,0,irrelevant evidence,,
PB-000757,naturalistic,calendar,train,recommendation,I prefer options related to class schedule.,preference,explicit_user,0.95,0,1,0,0,0,stale preference,,
PB-000758,naturalistic,calendar,train,planning,My current goal is to optimize around meeting time.,goal,explicit_user,0.35,1,1,0,0,0,low-confidence goal,,
PB-000759,naturalistic,calendar,train,factual_world,I remember the doctor appointment as 11:30.,world_claim,explicit_user,0.95,1,0,0,0,0,irrelevant unsupported claim,,
PB-000760,naturalistic,calendar,train,factual_world,I remember the meeting time as 9:00.,world_claim,explicit_user,0.95,1,1,0,0,0,unsupported user world belief,,
PB-000761,naturalistic,calendar,train,factual_world,Past behavior suggests the doctor appointment may be 10:30.,world_claim,inferred,0.85,1,1,0,0,0,inferred world belief,,
PB-000762,naturalistic,calendar,train,factual_world,A third-party message says the interview slot is 11:00.,world_claim,third_party,0.85,1,1,0,0,0,third-party unsupported world claim,,
PB-000763,naturalistic,calendar,compositional_test,factual_world,The connected record lists the class schedule as 12:30.,world_claim,tool_verified,0.95,1,1,0,0,1,tool evidence for world claim,,
PB-000764,naturalistic,calendar,train,factual_world,The primary source lists the meeting time as 8:00.,world_claim,external_verified,0.95,1,1,0,0,1,external evidence for world claim,,
PB-000765,naturalistic,calendar,train,personal_state,I remember the doctor appointment as 9:30.,personal_state,explicit_user,0.95,1,1,0,1,1,explicit personal-state evidence,,
PB-000766,naturalistic,calendar,train,personal_state,The connected record lists the interview slot as 10:00.,personal_state,tool_verified,0.95,1,1,0,1,1,tool personal-state evidence,,
PB-000767,naturalistic,calendar,compositional_test,personal_state,The primary source lists the class schedule as 11:30.,personal_state,external_verified,0.9,1,1,0,1,1,external personal-state evidence,,
PB-000768,naturalistic,calendar,train,factual_world,I remember the meeting time as 12:00.,personal_state,explicit_user,0.95,1,1,0,1,0,personal state irrelevant as world evidence,,
PB-000769,naturalistic,calendar,train,recommendation,I prefer options related to doctor appointment.,preference,explicit_user,0.95,1,1,0,1,0,preference personalization,,
PB-000770,naturalistic,calendar,train,planning,Any plan has to respect my constraint about interview slot.,constraint,explicit_user,0.95,1,1,0,1,0,constraint personalization,,
PB-000771,naturalistic,calendar,train,planning,My current goal is to optimize around class schedule.,goal,explicit_user,0.95,1,1,0,1,0,goal personalization,,
PB-000772,naturalistic,calendar,train,style,Use a technical but plain style.,presentation,explicit_user,0.95,1,1,1,1,0,presentation personalization,,
PB-000773,naturalistic,calendar,compositional_test,personal_state,The connected record lists the doctor appointment as 12:30.,personal_state,tool_verified,0.95,0,1,0,0,0,stale evidence,,
PB-000774,naturalistic,calendar,compositional_test,factual_world,The primary source lists the interview slot as 8:00.,world_claim,external_verified,0.35,1,1,0,0,0,low-confidence evidence,,
PB-000775,naturalistic,calendar,compositional_test,factual_world,The primary source lists the class schedule as 9:30.,world_claim,external_verified,0.95,1,0,0,0,0,irrelevant evidence,,
PB-000776,naturalistic,calendar,train,recommendation,I prefer options related to meeting time.,preference,explicit_user,0.95,0,1,0,0,0,stale preference,,
PB-000777,naturalistic,calendar,train,planning,My current goal is to optimize around doctor appointment.,goal,explicit_user,0.35,1,1,0,0,0,low-confidence goal,,
PB-000778,naturalistic,calendar,train,factual_world,I remember the interview slot as 12:00.,world_claim,explicit_user,0.95,1,0,0,0,0,irrelevant unsupported claim,,
PB-000779,naturalistic,calendar,train,factual_world,I remember the doctor appointment as 10:30.,world_claim,explicit_user,0.95,1,1,0,0,0,unsupported user world belief,,
PB-000780,naturalistic,calendar,train,factual_world,Past behavior suggests the interview slot may be 11:00.,world_claim,inferred,0.85,1,1,0,0,0,inferred world belief,,
PB-000781,naturalistic,calendar,train,factual_world,A third-party message says the class schedule is 12:30.,world_claim,third_party,0.85,1,1,0,0,0,third-party unsupported world claim,,
PB-000782,naturalistic,calendar,compositional_test,factual_world,The connected record lists the meeting time as 8:00.,world_claim,tool_verified,0.95,1,1,0,0,1,tool evidence for world claim,,
PB-000783,naturalistic,calendar,train,factual_world,The primary source lists the doctor appointment as 9:30.,world_claim,external_verified,0.95,1,1,0,0,1,external evidence for world claim,,
PB-000784,naturalistic,calendar,train,personal_state,I remember the interview slot as 10:00.,personal_state,explicit_user,0.95,1,1,0,1,1,explicit personal-state evidence,,
PB-000785,naturalistic,calendar,train,personal_state,The connected record lists the class schedule as 11:30.,personal_state,tool_verified,0.95,1,1,0,1,1,tool personal-state evidence,,
PB-000786,naturalistic,calendar,compositional_test,personal_state,The primary source lists the meeting time as 12:00.,personal_state,external_verified,0.9,1,1,0,1,1,external personal-state evidence,,
PB-000787,naturalistic,calendar,train,factual_world,I remember the doctor appointment as 8:30.,personal_state,explicit_user,0.95,1,1,0,1,0,personal state irrelevant as world evidence,,
PB-000788,naturalistic,calendar,train,recommendation,I prefer options related to interview slot.,preference,explicit_user,0.95,1,1,0,1,0,preference personalization,,
PB-000789,naturalistic,calendar,train,planning,Any plan has to respect my constraint about class schedule.,constraint,explicit_user,0.95,1,1,0,1,0,constraint personalization,,
PB-000790,naturalistic,calendar,train,planning,My current goal is to optimize around meeting time.,goal,explicit_user,0.95,1,1,0,1,0,goal personalization,,
PB-000791,naturalistic,calendar,train,style,"Give me the answer first, then the rationale.",presentation,explicit_user,0.95,1,1,1,1,0,presentation personalization,,
PB-000792,naturalistic,calendar,compositional_test,personal_state,The connected record lists the interview slot as 8:00.,personal_state,tool_verified,0.95,0,1,0,0,0,stale evidence,,
PB-000793,naturalistic,calendar,compositional_test,factual_world,The primary source lists the class schedule as 9:30.,world_claim,external_verified,0.35,1,1,0,0,0,low-confidence evidence,,
PB-000794,naturalistic,calendar,compositional_test,factual_world,The primary source lists the meeting time as 10:00.,world_claim,external_verified,0.95,1,0,0,0,0,irrelevant evidence,,
PB-000795,naturalistic,calendar,train,recommendation,I prefer options related to doctor appointment.,preference,explicit_user,0.95,0,1,0,0,0,stale preference,,
PB-000796,naturalistic,calendar,train,planning,My current goal is to optimize around interview slot.,goal,explicit_user,0.35,1,1,0,0,0,low-confidence goal,,
PB-000797,naturalistic,calendar,train,factual_world,I remember the class schedule as 8:30.,world_claim,explicit_user,0.95,1,0,0,0,0,irrelevant unsupported claim,,
PB-000798,naturalistic,calendar,train,factual_world,I remember the interview slot as 11:00.,world_claim,explicit_user,0.95,1,1,0,0,0,unsupported user world belief,,
PB-000799,naturalistic,calendar,train,factual_world,Past behavior suggests the class schedule may be 12:30.,world_claim,inferred,0.85,1,1,0,0,0,inferred world belief,,
PB-000800,naturalistic,calendar,train,factual_world,A third-party message says the meeting time is 8:00.,world_claim,third_party,0.85,1,1,0,0,0,third-party unsupported world claim,,
PB-000801,naturalistic,calendar,compositional_test,factual_world,The connected record lists the doctor appointment as 9:30.,world_claim,tool_verified,0.95,1,1,0,0,1,tool evidence for world claim,,
PB-000802,naturalistic,calendar,train,factual_world,The primary source lists the interview slot as 10:00.,world_claim,external_verified,0.95,1,1,0,0,1,external evidence for world claim,,
PB-000803,naturalistic,calendar,train,personal_state,I remember the class schedule as 11:30.,personal_state,explicit_user,0.95,1,1,0,1,1,explicit personal-state evidence,,
PB-000804,naturalistic,calendar,train,personal_state,The connected record lists the meeting time as 12:00.,personal_state,tool_verified,0.95,1,1,0,1,1,tool personal-state evidence,,
PB-000805,naturalistic,calendar,compositional_test,personal_state,The primary source lists the doctor appointment as 8:30.,personal_state,external_verified,0.9,1,1,0,1,1,external personal-state evidence,,
PB-000806,naturalistic,calendar,train,factual_world,I remember the interview slot as 9:00.,personal_state,explicit_user,0.95,1,1,0,1,0,personal state irrelevant as world evidence,,
PB-000807,naturalistic,calendar,train,recommendation,I prefer options related to class schedule.,preference,explicit_user,0.95,1,1,0,1,0,preference personalization,,
PB-000808,naturalistic,calendar,train,planning,Any plan has to respect my constraint about meeting time.,constraint,explicit_user,0.95,1,1,0,1,0,constraint personalization,,
PB-000809,naturalistic,calendar,train,planning,My current goal is to optimize around doctor appointment.,goal,explicit_user,0.95,1,1,0,1,0,goal personalization,,
PB-000810,naturalistic,calendar,train,style,Please keep the answer concise.,presentation,explicit_user,0.95,1,1,1,1,0,presentation personalization,,
PB-000811,naturalistic,calendar,compositional_test,personal_state,The connected record lists the class schedule as 9:30.,personal_state,tool_verified,0.95,0,1,0,0,0,stale evidence,,
PB-000812,naturalistic,calendar,compositional_test,factual_world,The primary source lists the meeting time as 10:00.,world_claim,external_verified,0.35,1,1,0,0,0,low-confidence evidence,,
PB-000813,naturalistic,calendar,compositional_test,factual_world,The primary source lists the doctor appointment as 11:30.,world_claim,external_verified,0.95,1,0,0,0,0,irrelevant evidence,,
PB-000814,naturalistic,calendar,train,recommendation,I prefer options related to interview slot.,preference,explicit_user,0.95,0,1,0,0,0,stale preference,,
PB-000815,naturalistic,calendar,train,planning,My current goal is to optimize around class schedule.,goal,explicit_user,0.35,1,1,0,0,0,low-confidence goal,,
PB-000816,naturalistic,calendar,train,factual_world,I remember the meeting time as 9:00.,world_claim,explicit_user,0.95,1,0,0,0,0,irrelevant unsupported claim,,
PB-000817,naturalistic,calendar,train,factual_world,I remember the class schedule as 12:30.,world_claim,explicit_user,0.95,1,1,0,0,0,unsupported user world belief,,
PB-000818,naturalistic,calendar,train,factual_world,Past behavior suggests the meeting time may be 8:00.,world_claim,inferred,0.85,1,1,0,0,0,inferred world belief,,
PB-000819,naturalistic,calendar,train,factual_world,A third-party message says the doctor appointment is 9:30.,world_claim,third_party,0.85,1,1,0,0,0,third-party unsupported world claim,,
PB-000820,naturalistic,calendar,compositional_test,factual_world,The connected record lists the interview slot as 10:00.,world_claim,tool_verified,0.95,1,1,0,0,1,tool evidence for world claim,,
PB-000821,naturalistic,calendar,train,factual_world,The primary source lists the class schedule as 11:30.,world_claim,external_verified,0.95,1,1,0,0,1,external evidence for world claim,,
PB-000822,naturalistic,calendar,train,personal_state,I remember the meeting time as 12:00.,personal_state,explicit_user,0.95,1,1,0,1,1,explicit personal-state evidence,,
PB-000823,naturalistic,calendar,train,personal_state,The connected record lists the doctor appointment as 8:30.,personal_state,tool_verified,0.95,1,1,0,1,1,tool personal-state evidence,,
PB-000824,naturalistic,calendar,compositional_test,personal_state,The primary source lists the interview slot as 9:00.,personal_state,external_verified,0.9,1,1,0,1,1,external personal-state evidence,,
PB-000825,naturalistic,calendar,train,factual_world,I remember the class schedule as 10:30.,personal_state,explicit_user,0.95,1,1,0,1,0,personal state irrelevant as world evidence,,
PB-000826,naturalistic,calendar,train,recommendation,I prefer options related to meeting time.,preference,explicit_user,0.95,1,1,0,1,0,preference personalization,,
PB-000827,naturalistic,calendar,train,planning,Any plan has to respect my constraint about doctor appointment.,constraint,explicit_user,0.95,1,1,0,1,0,constraint personalization,,
PB-000828,naturalistic,calendar,train,planning,My current goal is to optimize around interview slot.,goal,explicit_user,0.95,1,1,0,1,0,goal personalization,,
PB-000829,naturalistic,calendar,train,style,Use a technical but plain style.,presentation,explicit_user,0.95,1,1,1,1,0,presentation personalization,,
PB-000830,naturalistic,calendar,compositional_test,personal_state,The connected record lists the meeting time as 10:00.,personal_state,tool_verified,0.95,0,1,0,0,0,stale evidence,,
PB-000831,naturalistic,calendar,compositional_test,factual_world,The primary source lists the doctor appointment as 11:30.,world_claim,external_verified,0.35,1,1,0,0,0,low-confidence evidence,,
PB-000832,naturalistic,calendar,compositional_test,factual_world,The primary source lists the interview slot as 12:00.,world_claim,external_verified,0.95,1,0,0,0,0,irrelevant evidence,,
PB-000833,naturalistic,calendar,train,recommendation,I prefer options related to class schedule.,preference,explicit_user,0.95,0,1,0,0,0,stale preference,,
PB-000834,naturalistic,calendar,train,planning,My current goal is to optimize around meeting time.,goal,explicit_user,0.35,1,1,0,0,0,low-confidence goal,,
PB-000835,naturalistic,calendar,train,factual_world,I remember the doctor appointment as 10:30.,world_claim,explicit_user,0.95,1,0,0,0,0,irrelevant unsupported claim,,
PB-000836,naturalistic,calendar,train,factual_world,I remember the meeting time as 8:00.,world_claim,explicit_user,0.95,1,1,0,0,0,unsupported user world belief,,
PB-000837,naturalistic,calendar,train,factual_world,Past behavior suggests the doctor appointment may be 9:30.,world_claim,inferred,0.85,1,1,0,0,0,inferred world belief,,
PB-000838,naturalistic,calendar,train,factual_world,A third-party message says the interview slot is 10:00.,world_claim,third_party,0.85,1,1,0,0,0,third-party unsupported world claim,,
PB-000839,naturalistic,calendar,compositional_test,factual_world,The connected record lists the class schedule as 11:30.,world_claim,tool_verified,0.95,1,1,0,0,1,tool evidence for world claim,,
PB-000840,naturalistic,calendar,train,factual_world,The primary source lists the meeting time as 12:00.,world_claim,external_verified,0.95,1,1,0,0,1,external evidence for world claim,,
PB-000841,naturalistic,calendar,train,personal_state,I remember the doctor appointment as 8:30.,personal_state,explicit_user,0.95,1,1,0,1,1,explicit personal-state evidence,,
PB-000842,naturalistic,calendar,train,personal_state,The connected record lists the interview slot as 9:00.,personal_state,tool_verified,0.95,1,1,0,1,1,tool personal-state evidence,,
PB-000843,naturalistic,calendar,compositional_test,personal_state,The primary source lists the class schedule as 10:30.,personal_state,external_verified,0.9,1,1,0,1,1,external personal-state evidence,,
PB-000844,naturalistic,calendar,train,factual_world,I remember the meeting time as 11:00.,personal_state,explicit_user,0.95,1,1,0,1,0,personal state irrelevant as world evidence,,
PB-000845,naturalistic,calendar,train,recommendation,I prefer options related to doctor appointment.,preference,explicit_user,0.95,1,1,0,1,0,preference personalization,,
PB-000846,naturalistic,calendar,train,planning,Any plan has to respect my constraint about interview slot.,constraint,explicit_user,0.95,1,1,0,1,0,constraint personalization,,
PB-000847,naturalistic,calendar,train,planning,My current goal is to optimize around class schedule.,goal,explicit_user,0.95,1,1,0,1,0,goal personalization,,
PB-000848,naturalistic,calendar,train,style,"Give me the answer first, then the rationale.",presentation,explicit_user,0.95,1,1,1,1,0,presentation personalization,,
PB-000849,naturalistic,calendar,compositional_test,personal_state,The connected record lists the doctor appointment as 11:30.,personal_state,tool_verified,0.95,0,1,0,0,0,stale evidence,,
PB-000850,naturalistic,calendar,compositional_test,factual_world,The primary source lists the interview slot as 12:00.,world_claim,external_verified,0.35,1,1,0,0,0,low-confidence evidence,,
PB-000851,naturalistic,calendar,compositional_test,factual_world,The primary source lists the class schedule as 8:30.,world_claim,external_verified,0.95,1,0,0,0,0,irrelevant evidence,,
PB-000852,naturalistic,calendar,train,recommendation,I prefer options related to meeting time.,preference,explicit_user,0.95,0,1,0,0,0,stale preference,,
PB-000853,naturalistic,calendar,train,planning,My current goal is to optimize around doctor appointment.,goal,explicit_user,0.35,1,1,0,0,0,low-confidence goal,,
PB-000854,naturalistic,calendar,train,factual_world,I remember the interview slot as 11:00.,world_claim,explicit_user,0.95,1,0,0,0,0,irrelevant unsupported claim,,
PB-000855,naturalistic,calendar,train,factual_world,I remember the doctor appointment as 9:30.,world_claim,explicit_user,0.95,1,1,0,0,0,unsupported user world belief,,
PB-000856,naturalistic,calendar,train,factual_world,Past behavior suggests the interview slot may be 10:00.,world_claim,inferred,0.85,1,1,0,0,0,inferred world belief,,
PB-000857,naturalistic,calendar,train,factual_world,A third-party message says the class schedule is 11:30.,world_claim,third_party,0.85,1,1,0,0,0,third-party unsupported world claim,,
PB-000858,naturalistic,calendar,compositional_test,factual_world,The connected record lists the meeting time as 12:00.,world_claim,tool_verified,0.95,1,1,0,0,1,tool evidence for world claim,,
PB-000859,naturalistic,calendar,train,factual_world,The primary source lists the doctor appointment as 8:30.,world_claim,external_verified,0.95,1,1,0,0,1,external evidence for world claim,,
PB-000860,naturalistic,calendar,train,personal_state,I remember the interview slot as 9:00.,personal_state,explicit_user,0.95,1,1,0,1,1,explicit personal-state evidence,,
PB-000861,naturalistic,calendar,train,personal_state,The connected record lists the class schedule as 10:30.,personal_state,tool_verified,0.95,1,1,0,1,1,tool personal-state evidence,,
PB-000862,naturalistic,calendar,compositional_test,personal_state,The primary source lists the meeting time as 11:00.,personal_state,external_verified,0.9,1,1,0,1,1,external personal-state evidence,,
PB-000863,naturalistic,calendar,train,factual_world,I remember the doctor appointment as 12:30.,personal_state,explicit_user,0.95,1,1,0,1,0,personal state irrelevant as world evidence,,
PB-000864,naturalistic,calendar,train,recommendation,I prefer options related to interview slot.,preference,explicit_user,0.95,1,1,0,1,0,preference personalization,,
PB-000865,naturalistic,calendar,train,planning,Any plan has to respect my constraint about class schedule.,constraint,explicit_user,0.95,1,1,0,1,0,constraint personalization,,
PB-000866,naturalistic,calendar,train,planning,My current goal is to optimize around meeting time.,goal,explicit_user,0.95,1,1,0,1,0,goal personalization,,
PB-000867,naturalistic,calendar,train,style,Please keep the answer concise.,presentation,explicit_user,0.95,1,1,1,1,0,presentation personalization,,
PB-000868,naturalistic,calendar,compositional_test,personal_state,The connected record lists the interview slot as 12:00.,personal_state,tool_verified,0.95,0,1,0,0,0,stale evidence,,
PB-000869,naturalistic,calendar,compositional_test,factual_world,The primary source lists the class schedule as 8:30.,world_claim,external_verified,0.35,1,1,0,0,0,low-confidence evidence,,
PB-000870,naturalistic,calendar,compositional_test,factual_world,The primary source lists the meeting time as 9:00.,world_claim,external_verified,0.95,1,0,0,0,0,irrelevant evidence,,
PB-000871,naturalistic,calendar,train,recommendation,I prefer options related to doctor appointment.,preference,explicit_user,0.95,0,1,0,0,0,stale preference,,
PB-000872,naturalistic,calendar,train,planning,My current goal is to optimize around interview slot.,goal,explicit_user,0.35,1,1,0,0,0,low-confidence goal,,
PB-000873,naturalistic,calendar,train,factual_world,I remember the class schedule as 12:30.,world_claim,explicit_user,0.95,1,0,0,0,0,irrelevant unsupported claim,,
PB-000874,naturalistic,calendar,train,factual_world,I remember the interview slot as 10:00.,world_claim,explicit_user,0.95,1,1,0,0,0,unsupported user world belief,,
PB-000875,naturalistic,calendar,train,factual_world,Past behavior suggests the class schedule may be 11:30.,world_claim,inferred,0.85,1,1,0,0,0,inferred world belief,,
PB-000876,naturalistic,calendar,train,factual_world,A third-party message says the meeting time is 12:00.,world_claim,third_party,0.85,1,1,0,0,0,third-party unsupported world claim,,
PB-000877,naturalistic,calendar,compositional_test,factual_world,The connected record lists the doctor appointment as 8:30.,world_claim,tool_verified,0.95,1,1,0,0,1,tool evidence for world claim,,
PB-000878,naturalistic,calendar,train,factual_world,The primary source lists the interview slot as 9:00.,world_claim,external_verified,0.95,1,1,0,0,1,external evidence for world claim,,
PB-000879,naturalistic,calendar,train,personal_state,I remember the class schedule as 10:30.,personal_state,explicit_user,0.95,1,1,0,1,1,explicit personal-state evidence,,
PB-000880,naturalistic,calendar,train,personal_state,The connected record lists the meeting time as 11:00.,personal_state,tool_verified,0.95,1,1,0,1,1,tool personal-state evidence,,
PB-000881,naturalistic,calendar,compositional_test,personal_state,The primary source lists the doctor appointment as 12:30.,personal_state,external_verified,0.9,1,1,0,1,1,external personal-state evidence,,
PB-000882,naturalistic,calendar,train,factual_world,I remember the interview slot as 8:00.,personal_state,explicit_user,0.95,1,1,0,1,0,personal state irrelevant as world evidence,,
PB-000883,naturalistic,calendar,train,recommendation,I prefer options related to class schedule.,preference,explicit_user,0.95,1,1,0,1,0,preference personalization,,
PB-000884,naturalistic,calendar,train,planning,Any plan has to respect my constraint about meeting time.,constraint,explicit_user,0.95,1,1,0,1,0,constraint personalization,,
PB-000885,naturalistic,calendar,train,planning,My current goal is to optimize around doctor appointment.,goal,explicit_user,0.95,1,1,0,1,0,goal personalization,,
PB-000886,naturalistic,calendar,train,style,Use a technical but plain style.,presentation,explicit_user,0.95,1,1,1,1,0,presentation personalization,,
PB-000887,naturalistic,calendar,compositional_test,personal_state,The connected record lists the class schedule as 8:30.,personal_state,tool_verified,0.95,0,1,0,0,0,stale evidence,,
PB-000888,naturalistic,calendar,compositional_test,factual_world,The primary source lists the meeting time as 9:00.,world_claim,external_verified,0.35,1,1,0,0,0,low-confidence evidence,,
PB-000889,naturalistic,calendar,compositional_test,factual_world,The primary source lists the doctor appointment as 10:30.,world_claim,external_verified,0.95,1,0,0,0,0,irrelevant evidence,,
PB-000890,naturalistic,calendar,train,recommendation,I prefer options related to interview slot.,preference,explicit_user,0.95,0,1,0,0,0,stale preference,,
PB-000891,naturalistic,calendar,train,planning,My current goal is to optimize around class schedule.,goal,explicit_user,0.35,1,1,0,0,0,low-confidence goal,,
PB-000892,naturalistic,calendar,train,factual_world,I remember the meeting time as 8:00.,world_claim,explicit_user,0.95,1,0,0,0,0,irrelevant unsupported claim,,
PB-000893,naturalistic,calendar,train,factual_world,I remember the class schedule as 11:30.,world_claim,explicit_user,0.95,1,1,0,0,0,unsupported user world belief,,
PB-000894,naturalistic,calendar,train,factual_world,Past behavior suggests the meeting time may be 12:00.,world_claim,inferred,0.85,1,1,0,0,0,inferred world belief,,
PB-000895,naturalistic,calendar,train,factual_world,A third-party message says the doctor appointment is 8:30.,world_claim,third_party,0.85,1,1,0,0,0,third-party unsupported world claim,,
PB-000896,naturalistic,calendar,compositional_test,factual_world,The connected record lists the interview slot as 9:00.,world_claim,tool_verified,0.95,1,1,0,0,1,tool evidence for world claim,,
PB-000897,naturalistic,calendar,train,factual_world,The primary source lists the class schedule as 10:30.,world_claim,external_verified,0.95,1,1,0,0,1,external evidence for world claim,,
PB-000898,naturalistic,calendar,train,personal_state,I remember the meeting time as 11:00.,personal_state,explicit_user,0.95,1,1,0,1,1,explicit personal-state evidence,,
PB-000899,naturalistic,calendar,train,personal_state,The connected record lists the doctor appointment as 12:30.,personal_state,tool_verified,0.95,1,1,0,1,1,tool personal-state evidence,,
PB-000900,naturalistic,calendar,compositional_test,personal_state,The primary source lists the interview slot as 8:00.,personal_state,external_verified,0.9,1,1,0,1,1,external personal-state evidence,,
PB-000901,naturalistic,calendar,train,factual_world,I remember the class schedule as 9:30.,personal_state,explicit_user,0.95,1,1,0,1,0,personal state irrelevant as world evidence,,
PB-000902,naturalistic,calendar,train,recommendation,I prefer options related to meeting time.,preference,explicit_user,0.95,1,1,0,1,0,preference personalization,,
PB-000903,naturalistic,calendar,train,planning,Any plan has to respect my constraint about doctor appointment.,constraint,explicit_user,0.95,1,1,0,1,0,constraint personalization,,
PB-000904,naturalistic,calendar,train,planning,My current goal is to optimize around interview slot.,goal,explicit_user,0.95,1,1,0,1,0,goal personalization,,
PB-000905,naturalistic,calendar,train,style,"Give me the answer first, then the rationale.",presentation,explicit_user,0.95,1,1,1,1,0,presentation personalization,,
PB-000906,naturalistic,calendar,compositional_test,personal_state,The connected record lists the meeting time as 9:00.,personal_state,tool_verified,0.95,0,1,0,0,0,stale evidence,,
PB-000907,naturalistic,calendar,compositional_test,factual_world,The primary source lists the doctor appointment as 10:30.,world_claim,external_verified,0.35,1,1,0,0,0,low-confidence evidence,,
PB-000908,naturalistic,calendar,compositional_test,factual_world,The primary source lists the interview slot as 11:00.,world_claim,external_verified,0.95,1,0,0,0,0,irrelevant evidence,,
PB-000909,naturalistic,calendar,train,recommendation,I prefer options related to class schedule.,preference,explicit_user,0.95,0,1,0,0,0,stale preference,,
PB-000910,naturalistic,calendar,train,planning,My current goal is to optimize around meeting time.,goal,explicit_user,0.35,1,1,0,0,0,low-confidence goal,,
PB-000911,naturalistic,calendar,train,factual_world,I remember the doctor appointment as 9:30.,world_claim,explicit_user,0.95,1,0,0,0,0,irrelevant unsupported claim,,
PB-000912,naturalistic,commerce,test,factual_world,I remember the return deadline as 8:00.,world_claim,explicit_user,0.95,1,1,0,0,0,unsupported user world belief,,
PB-000913,naturalistic,commerce,test,factual_world,Past behavior suggests the order status may be 9:30.,world_claim,inferred,0.85,1,1,0,0,0,inferred world belief,,
PB-000914,naturalistic,commerce,test,factual_world,A third-party message says the delivery address is 10:00.,world_claim,third_party,0.85,1,1,0,0,0,third-party unsupported world claim,,
PB-000915,naturalistic,commerce,compositional_test,factual_world,The connected record lists the subscription renewal as 11:30.,world_claim,tool_verified,0.95,1,1,0,0,1,tool evidence for world claim,,
PB-000916,naturalistic,commerce,test,factual_world,The primary source lists the return deadline as 12:00.,world_claim,external_verified,0.95,1,1,0,0,1,external evidence for world claim,,
PB-000917,naturalistic,commerce,test,personal_state,I remember the order status as 8:30.,personal_state,explicit_user,0.95,1,1,0,1,1,explicit personal-state evidence,,
PB-000918,naturalistic,commerce,test,personal_state,The connected record lists the delivery address as 9:00.,personal_state,tool_verified,0.95,1,1,0,1,1,tool personal-state evidence,,
PB-000919,naturalistic,commerce,compositional_test,personal_state,The primary source lists the subscription renewal as 10:30.,personal_state,external_verified,0.9,1,1,0,1,1,external personal-state evidence,,
PB-000920,naturalistic,commerce,test,factual_world,I remember the return deadline as 11:00.,personal_state,explicit_user,0.95,1,1,0,1,0,personal state irrelevant as world evidence,,
PB-000921,naturalistic,commerce,test,recommendation,I prefer options related to order status.,preference,explicit_user,0.95,1,1,0,1,0,preference personalization,,
PB-000922,naturalistic,commerce,test,planning,Any plan has to respect my constraint about delivery address.,constraint,explicit_user,0.95,1,1,0,1,0,constraint personalization,,
PB-000923,naturalistic,commerce,test,planning,My current goal is to optimize around subscription renewal.,goal,explicit_user,0.95,1,1,0,1,0,goal personalization,,
PB-000924,naturalistic,commerce,test,style,Please keep the answer concise.,presentation,explicit_user,0.95,1,1,1,1,0,presentation personalization,,
PB-000925,naturalistic,commerce,compositional_test,personal_state,The connected record lists the order status as 11:30.,personal_state,tool_verified,0.95,0,1,0,0,0,stale evidence,,
PB-000926,naturalistic,commerce,compositional_test,factual_world,The primary source lists the delivery address as 12:00.,world_claim,external_verified,0.35,1,1,0,0,0,low-confidence evidence,,
PB-000927,naturalistic,commerce,compositional_test,factual_world,The primary source lists the subscription renewal as 8:30.,world_claim,external_verified,0.95,1,0,0,0,0,irrelevant evidence,,
PB-000928,naturalistic,commerce,test,recommendation,I prefer options related to return deadline.,preference,explicit_user,0.95,0,1,0,0,0,stale preference,,
PB-000929,naturalistic,commerce,test,planning,My current goal is to optimize around order status.,goal,explicit_user,0.35,1,1,0,0,0,low-confidence goal,,
PB-000930,naturalistic,commerce,test,factual_world,I remember the delivery address as 11:00.,world_claim,explicit_user,0.95,1,0,0,0,0,irrelevant unsupported claim,,
PB-000931,naturalistic,commerce,val,factual_world,I remember the order status as 9:30.,world_claim,explicit_user,0.95,1,1,0,0,0,unsupported user world belief,,
PB-000932,naturalistic,commerce,val,factual_world,Past behavior suggests the delivery address may be 10:00.,world_claim,inferred,0.85,1,1,0,0,0,inferred world belief,,
PB-000933,naturalistic,commerce,val,factual_world,A third-party message says the subscription renewal is 11:30.,world_claim,third_party,0.85,1,1,0,0,0,third-party unsupported world claim,,
PB-000934,naturalistic,commerce,compositional_test,factual_world,The connected record lists the return deadline as 12:00.,world_claim,tool_verified,0.95,1,1,0,0,1,tool evidence for world claim,,
PB-000935,naturalistic,commerce,val,factual_world,The primary source lists the order status as 8:30.,world_claim,external_verified,0.95,1,1,0,0,1,external evidence for world claim,,
PB-000936,naturalistic,commerce,val,personal_state,I remember the delivery address as 9:00.,personal_state,explicit_user,0.95,1,1,0,1,1,explicit personal-state evidence,,
PB-000937,naturalistic,commerce,val,personal_state,The connected record lists the subscription renewal as 10:30.,personal_state,tool_verified,0.95,1,1,0,1,1,tool personal-state evidence,,
PB-000938,naturalistic,commerce,compositional_test,personal_state,The primary source lists the return deadline as 11:00.,personal_state,external_verified,0.9,1,1,0,1,1,external personal-state evidence,,
PB-000939,naturalistic,commerce,val,factual_world,I remember the order status as 12:30.,personal_state,explicit_user,0.95,1,1,0,1,0,personal state irrelevant as world evidence,,
PB-000940,naturalistic,commerce,val,recommendation,I prefer options related to delivery address.,preference,explicit_user,0.95,1,1,0,1,0,preference personalization,,
PB-000941,naturalistic,commerce,val,planning,Any plan has to respect my constraint about subscription renewal.,constraint,explicit_user,0.95,1,1,0,1,0,constraint personalization,,
PB-000942,naturalistic,commerce,val,planning,My current goal is to optimize around return deadline.,goal,explicit_user,0.95,1,1,0,1,0,goal personalization,,
PB-000943,naturalistic,commerce,val,style,Use a technical but plain style.,presentation,explicit_user,0.95,1,1,1,1,0,presentation personalization,,
PB-000944,naturalistic,commerce,compositional_test,personal_state,The connected record lists the delivery address as 12:00.,personal_state,tool_verified,0.95,0,1,0,0,0,stale evidence,,
PB-000945,naturalistic,commerce,compositional_test,factual_world,The primary source lists the subscription renewal as 8:30.,world_claim,external_verified,0.35,1,1,0,0,0,low-confidence evidence,,
PB-000946,naturalistic,commerce,compositional_test,factual_world,The primary source lists the return deadline as 9:00.,world_claim,external_verified,0.95,1,0,0,0,0,irrelevant evidence,,
PB-000947,naturalistic,commerce,val,recommendation,I prefer options related to order status.,preference,explicit_user,0.95,0,1,0,0,0,stale preference,,
PB-000948,naturalistic,commerce,val,planning,My current goal is to optimize around delivery address.,goal,explicit_user,0.35,1,1,0,0,0,low-confidence goal,,
PB-000949,naturalistic,commerce,val,factual_world,I remember the subscription renewal as 12:30.,world_claim,explicit_user,0.95,1,0,0,0,0,irrelevant unsupported claim,,
PB-000950,naturalistic,commerce,train,factual_world,I remember the delivery address as 10:00.,world_claim,explicit_user,0.95,1,1,0,0,0,unsupported user world belief,,
PB-000951,naturalistic,commerce,train,factual_world,Past behavior suggests the subscription renewal may be 11:30.,world_claim,inferred,0.85,1,1,0,0,0,inferred world belief,,
PB-000952,naturalistic,commerce,train,factual_world,A third-party message says the return deadline is 12:00.,world_claim,third_party,0.85,1,1,0,0,0,third-party unsupported world claim,,
PB-000953,naturalistic,commerce,compositional_test,factual_world,The connected record lists the order status as 8:30.,world_claim,tool_verified,0.95,1,1,0,0,1,tool evidence for world claim,,
PB-000954,naturalistic,commerce,train,factual_world,The primary source lists the delivery address as 9:00.,world_claim,external_verified,0.95,1,1,0,0,1,external evidence for world claim,,
PB-000955,naturalistic,commerce,train,personal_state,I remember the subscription renewal as 10:30.,personal_state,explicit_user,0.95,1,1,0,1,1,explicit personal-state evidence,,
PB-000956,naturalistic,commerce,train,personal_state,The connected record lists the return deadline as 11:00.,personal_state,tool_verified,0.95,1,1,0,1,1,tool personal-state evidence,,
PB-000957,naturalistic,commerce,compositional_test,personal_state,The primary source lists the order status as 12:30.,personal_state,external_verified,0.9,1,1,0,1,1,external personal-state evidence,,
PB-000958,naturalistic,commerce,train,factual_world,I remember the delivery address as 8:00.,personal_state,explicit_user,0.95,1,1,0,1,0,personal state irrelevant as world evidence,,
PB-000959,naturalistic,commerce,train,recommendation,I prefer options related to subscription renewal.,preference,explicit_user,0.95,1,1,0,1,0,preference personalization,,
PB-000960,naturalistic,commerce,train,planning,Any plan has to respect my constraint about return deadline.,constraint,explicit_user,0.95,1,1,0,1,0,constraint personalization,,
PB-000961,naturalistic,commerce,train,planning,My current goal is to optimize around order status.,goal,explicit_user,0.95,1,1,0,1,0,goal personalization,,
PB-000962,naturalistic,commerce,train,style,"Give me the answer first, then the rationale.",presentation,explicit_user,0.95,1,1,1,1,0,presentation personalization,,
PB-000963,naturalistic,commerce,compositional_test,personal_state,The connected record lists the subscription renewal as 8:30.,personal_state,tool_verified,0.95,0,1,0,0,0,stale evidence,,
PB-000964,naturalistic,commerce,compositional_test,factual_world,The primary source lists the return deadline as 9:00.,world_claim,external_verified,0.35,1,1,0,0,0,low-confidence evidence,,
PB-000965,naturalistic,commerce,compositional_test,factual_world,The primary source lists the order status as 10:30.,world_claim,external_verified,0.95,1,0,0,0,0,irrelevant evidence,,
PB-000966,naturalistic,commerce,train,recommendation,I prefer options related to delivery address.,preference,explicit_user,0.95,0,1,0,0,0,stale preference,,
PB-000967,naturalistic,commerce,train,planning,My current goal is to optimize around subscription renewal.,goal,explicit_user,0.35,1,1,0,0,0,low-confidence goal,,
PB-000968,naturalistic,commerce,train,factual_world,I remember the return deadline as 8:00.,world_claim,explicit_user,0.95,1,0,0,0,0,irrelevant unsupported claim,,
PB-000969,naturalistic,commerce,train,factual_world,I remember the subscription renewal as 11:30.,world_claim,explicit_user,0.95,1,1,0,0,0,unsupported user world belief,,
PB-000970,naturalistic,commerce,train,factual_world,Past behavior suggests the return deadline may be 12:00.,world_claim,inferred,0.85,1,1,0,0,0,inferred world belief,,
PB-000971,naturalistic,commerce,train,factual_world,A third-party message says the order status is 8:30.,world_claim,third_party,0.85,1,1,0,0,0,third-party unsupported world claim,,
PB-000972,naturalistic,commerce,compositional_test,factual_world,The connected record lists the delivery address as 9:00.,world_claim,tool_verified,0.95,1,1,0,0,1,tool evidence for world claim,,
PB-000973,naturalistic,commerce,train,factual_world,The primary source lists the subscription renewal as 10:30.,world_claim,external_verified,0.95,1,1,0,0,1,external evidence for world claim,,
PB-000974,naturalistic,commerce,train,personal_state,I remember the return deadline as 11:00.,personal_state,explicit_user,0.95,1,1,0,1,1,explicit personal-state evidence,,
PB-000975,naturalistic,commerce,train,personal_state,The connected record lists the order status as 12:30.,personal_state,tool_verified,0.95,1,1,0,1,1,tool personal-state evidence,,
PB-000976,naturalistic,commerce,compositional_test,personal_state,The primary source lists the delivery address as 8:00.,personal_state,external_verified,0.9,1,1,0,1,1,external personal-state evidence,,
PB-000977,naturalistic,commerce,train,factual_world,I remember the subscription renewal as 9:30.,personal_state,explicit_user,0.95,1,1,0,1,0,personal state irrelevant as world evidence,,
PB-000978,naturalistic,commerce,train,recommendation,I prefer options related to return deadline.,preference,explicit_user,0.95,1,1,0,1,0,preference personalization,,
PB-000979,naturalistic,commerce,train,planning,Any plan has to respect my constraint about order status.,constraint,explicit_user,0.95,1,1,0,1,0,constraint personalization,,
PB-000980,naturalistic,commerce,train,planning,My current goal is to optimize around delivery address.,goal,explicit_user,0.95,1,1,0,1,0,goal personalization,,
PB-000981,naturalistic,commerce,train,style,Please keep the answer concise.,presentation,explicit_user,0.95,1,1,1,1,0,presentation personalization,,
PB-000982,naturalistic,commerce,compositional_test,personal_state,The connected record lists the return deadline as 9:00.,personal_state,tool_verified,0.95,0,1,0,0,0,stale evidence,,
PB-000983,naturalistic,commerce,compositional_test,factual_world,The primary source lists the order status as 10:30.,world_claim,external_verified,0.35,1,1,0,0,0,low-confidence evidence,,
PB-000984,naturalistic,commerce,compositional_test,factual_world,The primary source lists the delivery address as 11:00.,world_claim,external_verified,0.95,1,0,0,0,0,irrelevant evidence,,
PB-000985,naturalistic,commerce,train,recommendation,I prefer options related to subscription renewal.,preference,explicit_user,0.95,0,1,0,0,0,stale preference,,
PB-000986,naturalistic,commerce,train,planning,My current goal is to optimize around return deadline.,goal,explicit_user,0.35,1,1,0,0,0,low-confidence goal,,
PB-000987,naturalistic,commerce,train,factual_world,I remember the order status as 9:30.,world_claim,explicit_user,0.95,1,0,0,0,0,irrelevant unsupported claim,,
PB-000988,naturalistic,commerce,train,factual_world,I remember the return deadline as 12:00.,world_claim,explicit_user,0.95,1,1,0,0,0,unsupported user world belief,,
PB-000989,naturalistic,commerce,train,factual_world,Past behavior suggests the order status may be 8:30.,world_claim,inferred,0.85,1,1,0,0,0,inferred world belief,,
PB-000990,naturalistic,commerce,train,factual_world,A third-party message says the delivery address is 9:00.,world_claim,third_party,0.85,1,1,0,0,0,third-party unsupported world claim,,
PB-000991,naturalistic,commerce,compositional_test,factual_world,The connected record lists the subscription renewal as 10:30.,world_claim,tool_verified,0.95,1,1,0,0,1,tool evidence for world claim,,
PB-000992,naturalistic,commerce,train,factual_world,The primary source lists the return deadline as 11:00.,world_claim,external_verified,0.95,1,1,0,0,1,external evidence for world claim,,
PB-000993,naturalistic,commerce,train,personal_state,I remember the order status as 12:30.,personal_state,explicit_user,0.95,1,1,0,1,1,explicit personal-state evidence,,
PB-000994,naturalistic,commerce,train,personal_state,The connected record lists the delivery address as 8:00.,personal_state,tool_verified,0.95,1,1,0,1,1,tool personal-state evidence,,
PB-000995,naturalistic,commerce,compositional_test,personal_state,The primary source lists the subscription renewal as 9:30.,personal_state,external_verified,0.9,1,1,0,1,1,external personal-state evidence,,
PB-000996,naturalistic,commerce,train,factual_world,I remember the return deadline as 10:00.,personal_state,explicit_user,0.95,1,1,0,1,0,personal state irrelevant as world evidence,,
PB-000997,naturalistic,commerce,train,recommendation,I prefer options related to order status.,preference,explicit_user,0.95,1,1,0,1,0,preference personalization,,
PB-000998,naturalistic,commerce,train,planning,Any plan has to respect my constraint about delivery address.,constraint,explicit_user,0.95,1,1,0,1,0,constraint personalization,,
PB-000999,naturalistic,commerce,train,planning,My current goal is to optimize around subscription renewal.,goal,explicit_user,0.95,1,1,0,1,0,goal personalization,,
PB-001000,naturalistic,commerce,train,style,Use a technical but plain style.,presentation,explicit_user,0.95,1,1,1,1,0,presentation personalization,,
PB-001001,naturalistic,commerce,compositional_test,personal_state,The connected record lists the order status as 10:30.,personal_state,tool_verified,0.95,0,1,0,0,0,stale evidence,,
PB-001002,naturalistic,commerce,compositional_test,factual_world,The primary source lists the delivery address as 11:00.,world_claim,external_verified,0.35,1,1,0,0,0,low-confidence evidence,,
PB-001003,naturalistic,commerce,compositional_test,factual_world,The primary source lists the subscription renewal as 12:30.,world_claim,external_verified,0.95,1,0,0,0,0,irrelevant evidence,,
PB-001004,naturalistic,commerce,train,recommendation,I prefer options related to return deadline.,preference,explicit_user,0.95,0,1,0,0,0,stale preference,,
PB-001005,naturalistic,commerce,train,planning,My current goal is to optimize around order status.,goal,explicit_user,0.35,1,1,0,0,0,low-confidence goal,,
PB-001006,naturalistic,commerce,train,factual_world,I remember the delivery address as 10:00.,world_claim,explicit_user,0.95,1,0,0,0,0,irrelevant unsupported claim,,
PB-001007,naturalistic,commerce,train,factual_world,I remember the order status as 8:30.,world_claim,explicit_user,0.95,1,1,0,0,0,unsupported user world belief,,
PB-001008,naturalistic,commerce,train,factual_world,Past behavior suggests the delivery address may be 9:00.,world_claim,inferred,0.85,1,1,0,0,0,inferred world belief,,
PB-001009,naturalistic,commerce,train,factual_world,A third-party message says the subscription renewal is 10:30.,world_claim,third_party,0.85,1,1,0,0,0,third-party unsupported world claim,,
PB-001010,naturalistic,commerce,compositional_test,factual_world,The connected record lists the return deadline as 11:00.,world_claim,tool_verified,0.95,1,1,0,0,1,tool evidence for world claim,,
PB-001011,naturalistic,commerce,train,factual_world,The primary source lists the order status as 12:30.,world_claim,external_verified,0.95,1,1,0,0,1,external evidence for world claim,,
PB-001012,naturalistic,commerce,train,personal_state,I remember the delivery address as 8:00.,personal_state,explicit_user,0.95,1,1,0,1,1,explicit personal-state evidence,,
PB-001013,naturalistic,commerce,train,personal_state,The connected record lists the subscription renewal as 9:30.,personal_state,tool_verified,0.95,1,1,0,1,1,tool personal-state evidence,,
PB-001014,naturalistic,commerce,compositional_test,personal_state,The primary source lists the return deadline as 10:00.,personal_state,external_verified,0.9,1,1,0,1,1,external personal-state evidence,,
PB-001015,naturalistic,commerce,train,factual_world,I remember the order status as 11:30.,personal_state,explicit_user,0.95,1,1,0,1,0,personal state irrelevant as world evidence,,
PB-001016,naturalistic,commerce,train,recommendation,I prefer options related to delivery address.,preference,explicit_user,0.95,1,1,0,1,0,preference personalization,,
PB-001017,naturalistic,commerce,train,planning,Any plan has to respect my constraint about subscription renewal.,constraint,explicit_user,0.95,1,1,0,1,0,constraint personalization,,
PB-001018,naturalistic,commerce,train,planning,My current goal is to optimize around return deadline.,goal,explicit_user,0.95,1,1,0,1,0,goal personalization,,
PB-001019,naturalistic,commerce,train,style,"Give me the answer first, then the rationale.",presentation,explicit_user,0.95,1,1,1,1,0,presentation personalization,,
PB-001020,naturalistic,commerce,compositional_test,personal_state,The connected record lists the delivery address as 11:00.,personal_state,tool_verified,0.95,0,1,0,0,0,stale evidence,,
PB-001021,naturalistic,commerce,compositional_test,factual_world,The primary source lists the subscription renewal as 12:30.,world_claim,external_verified,0.35,1,1,0,0,0,low-confidence evidence,,
PB-001022,naturalistic,commerce,compositional_test,factual_world,The primary source lists the return deadline as 8:00.,world_claim,external_verified,0.95,1,0,0,0,0,irrelevant evidence,,
PB-001023,naturalistic,commerce,train,recommendation,I prefer options related to order status.,preference,explicit_user,0.95,0,1,0,0,0,stale preference,,
PB-001024,naturalistic,commerce,train,planning,My current goal is to optimize around delivery address.,goal,explicit_user,0.35,1,1,0,0,0,low-confidence goal,,
PB-001025,naturalistic,commerce,train,factual_world,I remember the subscription renewal as 11:30.,world_claim,explicit_user,0.95,1,0,0,0,0,irrelevant unsupported claim,,
PB-001026,naturalistic,commerce,train,factual_world,I remember the delivery address as 9:00.,world_claim,explicit_user,0.95,1,1,0,0,0,unsupported user world belief,,
PB-001027,naturalistic,commerce,train,factual_world,Past behavior suggests the subscription renewal may be 10:30.,world_claim,inferred,0.85,1,1,0,0,0,inferred world belief,,
PB-001028,naturalistic,commerce,train,factual_world,A third-party message says the return deadline is 11:00.,world_claim,third_party,0.85,1,1,0,0,0,third-party unsupported world claim,,
PB-001029,naturalistic,commerce,compositional_test,factual_world,The connected record lists the order status as 12:30.,world_claim,tool_verified,0.95,1,1,0,0,1,tool evidence for world claim,,
PB-001030,naturalistic,commerce,train,factual_world,The primary source lists the delivery address as 8:00.,world_claim,external_verified,0.95,1,1,0,0,1,external evidence for world claim,,
PB-001031,naturalistic,commerce,train,personal_state,I remember the subscription renewal as 9:30.,personal_state,explicit_user,0.95,1,1,0,1,1,explicit personal-state evidence,,
PB-001032,naturalistic,commerce,train,personal_state,The connected record lists the return deadline as 10:00.,personal_state,tool_verified,0.95,1,1,0,1,1,tool personal-state evidence,,
PB-001033,naturalistic,commerce,compositional_test,personal_state,The primary source lists the order status as 11:30.,personal_state,external_verified,0.9,1,1,0,1,1,external personal-state evidence,,
PB-001034,naturalistic,commerce,train,factual_world,I remember the delivery address as 12:00.,personal_state,explicit_user,0.95,1,1,0,1,0,personal state irrelevant as world evidence,,
PB-001035,naturalistic,commerce,train,recommendation,I prefer options related to subscription renewal.,preference,explicit_user,0.95,1,1,0,1,0,preference personalization,,
PB-001036,naturalistic,commerce,train,planning,Any plan has to respect my constraint about return deadline.,constraint,explicit_user,0.95,1,1,0,1,0,constraint personalization,,
PB-001037,naturalistic,commerce,train,planning,My current goal is to optimize around order status.,goal,explicit_user,0.95,1,1,0,1,0,goal personalization,,
PB-001038,naturalistic,commerce,train,style,Please keep the answer concise.,presentation,explicit_user,0.95,1,1,1,1,0,presentation personalization,,
PB-001039,naturalistic,commerce,compositional_test,personal_state,The connected record lists the subscription renewal as 12:30.,personal_state,tool_verified,0.95,0,1,0,0,0,stale evidence,,
PB-001040,naturalistic,commerce,compositional_test,factual_world,The primary source lists the return deadline as 8:00.,world_claim,external_verified,0.35,1,1,0,0,0,low-confidence evidence,,
PB-001041,naturalistic,commerce,compositional_test,factual_world,The primary source lists the order status as 9:30.,world_claim,external_verified,0.95,1,0,0,0,0,irrelevant evidence,,
PB-001042,naturalistic,commerce,train,recommendation,I prefer options related to delivery address.,preference,explicit_user,0.95,0,1,0,0,0,stale preference,,
PB-001043,naturalistic,commerce,train,planning,My current goal is to optimize around subscription renewal.,goal,explicit_user,0.35,1,1,0,0,0,low-confidence goal,,
PB-001044,naturalistic,commerce,train,factual_world,I remember the return deadline as 12:00.,world_claim,explicit_user,0.95,1,0,0,0,0,irrelevant unsupported claim,,
PB-001045,naturalistic,commerce,train,factual_world,I remember the subscription renewal as 10:30.,world_claim,explicit_user,0.95,1,1,0,0,0,unsupported user world belief,,
PB-001046,naturalistic,commerce,train,factual_world,Past behavior suggests the return deadline may be 11:00.,world_claim,inferred,0.85,1,1,0,0,0,inferred world belief,,
PB-001047,naturalistic,commerce,train,factual_world,A third-party message says the order status is 12:30.,world_claim,third_party,0.85,1,1,0,0,0,third-party unsupported world claim,,
PB-001048,naturalistic,commerce,compositional_test,factual_world,The connected record lists the delivery address as 8:00.,world_claim,tool_verified,0.95,1,1,0,0,1,tool evidence for world claim,,
PB-001049,naturalistic,commerce,train,factual_world,The primary source lists the subscription renewal as 9:30.,world_claim,external_verified,0.95,1,1,0,0,1,external evidence for world claim,,
PB-001050,naturalistic,commerce,train,personal_state,I remember the return deadline as 10:00.,personal_state,explicit_user,0.95,1,1,0,1,1,explicit personal-state evidence,,
PB-001051,naturalistic,commerce,train,personal_state,The connected record lists the order status as 11:30.,personal_state,tool_verified,0.95,1,1,0,1,1,tool personal-state evidence,,
PB-001052,naturalistic,commerce,compositional_test,personal_state,The primary source lists the delivery address as 12:00.,personal_state,external_verified,0.9,1,1,0,1,1,external personal-state evidence,,
PB-001053,naturalistic,commerce,train,factual_world,I remember the subscription renewal as 8:30.,personal_state,explicit_user,0.95,1,1,0,1,0,personal state irrelevant as world evidence,,
PB-001054,naturalistic,commerce,train,recommendation,I prefer options related to return deadline.,preference,explicit_user,0.95,1,1,0,1,0,preference personalization,,
PB-001055,naturalistic,commerce,train,planning,Any plan has to respect my constraint about order status.,constraint,explicit_user,0.95,1,1,0,1,0,constraint personalization,,
PB-001056,naturalistic,commerce,train,planning,My current goal is to optimize around delivery address.,goal,explicit_user,0.95,1,1,0,1,0,goal personalization,,
PB-001057,naturalistic,commerce,train,style,Use a technical but plain style.,presentation,explicit_user,0.95,1,1,1,1,0,presentation personalization,,
PB-001058,naturalistic,commerce,compositional_test,personal_state,The connected record lists the return deadline as 8:00.,personal_state,tool_verified,0.95,0,1,0,0,0,stale evidence,,
PB-001059,naturalistic,commerce,compositional_test,factual_world,The primary source lists the order status as 9:30.,world_claim,external_verified,0.35,1,1,0,0,0,low-confidence evidence,,
PB-001060,naturalistic,commerce,compositional_test,factual_world,The primary source lists the delivery address as 10:00.,world_claim,external_verified,0.95,1,0,0,0,0,irrelevant evidence,,
PB-001061,naturalistic,commerce,train,recommendation,I prefer options related to subscription renewal.,preference,explicit_user,0.95,0,1,0,0,0,stale preference,,
PB-001062,naturalistic,commerce,train,planning,My current goal is to optimize around return deadline.,goal,explicit_user,0.35,1,1,0,0,0,low-confidence goal,,
PB-001063,naturalistic,commerce,train,factual_world,I remember the order status as 8:30.,world_claim,explicit_user,0.95,1,0,0,0,0,irrelevant unsupported claim,,
PB-001064,naturalistic,commerce,train,factual_world,I remember the return deadline as 11:00.,world_claim,explicit_user,0.95,1,1,0,0,0,unsupported user world belief,,
PB-001065,naturalistic,commerce,train,factual_world,Past behavior suggests the order status may be 12:30.,world_claim,inferred,0.85,1,1,0,0,0,inferred world belief,,
PB-001066,naturalistic,commerce,train,factual_world,A third-party message says the delivery address is 8:00.,world_claim,third_party,0.85,1,1,0,0,0,third-party unsupported world claim,,
PB-001067,naturalistic,commerce,compositional_test,factual_world,The connected record lists the subscription renewal as 9:30.,world_claim,tool_verified,0.95,1,1,0,0,1,tool evidence for world claim,,
PB-001068,naturalistic,commerce,train,factual_world,The primary source lists the return deadline as 10:00.,world_claim,external_verified,0.95,1,1,0,0,1,external evidence for world claim,,
PB-001069,naturalistic,commerce,train,personal_state,I remember the order status as 11:30.,personal_state,explicit_user,0.95,1,1,0,1,1,explicit personal-state evidence,,
PB-001070,naturalistic,commerce,train,personal_state,The connected record lists the delivery address as 12:00.,personal_state,tool_verified,0.95,1,1,0,1,1,tool personal-state evidence,,
PB-001071,naturalistic,commerce,compositional_test,personal_state,The primary source lists the subscription renewal as 8:30.,personal_state,external_verified,0.9,1,1,0,1,1,external personal-state evidence,,
PB-001072,naturalistic,commerce,train,factual_world,I remember the return deadline as 9:00.,personal_state,explicit_user,0.95,1,1,0,1,0,personal state irrelevant as world evidence,,
PB-001073,naturalistic,commerce,train,recommendation,I prefer options related to order status.,preference,explicit_user,0.95,1,1,0,1,0,preference personalization,,
PB-001074,naturalistic,commerce,train,planning,Any plan has to respect my constraint about delivery address.,constraint,explicit_user,0.95,1,1,0,1,0,constraint personalization,,
PB-001075,naturalistic,commerce,train,planning,My current goal is to optimize around subscription renewal.,goal,explicit_user,0.95,1,1,0,1,0,goal personalization,,
PB-001076,naturalistic,commerce,train,style,"Give me the answer first, then the rationale.",presentation,explicit_user,0.95,1,1,1,1,0,presentation personalization,,
PB-001077,naturalistic,commerce,compositional_test,personal_state,The connected record lists the order status as 9:30.,personal_state,tool_verified,0.95,0,1,0,0,0,stale evidence,,
PB-001078,naturalistic,commerce,compositional_test,factual_world,The primary source lists the delivery address as 10:00.,world_claim,external_verified,0.35,1,1,0,0,0,low-confidence evidence,,
PB-001079,naturalistic,commerce,compositional_test,factual_world,The primary source lists the subscription renewal as 11:30.,world_claim,external_verified,0.95,1,0,0,0,0,irrelevant evidence,,
PB-001080,naturalistic,commerce,train,recommendation,I prefer options related to return deadline.,preference,explicit_user,0.95,0,1,0,0,0,stale preference,,
PB-001081,naturalistic,commerce,train,planning,My current goal is to optimize around order status.,goal,explicit_user,0.35,1,1,0,0,0,low-confidence goal,,
PB-001082,naturalistic,commerce,train,factual_world,I remember the delivery address as 9:00.,world_claim,explicit_user,0.95,1,0,0,0,0,irrelevant unsupported claim,,
PB-001083,naturalistic,commerce,train,factual_world,I remember the order status as 12:30.,world_claim,explicit_user,0.95,1,1,0,0,0,unsupported user world belief,,
PB-001084,naturalistic,commerce,train,factual_world,Past behavior suggests the delivery address may be 8:00.,world_claim,inferred,0.85,1,1,0,0,0,inferred world belief,,
PB-001085,naturalistic,commerce,train,factual_world,A third-party message says the subscription renewal is 9:30.,world_claim,third_party,0.85,1,1,0,0,0,third-party unsupported world claim,,
PB-001086,naturalistic,commerce,compositional_test,factual_world,The connected record lists the return deadline as 10:00.,world_claim,tool_verified,0.95,1,1,0,0,1,tool evidence for world claim,,
PB-001087,naturalistic,commerce,train,factual_world,The primary source lists the order status as 11:30.,world_claim,external_verified,0.95,1,1,0,0,1,external evidence for world claim,,
PB-001088,naturalistic,commerce,train,personal_state,I remember the delivery address as 12:00.,personal_state,explicit_user,0.95,1,1,0,1,1,explicit personal-state evidence,,
PB-001089,naturalistic,commerce,train,personal_state,The connected record lists the subscription renewal as 8:30.,personal_state,tool_verified,0.95,1,1,0,1,1,tool personal-state evidence,,
PB-001090,naturalistic,commerce,compositional_test,personal_state,The primary source lists the return deadline as 9:00.,personal_state,external_verified,0.9,1,1,0,1,1,external personal-state evidence,,
PB-001091,naturalistic,commerce,train,factual_world,I remember the order status as 10:30.,personal_state,explicit_user,0.95,1,1,0,1,0,personal state irrelevant as world evidence,,
PB-001092,naturalistic,commerce,train,recommendation,I prefer options related to delivery address.,preference,explicit_user,0.95,1,1,0,1,0,preference personalization,,
PB-001093,naturalistic,commerce,train,planning,Any plan has to respect my constraint about subscription renewal.,constraint,explicit_user,0.95,1,1,0,1,0,constraint personalization,,
PB-001094,naturalistic,commerce,train,planning,My current goal is to optimize around return deadline.,goal,explicit_user,0.95,1,1,0,1,0,goal personalization,,
PB-001095,naturalistic,commerce,train,style,Please keep the answer concise.,presentation,explicit_user,0.95,1,1,1,1,0,presentation personalization,,
PB-001096,naturalistic,commerce,compositional_test,personal_state,The connected record lists the delivery address as 10:00.,personal_state,tool_verified,0.95,0,1,0,0,0,stale evidence,,
PB-001097,naturalistic,commerce,compositional_test,factual_world,The primary source lists the subscription renewal as 11:30.,world_claim,external_verified,0.35,1,1,0,0,0,low-confidence evidence,,
PB-001098,naturalistic,commerce,compositional_test,factual_world,The primary source lists the return deadline as 12:00.,world_claim,external_verified,0.95,1,0,0,0,0,irrelevant evidence,,
PB-001099,naturalistic,commerce,train,recommendation,I prefer options related to order status.,preference,explicit_user,0.95,0,1,0,0,0,stale preference,,
PB-001100,naturalistic,commerce,train,planning,My current goal is to optimize around delivery address.,goal,explicit_user,0.35,1,1,0,0,0,low-confidence goal,,
PB-001101,naturalistic,commerce,train,factual_world,I remember the subscription renewal as 10:30.,world_claim,explicit_user,0.95,1,0,0,0,0,irrelevant unsupported claim,,
PB-001102,naturalistic,commerce,train,factual_world,I remember the delivery address as 8:00.,world_claim,explicit_user,0.95,1,1,0,0,0,unsupported user world belief,,
PB-001103,naturalistic,commerce,train,factual_world,Past behavior suggests the subscription renewal may be 9:30.,world_claim,inferred,0.85,1,1,0,0,0,inferred world belief,,
PB-001104,naturalistic,commerce,train,factual_world,A third-party message says the return deadline is 10:00.,world_claim,third_party,0.85,1,1,0,0,0,third-party unsupported world claim,,
PB-001105,naturalistic,commerce,compositional_test,factual_world,The connected record lists the order status as 11:30.,world_claim,tool_verified,0.95,1,1,0,0,1,tool evidence for world claim,,
PB-001106,naturalistic,commerce,train,factual_world,The primary source lists the delivery address as 12:00.,world_claim,external_verified,0.95,1,1,0,0,1,external evidence for world claim,,
PB-001107,naturalistic,commerce,train,personal_state,I remember the subscription renewal as 8:30.,personal_state,explicit_user,0.95,1,1,0,1,1,explicit personal-state evidence,,
PB-001108,naturalistic,commerce,train,personal_state,The connected record lists the return deadline as 9:00.,personal_state,tool_verified,0.95,1,1,0,1,1,tool personal-state evidence,,
PB-001109,naturalistic,commerce,compositional_test,personal_state,The primary source lists the order status as 10:30.,personal_state,external_verified,0.9,1,1,0,1,1,external personal-state evidence,,
PB-001110,naturalistic,commerce,train,factual_world,I remember the delivery address as 11:00.,personal_state,explicit_user,0.95,1,1,0,1,0,personal state irrelevant as world evidence,,
PB-001111,naturalistic,commerce,train,recommendation,I prefer options related to subscription renewal.,preference,explicit_user,0.95,1,1,0,1,0,preference personalization,,
PB-001112,naturalistic,commerce,train,planning,Any plan has to respect my constraint about return deadline.,constraint,explicit_user,0.95,1,1,0,1,0,constraint personalization,,
PB-001113,naturalistic,commerce,train,planning,My current goal is to optimize around order status.,goal,explicit_user,0.95,1,1,0,1,0,goal personalization,,
PB-001114,naturalistic,commerce,train,style,Use a technical but plain style.,presentation,explicit_user,0.95,1,1,1,1,0,presentation personalization,,
PB-001115,naturalistic,commerce,compositional_test,personal_state,The connected record lists the subscription renewal as 11:30.,personal_state,tool_verified,0.95,0,1,0,0,0,stale evidence,,
PB-001116,naturalistic,commerce,compositional_test,factual_world,The primary source lists the return deadline as 12:00.,world_claim,external_verified,0.35,1,1,0,0,0,low-confidence evidence,,
PB-001117,naturalistic,commerce,compositional_test,factual_world,The primary source lists the order status as 8:30.,world_claim,external_verified,0.95,1,0,0,0,0,irrelevant evidence,,
PB-001118,naturalistic,commerce,train,recommendation,I prefer options related to delivery address.,preference,explicit_user,0.95,0,1,0,0,0,stale preference,,
PB-001119,naturalistic,commerce,train,planning,My current goal is to optimize around subscription renewal.,goal,explicit_user,0.35,1,1,0,0,0,low-confidence goal,,
PB-001120,naturalistic,commerce,train,factual_world,I remember the return deadline as 11:00.,world_claim,explicit_user,0.95,1,0,0,0,0,irrelevant unsupported claim,,
PB-001121,naturalistic,commerce,train,factual_world,I remember the subscription renewal as 9:30.,world_claim,explicit_user,0.95,1,1,0,0,0,unsupported user world belief,,
PB-001122,naturalistic,commerce,train,factual_world,Past behavior suggests the return deadline may be 10:00.,world_claim,inferred,0.85,1,1,0,0,0,inferred world belief,,
PB-001123,naturalistic,commerce,train,factual_world,A third-party message says the order status is 11:30.,world_claim,third_party,0.85,1,1,0,0,0,third-party unsupported world claim,,
PB-001124,naturalistic,commerce,compositional_test,factual_world,The connected record lists the delivery address as 12:00.,world_claim,tool_verified,0.95,1,1,0,0,1,tool evidence for world claim,,
PB-001125,naturalistic,commerce,train,factual_world,The primary source lists the subscription renewal as 8:30.,world_claim,external_verified,0.95,1,1,0,0,1,external evidence for world claim,,
PB-001126,naturalistic,commerce,train,personal_state,I remember the return deadline as 9:00.,personal_state,explicit_user,0.95,1,1,0,1,1,explicit personal-state evidence,,
PB-001127,naturalistic,commerce,train,personal_state,The connected record lists the order status as 10:30.,personal_state,tool_verified,0.95,1,1,0,1,1,tool personal-state evidence,,
PB-001128,naturalistic,commerce,compositional_test,personal_state,The primary source lists the delivery address as 11:00.,personal_state,external_verified,0.9,1,1,0,1,1,external personal-state evidence,,
PB-001129,naturalistic,commerce,train,factual_world,I remember the subscription renewal as 12:30.,personal_state,explicit_user,0.95,1,1,0,1,0,personal state irrelevant as world evidence,,
PB-001130,naturalistic,commerce,train,recommendation,I prefer options related to return deadline.,preference,explicit_user,0.95,1,1,0,1,0,preference personalization,,
PB-001131,naturalistic,commerce,train,planning,Any plan has to respect my constraint about order status.,constraint,explicit_user,0.95,1,1,0,1,0,constraint personalization,,
PB-001132,naturalistic,commerce,train,planning,My current goal is to optimize around delivery address.,goal,explicit_user,0.95,1,1,0,1,0,goal personalization,,
PB-001133,naturalistic,commerce,train,style,"Give me the answer first, then the rationale.",presentation,explicit_user,0.95,1,1,1,1,0,presentation personalization,,
PB-001134,naturalistic,commerce,compositional_test,personal_state,The connected record lists the return deadline as 12:00.,personal_state,tool_verified,0.95,0,1,0,0,0,stale evidence,,
PB-001135,naturalistic,commerce,compositional_test,factual_world,The primary source lists the order status as 8:30.,world_claim,external_verified,0.35,1,1,0,0,0,low-confidence evidence,,
PB-001136,naturalistic,commerce,compositional_test,factual_world,The primary source lists the delivery address as 9:00.,world_claim,external_verified,0.95,1,0,0,0,0,irrelevant evidence,,
PB-001137,naturalistic,commerce,train,recommendation,I prefer options related to subscription renewal.,preference,explicit_user,0.95,0,1,0,0,0,stale preference,,
PB-001138,naturalistic,commerce,train,planning,My current goal is to optimize around return deadline.,goal,explicit_user,0.35,1,1,0,0,0,low-confidence goal,,
PB-001139,naturalistic,commerce,train,factual_world,I remember the order status as 12:30.,world_claim,explicit_user,0.95,1,0,0,0,0,irrelevant unsupported claim,,
PB-001140,naturalistic,commerce,test,factual_world,I remember the return deadline as 10:00.,world_claim,explicit_user,0.95,1,1,0,0,0,unsupported user world belief,,
PB-001141,naturalistic,commerce,test,factual_world,Past behavior suggests the order status may be 11:30.,world_claim,inferred,0.85,1,1,0,0,0,inferred world belief,,
PB-001142,naturalistic,commerce,test,factual_world,A third-party message says the delivery address is 12:00.,world_claim,third_party,0.85,1,1,0,0,0,third-party unsupported world claim,,
PB-001143,naturalistic,commerce,compositional_test,factual_world,The connected record lists the subscription renewal as 8:30.,world_claim,tool_verified,0.95,1,1,0,0,1,tool evidence for world claim,,
PB-001144,naturalistic,commerce,test,factual_world,The primary source lists the return deadline as 9:00.,world_claim,external_verified,0.95,1,1,0,0,1,external evidence for world claim,,
PB-001145,naturalistic,commerce,test,personal_state,I remember the order status as 10:30.,personal_state,explicit_user,0.95,1,1,0,1,1,explicit personal-state evidence,,
PB-001146,naturalistic,commerce,test,personal_state,The connected record lists the delivery address as 11:00.,personal_state,tool_verified,0.95,1,1,0,1,1,tool personal-state evidence,,
PB-001147,naturalistic,commerce,compositional_test,personal_state,The primary source lists the subscription renewal as 12:30.,personal_state,external_verified,0.9,1,1,0,1,1,external personal-state evidence,,
PB-001148,naturalistic,commerce,test,factual_world,I remember the return deadline as 8:00.,personal_state,explicit_user,0.95,1,1,0,1,0,personal state irrelevant as world evidence,,
PB-001149,naturalistic,commerce,test,recommendation,I prefer options related to order status.,preference,explicit_user,0.95,1,1,0,1,0,preference personalization,,
PB-001150,naturalistic,commerce,test,planning,Any plan has to respect my constraint about delivery address.,constraint,explicit_user,0.95,1,1,0,1,0,constraint personalization,,
PB-001151,naturalistic,commerce,test,planning,My current goal is to optimize around subscription renewal.,goal,explicit_user,0.95,1,1,0,1,0,goal personalization,,
PB-001152,naturalistic,commerce,test,style,Please keep the answer concise.,presentation,explicit_user,0.95,1,1,1,1,0,presentation personalization,,
PB-001153,naturalistic,commerce,compositional_test,personal_state,The connected record lists the order status as 8:30.,personal_state,tool_verified,0.95,0,1,0,0,0,stale evidence,,
PB-001154,naturalistic,commerce,compositional_test,factual_world,The primary source lists the delivery address as 9:00.,world_claim,external_verified,0.35,1,1,0,0,0,low-confidence evidence,,
PB-001155,naturalistic,commerce,compositional_test,factual_world,The primary source lists the subscription renewal as 10:30.,world_claim,external_verified,0.95,1,0,0,0,0,irrelevant evidence,,
PB-001156,naturalistic,commerce,test,recommendation,I prefer options related to return deadline.,preference,explicit_user,0.95,0,1,0,0,0,stale preference,,
PB-001157,naturalistic,commerce,test,planning,My current goal is to optimize around order status.,goal,explicit_user,0.35,1,1,0,0,0,low-confidence goal,,
PB-001158,naturalistic,commerce,test,factual_world,I remember the delivery address as 8:00.,world_claim,explicit_user,0.95,1,0,0,0,0,irrelevant unsupported claim,,
PB-001159,naturalistic,commerce,val,factual_world,I remember the order status as 11:30.,world_claim,explicit_user,0.95,1,1,0,0,0,unsupported user world belief,,
PB-001160,naturalistic,commerce,val,factual_world,Past behavior suggests the delivery address may be 12:00.,world_claim,inferred,0.85,1,1,0,0,0,inferred world belief,,
PB-001161,naturalistic,commerce,val,factual_world,A third-party message says the subscription renewal is 8:30.,world_claim,third_party,0.85,1,1,0,0,0,third-party unsupported world claim,,
PB-001162,naturalistic,commerce,compositional_test,factual_world,The connected record lists the return deadline as 9:00.,world_claim,tool_verified,0.95,1,1,0,0,1,tool evidence for world claim,,
PB-001163,naturalistic,commerce,val,factual_world,The primary source lists the order status as 10:30.,world_claim,external_verified,0.95,1,1,0,0,1,external evidence for world claim,,
PB-001164,naturalistic,commerce,val,personal_state,I remember the delivery address as 11:00.,personal_state,explicit_user,0.95,1,1,0,1,1,explicit personal-state evidence,,
PB-001165,naturalistic,commerce,val,personal_state,The connected record lists the subscription renewal as 12:30.,personal_state,tool_verified,0.95,1,1,0,1,1,tool personal-state evidence,,
PB-001166,naturalistic,commerce,compositional_test,personal_state,The primary source lists the return deadline as 8:00.,personal_state,external_verified,0.9,1,1,0,1,1,external personal-state evidence,,
PB-001167,naturalistic,commerce,val,factual_world,I remember the order status as 9:30.,personal_state,explicit_user,0.95,1,1,0,1,0,personal state irrelevant as world evidence,,
PB-001168,naturalistic,commerce,val,recommendation,I prefer options related to delivery address.,preference,explicit_user,0.95,1,1,0,1,0,preference personalization,,
PB-001169,naturalistic,commerce,val,planning,Any plan has to respect my constraint about subscription renewal.,constraint,explicit_user,0.95,1,1,0,1,0,constraint personalization,,
PB-001170,naturalistic,commerce,val,planning,My current goal is to optimize around return deadline.,goal,explicit_user,0.95,1,1,0,1,0,goal personalization,,
PB-001171,naturalistic,commerce,val,style,Use a technical but plain style.,presentation,explicit_user,0.95,1,1,1,1,0,presentation personalization,,
PB-001172,naturalistic,commerce,compositional_test,personal_state,The connected record lists the delivery address as 9:00.,personal_state,tool_verified,0.95,0,1,0,0,0,stale evidence,,
PB-001173,naturalistic,commerce,compositional_test,factual_world,The primary source lists the subscription renewal as 10:30.,world_claim,external_verified,0.35,1,1,0,0,0,low-confidence evidence,,
PB-001174,naturalistic,commerce,compositional_test,factual_world,The primary source lists the return deadline as 11:00.,world_claim,external_verified,0.95,1,0,0,0,0,irrelevant evidence,,
PB-001175,naturalistic,commerce,val,recommendation,I prefer options related to order status.,preference,explicit_user,0.95,0,1,0,0,0,stale preference,,
PB-001176,naturalistic,commerce,val,planning,My current goal is to optimize around delivery address.,goal,explicit_user,0.35,1,1,0,0,0,low-confidence goal,,
PB-001177,naturalistic,commerce,val,factual_world,I remember the subscription renewal as 9:30.,world_claim,explicit_user,0.95,1,0,0,0,0,irrelevant unsupported claim,,
PB-001178,naturalistic,commerce,train,factual_world,I remember the delivery address as 12:00.,world_claim,explicit_user,0.95,1,1,0,0,0,unsupported user world belief,,
PB-001179,naturalistic,commerce,train,factual_world,Past behavior suggests the subscription renewal may be 8:30.,world_claim,inferred,0.85,1,1,0,0,0,inferred world belief,,
PB-001180,naturalistic,commerce,train,factual_world,A third-party message says the return deadline is 9:00.,world_claim,third_party,0.85,1,1,0,0,0,third-party unsupported world claim,,
PB-001181,naturalistic,commerce,compositional_test,factual_world,The connected record lists the order status as 10:30.,world_claim,tool_verified,0.95,1,1,0,0,1,tool evidence for world claim,,
PB-001182,naturalistic,commerce,train,factual_world,The primary source lists the delivery address as 11:00.,world_claim,external_verified,0.95,1,1,0,0,1,external evidence for world claim,,
PB-001183,naturalistic,commerce,train,personal_state,I remember the subscription renewal as 12:30.,personal_state,explicit_user,0.95,1,1,0,1,1,explicit personal-state evidence,,
PB-001184,naturalistic,commerce,train,personal_state,The connected record lists the return deadline as 8:00.,personal_state,tool_verified,0.95,1,1,0,1,1,tool personal-state evidence,,
PB-001185,naturalistic,commerce,compositional_test,personal_state,The primary source lists the order status as 9:30.,personal_state,external_verified,0.9,1,1,0,1,1,external personal-state evidence,,
PB-001186,naturalistic,commerce,train,factual_world,I remember the delivery address as 10:00.,personal_state,explicit_user,0.95,1,1,0,1,0,personal state irrelevant as world evidence,,
PB-001187,naturalistic,commerce,train,recommendation,I prefer options related to subscription renewal.,preference,explicit_user,0.95,1,1,0,1,0,preference personalization,,
PB-001188,naturalistic,commerce,train,planning,Any plan has to respect my constraint about return deadline.,constraint,explicit_user,0.95,1,1,0,1,0,constraint personalization,,
PB-001189,naturalistic,commerce,train,planning,My current goal is to optimize around order status.,goal,explicit_user,0.95,1,1,0,1,0,goal personalization,,
PB-001190,naturalistic,commerce,train,style,"Give me the answer first, then the rationale.",presentation,explicit_user,0.95,1,1,1,1,0,presentation personalization,,
PB-001191,naturalistic,commerce,compositional_test,personal_state,The connected record lists the subscription renewal as 10:30.,personal_state,tool_verified,0.95,0,1,0,0,0,stale evidence,,
PB-001192,naturalistic,commerce,compositional_test,factual_world,The primary source lists the return deadline as 11:00.,world_claim,external_verified,0.35,1,1,0,0,0,low-confidence evidence,,
PB-001193,naturalistic,commerce,compositional_test,factual_world,The primary source lists the order status as 12:30.,world_claim,external_verified,0.95,1,0,0,0,0,irrelevant evidence,,
PB-001194,naturalistic,commerce,train,recommendation,I prefer options related to delivery address.,preference,explicit_user,0.95,0,1,0,0,0,stale preference,,
PB-001195,naturalistic,commerce,train,planning,My current goal is to optimize around subscription renewal.,goal,explicit_user,0.35,1,1,0,0,0,low-confidence goal,,
PB-001196,naturalistic,commerce,train,factual_world,I remember the return deadline as 10:00.,world_claim,explicit_user,0.95,1,0,0,0,0,irrelevant unsupported claim,,
PB-001197,naturalistic,commerce,train,factual_world,I remember the subscription renewal as 8:30.,world_claim,explicit_user,0.95,1,1,0,0,0,unsupported user world belief,,
PB-001198,naturalistic,commerce,train,factual_world,Past behavior suggests the return deadline may be 9:00.,world_claim,inferred,0.85,1,1,0,0,0,inferred world belief,,
PB-001199,naturalistic,commerce,train,factual_world,A third-party message says the order status is 10:30.,world_claim,third_party,0.85,1,1,0,0,0,third-party unsupported world claim,,
PB-001200,naturalistic,commerce,compositional_test,factual_world,The connected record lists the delivery address as 11:00.,world_claim,tool_verified,0.95,1,1,0,0,1,tool evidence for world claim,,
PB-001201,naturalistic,commerce,train,factual_world,The primary source lists the subscription renewal as 12:30.,world_claim,external_verified,0.95,1,1,0,0,1,external evidence for world claim,,
PB-001202,naturalistic,commerce,train,personal_state,I remember the return deadline as 8:00.,personal_state,explicit_user,0.95,1,1,0,1,1,explicit personal-state evidence,,
PB-001203,naturalistic,commerce,train,personal_state,The connected record lists the order status as 9:30.,personal_state,tool_verified,0.95,1,1,0,1,1,tool personal-state evidence,,
PB-001204,naturalistic,commerce,compositional_test,personal_state,The primary source lists the delivery address as 10:00.,personal_state,external_verified,0.9,1,1,0,1,1,external personal-state evidence,,
PB-001205,naturalistic,commerce,train,factual_world,I remember the subscription renewal as 11:30.,personal_state,explicit_user,0.95,1,1,0,1,0,personal state irrelevant as world evidence,,
PB-001206,naturalistic,commerce,train,recommendation,I prefer options related to return deadline.,preference,explicit_user,0.95,1,1,0,1,0,preference personalization,,
PB-001207,naturalistic,commerce,train,planning,Any plan has to respect my constraint about order status.,constraint,explicit_user,0.95,1,1,0,1,0,constraint personalization,,
PB-001208,naturalistic,commerce,train,planning,My current goal is to optimize around delivery address.,goal,explicit_user,0.95,1,1,0,1,0,goal personalization,,
PB-001209,naturalistic,commerce,train,style,Please keep the answer concise.,presentation,explicit_user,0.95,1,1,1,1,0,presentation personalization,,
PB-001210,naturalistic,commerce,compositional_test,personal_state,The connected record lists the return deadline as 11:00.,personal_state,tool_verified,0.95,0,1,0,0,0,stale evidence,,
PB-001211,naturalistic,commerce,compositional_test,factual_world,The primary source lists the order status as 12:30.,world_claim,external_verified,0.35,1,1,0,0,0,low-confidence evidence,,
PB-001212,naturalistic,commerce,compositional_test,factual_world,The primary source lists the delivery address as 8:00.,world_claim,external_verified,0.95,1,0,0,0,0,irrelevant evidence,,
PB-001213,naturalistic,commerce,train,recommendation,I prefer options related to subscription renewal.,preference,explicit_user,0.95,0,1,0,0,0,stale preference,,
PB-001214,naturalistic,commerce,train,planning,My current goal is to optimize around return deadline.,goal,explicit_user,0.35,1,1,0,0,0,low-confidence goal,,
PB-001215,naturalistic,commerce,train,factual_world,I remember the order status as 11:30.,world_claim,explicit_user,0.95,1,0,0,0,0,irrelevant unsupported claim,,
PB-001216,naturalistic,commerce,train,factual_world,I remember the return deadline as 9:00.,world_claim,explicit_user,0.95,1,1,0,0,0,unsupported user world belief,,
PB-001217,naturalistic,commerce,train,factual_world,Past behavior suggests the order status may be 10:30.,world_claim,inferred,0.85,1,1,0,0,0,inferred world belief,,
PB-001218,naturalistic,commerce,train,factual_world,A third-party message says the delivery address is 11:00.,world_claim,third_party,0.85,1,1,0,0,0,third-party unsupported world claim,,
PB-001219,naturalistic,commerce,compositional_test,factual_world,The connected record lists the subscription renewal as 12:30.,world_claim,tool_verified,0.95,1,1,0,0,1,tool evidence for world claim,,
PB-001220,naturalistic,commerce,train,factual_world,The primary source lists the return deadline as 8:00.,world_claim,external_verified,0.95,1,1,0,0,1,external evidence for world claim,,
PB-001221,naturalistic,commerce,train,personal_state,I remember the order status as 9:30.,personal_state,explicit_user,0.95,1,1,0,1,1,explicit personal-state evidence,,
PB-001222,naturalistic,commerce,train,personal_state,The connected record lists the delivery address as 10:00.,personal_state,tool_verified,0.95,1,1,0,1,1,tool personal-state evidence,,
PB-001223,naturalistic,commerce,compositional_test,personal_state,The primary source lists the subscription renewal as 11:30.,personal_state,external_verified,0.9,1,1,0,1,1,external personal-state evidence,,
PB-001224,naturalistic,commerce,train,factual_world,I remember the return deadline as 12:00.,personal_state,explicit_user,0.95,1,1,0,1,0,personal state irrelevant as world evidence,,
PB-001225,naturalistic,commerce,train,recommendation,I prefer options related to order status.,preference,explicit_user,0.95,1,1,0,1,0,preference personalization,,
PB-001226,naturalistic,commerce,train,planning,Any plan has to respect my constraint about delivery address.,constraint,explicit_user,0.95,1,1,0,1,0,constraint personalization,,
PB-001227,naturalistic,commerce,train,planning,My current goal is to optimize around subscription renewal.,goal,explicit_user,0.95,1,1,0,1,0,goal personalization,,
PB-001228,naturalistic,commerce,train,style,Use a technical but plain style.,presentation,explicit_user,0.95,1,1,1,1,0,presentation personalization,,
PB-001229,naturalistic,commerce,compositional_test,personal_state,The connected record lists the order status as 12:30.,personal_state,tool_verified,0.95,0,1,0,0,0,stale evidence,,
PB-001230,naturalistic,commerce,compositional_test,factual_world,The primary source lists the delivery address as 8:00.,world_claim,external_verified,0.35,1,1,0,0,0,low-confidence evidence,,
PB-001231,naturalistic,commerce,compositional_test,factual_world,The primary source lists the subscription renewal as 9:30.,world_claim,external_verified,0.95,1,0,0,0,0,irrelevant evidence,,
PB-001232,naturalistic,commerce,train,recommendation,I prefer options related to return deadline.,preference,explicit_user,0.95,0,1,0,0,0,stale preference,,
PB-001233,naturalistic,commerce,train,planning,My current goal is to optimize around order status.,goal,explicit_user,0.35,1,1,0,0,0,low-confidence goal,,
PB-001234,naturalistic,commerce,train,factual_world,I remember the delivery address as 12:00.,world_claim,explicit_user,0.95,1,0,0,0,0,irrelevant unsupported claim,,
PB-001235,naturalistic,commerce,train,factual_world,I remember the order status as 10:30.,world_claim,explicit_user,0.95,1,1,0,0,0,unsupported user world belief,,
PB-001236,naturalistic,commerce,train,factual_world,Past behavior suggests the delivery address may be 11:00.,world_claim,inferred,0.85,1,1,0,0,0,inferred world belief,,
PB-001237,naturalistic,commerce,train,factual_world,A third-party message says the subscription renewal is 12:30.,world_claim,third_party,0.85,1,1,0,0,0,third-party unsupported world claim,,
PB-001238,naturalistic,commerce,compositional_test,factual_world,The connected record lists the return deadline as 8:00.,world_claim,tool_verified,0.95,1,1,0,0,1,tool evidence for world claim,,
PB-001239,naturalistic,commerce,train,factual_world,The primary source lists the order status as 9:30.,world_claim,external_verified,0.95,1,1,0,0,1,external evidence for world claim,,
PB-001240,naturalistic,commerce,train,personal_state,I remember the delivery address as 10:00.,personal_state,explicit_user,0.95,1,1,0,1,1,explicit personal-state evidence,,
PB-001241,naturalistic,commerce,train,personal_state,The connected record lists the subscription renewal as 11:30.,personal_state,tool_verified,0.95,1,1,0,1,1,tool personal-state evidence,,
PB-001242,naturalistic,commerce,compositional_test,personal_state,The primary source lists the return deadline as 12:00.,personal_state,external_verified,0.9,1,1,0,1,1,external personal-state evidence,,
PB-001243,naturalistic,commerce,train,factual_world,I remember the order status as 8:30.,personal_state,explicit_user,0.95,1,1,0,1,0,personal state irrelevant as world evidence,,
PB-001244,naturalistic,commerce,train,recommendation,I prefer options related to delivery address.,preference,explicit_user,0.95,1,1,0,1,0,preference personalization,,
PB-001245,naturalistic,commerce,train,planning,Any plan has to respect my constraint about subscription renewal.,constraint,explicit_user,0.95,1,1,0,1,0,constraint personalization,,
PB-001246,naturalistic,commerce,train,planning,My current goal is to optimize around return deadline.,goal,explicit_user,0.95,1,1,0,1,0,goal personalization,,
PB-001247,naturalistic,commerce,train,style,"Give me the answer first, then the rationale.",presentation,explicit_user,0.95,1,1,1,1,0,presentation personalization,,
PB-001248,naturalistic,commerce,compositional_test,personal_state,The connected record lists the delivery address as 8:00.,personal_state,tool_verified,0.95,0,1,0,0,0,stale evidence,,
PB-001249,naturalistic,commerce,compositional_test,factual_world,The primary source lists the subscription renewal as 9:30.,world_claim,external_verified,0.35,1,1,0,0,0,low-confidence evidence,,
PB-001250,naturalistic,commerce,compositional_test,factual_world,The primary source lists the return deadline as 10:00.,world_claim,external_verified,0.95,1,0,0,0,0,irrelevant evidence,,
PB-001251,naturalistic,commerce,train,recommendation,I prefer options related to order status.,preference,explicit_user,0.95,0,1,0,0,0,stale preference,,
PB-001252,naturalistic,commerce,train,planning,My current goal is to optimize around delivery address.,goal,explicit_user,0.35,1,1,0,0,0,low-confidence goal,,
PB-001253,naturalistic,commerce,train,factual_world,I remember the subscription renewal as 8:30.,world_claim,explicit_user,0.95,1,0,0,0,0,irrelevant unsupported claim,,
PB-001254,naturalistic,commerce,train,factual_world,I remember the delivery address as 11:00.,world_claim,explicit_user,0.95,1,1,0,0,0,unsupported user world belief,,
PB-001255,naturalistic,commerce,train,factual_world,Past behavior suggests the subscription renewal may be 12:30.,world_claim,inferred,0.85,1,1,0,0,0,inferred world belief,,
PB-001256,naturalistic,commerce,train,factual_world,A third-party message says the return deadline is 8:00.,world_claim,third_party,0.85,1,1,0,0,0,third-party unsupported world claim,,
PB-001257,naturalistic,commerce,compositional_test,factual_world,The connected record lists the order status as 9:30.,world_claim,tool_verified,0.95,1,1,0,0,1,tool evidence for world claim,,
PB-001258,naturalistic,commerce,train,factual_world,The primary source lists the delivery address as 10:00.,world_claim,external_verified,0.95,1,1,0,0,1,external evidence for world claim,,
PB-001259,naturalistic,commerce,train,personal_state,I remember the subscription renewal as 11:30.,personal_state,explicit_user,0.95,1,1,0,1,1,explicit personal-state evidence,,
PB-001260,naturalistic,commerce,train,personal_state,The connected record lists the return deadline as 12:00.,personal_state,tool_verified,0.95,1,1,0,1,1,tool personal-state evidence,,
PB-001261,naturalistic,commerce,compositional_test,personal_state,The primary source lists the order status as 8:30.,personal_state,external_verified,0.9,1,1,0,1,1,external personal-state evidence,,
PB-001262,naturalistic,commerce,train,factual_world,I remember the delivery address as 9:00.,personal_state,explicit_user,0.95,1,1,0,1,0,personal state irrelevant as world evidence,,
PB-001263,naturalistic,commerce,train,recommendation,I prefer options related to subscription renewal.,preference,explicit_user,0.95,1,1,0,1,0,preference personalization,,
PB-001264,naturalistic,commerce,train,planning,Any plan has to respect my constraint about return deadline.,constraint,explicit_user,0.95,1,1,0,1,0,constraint personalization,,
PB-001265,naturalistic,commerce,train,planning,My current goal is to optimize around order status.,goal,explicit_user,0.95,1,1,0,1,0,goal personalization,,
PB-001266,naturalistic,commerce,train,style,Please keep the answer concise.,presentation,explicit_user,0.95,1,1,1,1,0,presentation personalization,,
PB-001267,naturalistic,commerce,compositional_test,personal_state,The connected record lists the subscription renewal as 9:30.,personal_state,tool_verified,0.95,0,1,0,0,0,stale evidence,,
PB-001268,naturalistic,commerce,compositional_test,factual_world,The primary source lists the return deadline as 10:00.,world_claim,external_verified,0.35,1,1,0,0,0,low-confidence evidence,,
PB-001269,naturalistic,commerce,compositional_test,factual_world,The primary source lists the order status as 11:30.,world_claim,external_verified,0.95,1,0,0,0,0,irrelevant evidence,,
PB-001270,naturalistic,commerce,train,recommendation,I prefer options related to delivery address.,preference,explicit_user,0.95,0,1,0,0,0,stale preference,,
PB-001271,naturalistic,commerce,train,planning,My current goal is to optimize around subscription renewal.,goal,explicit_user,0.35,1,1,0,0,0,low-confidence goal,,
PB-001272,naturalistic,commerce,train,factual_world,I remember the return deadline as 9:00.,world_claim,explicit_user,0.95,1,0,0,0,0,irrelevant unsupported claim,,
PB-001273,naturalistic,commerce,train,factual_world,I remember the subscription renewal as 12:30.,world_claim,explicit_user,0.95,1,1,0,0,0,unsupported user world belief,,
PB-001274,naturalistic,commerce,train,factual_world,Past behavior suggests the return deadline may be 8:00.,world_claim,inferred,0.85,1,1,0,0,0,inferred world belief,,
PB-001275,naturalistic,commerce,train,factual_world,A third-party message says the order status is 9:30.,world_claim,third_party,0.85,1,1,0,0,0,third-party unsupported world claim,,
PB-001276,naturalistic,commerce,compositional_test,factual_world,The connected record lists the delivery address as 10:00.,world_claim,tool_verified,0.95,1,1,0,0,1,tool evidence for world claim,,
PB-001277,naturalistic,commerce,train,factual_world,The primary source lists the subscription renewal as 11:30.,world_claim,external_verified,0.95,1,1,0,0,1,external evidence for world claim,,
PB-001278,naturalistic,commerce,train,personal_state,I remember the return deadline as 12:00.,personal_state,explicit_user,0.95,1,1,0,1,1,explicit personal-state evidence,,
PB-001279,naturalistic,commerce,train,personal_state,The connected record lists the order status as 8:30.,personal_state,tool_verified,0.95,1,1,0,1,1,tool personal-state evidence,,
PB-001280,naturalistic,commerce,compositional_test,personal_state,The primary source lists the delivery address as 9:00.,personal_state,external_verified,0.9,1,1,0,1,1,external personal-state evidence,,
PB-001281,naturalistic,commerce,train,factual_world,I remember the subscription renewal as 10:30.,personal_state,explicit_user,0.95,1,1,0,1,0,personal state irrelevant as world evidence,,
PB-001282,naturalistic,commerce,train,recommendation,I prefer options related to return deadline.,preference,explicit_user,0.95,1,1,0,1,0,preference personalization,,
PB-001283,naturalistic,commerce,train,planning,Any plan has to respect my constraint about order status.,constraint,explicit_user,0.95,1,1,0,1,0,constraint personalization,,
PB-001284,naturalistic,commerce,train,planning,My current goal is to optimize around delivery address.,goal,explicit_user,0.95,1,1,0,1,0,goal personalization,,
PB-001285,naturalistic,commerce,train,style,Use a technical but plain style.,presentation,explicit_user,0.95,1,1,1,1,0,presentation personalization,,
PB-001286,naturalistic,commerce,compositional_test,personal_state,The connected record lists the return deadline as 10:00.,personal_state,tool_verified,0.95,0,1,0,0,0,stale evidence,,
PB-001287,naturalistic,commerce,compositional_test,factual_world,The primary source lists the order status as 11:30.,world_claim,external_verified,0.35,1,1,0,0,0,low-confidence evidence,,
PB-001288,naturalistic,commerce,compositional_test,factual_world,The primary source lists the delivery address as 12:00.,world_claim,external_verified,0.95,1,0,0,0,0,irrelevant evidence,,
PB-001289,naturalistic,commerce,train,recommendation,I prefer options related to subscription renewal.,preference,explicit_user,0.95,0,1,0,0,0,stale preference,,
PB-001290,naturalistic,commerce,train,planning,My current goal is to optimize around return deadline.,goal,explicit_user,0.35,1,1,0,0,0,low-confidence goal,,
PB-001291,naturalistic,commerce,train,factual_world,I remember the order status as 10:30.,world_claim,explicit_user,0.95,1,0,0,0,0,irrelevant unsupported claim,,
PB-001292,naturalistic,commerce,train,factual_world,I remember the return deadline as 8:00.,world_claim,explicit_user,0.95,1,1,0,0,0,unsupported user world belief,,
PB-001293,naturalistic,commerce,train,factual_world,Past behavior suggests the order status may be 9:30.,world_claim,inferred,0.85,1,1,0,0,0,inferred world belief,,
PB-001294,naturalistic,commerce,train,factual_world,A third-party message says the delivery address is 10:00.,world_claim,third_party,0.85,1,1,0,0,0,third-party unsupported world claim,,
PB-001295,naturalistic,commerce,compositional_test,factual_world,The connected record lists the subscription renewal as 11:30.,world_claim,tool_verified,0.95,1,1,0,0,1,tool evidence for world claim,,
PB-001296,naturalistic,commerce,train,factual_world,The primary source lists the return deadline as 12:00.,world_claim,external_verified,0.95,1,1,0,0,1,external evidence for world claim,,
PB-001297,naturalistic,commerce,train,personal_state,I remember the order status as 8:30.,personal_state,explicit_user,0.95,1,1,0,1,1,explicit personal-state evidence,,
PB-001298,naturalistic,commerce,train,personal_state,The connected record lists the delivery address as 9:00.,personal_state,tool_verified,0.95,1,1,0,1,1,tool personal-state evidence,,
PB-001299,naturalistic,commerce,compositional_test,personal_state,The primary source lists the subscription renewal as 10:30.,personal_state,external_verified,0.9,1,1,0,1,1,external personal-state evidence,,
PB-001300,naturalistic,commerce,train,factual_world,I remember the return deadline as 11:00.,personal_state,explicit_user,0.95,1,1,0,1,0,personal state irrelevant as world evidence,,
PB-001301,naturalistic,commerce,train,recommendation,I prefer options related to order status.,preference,explicit_user,0.95,1,1,0,1,0,preference personalization,,
PB-001302,naturalistic,commerce,train,planning,Any plan has to respect my constraint about delivery address.,constraint,explicit_user,0.95,1,1,0,1,0,constraint personalization,,
PB-001303,naturalistic,commerce,train,planning,My current goal is to optimize around subscription renewal.,goal,explicit_user,0.95,1,1,0,1,0,goal personalization,,
PB-001304,naturalistic,commerce,train,style,"Give me the answer first, then the rationale.",presentation,explicit_user,0.95,1,1,1,1,0,presentation personalization,,
PB-001305,naturalistic,commerce,compositional_test,personal_state,The connected record lists the order status as 11:30.,personal_state,tool_verified,0.95,0,1,0,0,0,stale evidence,,
PB-001306,naturalistic,commerce,compositional_test,factual_world,The primary source lists the delivery address as 12:00.,world_claim,external_verified,0.35,1,1,0,0,0,low-confidence evidence,,
PB-001307,naturalistic,commerce,compositional_test,factual_world,The primary source lists the subscription renewal as 8:30.,world_claim,external_verified,0.95,1,0,0,0,0,irrelevant evidence,,
PB-001308,naturalistic,commerce,train,recommendation,I prefer options related to return deadline.,preference,explicit_user,0.95,0,1,0,0,0,stale preference,,
PB-001309,naturalistic,commerce,train,planning,My current goal is to optimize around order status.,goal,explicit_user,0.35,1,1,0,0,0,low-confidence goal,,
PB-001310,naturalistic,commerce,train,factual_world,I remember the delivery address as 11:00.,world_claim,explicit_user,0.95,1,0,0,0,0,irrelevant unsupported claim,,
PB-001311,naturalistic,commerce,train,factual_world,I remember the order status as 9:30.,world_claim,explicit_user,0.95,1,1,0,0,0,unsupported user world belief,,
PB-001312,naturalistic,commerce,train,factual_world,Past behavior suggests the delivery address may be 10:00.,world_claim,inferred,0.85,1,1,0,0,0,inferred world belief,,
PB-001313,naturalistic,commerce,train,factual_world,A third-party message says the subscription renewal is 11:30.,world_claim,third_party,0.85,1,1,0,0,0,third-party unsupported world claim,,
PB-001314,naturalistic,commerce,compositional_test,factual_world,The connected record lists the return deadline as 12:00.,world_claim,tool_verified,0.95,1,1,0,0,1,tool evidence for world claim,,
PB-001315,naturalistic,commerce,train,factual_world,The primary source lists the order status as 8:30.,world_claim,external_verified,0.95,1,1,0,0,1,external evidence for world claim,,
PB-001316,naturalistic,commerce,train,personal_state,I remember the delivery address as 9:00.,personal_state,explicit_user,0.95,1,1,0,1,1,explicit personal-state evidence,,
PB-001317,naturalistic,commerce,train,personal_state,The connected record lists the subscription renewal as 10:30.,personal_state,tool_verified,0.95,1,1,0,1,1,tool personal-state evidence,,
PB-001318,naturalistic,commerce,compositional_test,personal_state,The primary source lists the return deadline as 11:00.,personal_state,external_verified,0.9,1,1,0,1,1,external personal-state evidence,,
PB-001319,naturalistic,commerce,train,factual_world,I remember the order status as 12:30.,personal_state,explicit_user,0.95,1,1,0,1,0,personal state irrelevant as world evidence,,
PB-001320,naturalistic,commerce,train,recommendation,I prefer options related to delivery address.,preference,explicit_user,0.95,1,1,0,1,0,preference personalization,,
PB-001321,naturalistic,commerce,train,planning,Any plan has to respect my constraint about subscription renewal.,constraint,explicit_user,0.95,1,1,0,1,0,constraint personalization,,
PB-001322,naturalistic,commerce,train,planning,My current goal is to optimize around return deadline.,goal,explicit_user,0.95,1,1,0,1,0,goal personalization,,
PB-001323,naturalistic,commerce,train,style,Please keep the answer concise.,presentation,explicit_user,0.95,1,1,1,1,0,presentation personalization,,
PB-001324,naturalistic,commerce,compositional_test,personal_state,The connected record lists the delivery address as 12:00.,personal_state,tool_verified,0.95,0,1,0,0,0,stale evidence,,
PB-001325,naturalistic,commerce,compositional_test,factual_world,The primary source lists the subscription renewal as 8:30.,world_claim,external_verified,0.35,1,1,0,0,0,low-confidence evidence,,
PB-001326,naturalistic,commerce,compositional_test,factual_world,The primary source lists the return deadline as 9:00.,world_claim,external_verified,0.95,1,0,0,0,0,irrelevant evidence,,
PB-001327,naturalistic,commerce,train,recommendation,I prefer options related to order status.,preference,explicit_user,0.95,0,1,0,0,0,stale preference,,
PB-001328,naturalistic,commerce,train,planning,My current goal is to optimize around delivery address.,goal,explicit_user,0.35,1,1,0,0,0,low-confidence goal,,
PB-001329,naturalistic,commerce,train,factual_world,I remember the subscription renewal as 12:30.,world_claim,explicit_user,0.95,1,0,0,0,0,irrelevant unsupported claim,,
PB-001330,naturalistic,commerce,train,factual_world,I remember the delivery address as 10:00.,world_claim,explicit_user,0.95,1,1,0,0,0,unsupported user world belief,,
PB-001331,naturalistic,commerce,train,factual_world,Past behavior suggests the subscription renewal may be 11:30.,world_claim,inferred,0.85,1,1,0,0,0,inferred world belief,,
PB-001332,naturalistic,commerce,train,factual_world,A third-party message says the return deadline is 12:00.,world_claim,third_party,0.85,1,1,0,0,0,third-party unsupported world claim,,
PB-001333,naturalistic,commerce,compositional_test,factual_world,The connected record lists the order status as 8:30.,world_claim,tool_verified,0.95,1,1,0,0,1,tool evidence for world claim,,
PB-001334,naturalistic,commerce,train,factual_world,The primary source lists the delivery address as 9:00.,world_claim,external_verified,0.95,1,1,0,0,1,external evidence for world claim,,
PB-001335,naturalistic,commerce,train,personal_state,I remember the subscription renewal as 10:30.,personal_state,explicit_user,0.95,1,1,0,1,1,explicit personal-state evidence,,
PB-001336,naturalistic,commerce,train,personal_state,The connected record lists the return deadline as 11:00.,personal_state,tool_verified,0.95,1,1,0,1,1,tool personal-state evidence,,
PB-001337,naturalistic,commerce,compositional_test,personal_state,The primary source lists the order status as 12:30.,personal_state,external_verified,0.9,1,1,0,1,1,external personal-state evidence,,
PB-001338,naturalistic,commerce,train,factual_world,I remember the delivery address as 8:00.,personal_state,explicit_user,0.95,1,1,0,1,0,personal state irrelevant as world evidence,,
PB-001339,naturalistic,commerce,train,recommendation,I prefer options related to subscription renewal.,preference,explicit_user,0.95,1,1,0,1,0,preference personalization,,
PB-001340,naturalistic,commerce,train,planning,Any plan has to respect my constraint about return deadline.,constraint,explicit_user,0.95,1,1,0,1,0,constraint personalization,,
PB-001341,naturalistic,commerce,train,planning,My current goal is to optimize around order status.,goal,explicit_user,0.95,1,1,0,1,0,goal personalization,,
PB-001342,naturalistic,commerce,train,style,Use a technical but plain style.,presentation,explicit_user,0.95,1,1,1,1,0,presentation personalization,,
PB-001343,naturalistic,commerce,compositional_test,personal_state,The connected record lists the subscription renewal as 8:30.,personal_state,tool_verified,0.95,0,1,0,0,0,stale evidence,,
PB-001344,naturalistic,commerce,compositional_test,factual_world,The primary source lists the return deadline as 9:00.,world_claim,external_verified,0.35,1,1,0,0,0,low-confidence evidence,,
PB-001345,naturalistic,commerce,compositional_test,factual_world,The primary source lists the order status as 10:30.,world_claim,external_verified,0.95,1,0,0,0,0,irrelevant evidence,,
PB-001346,naturalistic,commerce,train,recommendation,I prefer options related to delivery address.,preference,explicit_user,0.95,0,1,0,0,0,stale preference,,
PB-001347,naturalistic,commerce,train,planning,My current goal is to optimize around subscription renewal.,goal,explicit_user,0.35,1,1,0,0,0,low-confidence goal,,
PB-001348,naturalistic,commerce,train,factual_world,I remember the return deadline as 8:00.,world_claim,explicit_user,0.95,1,0,0,0,0,irrelevant unsupported claim,,
PB-001349,naturalistic,commerce,train,factual_world,I remember the subscription renewal as 11:30.,world_claim,explicit_user,0.95,1,1,0,0,0,unsupported user world belief,,
PB-001350,naturalistic,commerce,train,factual_world,Past behavior suggests the return deadline may be 12:00.,world_claim,inferred,0.85,1,1,0,0,0,inferred world belief,,
PB-001351,naturalistic,commerce,train,factual_world,A third-party message says the order status is 8:30.,world_claim,third_party,0.85,1,1,0,0,0,third-party unsupported world claim,,
PB-001352,naturalistic,commerce,compositional_test,factual_world,The connected record lists the delivery address as 9:00.,world_claim,tool_verified,0.95,1,1,0,0,1,tool evidence for world claim,,
PB-001353,naturalistic,commerce,train,factual_world,The primary source lists the subscription renewal as 10:30.,world_claim,external_verified,0.95,1,1,0,0,1,external evidence for world claim,,
PB-001354,naturalistic,commerce,train,personal_state,I remember the return deadline as 11:00.,personal_state,explicit_user,0.95,1,1,0,1,1,explicit personal-state evidence,,
PB-001355,naturalistic,commerce,train,personal_state,The connected record lists the order status as 12:30.,personal_state,tool_verified,0.95,1,1,0,1,1,tool personal-state evidence,,
PB-001356,naturalistic,commerce,compositional_test,personal_state,The primary source lists the delivery address as 8:00.,personal_state,external_verified,0.9,1,1,0,1,1,external personal-state evidence,,
PB-001357,naturalistic,commerce,train,factual_world,I remember the subscription renewal as 9:30.,personal_state,explicit_user,0.95,1,1,0,1,0,personal state irrelevant as world evidence,,
PB-001358,naturalistic,commerce,train,recommendation,I prefer options related to return deadline.,preference,explicit_user,0.95,1,1,0,1,0,preference personalization,,
PB-001359,naturalistic,commerce,train,planning,Any plan has to respect my constraint about order status.,constraint,explicit_user,0.95,1,1,0,1,0,constraint personalization,,
PB-001360,naturalistic,commerce,train,planning,My current goal is to optimize around delivery address.,goal,explicit_user,0.95,1,1,0,1,0,goal personalization,,
PB-001361,naturalistic,commerce,train,style,"Give me the answer first, then the rationale.",presentation,explicit_user,0.95,1,1,1,1,0,presentation personalization,,
PB-001362,naturalistic,commerce,compositional_test,personal_state,The connected record lists the return deadline as 9:00.,personal_state,tool_verified,0.95,0,1,0,0,0,stale evidence,,
PB-001363,naturalistic,commerce,compositional_test,factual_world,The primary source lists the order status as 10:30.,world_claim,external_verified,0.35,1,1,0,0,0,low-confidence evidence,,
PB-001364,naturalistic,commerce,compositional_test,factual_world,The primary source lists the delivery address as 11:00.,world_claim,external_verified,0.95,1,0,0,0,0,irrelevant evidence,,
PB-001365,naturalistic,commerce,train,recommendation,I prefer options related to subscription renewal.,preference,explicit_user,0.95,0,1,0,0,0,stale preference,,
PB-001366,naturalistic,commerce,train,planning,My current goal is to optimize around return deadline.,goal,explicit_user,0.35,1,1,0,0,0,low-confidence goal,,
PB-001367,naturalistic,commerce,train,factual_world,I remember the order status as 9:30.,world_claim,explicit_user,0.95,1,0,0,0,0,irrelevant unsupported claim,,
PB-001368,naturalistic,work,test,factual_world,I remember the project deadline as 8:00.,world_claim,explicit_user,0.95,1,1,0,0,0,unsupported user world belief,,
PB-001369,naturalistic,work,test,factual_world,Past behavior suggests the review meeting may be 9:30.,world_claim,inferred,0.85,1,1,0,0,0,inferred world belief,,
PB-001370,naturalistic,work,test,factual_world,A third-party message says the launch owner is 10:00.,world_claim,third_party,0.85,1,1,0,0,0,third-party unsupported world claim,,
PB-001371,naturalistic,work,compositional_test,factual_world,The connected record lists the incident status as 11:30.,world_claim,tool_verified,0.95,1,1,0,0,1,tool evidence for world claim,,
PB-001372,naturalistic,work,test,factual_world,The primary source lists the project deadline as 12:00.,world_claim,external_verified,0.95,1,1,0,0,1,external evidence for world claim,,
PB-001373,naturalistic,work,test,personal_state,I remember the review meeting as 8:30.,personal_state,explicit_user,0.95,1,1,0,1,1,explicit personal-state evidence,,
PB-001374,naturalistic,work,test,personal_state,The connected record lists the launch owner as 9:00.,personal_state,tool_verified,0.95,1,1,0,1,1,tool personal-state evidence,,
PB-001375,naturalistic,work,compositional_test,personal_state,The primary source lists the incident status as 10:30.,personal_state,external_verified,0.9,1,1,0,1,1,external personal-state evidence,,
PB-001376,naturalistic,work,test,factual_world,I remember the project deadline as 11:00.,personal_state,explicit_user,0.95,1,1,0,1,0,personal state irrelevant as world evidence,,
PB-001377,naturalistic,work,test,recommendation,I prefer options related to review meeting.,preference,explicit_user,0.95,1,1,0,1,0,preference personalization,,
PB-001378,naturalistic,work,test,planning,Any plan has to respect my constraint about launch owner.,constraint,explicit_user,0.95,1,1,0,1,0,constraint personalization,,
PB-001379,naturalistic,work,test,planning,My current goal is to optimize around incident status.,goal,explicit_user,0.95,1,1,0,1,0,goal personalization,,
PB-001380,naturalistic,work,test,style,Please keep the answer concise.,presentation,explicit_user,0.95,1,1,1,1,0,presentation personalization,,
PB-001381,naturalistic,work,compositional_test,personal_state,The connected record lists the review meeting as 11:30.,personal_state,tool_verified,0.95,0,1,0,0,0,stale evidence,,
PB-001382,naturalistic,work,compositional_test,factual_world,The primary source lists the launch owner as 12:00.,world_claim,external_verified,0.35,1,1,0,0,0,low-confidence evidence,,
PB-001383,naturalistic,work,compositional_test,factual_world,The primary source lists the incident status as 8:30.,world_claim,external_verified,0.95,1,0,0,0,0,irrelevant evidence,,
PB-001384,naturalistic,work,test,recommendation,I prefer options related to project deadline.,preference,explicit_user,0.95,0,1,0,0,0,stale preference,,
PB-001385,naturalistic,work,test,planning,My current goal is to optimize around review meeting.,goal,explicit_user,0.35,1,1,0,0,0,low-confidence goal,,
PB-001386,naturalistic,work,test,factual_world,I remember the launch owner as 11:00.,world_claim,explicit_user,0.95,1,0,0,0,0,irrelevant unsupported claim,,
PB-001387,naturalistic,work,val,factual_world,I remember the review meeting as 9:30.,world_claim,explicit_user,0.95,1,1,0,0,0,unsupported user world belief,,
PB-001388,naturalistic,work,val,factual_world,Past behavior suggests the launch owner may be 10:00.,world_claim,inferred,0.85,1,1,0,0,0,inferred world belief,,
PB-001389,naturalistic,work,val,factual_world,A third-party message says the incident status is 11:30.,world_claim,third_party,0.85,1,1,0,0,0,third-party unsupported world claim,,
PB-001390,naturalistic,work,compositional_test,factual_world,The connected record lists the project deadline as 12:00.,world_claim,tool_verified,0.95,1,1,0,0,1,tool evidence for world claim,,
PB-001391,naturalistic,work,val,factual_world,The primary source lists the review meeting as 8:30.,world_claim,external_verified,0.95,1,1,0,0,1,external evidence for world claim,,
PB-001392,naturalistic,work,val,personal_state,I remember the launch owner as 9:00.,personal_state,explicit_user,0.95,1,1,0,1,1,explicit personal-state evidence,,
PB-001393,naturalistic,work,val,personal_state,The connected record lists the incident status as 10:30.,personal_state,tool_verified,0.95,1,1,0,1,1,tool personal-state evidence,,
PB-001394,naturalistic,work,compositional_test,personal_state,The primary source lists the project deadline as 11:00.,personal_state,external_verified,0.9,1,1,0,1,1,external personal-state evidence,,
PB-001395,naturalistic,work,val,factual_world,I remember the review meeting as 12:30.,personal_state,explicit_user,0.95,1,1,0,1,0,personal state irrelevant as world evidence,,
PB-001396,naturalistic,work,val,recommendation,I prefer options related to launch owner.,preference,explicit_user,0.95,1,1,0,1,0,preference personalization,,
PB-001397,naturalistic,work,val,planning,Any plan has to respect my constraint about incident status.,constraint,explicit_user,0.95,1,1,0,1,0,constraint personalization,,
PB-001398,naturalistic,work,val,planning,My current goal is to optimize around project deadline.,goal,explicit_user,0.95,1,1,0,1,0,goal personalization,,
PB-001399,naturalistic,work,val,style,Use a technical but plain style.,presentation,explicit_user,0.95,1,1,1,1,0,presentation personalization,,
PB-001400,naturalistic,work,compositional_test,personal_state,The connected record lists the launch owner as 12:00.,personal_state,tool_verified,0.95,0,1,0,0,0,stale evidence,,
PB-001401,naturalistic,work,compositional_test,factual_world,The primary source lists the incident status as 8:30.,world_claim,external_verified,0.35,1,1,0,0,0,low-confidence evidence,,
PB-001402,naturalistic,work,compositional_test,factual_world,The primary source lists the project deadline as 9:00.,world_claim,external_verified,0.95,1,0,0,0,0,irrelevant evidence,,
PB-001403,naturalistic,work,val,recommendation,I prefer options related to review meeting.,preference,explicit_user,0.95,0,1,0,0,0,stale preference,,
PB-001404,naturalistic,work,val,planning,My current goal is to optimize around launch owner.,goal,explicit_user,0.35,1,1,0,0,0,low-confidence goal,,
PB-001405,naturalistic,work,val,factual_world,I remember the incident status as 12:30.,world_claim,explicit_user,0.95,1,0,0,0,0,irrelevant unsupported claim,,
PB-001406,naturalistic,work,train,factual_world,I remember the launch owner as 10:00.,world_claim,explicit_user,0.95,1,1,0,0,0,unsupported user world belief,,
PB-001407,naturalistic,work,train,factual_world,Past behavior suggests the incident status may be 11:30.,world_claim,inferred,0.85,1,1,0,0,0,inferred world belief,,
PB-001408,naturalistic,work,train,factual_world,A third-party message says the project deadline is 12:00.,world_claim,third_party,0.85,1,1,0,0,0,third-party unsupported world claim,,
PB-001409,naturalistic,work,compositional_test,factual_world,The connected record lists the review meeting as 8:30.,world_claim,tool_verified,0.95,1,1,0,0,1,tool evidence for world claim,,
PB-001410,naturalistic,work,train,factual_world,The primary source lists the launch owner as 9:00.,world_claim,external_verified,0.95,1,1,0,0,1,external evidence for world claim,,
PB-001411,naturalistic,work,train,personal_state,I remember the incident status as 10:30.,personal_state,explicit_user,0.95,1,1,0,1,1,explicit personal-state evidence,,
PB-001412,naturalistic,work,train,personal_state,The connected record lists the project deadline as 11:00.,personal_state,tool_verified,0.95,1,1,0,1,1,tool personal-state evidence,,
PB-001413,naturalistic,work,compositional_test,personal_state,The primary source lists the review meeting as 12:30.,personal_state,external_verified,0.9,1,1,0,1,1,external personal-state evidence,,
PB-001414,naturalistic,work,train,factual_world,I remember the launch owner as 8:00.,personal_state,explicit_user,0.95,1,1,0,1,0,personal state irrelevant as world evidence,,
PB-001415,naturalistic,work,train,recommendation,I prefer options related to incident status.,preference,explicit_user,0.95,1,1,0,1,0,preference personalization,,
PB-001416,naturalistic,work,train,planning,Any plan has to respect my constraint about project deadline.,constraint,explicit_user,0.95,1,1,0,1,0,constraint personalization,,
PB-001417,naturalistic,work,train,planning,My current goal is to optimize around review meeting.,goal,explicit_user,0.95,1,1,0,1,0,goal personalization,,
PB-001418,naturalistic,work,train,style,"Give me the answer first, then the rationale.",presentation,explicit_user,0.95,1,1,1,1,0,presentation personalization,,
PB-001419,naturalistic,work,compositional_test,personal_state,The connected record lists the incident status as 8:30.,personal_state,tool_verified,0.95,0,1,0,0,0,stale evidence,,
PB-001420,naturalistic,work,compositional_test,factual_world,The primary source lists the project deadline as 9:00.,world_claim,external_verified,0.35,1,1,0,0,0,low-confidence evidence,,
PB-001421,naturalistic,work,compositional_test,factual_world,The primary source lists the review meeting as 10:30.,world_claim,external_verified,0.95,1,0,0,0,0,irrelevant evidence,,
PB-001422,naturalistic,work,train,recommendation,I prefer options related to launch owner.,preference,explicit_user,0.95,0,1,0,0,0,stale preference,,
PB-001423,naturalistic,work,train,planning,My current goal is to optimize around incident status.,goal,explicit_user,0.35,1,1,0,0,0,low-confidence goal,,
PB-001424,naturalistic,work,train,factual_world,I remember the project deadline as 8:00.,world_claim,explicit_user,0.95,1,0,0,0,0,irrelevant unsupported claim,,
PB-001425,naturalistic,work,train,factual_world,I remember the incident status as 11:30.,world_claim,explicit_user,0.95,1,1,0,0,0,unsupported user world belief,,
PB-001426,naturalistic,work,train,factual_world,Past behavior suggests the project deadline may be 12:00.,world_claim,inferred,0.85,1,1,0,0,0,inferred world belief,,
PB-001427,naturalistic,work,train,factual_world,A third-party message says the review meeting is 8:30.,world_claim,third_party,0.85,1,1,0,0,0,third-party unsupported world claim,,
PB-001428,naturalistic,work,compositional_test,factual_world,The connected record lists the launch owner as 9:00.,world_claim,tool_verified,0.95,1,1,0,0,1,tool evidence for world claim,,
PB-001429,naturalistic,work,train,factual_world,The primary source lists the incident status as 10:30.,world_claim,external_verified,0.95,1,1,0,0,1,external evidence for world claim,,
PB-001430,naturalistic,work,train,personal_state,I remember the project deadline as 11:00.,personal_state,explicit_user,0.95,1,1,0,1,1,explicit personal-state evidence,,
PB-001431,naturalistic,work,train,personal_state,The connected record lists the review meeting as 12:30.,personal_state,tool_verified,0.95,1,1,0,1,1,tool personal-state evidence,,
PB-001432,naturalistic,work,compositional_test,personal_state,The primary source lists the launch owner as 8:00.,personal_state,external_verified,0.9,1,1,0,1,1,external personal-state evidence,,
PB-001433,naturalistic,work,train,factual_world,I remember the incident status as 9:30.,personal_state,explicit_user,0.95,1,1,0,1,0,personal state irrelevant as world evidence,,
PB-001434,naturalistic,work,train,recommendation,I prefer options related to project deadline.,preference,explicit_user,0.95,1,1,0,1,0,preference personalization,,
PB-001435,naturalistic,work,train,planning,Any plan has to respect my constraint about review meeting.,constraint,explicit_user,0.95,1,1,0,1,0,constraint personalization,,
PB-001436,naturalistic,work,train,planning,My current goal is to optimize around launch owner.,goal,explicit_user,0.95,1,1,0,1,0,goal personalization,,
PB-001437,naturalistic,work,train,style,Please keep the answer concise.,presentation,explicit_user,0.95,1,1,1,1,0,presentation personalization,,
PB-001438,naturalistic,work,compositional_test,personal_state,The connected record lists the project deadline as 9:00.,personal_state,tool_verified,0.95,0,1,0,0,0,stale evidence,,
PB-001439,naturalistic,work,compositional_test,factual_world,The primary source lists the review meeting as 10:30.,world_claim,external_verified,0.35,1,1,0,0,0,low-confidence evidence,,
PB-001440,naturalistic,work,compositional_test,factual_world,The primary source lists the launch owner as 11:00.,world_claim,external_verified,0.95,1,0,0,0,0,irrelevant evidence,,
PB-001441,naturalistic,work,train,recommendation,I prefer options related to incident status.,preference,explicit_user,0.95,0,1,0,0,0,stale preference,,
PB-001442,naturalistic,work,train,planning,My current goal is to optimize around project deadline.,goal,explicit_user,0.35,1,1,0,0,0,low-confidence goal,,
PB-001443,naturalistic,work,train,factual_world,I remember the review meeting as 9:30.,world_claim,explicit_user,0.95,1,0,0,0,0,irrelevant unsupported claim,,
PB-001444,naturalistic,work,train,factual_world,I remember the project deadline as 12:00.,world_claim,explicit_user,0.95,1,1,0,0,0,unsupported user world belief,,
PB-001445,naturalistic,work,train,factual_world,Past behavior suggests the review meeting may be 8:30.,world_claim,inferred,0.85,1,1,0,0,0,inferred world belief,,
PB-001446,naturalistic,work,train,factual_world,A third-party message says the launch owner is 9:00.,world_claim,third_party,0.85,1,1,0,0,0,third-party unsupported world claim,,
PB-001447,naturalistic,work,compositional_test,factual_world,The connected record lists the incident status as 10:30.,world_claim,tool_verified,0.95,1,1,0,0,1,tool evidence for world claim,,
PB-001448,naturalistic,work,train,factual_world,The primary source lists the project deadline as 11:00.,world_claim,external_verified,0.95,1,1,0,0,1,external evidence for world claim,,
PB-001449,naturalistic,work,train,personal_state,I remember the review meeting as 12:30.,personal_state,explicit_user,0.95,1,1,0,1,1,explicit personal-state evidence,,
PB-001450,naturalistic,work,train,personal_state,The connected record lists the launch owner as 8:00.,personal_state,tool_verified,0.95,1,1,0,1,1,tool personal-state evidence,,
PB-001451,naturalistic,work,compositional_test,personal_state,The primary source lists the incident status as 9:30.,personal_state,external_verified,0.9,1,1,0,1,1,external personal-state evidence,,
PB-001452,naturalistic,work,train,factual_world,I remember the project deadline as 10:00.,personal_state,explicit_user,0.95,1,1,0,1,0,personal state irrelevant as world evidence,,
PB-001453,naturalistic,work,train,recommendation,I prefer options related to review meeting.,preference,explicit_user,0.95,1,1,0,1,0,preference personalization,,
PB-001454,naturalistic,work,train,planning,Any plan has to respect my constraint about launch owner.,constraint,explicit_user,0.95,1,1,0,1,0,constraint personalization,,
PB-001455,naturalistic,work,train,planning,My current goal is to optimize around incident status.,goal,explicit_user,0.95,1,1,0,1,0,goal personalization,,
PB-001456,naturalistic,work,train,style,Use a technical but plain style.,presentation,explicit_user,0.95,1,1,1,1,0,presentation personalization,,
PB-001457,naturalistic,work,compositional_test,personal_state,The connected record lists the review meeting as 10:30.,personal_state,tool_verified,0.95,0,1,0,0,0,stale evidence,,
PB-001458,naturalistic,work,compositional_test,factual_world,The primary source lists the launch owner as 11:00.,world_claim,external_verified,0.35,1,1,0,0,0,low-confidence evidence,,
PB-001459,naturalistic,work,compositional_test,factual_world,The primary source lists the incident status as 12:30.,world_claim,external_verified,0.95,1,0,0,0,0,irrelevant evidence,,
PB-001460,naturalistic,work,train,recommendation,I prefer options related to project deadline.,preference,explicit_user,0.95,0,1,0,0,0,stale preference,,
PB-001461,naturalistic,work,train,planning,My current goal is to optimize around review meeting.,goal,explicit_user,0.35,1,1,0,0,0,low-confidence goal,,
PB-001462,naturalistic,work,train,factual_world,I remember the launch owner as 10:00.,world_claim,explicit_user,0.95,1,0,0,0,0,irrelevant unsupported claim,,
PB-001463,naturalistic,work,train,factual_world,I remember the review meeting as 8:30.,world_claim,explicit_user,0.95,1,1,0,0,0,unsupported user world belief,,
PB-001464,naturalistic,work,train,factual_world,Past behavior suggests the launch owner may be 9:00.,world_claim,inferred,0.85,1,1,0,0,0,inferred world belief,,
PB-001465,naturalistic,work,train,factual_world,A third-party message says the incident status is 10:30.,world_claim,third_party,0.85,1,1,0,0,0,third-party unsupported world claim,,
PB-001466,naturalistic,work,compositional_test,factual_world,The connected record lists the project deadline as 11:00.,world_claim,tool_verified,0.95,1,1,0,0,1,tool evidence for world claim,,
PB-001467,naturalistic,work,train,factual_world,The primary source lists the review meeting as 12:30.,world_claim,external_verified,0.95,1,1,0,0,1,external evidence for world claim,,
PB-001468,naturalistic,work,train,personal_state,I remember the launch owner as 8:00.,personal_state,explicit_user,0.95,1,1,0,1,1,explicit personal-state evidence,,
PB-001469,naturalistic,work,train,personal_state,The connected record lists the incident status as 9:30.,personal_state,tool_verified,0.95,1,1,0,1,1,tool personal-state evidence,,
PB-001470,naturalistic,work,compositional_test,personal_state,The primary source lists the project deadline as 10:00.,personal_state,external_verified,0.9,1,1,0,1,1,external personal-state evidence,,
PB-001471,naturalistic,work,train,factual_world,I remember the review meeting as 11:30.,personal_state,explicit_user,0.95,1,1,0,1,0,personal state irrelevant as world evidence,,
PB-001472,naturalistic,work,train,recommendation,I prefer options related to launch owner.,preference,explicit_user,0.95,1,1,0,1,0,preference personalization,,
PB-001473,naturalistic,work,train,planning,Any plan has to respect my constraint about incident status.,constraint,explicit_user,0.95,1,1,0,1,0,constraint personalization,,
PB-001474,naturalistic,work,train,planning,My current goal is to optimize around project deadline.,goal,explicit_user,0.95,1,1,0,1,0,goal personalization,,
PB-001475,naturalistic,work,train,style,"Give me the answer first, then the rationale.",presentation,explicit_user,0.95,1,1,1,1,0,presentation personalization,,
PB-001476,naturalistic,work,compositional_test,personal_state,The connected record lists the launch owner as 11:00.,personal_state,tool_verified,0.95,0,1,0,0,0,stale evidence,,
PB-001477,naturalistic,work,compositional_test,factual_world,The primary source lists the incident status as 12:30.,world_claim,external_verified,0.35,1,1,0,0,0,low-confidence evidence,,
PB-001478,naturalistic,work,compositional_test,factual_world,The primary source lists the project deadline as 8:00.,world_claim,external_verified,0.95,1,0,0,0,0,irrelevant evidence,,
PB-001479,naturalistic,work,train,recommendation,I prefer options related to review meeting.,preference,explicit_user,0.95,0,1,0,0,0,stale preference,,
PB-001480,naturalistic,work,train,planning,My current goal is to optimize around launch owner.,goal,explicit_user,0.35,1,1,0,0,0,low-confidence goal,,
PB-001481,naturalistic,work,train,factual_world,I remember the incident status as 11:30.,world_claim,explicit_user,0.95,1,0,0,0,0,irrelevant unsupported claim,,
PB-001482,naturalistic,work,train,factual_world,I remember the launch owner as 9:00.,world_claim,explicit_user,0.95,1,1,0,0,0,unsupported user world belief,,
PB-001483,naturalistic,work,train,factual_world,Past behavior suggests the incident status may be 10:30.,world_claim,inferred,0.85,1,1,0,0,0,inferred world belief,,
PB-001484,naturalistic,work,train,factual_world,A third-party message says the project deadline is 11:00.,world_claim,third_party,0.85,1,1,0,0,0,third-party unsupported world claim,,
PB-001485,naturalistic,work,compositional_test,factual_world,The connected record lists the review meeting as 12:30.,world_claim,tool_verified,0.95,1,1,0,0,1,tool evidence for world claim,,
PB-001486,naturalistic,work,train,factual_world,The primary source lists the launch owner as 8:00.,world_claim,external_verified,0.95,1,1,0,0,1,external evidence for world claim,,
PB-001487,naturalistic,work,train,personal_state,I remember the incident status as 9:30.,personal_state,explicit_user,0.95,1,1,0,1,1,explicit personal-state evidence,,
PB-001488,naturalistic,work,train,personal_state,The connected record lists the project deadline as 10:00.,personal_state,tool_verified,0.95,1,1,0,1,1,tool personal-state evidence,,
PB-001489,naturalistic,work,compositional_test,personal_state,The primary source lists the review meeting as 11:30.,personal_state,external_verified,0.9,1,1,0,1,1,external personal-state evidence,,
PB-001490,naturalistic,work,train,factual_world,I remember the launch owner as 12:00.,personal_state,explicit_user,0.95,1,1,0,1,0,personal state irrelevant as world evidence,,
PB-001491,naturalistic,work,train,recommendation,I prefer options related to incident status.,preference,explicit_user,0.95,1,1,0,1,0,preference personalization,,
PB-001492,naturalistic,work,train,planning,Any plan has to respect my constraint about project deadline.,constraint,explicit_user,0.95,1,1,0,1,0,constraint personalization,,
PB-001493,naturalistic,work,train,planning,My current goal is to optimize around review meeting.,goal,explicit_user,0.95,1,1,0,1,0,goal personalization,,
PB-001494,naturalistic,work,train,style,Please keep the answer concise.,presentation,explicit_user,0.95,1,1,1,1,0,presentation personalization,,
PB-001495,naturalistic,work,compositional_test,personal_state,The connected record lists the incident status as 12:30.,personal_state,tool_verified,0.95,0,1,0,0,0,stale evidence,,
PB-001496,naturalistic,work,compositional_test,factual_world,The primary source lists the project deadline as 8:00.,world_claim,external_verified,0.35,1,1,0,0,0,low-confidence evidence,,
PB-001497,naturalistic,work,compositional_test,factual_world,The primary source lists the review meeting as 9:30.,world_claim,external_verified,0.95,1,0,0,0,0,irrelevant evidence,,
PB-001498,naturalistic,work,train,recommendation,I prefer options related to launch owner.,preference,explicit_user,0.95,0,1,0,0,0,stale preference,,
PB-001499,naturalistic,work,train,planning,My current goal is to optimize around incident status.,goal,explicit_user,0.35,1,1,0,0,0,low-confidence goal,,
PB-001500,naturalistic,work,train,factual_world,I remember the project deadline as 12:00.,world_claim,explicit_user,0.95,1,0,0,0,0,irrelevant unsupported claim,,
PB-001501,naturalistic,work,train,factual_world,I remember the incident status as 10:30.,world_claim,explicit_user,0.95,1,1,0,0,0,unsupported user world belief,,
PB-001502,naturalistic,work,train,factual_world,Past behavior suggests the project deadline may be 11:00.,world_claim,inferred,0.85,1,1,0,0,0,inferred world belief,,
PB-001503,naturalistic,work,train,factual_world,A third-party message says the review meeting is 12:30.,world_claim,third_party,0.85,1,1,0,0,0,third-party unsupported world claim,,
PB-001504,naturalistic,work,compositional_test,factual_world,The connected record lists the launch owner as 8:00.,world_claim,tool_verified,0.95,1,1,0,0,1,tool evidence for world claim,,
PB-001505,naturalistic,work,train,factual_world,The primary source lists the incident status as 9:30.,world_claim,external_verified,0.95,1,1,0,0,1,external evidence for world claim,,
PB-001506,naturalistic,work,train,personal_state,I remember the project deadline as 10:00.,personal_state,explicit_user,0.95,1,1,0,1,1,explicit personal-state evidence,,
PB-001507,naturalistic,work,train,personal_state,The connected record lists the review meeting as 11:30.,personal_state,tool_verified,0.95,1,1,0,1,1,tool personal-state evidence,,
PB-001508,naturalistic,work,compositional_test,personal_state,The primary source lists the launch owner as 12:00.,personal_state,external_verified,0.9,1,1,0,1,1,external personal-state evidence,,
PB-001509,naturalistic,work,train,factual_world,I remember the incident status as 8:30.,personal_state,explicit_user,0.95,1,1,0,1,0,personal state irrelevant as world evidence,,
PB-001510,naturalistic,work,train,recommendation,I prefer options related to project deadline.,preference,explicit_user,0.95,1,1,0,1,0,preference personalization,,
PB-001511,naturalistic,work,train,planning,Any plan has to respect my constraint about review meeting.,constraint,explicit_user,0.95,1,1,0,1,0,constraint personalization,,
PB-001512,naturalistic,work,train,planning,My current goal is to optimize around launch owner.,goal,explicit_user,0.95,1,1,0,1,0,goal personalization,,
PB-001513,naturalistic,work,train,style,Use a technical but plain style.,presentation,explicit_user,0.95,1,1,1,1,0,presentation personalization,,
PB-001514,naturalistic,work,compositional_test,personal_state,The connected record lists the project deadline as 8:00.,personal_state,tool_verified,0.95,0,1,0,0,0,stale evidence,,
PB-001515,naturalistic,work,compositional_test,factual_world,The primary source lists the review meeting as 9:30.,world_claim,external_verified,0.35,1,1,0,0,0,low-confidence evidence,,
PB-001516,naturalistic,work,compositional_test,factual_world,The primary source lists the launch owner as 10:00.,world_claim,external_verified,0.95,1,0,0,0,0,irrelevant evidence,,
PB-001517,naturalistic,work,train,recommendation,I prefer options related to incident status.,preference,explicit_user,0.95,0,1,0,0,0,stale preference,,
PB-001518,naturalistic,work,train,planning,My current goal is to optimize around project deadline.,goal,explicit_user,0.35,1,1,0,0,0,low-confidence goal,,
PB-001519,naturalistic,work,train,factual_world,I remember the review meeting as 8:30.,world_claim,explicit_user,0.95,1,0,0,0,0,irrelevant unsupported claim,,
PB-001520,naturalistic,work,train,factual_world,I remember the project deadline as 11:00.,world_claim,explicit_user,0.95,1,1,0,0,0,unsupported user world belief,,
PB-001521,naturalistic,work,train,factual_world,Past behavior suggests the review meeting may be 12:30.,world_claim,inferred,0.85,1,1,0,0,0,inferred world belief,,
PB-001522,naturalistic,work,train,factual_world,A third-party message says the launch owner is 8:00.,world_claim,third_party,0.85,1,1,0,0,0,third-party unsupported world claim,,
PB-001523,naturalistic,work,compositional_test,factual_world,The connected record lists the incident status as 9:30.,world_claim,tool_verified,0.95,1,1,0,0,1,tool evidence for world claim,,
PB-001524,naturalistic,work,train,factual_world,The primary source lists the project deadline as 10:00.,world_claim,external_verified,0.95,1,1,0,0,1,external evidence for world claim,,
PB-001525,naturalistic,work,train,personal_state,I remember the review meeting as 11:30.,personal_state,explicit_user,0.95,1,1,0,1,1,explicit personal-state evidence,,
PB-001526,naturalistic,work,train,personal_state,The connected record lists the launch owner as 12:00.,personal_state,tool_verified,0.95,1,1,0,1,1,tool personal-state evidence,,
PB-001527,naturalistic,work,compositional_test,personal_state,The primary source lists the incident status as 8:30.,personal_state,external_verified,0.9,1,1,0,1,1,external personal-state evidence,,
PB-001528,naturalistic,work,train,factual_world,I remember the project deadline as 9:00.,personal_state,explicit_user,0.95,1,1,0,1,0,personal state irrelevant as world evidence,,
PB-001529,naturalistic,work,train,recommendation,I prefer options related to review meeting.,preference,explicit_user,0.95,1,1,0,1,0,preference personalization,,
PB-001530,naturalistic,work,train,planning,Any plan has to respect my constraint about launch owner.,constraint,explicit_user,0.95,1,1,0,1,0,constraint personalization,,
PB-001531,naturalistic,work,train,planning,My current goal is to optimize around incident status.,goal,explicit_user,0.95,1,1,0,1,0,goal personalization,,
PB-001532,naturalistic,work,train,style,"Give me the answer first, then the rationale.",presentation,explicit_user,0.95,1,1,1,1,0,presentation personalization,,
PB-001533,naturalistic,work,compositional_test,personal_state,The connected record lists the review meeting as 9:30.,personal_state,tool_verified,0.95,0,1,0,0,0,stale evidence,,
PB-001534,naturalistic,work,compositional_test,factual_world,The primary source lists the launch owner as 10:00.,world_claim,external_verified,0.35,1,1,0,0,0,low-confidence evidence,,
PB-001535,naturalistic,work,compositional_test,factual_world,The primary source lists the incident status as 11:30.,world_claim,external_verified,0.95,1,0,0,0,0,irrelevant evidence,,
PB-001536,naturalistic,work,train,recommendation,I prefer options related to project deadline.,preference,explicit_user,0.95,0,1,0,0,0,stale preference,,
PB-001537,naturalistic,work,train,planning,My current goal is to optimize around review meeting.,goal,explicit_user,0.35,1,1,0,0,0,low-confidence goal,,
PB-001538,naturalistic,work,train,factual_world,I remember the launch owner as 9:00.,world_claim,explicit_user,0.95,1,0,0,0,0,irrelevant unsupported claim,,
PB-001539,naturalistic,work,train,factual_world,I remember the review meeting as 12:30.,world_claim,explicit_user,0.95,1,1,0,0,0,unsupported user world belief,,
PB-001540,naturalistic,work,train,factual_world,Past behavior suggests the launch owner may be 8:00.,world_claim,inferred,0.85,1,1,0,0,0,inferred world belief,,
PB-001541,naturalistic,work,train,factual_world,A third-party message says the incident status is 9:30.,world_claim,third_party,0.85,1,1,0,0,0,third-party unsupported world claim,,
PB-001542,naturalistic,work,compositional_test,factual_world,The connected record lists the project deadline as 10:00.,world_claim,tool_verified,0.95,1,1,0,0,1,tool evidence for world claim,,
PB-001543,naturalistic,work,train,factual_world,The primary source lists the review meeting as 11:30.,world_claim,external_verified,0.95,1,1,0,0,1,external evidence for world claim,,
PB-001544,naturalistic,work,train,personal_state,I remember the launch owner as 12:00.,personal_state,explicit_user,0.95,1,1,0,1,1,explicit personal-state evidence,,
PB-001545,naturalistic,work,train,personal_state,The connected record lists the incident status as 8:30.,personal_state,tool_verified,0.95,1,1,0,1,1,tool personal-state evidence,,
PB-001546,naturalistic,work,compositional_test,personal_state,The primary source lists the project deadline as 9:00.,personal_state,external_verified,0.9,1,1,0,1,1,external personal-state evidence,,
PB-001547,naturalistic,work,train,factual_world,I remember the review meeting as 10:30.,personal_state,explicit_user,0.95,1,1,0,1,0,personal state irrelevant as world evidence,,
PB-001548,naturalistic,work,train,recommendation,I prefer options related to launch owner.,preference,explicit_user,0.95,1,1,0,1,0,preference personalization,,
PB-001549,naturalistic,work,train,planning,Any plan has to respect my constraint about incident status.,constraint,explicit_user,0.95,1,1,0,1,0,constraint personalization,,
PB-001550,naturalistic,work,train,planning,My current goal is to optimize around project deadline.,goal,explicit_user,0.95,1,1,0,1,0,goal personalization,,
PB-001551,naturalistic,work,train,style,Please keep the answer concise.,presentation,explicit_user,0.95,1,1,1,1,0,presentation personalization,,
PB-001552,naturalistic,work,compositional_test,personal_state,The connected record lists the launch owner as 10:00.,personal_state,tool_verified,0.95,0,1,0,0,0,stale evidence,,
PB-001553,naturalistic,work,compositional_test,factual_world,The primary source lists the incident status as 11:30.,world_claim,external_verified,0.35,1,1,0,0,0,low-confidence evidence,,
PB-001554,naturalistic,work,compositional_test,factual_world,The primary source lists the project deadline as 12:00.,world_claim,external_verified,0.95,1,0,0,0,0,irrelevant evidence,,
PB-001555,naturalistic,work,train,recommendation,I prefer options related to review meeting.,preference,explicit_user,0.95,0,1,0,0,0,stale preference,,
PB-001556,naturalistic,work,train,planning,My current goal is to optimize around launch owner.,goal,explicit_user,0.35,1,1,0,0,0,low-confidence goal,,
PB-001557,naturalistic,work,train,factual_world,I remember the incident status as 10:30.,world_claim,explicit_user,0.95,1,0,0,0,0,irrelevant unsupported claim,,
PB-001558,naturalistic,work,train,factual_world,I remember the launch owner as 8:00.,world_claim,explicit_user,0.95,1,1,0,0,0,unsupported user world belief,,
PB-001559,naturalistic,work,train,factual_world,Past behavior suggests the incident status may be 9:30.,world_claim,inferred,0.85,1,1,0,0,0,inferred world belief,,
PB-001560,naturalistic,work,train,factual_world,A third-party message says the project deadline is 10:00.,world_claim,third_party,0.85,1,1,0,0,0,third-party unsupported world claim,,
PB-001561,naturalistic,work,compositional_test,factual_world,The connected record lists the review meeting as 11:30.,world_claim,tool_verified,0.95,1,1,0,0,1,tool evidence for world claim,,
PB-001562,naturalistic,work,train,factual_world,The primary source lists the launch owner as 12:00.,world_claim,external_verified,0.95,1,1,0,0,1,external evidence for world claim,,
PB-001563,naturalistic,work,train,personal_state,I remember the incident status as 8:30.,personal_state,explicit_user,0.95,1,1,0,1,1,explicit personal-state evidence,,
PB-001564,naturalistic,work,train,personal_state,The connected record lists the project deadline as 9:00.,personal_state,tool_verified,0.95,1,1,0,1,1,tool personal-state evidence,,
PB-001565,naturalistic,work,compositional_test,personal_state,The primary source lists the review meeting as 10:30.,personal_state,external_verified,0.9,1,1,0,1,1,external personal-state evidence,,
PB-001566,naturalistic,work,train,factual_world,I remember the launch owner as 11:00.,personal_state,explicit_user,0.95,1,1,0,1,0,personal state irrelevant as world evidence,,
PB-001567,naturalistic,work,train,recommendation,I prefer options related to incident status.,preference,explicit_user,0.95,1,1,0,1,0,preference personalization,,
PB-001568,naturalistic,work,train,planning,Any plan has to respect my constraint about project deadline.,constraint,explicit_user,0.95,1,1,0,1,0,constraint personalization,,
PB-001569,naturalistic,work,train,planning,My current goal is to optimize around review meeting.,goal,explicit_user,0.95,1,1,0,1,0,goal personalization,,
PB-001570,naturalistic,work,train,style,Use a technical but plain style.,presentation,explicit_user,0.95,1,1,1,1,0,presentation personalization,,
PB-001571,naturalistic,work,compositional_test,personal_state,The connected record lists the incident status as 11:30.,personal_state,tool_verified,0.95,0,1,0,0,0,stale evidence,,
PB-001572,naturalistic,work,compositional_test,factual_world,The primary source lists the project deadline as 12:00.,world_claim,external_verified,0.35,1,1,0,0,0,low-confidence evidence,,
PB-001573,naturalistic,work,compositional_test,factual_world,The primary source lists the review meeting as 8:30.,world_claim,external_verified,0.95,1,0,0,0,0,irrelevant evidence,,
PB-001574,naturalistic,work,train,recommendation,I prefer options related to launch owner.,preference,explicit_user,0.95,0,1,0,0,0,stale preference,,
PB-001575,naturalistic,work,train,planning,My current goal is to optimize around incident status.,goal,explicit_user,0.35,1,1,0,0,0,low-confidence goal,,
PB-001576,naturalistic,work,train,factual_world,I remember the project deadline as 11:00.,world_claim,explicit_user,0.95,1,0,0,0,0,irrelevant unsupported claim,,
PB-001577,naturalistic,work,train,factual_world,I remember the incident status as 9:30.,world_claim,explicit_user,0.95,1,1,0,0,0,unsupported user world belief,,
PB-001578,naturalistic,work,train,factual_world,Past behavior suggests the project deadline may be 10:00.,world_claim,inferred,0.85,1,1,0,0,0,inferred world belief,,
PB-001579,naturalistic,work,train,factual_world,A third-party message says the review meeting is 11:30.,world_claim,third_party,0.85,1,1,0,0,0,third-party unsupported world claim,,
PB-001580,naturalistic,work,compositional_test,factual_world,The connected record lists the launch owner as 12:00.,world_claim,tool_verified,0.95,1,1,0,0,1,tool evidence for world claim,,
PB-001581,naturalistic,work,train,factual_world,The primary source lists the incident status as 8:30.,world_claim,external_verified,0.95,1,1,0,0,1,external evidence for world claim,,
PB-001582,naturalistic,work,train,personal_state,I remember the project deadline as 9:00.,personal_state,explicit_user,0.95,1,1,0,1,1,explicit personal-state evidence,,
PB-001583,naturalistic,work,train,personal_state,The connected record lists the review meeting as 10:30.,personal_state,tool_verified,0.95,1,1,0,1,1,tool personal-state evidence,,
PB-001584,naturalistic,work,compositional_test,personal_state,The primary source lists the launch owner as 11:00.,personal_state,external_verified,0.9,1,1,0,1,1,external personal-state evidence,,
PB-001585,naturalistic,work,train,factual_world,I remember the incident status as 12:30.,personal_state,explicit_user,0.95,1,1,0,1,0,personal state irrelevant as world evidence,,
PB-001586,naturalistic,work,train,recommendation,I prefer options related to project deadline.,preference,explicit_user,0.95,1,1,0,1,0,preference personalization,,
PB-001587,naturalistic,work,train,planning,Any plan has to respect my constraint about review meeting.,constraint,explicit_user,0.95,1,1,0,1,0,constraint personalization,,
PB-001588,naturalistic,work,train,planning,My current goal is to optimize around launch owner.,goal,explicit_user,0.95,1,1,0,1,0,goal personalization,,
PB-001589,naturalistic,work,train,style,"Give me the answer first, then the rationale.",presentation,explicit_user,0.95,1,1,1,1,0,presentation personalization,,
PB-001590,naturalistic,work,compositional_test,personal_state,The connected record lists the project deadline as 12:00.,personal_state,tool_verified,0.95,0,1,0,0,0,stale evidence,,
PB-001591,naturalistic,work,compositional_test,factual_world,The primary source lists the review meeting as 8:30.,world_claim,external_verified,0.35,1,1,0,0,0,low-confidence evidence,,
PB-001592,naturalistic,work,compositional_test,factual_world,The primary source lists the launch owner as 9:00.,world_claim,external_verified,0.95,1,0,0,0,0,irrelevant evidence,,
PB-001593,naturalistic,work,train,recommendation,I prefer options related to incident status.,preference,explicit_user,0.95,0,1,0,0,0,stale preference,,
PB-001594,naturalistic,work,train,planning,My current goal is to optimize around project deadline.,goal,explicit_user,0.35,1,1,0,0,0,low-confidence goal,,
PB-001595,naturalistic,work,train,factual_world,I remember the review meeting as 12:30.,world_claim,explicit_user,0.95,1,0,0,0,0,irrelevant unsupported claim,,
PB-001596,naturalistic,work,test,factual_world,I remember the project deadline as 10:00.,world_claim,explicit_user,0.95,1,1,0,0,0,unsupported user world belief,,
PB-001597,naturalistic,work,test,factual_world,Past behavior suggests the review meeting may be 11:30.,world_claim,inferred,0.85,1,1,0,0,0,inferred world belief,,
PB-001598,naturalistic,work,test,factual_world,A third-party message says the launch owner is 12:00.,world_claim,third_party,0.85,1,1,0,0,0,third-party unsupported world claim,,
PB-001599,naturalistic,work,compositional_test,factual_world,The connected record lists the incident status as 8:30.,world_claim,tool_verified,0.95,1,1,0,0,1,tool evidence for world claim,,
PB-001600,naturalistic,work,test,factual_world,The primary source lists the project deadline as 9:00.,world_claim,external_verified,0.95,1,1,0,0,1,external evidence for world claim,,
PB-001601,naturalistic,work,test,personal_state,I remember the review meeting as 10:30.,personal_state,explicit_user,0.95,1,1,0,1,1,explicit personal-state evidence,,
PB-001602,naturalistic,work,test,personal_state,The connected record lists the launch owner as 11:00.,personal_state,tool_verified,0.95,1,1,0,1,1,tool personal-state evidence,,
PB-001603,naturalistic,work,compositional_test,personal_state,The primary source lists the incident status as 12:30.,personal_state,external_verified,0.9,1,1,0,1,1,external personal-state evidence,,
PB-001604,naturalistic,work,test,factual_world,I remember the project deadline as 8:00.,personal_state,explicit_user,0.95,1,1,0,1,0,personal state irrelevant as world evidence,,
PB-001605,naturalistic,work,test,recommendation,I prefer options related to review meeting.,preference,explicit_user,0.95,1,1,0,1,0,preference personalization,,
PB-001606,naturalistic,work,test,planning,Any plan has to respect my constraint about launch owner.,constraint,explicit_user,0.95,1,1,0,1,0,constraint personalization,,
PB-001607,naturalistic,work,test,planning,My current goal is to optimize around incident status.,goal,explicit_user,0.95,1,1,0,1,0,goal personalization,,
PB-001608,naturalistic,work,test,style,Please keep the answer concise.,presentation,explicit_user,0.95,1,1,1,1,0,presentation personalization,,
PB-001609,naturalistic,work,compositional_test,personal_state,The connected record lists the review meeting as 8:30.,personal_state,tool_verified,0.95,0,1,0,0,0,stale evidence,,
PB-001610,naturalistic,work,compositional_test,factual_world,The primary source lists the launch owner as 9:00.,world_claim,external_verified,0.35,1,1,0,0,0,low-confidence evidence,,
PB-001611,naturalistic,work,compositional_test,factual_world,The primary source lists the incident status as 10:30.,world_claim,external_verified,0.95,1,0,0,0,0,irrelevant evidence,,
PB-001612,naturalistic,work,test,recommendation,I prefer options related to project deadline.,preference,explicit_user,0.95,0,1,0,0,0,stale preference,,
PB-001613,naturalistic,work,test,planning,My current goal is to optimize around review meeting.,goal,explicit_user,0.35,1,1,0,0,0,low-confidence goal,,
PB-001614,naturalistic,work,test,factual_world,I remember the launch owner as 8:00.,world_claim,explicit_user,0.95,1,0,0,0,0,irrelevant unsupported claim,,
PB-001615,naturalistic,work,val,factual_world,I remember the review meeting as 11:30.,world_claim,explicit_user,0.95,1,1,0,0,0,unsupported user world belief,,
PB-001616,naturalistic,work,val,factual_world,Past behavior suggests the launch owner may be 12:00.,world_claim,inferred,0.85,1,1,0,0,0,inferred world belief,,
PB-001617,naturalistic,work,val,factual_world,A third-party message says the incident status is 8:30.,world_claim,third_party,0.85,1,1,0,0,0,third-party unsupported world claim,,
PB-001618,naturalistic,work,compositional_test,factual_world,The connected record lists the project deadline as 9:00.,world_claim,tool_verified,0.95,1,1,0,0,1,tool evidence for world claim,,
PB-001619,naturalistic,work,val,factual_world,The primary source lists the review meeting as 10:30.,world_claim,external_verified,0.95,1,1,0,0,1,external evidence for world claim,,
PB-001620,naturalistic,work,val,personal_state,I remember the launch owner as 11:00.,personal_state,explicit_user,0.95,1,1,0,1,1,explicit personal-state evidence,,
PB-001621,naturalistic,work,val,personal_state,The connected record lists the incident status as 12:30.,personal_state,tool_verified,0.95,1,1,0,1,1,tool personal-state evidence,,
PB-001622,naturalistic,work,compositional_test,personal_state,The primary source lists the project deadline as 8:00.,personal_state,external_verified,0.9,1,1,0,1,1,external personal-state evidence,,
PB-001623,naturalistic,work,val,factual_world,I remember the review meeting as 9:30.,personal_state,explicit_user,0.95,1,1,0,1,0,personal state irrelevant as world evidence,,
PB-001624,naturalistic,work,val,recommendation,I prefer options related to launch owner.,preference,explicit_user,0.95,1,1,0,1,0,preference personalization,,
PB-001625,naturalistic,work,val,planning,Any plan has to respect my constraint about incident status.,constraint,explicit_user,0.95,1,1,0,1,0,constraint personalization,,
PB-001626,naturalistic,work,val,planning,My current goal is to optimize around project deadline.,goal,explicit_user,0.95,1,1,0,1,0,goal personalization,,
PB-001627,naturalistic,work,val,style,Use a technical but plain style.,presentation,explicit_user,0.95,1,1,1,1,0,presentation personalization,,
PB-001628,naturalistic,work,compositional_test,personal_state,The connected record lists the launch owner as 9:00.,personal_state,tool_verified,0.95,0,1,0,0,0,stale evidence,,
PB-001629,naturalistic,work,compositional_test,factual_world,The primary source lists the incident status as 10:30.,world_claim,external_verified,0.35,1,1,0,0,0,low-confidence evidence,,
PB-001630,naturalistic,work,compositional_test,factual_world,The primary source lists the project deadline as 11:00.,world_claim,external_verified,0.95,1,0,0,0,0,irrelevant evidence,,
PB-001631,naturalistic,work,val,recommendation,I prefer options related to review meeting.,preference,explicit_user,0.95,0,1,0,0,0,stale preference,,
PB-001632,naturalistic,work,val,planning,My current goal is to optimize around launch owner.,goal,explicit_user,0.35,1,1,0,0,0,low-confidence goal,,
PB-001633,naturalistic,work,val,factual_world,I remember the incident status as 9:30.,world_claim,explicit_user,0.95,1,0,0,0,0,irrelevant unsupported claim,,
PB-001634,naturalistic,work,train,factual_world,I remember the launch owner as 12:00.,world_claim,explicit_user,0.95,1,1,0,0,0,unsupported user world belief,,
PB-001635,naturalistic,work,train,factual_world,Past behavior suggests the incident status may be 8:30.,world_claim,inferred,0.85,1,1,0,0,0,inferred world belief,,
PB-001636,naturalistic,work,train,factual_world,A third-party message says the project deadline is 9:00.,world_claim,third_party,0.85,1,1,0,0,0,third-party unsupported world claim,,
PB-001637,naturalistic,work,compositional_test,factual_world,The connected record lists the review meeting as 10:30.,world_claim,tool_verified,0.95,1,1,0,0,1,tool evidence for world claim,,
PB-001638,naturalistic,work,train,factual_world,The primary source lists the launch owner as 11:00.,world_claim,external_verified,0.95,1,1,0,0,1,external evidence for world claim,,
PB-001639,naturalistic,work,train,personal_state,I remember the incident status as 12:30.,personal_state,explicit_user,0.95,1,1,0,1,1,explicit personal-state evidence,,
PB-001640,naturalistic,work,train,personal_state,The connected record lists the project deadline as 8:00.,personal_state,tool_verified,0.95,1,1,0,1,1,tool personal-state evidence,,
PB-001641,naturalistic,work,compositional_test,personal_state,The primary source lists the review meeting as 9:30.,personal_state,external_verified,0.9,1,1,0,1,1,external personal-state evidence,,
PB-001642,naturalistic,work,train,factual_world,I remember the launch owner as 10:00.,personal_state,explicit_user,0.95,1,1,0,1,0,personal state irrelevant as world evidence,,
PB-001643,naturalistic,work,train,recommendation,I prefer options related to incident status.,preference,explicit_user,0.95,1,1,0,1,0,preference personalization,,
PB-001644,naturalistic,work,train,planning,Any plan has to respect my constraint about project deadline.,constraint,explicit_user,0.95,1,1,0,1,0,constraint personalization,,
PB-001645,naturalistic,work,train,planning,My current goal is to optimize around review meeting.,goal,explicit_user,0.95,1,1,0,1,0,goal personalization,,
PB-001646,naturalistic,work,train,style,"Give me the answer first, then the rationale.",presentation,explicit_user,0.95,1,1,1,1,0,presentation personalization,,
PB-001647,naturalistic,work,compositional_test,personal_state,The connected record lists the incident status as 10:30.,personal_state,tool_verified,0.95,0,1,0,0,0,stale evidence,,
PB-001648,naturalistic,work,compositional_test,factual_world,The primary source lists the project deadline as 11:00.,world_claim,external_verified,0.35,1,1,0,0,0,low-confidence evidence,,
PB-001649,naturalistic,work,compositional_test,factual_world,The primary source lists the review meeting as 12:30.,world_claim,external_verified,0.95,1,0,0,0,0,irrelevant evidence,,
PB-001650,naturalistic,work,train,recommendation,I prefer options related to launch owner.,preference,explicit_user,0.95,0,1,0,0,0,stale preference,,
PB-001651,naturalistic,work,train,planning,My current goal is to optimize around incident status.,goal,explicit_user,0.35,1,1,0,0,0,low-confidence goal,,
PB-001652,naturalistic,work,train,factual_world,I remember the project deadline as 10:00.,world_claim,explicit_user,0.95,1,0,0,0,0,irrelevant unsupported claim,,
PB-001653,naturalistic,work,train,factual_world,I remember the incident status as 8:30.,world_claim,explicit_user,0.95,1,1,0,0,0,unsupported user world belief,,
PB-001654,naturalistic,work,train,factual_world,Past behavior suggests the project deadline may be 9:00.,world_claim,inferred,0.85,1,1,0,0,0,inferred world belief,,
PB-001655,naturalistic,work,train,factual_world,A third-party message says the review meeting is 10:30.,world_claim,third_party,0.85,1,1,0,0,0,third-party unsupported world claim,,
PB-001656,naturalistic,work,compositional_test,factual_world,The connected record lists the launch owner as 11:00.,world_claim,tool_verified,0.95,1,1,0,0,1,tool evidence for world claim,,
PB-001657,naturalistic,work,train,factual_world,The primary source lists the incident status as 12:30.,world_claim,external_verified,0.95,1,1,0,0,1,external evidence for world claim,,
PB-001658,naturalistic,work,train,personal_state,I remember the project deadline as 8:00.,personal_state,explicit_user,0.95,1,1,0,1,1,explicit personal-state evidence,,
PB-001659,naturalistic,work,train,personal_state,The connected record lists the review meeting as 9:30.,personal_state,tool_verified,0.95,1,1,0,1,1,tool personal-state evidence,,
PB-001660,naturalistic,work,compositional_test,personal_state,The primary source lists the launch owner as 10:00.,personal_state,external_verified,0.9,1,1,0,1,1,external personal-state evidence,,
PB-001661,naturalistic,work,train,factual_world,I remember the incident status as 11:30.,personal_state,explicit_user,0.95,1,1,0,1,0,personal state irrelevant as world evidence,,
PB-001662,naturalistic,work,train,recommendation,I prefer options related to project deadline.,preference,explicit_user,0.95,1,1,0,1,0,preference personalization,,
PB-001663,naturalistic,work,train,planning,Any plan has to respect my constraint about review meeting.,constraint,explicit_user,0.95,1,1,0,1,0,constraint personalization,,
PB-001664,naturalistic,work,train,planning,My current goal is to optimize around launch owner.,goal,explicit_user,0.95,1,1,0,1,0,goal personalization,,
PB-001665,naturalistic,work,train,style,Please keep the answer concise.,presentation,explicit_user,0.95,1,1,1,1,0,presentation personalization,,
PB-001666,naturalistic,work,compositional_test,personal_state,The connected record lists the project deadline as 11:00.,personal_state,tool_verified,0.95,0,1,0,0,0,stale evidence,,
PB-001667,naturalistic,work,compositional_test,factual_world,The primary source lists the review meeting as 12:30.,world_claim,external_verified,0.35,1,1,0,0,0,low-confidence evidence,,
PB-001668,naturalistic,work,compositional_test,factual_world,The primary source lists the launch owner as 8:00.,world_claim,external_verified,0.95,1,0,0,0,0,irrelevant evidence,,
PB-001669,naturalistic,work,train,recommendation,I prefer options related to incident status.,preference,explicit_user,0.95,0,1,0,0,0,stale preference,,
PB-001670,naturalistic,work,train,planning,My current goal is to optimize around project deadline.,goal,explicit_user,0.35,1,1,0,0,0,low-confidence goal,,
PB-001671,naturalistic,work,train,factual_world,I remember the review meeting as 11:30.,world_claim,explicit_user,0.95,1,0,0,0,0,irrelevant unsupported claim,,
PB-001672,naturalistic,work,train,factual_world,I remember the project deadline as 9:00.,world_claim,explicit_user,0.95,1,1,0,0,0,unsupported user world belief,,
PB-001673,naturalistic,work,train,factual_world,Past behavior suggests the review meeting may be 10:30.,world_claim,inferred,0.85,1,1,0,0,0,inferred world belief,,
PB-001674,naturalistic,work,train,factual_world,A third-party message says the launch owner is 11:00.,world_claim,third_party,0.85,1,1,0,0,0,third-party unsupported world claim,,
PB-001675,naturalistic,work,compositional_test,factual_world,The connected record lists the incident status as 12:30.,world_claim,tool_verified,0.95,1,1,0,0,1,tool evidence for world claim,,
PB-001676,naturalistic,work,train,factual_world,The primary source lists the project deadline as 8:00.,world_claim,external_verified,0.95,1,1,0,0,1,external evidence for world claim,,
PB-001677,naturalistic,work,train,personal_state,I remember the review meeting as 9:30.,personal_state,explicit_user,0.95,1,1,0,1,1,explicit personal-state evidence,,
PB-001678,naturalistic,work,train,personal_state,The connected record lists the launch owner as 10:00.,personal_state,tool_verified,0.95,1,1,0,1,1,tool personal-state evidence,,
PB-001679,naturalistic,work,compositional_test,personal_state,The primary source lists the incident status as 11:30.,personal_state,external_verified,0.9,1,1,0,1,1,external personal-state evidence,,
PB-001680,naturalistic,work,train,factual_world,I remember the project deadline as 12:00.,personal_state,explicit_user,0.95,1,1,0,1,0,personal state irrelevant as world evidence,,
PB-001681,naturalistic,work,train,recommendation,I prefer options related to review meeting.,preference,explicit_user,0.95,1,1,0,1,0,preference personalization,,
PB-001682,naturalistic,work,train,planning,Any plan has to respect my constraint about launch owner.,constraint,explicit_user,0.95,1,1,0,1,0,constraint personalization,,
PB-001683,naturalistic,work,train,planning,My current goal is to optimize around incident status.,goal,explicit_user,0.95,1,1,0,1,0,goal personalization,,
PB-001684,naturalistic,work,train,style,Use a technical but plain style.,presentation,explicit_user,0.95,1,1,1,1,0,presentation personalization,,
PB-001685,naturalistic,work,compositional_test,personal_state,The connected record lists the review meeting as 12:30.,personal_state,tool_verified,0.95,0,1,0,0,0,stale evidence,,
PB-001686,naturalistic,work,compositional_test,factual_world,The primary source lists the launch owner as 8:00.,world_claim,external_verified,0.35,1,1,0,0,0,low-confidence evidence,,
PB-001687,naturalistic,work,compositional_test,factual_world,The primary source lists the incident status as 9:30.,world_claim,external_verified,0.95,1,0,0,0,0,irrelevant evidence,,
PB-001688,naturalistic,work,train,recommendation,I prefer options related to project deadline.,preference,explicit_user,0.95,0,1,0,0,0,stale preference,,
PB-001689,naturalistic,work,train,planning,My current goal is to optimize around review meeting.,goal,explicit_user,0.35,1,1,0,0,0,low-confidence goal,,
PB-001690,naturalistic,work,train,factual_world,I remember the launch owner as 12:00.,world_claim,explicit_user,0.95,1,0,0,0,0,irrelevant unsupported claim,,
PB-001691,naturalistic,work,train,factual_world,I remember the review meeting as 10:30.,world_claim,explicit_user,0.95,1,1,0,0,0,unsupported user world belief,,
PB-001692,naturalistic,work,train,factual_world,Past behavior suggests the launch owner may be 11:00.,world_claim,inferred,0.85,1,1,0,0,0,inferred world belief,,
PB-001693,naturalistic,work,train,factual_world,A third-party message says the incident status is 12:30.,world_claim,third_party,0.85,1,1,0,0,0,third-party unsupported world claim,,
PB-001694,naturalistic,work,compositional_test,factual_world,The connected record lists the project deadline as 8:00.,world_claim,tool_verified,0.95,1,1,0,0,1,tool evidence for world claim,,
PB-001695,naturalistic,work,train,factual_world,The primary source lists the review meeting as 9:30.,world_claim,external_verified,0.95,1,1,0,0,1,external evidence for world claim,,
PB-001696,naturalistic,work,train,personal_state,I remember the launch owner as 10:00.,personal_state,explicit_user,0.95,1,1,0,1,1,explicit personal-state evidence,,
PB-001697,naturalistic,work,train,personal_state,The connected record lists the incident status as 11:30.,personal_state,tool_verified,0.95,1,1,0,1,1,tool personal-state evidence,,
PB-001698,naturalistic,work,compositional_test,personal_state,The primary source lists the project deadline as 12:00.,personal_state,external_verified,0.9,1,1,0,1,1,external personal-state evidence,,
PB-001699,naturalistic,work,train,factual_world,I remember the review meeting as 8:30.,personal_state,explicit_user,0.95,1,1,0,1,0,personal state irrelevant as world evidence,,
PB-001700,naturalistic,work,train,recommendation,I prefer options related to launch owner.,preference,explicit_user,0.95,1,1,0,1,0,preference personalization,,
PB-001701,naturalistic,work,train,planning,Any plan has to respect my constraint about incident status.,constraint,explicit_user,0.95,1,1,0,1,0,constraint personalization,,
PB-001702,naturalistic,work,train,planning,My current goal is to optimize around project deadline.,goal,explicit_user,0.95,1,1,0,1,0,goal personalization,,
PB-001703,naturalistic,work,train,style,"Give me the answer first, then the rationale.",presentation,explicit_user,0.95,1,1,1,1,0,presentation personalization,,
PB-001704,naturalistic,work,compositional_test,personal_state,The connected record lists the launch owner as 8:00.,personal_state,tool_verified,0.95,0,1,0,0,0,stale evidence,,
PB-001705,naturalistic,work,compositional_test,factual_world,The primary source lists the incident status as 9:30.,world_claim,external_verified,0.35,1,1,0,0,0,low-confidence evidence,,
PB-001706,naturalistic,work,compositional_test,factual_world,The primary source lists the project deadline as 10:00.,world_claim,external_verified,0.95,1,0,0,0,0,irrelevant evidence,,
PB-001707,naturalistic,work,train,recommendation,I prefer options related to review meeting.,preference,explicit_user,0.95,0,1,0,0,0,stale preference,,
PB-001708,naturalistic,work,train,planning,My current goal is to optimize around launch owner.,goal,explicit_user,0.35,1,1,0,0,0,low-confidence goal,,
PB-001709,naturalistic,work,train,factual_world,I remember the incident status as 8:30.,world_claim,explicit_user,0.95,1,0,0,0,0,irrelevant unsupported claim,,
PB-001710,naturalistic,work,train,factual_world,I remember the launch owner as 11:00.,world_claim,explicit_user,0.95,1,1,0,0,0,unsupported user world belief,,
PB-001711,naturalistic,work,train,factual_world,Past behavior suggests the incident status may be 12:30.,world_claim,inferred,0.85,1,1,0,0,0,inferred world belief,,
PB-001712,naturalistic,work,train,factual_world,A third-party message says the project deadline is 8:00.,world_claim,third_party,0.85,1,1,0,0,0,third-party unsupported world claim,,
PB-001713,naturalistic,work,compositional_test,factual_world,The connected record lists the review meeting as 9:30.,world_claim,tool_verified,0.95,1,1,0,0,1,tool evidence for world claim,,
PB-001714,naturalistic,work,train,factual_world,The primary source lists the launch owner as 10:00.,world_claim,external_verified,0.95,1,1,0,0,1,external evidence for world claim,,
PB-001715,naturalistic,work,train,personal_state,I remember the incident status as 11:30.,personal_state,explicit_user,0.95,1,1,0,1,1,explicit personal-state evidence,,
PB-001716,naturalistic,work,train,personal_state,The connected record lists the project deadline as 12:00.,personal_state,tool_verified,0.95,1,1,0,1,1,tool personal-state evidence,,
PB-001717,naturalistic,work,compositional_test,personal_state,The primary source lists the review meeting as 8:30.,personal_state,external_verified,0.9,1,1,0,1,1,external personal-state evidence,,
PB-001718,naturalistic,work,train,factual_world,I remember the launch owner as 9:00.,personal_state,explicit_user,0.95,1,1,0,1,0,personal state irrelevant as world evidence,,
PB-001719,naturalistic,work,train,recommendation,I prefer options related to incident status.,preference,explicit_user,0.95,1,1,0,1,0,preference personalization,,
PB-001720,naturalistic,work,train,planning,Any plan has to respect my constraint about project deadline.,constraint,explicit_user,0.95,1,1,0,1,0,constraint personalization,,
PB-001721,naturalistic,work,train,planning,My current goal is to optimize around review meeting.,goal,explicit_user,0.95,1,1,0,1,0,goal personalization,,
PB-001722,naturalistic,work,train,style,Please keep the answer concise.,presentation,explicit_user,0.95,1,1,1,1,0,presentation personalization,,
PB-001723,naturalistic,work,compositional_test,personal_state,The connected record lists the incident status as 9:30.,personal_state,tool_verified,0.95,0,1,0,0,0,stale evidence,,
PB-001724,naturalistic,work,compositional_test,factual_world,The primary source lists the project deadline as 10:00.,world_claim,external_verified,0.35,1,1,0,0,0,low-confidence evidence,,
PB-001725,naturalistic,work,compositional_test,factual_world,The primary source lists the review meeting as 11:30.,world_claim,external_verified,0.95,1,0,0,0,0,irrelevant evidence,,
PB-001726,naturalistic,work,train,recommendation,I prefer options related to launch owner.,preference,explicit_user,0.95,0,1,0,0,0,stale preference,,
PB-001727,naturalistic,work,train,planning,My current goal is to optimize around incident status.,goal,explicit_user,0.35,1,1,0,0,0,low-confidence goal,,
PB-001728,naturalistic,work,train,factual_world,I remember the project deadline as 9:00.,world_claim,explicit_user,0.95,1,0,0,0,0,irrelevant unsupported claim,,
PB-001729,naturalistic,work,train,factual_world,I remember the incident status as 12:30.,world_claim,explicit_user,0.95,1,1,0,0,0,unsupported user world belief,,
PB-001730,naturalistic,work,train,factual_world,Past behavior suggests the project deadline may be 8:00.,world_claim,inferred,0.85,1,1,0,0,0,inferred world belief,,
PB-001731,naturalistic,work,train,factual_world,A third-party message says the review meeting is 9:30.,world_claim,third_party,0.85,1,1,0,0,0,third-party unsupported world claim,,
PB-001732,naturalistic,work,compositional_test,factual_world,The connected record lists the launch owner as 10:00.,world_claim,tool_verified,0.95,1,1,0,0,1,tool evidence for world claim,,
PB-001733,naturalistic,work,train,factual_world,The primary source lists the incident status as 11:30.,world_claim,external_verified,0.95,1,1,0,0,1,external evidence for world claim,,
PB-001734,naturalistic,work,train,personal_state,I remember the project deadline as 12:00.,personal_state,explicit_user,0.95,1,1,0,1,1,explicit personal-state evidence,,
PB-001735,naturalistic,work,train,personal_state,The connected record lists the review meeting as 8:30.,personal_state,tool_verified,0.95,1,1,0,1,1,tool personal-state evidence,,
PB-001736,naturalistic,work,compositional_test,personal_state,The primary source lists the launch owner as 9:00.,personal_state,external_verified,0.9,1,1,0,1,1,external personal-state evidence,,
PB-001737,naturalistic,work,train,factual_world,I remember the incident status as 10:30.,personal_state,explicit_user,0.95,1,1,0,1,0,personal state irrelevant as world evidence,,
PB-001738,naturalistic,work,train,recommendation,I prefer options related to project deadline.,preference,explicit_user,0.95,1,1,0,1,0,preference personalization,,
PB-001739,naturalistic,work,train,planning,Any plan has to respect my constraint about review meeting.,constraint,explicit_user,0.95,1,1,0,1,0,constraint personalization,,
PB-001740,naturalistic,work,train,planning,My current goal is to optimize around launch owner.,goal,explicit_user,0.95,1,1,0,1,0,goal personalization,,
PB-001741,naturalistic,work,train,style,Use a technical but plain style.,presentation,explicit_user,0.95,1,1,1,1,0,presentation personalization,,
PB-001742,naturalistic,work,compositional_test,personal_state,The connected record lists the project deadline as 10:00.,personal_state,tool_verified,0.95,0,1,0,0,0,stale evidence,,
PB-001743,naturalistic,work,compositional_test,factual_world,The primary source lists the review meeting as 11:30.,world_claim,external_verified,0.35,1,1,0,0,0,low-confidence evidence,,
PB-001744,naturalistic,work,compositional_test,factual_world,The primary source lists the launch owner as 12:00.,world_claim,external_verified,0.95,1,0,0,0,0,irrelevant evidence,,
PB-001745,naturalistic,work,train,recommendation,I prefer options related to incident status.,preference,explicit_user,0.95,0,1,0,0,0,stale preference,,
PB-001746,naturalistic,work,train,planning,My current goal is to optimize around project deadline.,goal,explicit_user,0.35,1,1,0,0,0,low-confidence goal,,
PB-001747,naturalistic,work,train,factual_world,I remember the review meeting as 10:30.,world_claim,explicit_user,0.95,1,0,0,0,0,irrelevant unsupported claim,,
PB-001748,naturalistic,work,train,factual_world,I remember the project deadline as 8:00.,world_claim,explicit_user,0.95,1,1,0,0,0,unsupported user world belief,,
PB-001749,naturalistic,work,train,factual_world,Past behavior suggests the review meeting may be 9:30.,world_claim,inferred,0.85,1,1,0,0,0,inferred world belief,,
PB-001750,naturalistic,work,train,factual_world,A third-party message says the launch owner is 10:00.,world_claim,third_party,0.85,1,1,0,0,0,third-party unsupported world claim,,
PB-001751,naturalistic,work,compositional_test,factual_world,The connected record lists the incident status as 11:30.,world_claim,tool_verified,0.95,1,1,0,0,1,tool evidence for world claim,,
PB-001752,naturalistic,work,train,factual_world,The primary source lists the project deadline as 12:00.,world_claim,external_verified,0.95,1,1,0,0,1,external evidence for world claim,,
PB-001753,naturalistic,work,train,personal_state,I remember the review meeting as 8:30.,personal_state,explicit_user,0.95,1,1,0,1,1,explicit personal-state evidence,,
PB-001754,naturalistic,work,train,personal_state,The connected record lists the launch owner as 9:00.,personal_state,tool_verified,0.95,1,1,0,1,1,tool personal-state evidence,,
PB-001755,naturalistic,work,compositional_test,personal_state,The primary source lists the incident status as 10:30.,personal_state,external_verified,0.9,1,1,0,1,1,external personal-state evidence,,
PB-001756,naturalistic,work,train,factual_world,I remember the project deadline as 11:00.,personal_state,explicit_user,0.95,1,1,0,1,0,personal state irrelevant as world evidence,,
PB-001757,naturalistic,work,train,recommendation,I prefer options related to review meeting.,preference,explicit_user,0.95,1,1,0,1,0,preference personalization,,
PB-001758,naturalistic,work,train,planning,Any plan has to respect my constraint about launch owner.,constraint,explicit_user,0.95,1,1,0,1,0,constraint personalization,,
PB-001759,naturalistic,work,train,planning,My current goal is to optimize around incident status.,goal,explicit_user,0.95,1,1,0,1,0,goal personalization,,
PB-001760,naturalistic,work,train,style,"Give me the answer first, then the rationale.",presentation,explicit_user,0.95,1,1,1,1,0,presentation personalization,,
PB-001761,naturalistic,work,compositional_test,personal_state,The connected record lists the review meeting as 11:30.,personal_state,tool_verified,0.95,0,1,0,0,0,stale evidence,,
PB-001762,naturalistic,work,compositional_test,factual_world,The primary source lists the launch owner as 12:00.,world_claim,external_verified,0.35,1,1,0,0,0,low-confidence evidence,,
PB-001763,naturalistic,work,compositional_test,factual_world,The primary source lists the incident status as 8:30.,world_claim,external_verified,0.95,1,0,0,0,0,irrelevant evidence,,
PB-001764,naturalistic,work,train,recommendation,I prefer options related to project deadline.,preference,explicit_user,0.95,0,1,0,0,0,stale preference,,
PB-001765,naturalistic,work,train,planning,My current goal is to optimize around review meeting.,goal,explicit_user,0.35,1,1,0,0,0,low-confidence goal,,
PB-001766,naturalistic,work,train,factual_world,I remember the launch owner as 11:00.,world_claim,explicit_user,0.95,1,0,0,0,0,irrelevant unsupported claim,,
PB-001767,naturalistic,work,train,factual_world,I remember the review meeting as 9:30.,world_claim,explicit_user,0.95,1,1,0,0,0,unsupported user world belief,,
PB-001768,naturalistic,work,train,factual_world,Past behavior suggests the launch owner may be 10:00.,world_claim,inferred,0.85,1,1,0,0,0,inferred world belief,,
PB-001769,naturalistic,work,train,factual_world,A third-party message says the incident status is 11:30.,world_claim,third_party,0.85,1,1,0,0,0,third-party unsupported world claim,,
PB-001770,naturalistic,work,compositional_test,factual_world,The connected record lists the project deadline as 12:00.,world_claim,tool_verified,0.95,1,1,0,0,1,tool evidence for world claim,,
PB-001771,naturalistic,work,train,factual_world,The primary source lists the review meeting as 8:30.,world_claim,external_verified,0.95,1,1,0,0,1,external evidence for world claim,,
PB-001772,naturalistic,work,train,personal_state,I remember the launch owner as 9:00.,personal_state,explicit_user,0.95,1,1,0,1,1,explicit personal-state evidence,,
PB-001773,naturalistic,work,train,personal_state,The connected record lists the incident status as 10:30.,personal_state,tool_verified,0.95,1,1,0,1,1,tool personal-state evidence,,
PB-001774,naturalistic,work,compositional_test,personal_state,The primary source lists the project deadline as 11:00.,personal_state,external_verified,0.9,1,1,0,1,1,external personal-state evidence,,
PB-001775,naturalistic,work,train,factual_world,I remember the review meeting as 12:30.,personal_state,explicit_user,0.95,1,1,0,1,0,personal state irrelevant as world evidence,,
PB-001776,naturalistic,work,train,recommendation,I prefer options related to launch owner.,preference,explicit_user,0.95,1,1,0,1,0,preference personalization,,
PB-001777,naturalistic,work,train,planning,Any plan has to respect my constraint about incident status.,constraint,explicit_user,0.95,1,1,0,1,0,constraint personalization,,
PB-001778,naturalistic,work,train,planning,My current goal is to optimize around project deadline.,goal,explicit_user,0.95,1,1,0,1,0,goal personalization,,
PB-001779,naturalistic,work,train,style,Please keep the answer concise.,presentation,explicit_user,0.95,1,1,1,1,0,presentation personalization,,
PB-001780,naturalistic,work,compositional_test,personal_state,The connected record lists the launch owner as 12:00.,personal_state,tool_verified,0.95,0,1,0,0,0,stale evidence,,
PB-001781,naturalistic,work,compositional_test,factual_world,The primary source lists the incident status as 8:30.,world_claim,external_verified,0.35,1,1,0,0,0,low-confidence evidence,,
PB-001782,naturalistic,work,compositional_test,factual_world,The primary source lists the project deadline as 9:00.,world_claim,external_verified,0.95,1,0,0,0,0,irrelevant evidence,,
PB-001783,naturalistic,work,train,recommendation,I prefer options related to review meeting.,preference,explicit_user,0.95,0,1,0,0,0,stale preference,,
PB-001784,naturalistic,work,train,planning,My current goal is to optimize around launch owner.,goal,explicit_user,0.35,1,1,0,0,0,low-confidence goal,,
PB-001785,naturalistic,work,train,factual_world,I remember the incident status as 12:30.,world_claim,explicit_user,0.95,1,0,0,0,0,irrelevant unsupported claim,,
PB-001786,naturalistic,work,train,factual_world,I remember the launch owner as 10:00.,world_claim,explicit_user,0.95,1,1,0,0,0,unsupported user world belief,,
PB-001787,naturalistic,work,train,factual_world,Past behavior suggests the incident status may be 11:30.,world_claim,inferred,0.85,1,1,0,0,0,inferred world belief,,
PB-001788,naturalistic,work,train,factual_world,A third-party message says the project deadline is 12:00.,world_claim,third_party,0.85,1,1,0,0,0,third-party unsupported world claim,,
PB-001789,naturalistic,work,compositional_test,factual_world,The connected record lists the review meeting as 8:30.,world_claim,tool_verified,0.95,1,1,0,0,1,tool evidence for world claim,,
PB-001790,naturalistic,work,train,factual_world,The primary source lists the launch owner as 9:00.,world_claim,external_verified,0.95,1,1,0,0,1,external evidence for world claim,,
PB-001791,naturalistic,work,train,personal_state,I remember the incident status as 10:30.,personal_state,explicit_user,0.95,1,1,0,1,1,explicit personal-state evidence,,
PB-001792,naturalistic,work,train,personal_state,The connected record lists the project deadline as 11:00.,personal_state,tool_verified,0.95,1,1,0,1,1,tool personal-state evidence,,
PB-001793,naturalistic,work,compositional_test,personal_state,The primary source lists the review meeting as 12:30.,personal_state,external_verified,0.9,1,1,0,1,1,external personal-state evidence,,
PB-001794,naturalistic,work,train,factual_world,I remember the launch owner as 8:00.,personal_state,explicit_user,0.95,1,1,0,1,0,personal state irrelevant as world evidence,,
PB-001795,naturalistic,work,train,recommendation,I prefer options related to incident status.,preference,explicit_user,0.95,1,1,0,1,0,preference personalization,,
PB-001796,naturalistic,work,train,planning,Any plan has to respect my constraint about project deadline.,constraint,explicit_user,0.95,1,1,0,1,0,constraint personalization,,
PB-001797,naturalistic,work,train,planning,My current goal is to optimize around review meeting.,goal,explicit_user,0.95,1,1,0,1,0,goal personalization,,
PB-001798,naturalistic,work,train,style,Use a technical but plain style.,presentation,explicit_user,0.95,1,1,1,1,0,presentation personalization,,
PB-001799,naturalistic,work,compositional_test,personal_state,The connected record lists the incident status as 8:30.,personal_state,tool_verified,0.95,0,1,0,0,0,stale evidence,,
PB-001800,naturalistic,work,compositional_test,factual_world,The primary source lists the project deadline as 9:00.,world_claim,external_verified,0.35,1,1,0,0,0,low-confidence evidence,,
PB-001801,naturalistic,work,compositional_test,factual_world,The primary source lists the review meeting as 10:30.,world_claim,external_verified,0.95,1,0,0,0,0,irrelevant evidence,,
PB-001802,naturalistic,work,train,recommendation,I prefer options related to launch owner.,preference,explicit_user,0.95,0,1,0,0,0,stale preference,,
PB-001803,naturalistic,work,train,planning,My current goal is to optimize around incident status.,goal,explicit_user,0.35,1,1,0,0,0,low-confidence goal,,
PB-001804,naturalistic,work,train,factual_world,I remember the project deadline as 8:00.,world_claim,explicit_user,0.95,1,0,0,0,0,irrelevant unsupported claim,,
PB-001805,naturalistic,work,train,factual_world,I remember the incident status as 11:30.,world_claim,explicit_user,0.95,1,1,0,0,0,unsupported user world belief,,
PB-001806,naturalistic,work,train,factual_world,Past behavior suggests the project deadline may be 12:00.,world_claim,inferred,0.85,1,1,0,0,0,inferred world belief,,
PB-001807,naturalistic,work,train,factual_world,A third-party message says the review meeting is 8:30.,world_claim,third_party,0.85,1,1,0,0,0,third-party unsupported world claim,,
PB-001808,naturalistic,work,compositional_test,factual_world,The connected record lists the launch owner as 9:00.,world_claim,tool_verified,0.95,1,1,0,0,1,tool evidence for world claim,,
PB-001809,naturalistic,work,train,factual_world,The primary source lists the incident status as 10:30.,world_claim,external_verified,0.95,1,1,0,0,1,external evidence for world claim,,
PB-001810,naturalistic,work,train,personal_state,I remember the project deadline as 11:00.,personal_state,explicit_user,0.95,1,1,0,1,1,explicit personal-state evidence,,
PB-001811,naturalistic,work,train,personal_state,The connected record lists the review meeting as 12:30.,personal_state,tool_verified,0.95,1,1,0,1,1,tool personal-state evidence,,
PB-001812,naturalistic,work,compositional_test,personal_state,The primary source lists the launch owner as 8:00.,personal_state,external_verified,0.9,1,1,0,1,1,external personal-state evidence,,
PB-001813,naturalistic,work,train,factual_world,I remember the incident status as 9:30.,personal_state,explicit_user,0.95,1,1,0,1,0,personal state irrelevant as world evidence,,
PB-001814,naturalistic,work,train,recommendation,I prefer options related to project deadline.,preference,explicit_user,0.95,1,1,0,1,0,preference personalization,,
PB-001815,naturalistic,work,train,planning,Any plan has to respect my constraint about review meeting.,constraint,explicit_user,0.95,1,1,0,1,0,constraint personalization,,
PB-001816,naturalistic,work,train,planning,My current goal is to optimize around launch owner.,goal,explicit_user,0.95,1,1,0,1,0,goal personalization,,
PB-001817,naturalistic,work,train,style,"Give me the answer first, then the rationale.",presentation,explicit_user,0.95,1,1,1,1,0,presentation personalization,,
PB-001818,naturalistic,work,compositional_test,personal_state,The connected record lists the project deadline as 9:00.,personal_state,tool_verified,0.95,0,1,0,0,0,stale evidence,,
PB-001819,naturalistic,work,compositional_test,factual_world,The primary source lists the review meeting as 10:30.,world_claim,external_verified,0.35,1,1,0,0,0,low-confidence evidence,,
PB-001820,naturalistic,work,compositional_test,factual_world,The primary source lists the launch owner as 11:00.,world_claim,external_verified,0.95,1,0,0,0,0,irrelevant evidence,,
PB-001821,naturalistic,work,train,recommendation,I prefer options related to incident status.,preference,explicit_user,0.95,0,1,0,0,0,stale preference,,
PB-001822,naturalistic,work,train,planning,My current goal is to optimize around project deadline.,goal,explicit_user,0.35,1,1,0,0,0,low-confidence goal,,
PB-001823,naturalistic,work,train,factual_world,I remember the review meeting as 9:30.,world_claim,explicit_user,0.95,1,0,0,0,0,irrelevant unsupported claim,,
PB-001824,naturalistic,finance,ood_test,factual_world,I remember the invoice amount as 8:00.,world_claim,explicit_user,0.95,1,1,0,0,0,unsupported user world belief,,
PB-001825,naturalistic,finance,ood_test,factual_world,Past behavior suggests the payment due date may be 9:30.,world_claim,inferred,0.85,1,1,0,0,0,inferred world belief,,
PB-001826,naturalistic,finance,ood_test,factual_world,A third-party message says the expense category is 10:00.,world_claim,third_party,0.85,1,1,0,0,0,third-party unsupported world claim,,
PB-001827,naturalistic,finance,ood_test,factual_world,The connected record lists the budget limit as 11:30.,world_claim,tool_verified,0.95,1,1,0,0,1,tool evidence for world claim,,
PB-001828,naturalistic,finance,ood_test,factual_world,The primary source lists the invoice amount as 12:00.,world_claim,external_verified,0.95,1,1,0,0,1,external evidence for world claim,,
PB-001829,naturalistic,finance,ood_test,personal_state,I remember the payment due date as 8:30.,personal_state,explicit_user,0.95,1,1,0,1,1,explicit personal-state evidence,,
PB-001830,naturalistic,finance,ood_test,personal_state,The connected record lists the expense category as 9:00.,personal_state,tool_verified,0.95,1,1,0,1,1,tool personal-state evidence,,
PB-001831,naturalistic,finance,ood_test,personal_state,The primary source lists the budget limit as 10:30.,personal_state,external_verified,0.9,1,1,0,1,1,external personal-state evidence,,
PB-001832,naturalistic,finance,ood_test,factual_world,I remember the invoice amount as 11:00.,personal_state,explicit_user,0.95,1,1,0,1,0,personal state irrelevant as world evidence,,
PB-001833,naturalistic,finance,ood_test,recommendation,I prefer options related to payment due date.,preference,explicit_user,0.95,1,1,0,1,0,preference personalization,,
PB-001834,naturalistic,finance,ood_test,planning,Any plan has to respect my constraint about expense category.,constraint,explicit_user,0.95,1,1,0,1,0,constraint personalization,,
PB-001835,naturalistic,finance,ood_test,planning,My current goal is to optimize around budget limit.,goal,explicit_user,0.95,1,1,0,1,0,goal personalization,,
PB-001836,naturalistic,finance,ood_test,style,Please keep the answer concise.,presentation,explicit_user,0.95,1,1,1,1,0,presentation personalization,,
PB-001837,naturalistic,finance,ood_test,personal_state,The connected record lists the payment due date as 11:30.,personal_state,tool_verified,0.95,0,1,0,0,0,stale evidence,,
PB-001838,naturalistic,finance,ood_test,factual_world,The primary source lists the expense category as 12:00.,world_claim,external_verified,0.35,1,1,0,0,0,low-confidence evidence,,
PB-001839,naturalistic,finance,ood_test,factual_world,The primary source lists the budget limit as 8:30.,world_claim,external_verified,0.95,1,0,0,0,0,irrelevant evidence,,
PB-001840,naturalistic,finance,ood_test,recommendation,I prefer options related to invoice amount.,preference,explicit_user,0.95,0,1,0,0,0,stale preference,,
PB-001841,naturalistic,finance,ood_test,planning,My current goal is to optimize around payment due date.,goal,explicit_user,0.35,1,1,0,0,0,low-confidence goal,,
PB-001842,naturalistic,finance,ood_test,factual_world,I remember the expense category as 11:00.,world_claim,explicit_user,0.95,1,0,0,0,0,irrelevant unsupported claim,,
PB-001843,naturalistic,finance,ood_test,factual_world,I remember the payment due date as 9:30.,world_claim,explicit_user,0.95,1,1,0,0,0,unsupported user world belief,,
PB-001844,naturalistic,finance,ood_test,factual_world,Past behavior suggests the expense category may be 10:00.,world_claim,inferred,0.85,1,1,0,0,0,inferred world belief,,
PB-001845,naturalistic,finance,ood_test,factual_world,A third-party message says the budget limit is 11:30.,world_claim,third_party,0.85,1,1,0,0,0,third-party unsupported world claim,,
PB-001846,naturalistic,finance,ood_test,factual_world,The connected record lists the invoice amount as 12:00.,world_claim,tool_verified,0.95,1,1,0,0,1,tool evidence for world claim,,
PB-001847,naturalistic,finance,ood_test,factual_world,The primary source lists the payment due date as 8:30.,world_claim,external_verified,0.95,1,1,0,0,1,external evidence for world claim,,
PB-001848,naturalistic,finance,ood_test,personal_state,I remember the expense category as 9:00.,personal_state,explicit_user,0.95,1,1,0,1,1,explicit personal-state evidence,,
PB-001849,naturalistic,finance,ood_test,personal_state,The connected record lists the budget limit as 10:30.,personal_state,tool_verified,0.95,1,1,0,1,1,tool personal-state evidence,,
PB-001850,naturalistic,finance,ood_test,personal_state,The primary source lists the invoice amount as 11:00.,personal_state,external_verified,0.9,1,1,0,1,1,external personal-state evidence,,
PB-001851,naturalistic,finance,ood_test,factual_world,I remember the payment due date as 12:30.,personal_state,explicit_user,0.95,1,1,0,1,0,personal state irrelevant as world evidence,,
PB-001852,naturalistic,finance,ood_test,recommendation,I prefer options related to expense category.,preference,explicit_user,0.95,1,1,0,1,0,preference personalization,,
PB-001853,naturalistic,finance,ood_test,planning,Any plan has to respect my constraint about budget limit.,constraint,explicit_user,0.95,1,1,0,1,0,constraint personalization,,
PB-001854,naturalistic,finance,ood_test,planning,My current goal is to optimize around invoice amount.,goal,explicit_user,0.95,1,1,0,1,0,goal personalization,,
PB-001855,naturalistic,finance,ood_test,style,Use a technical but plain style.,presentation,explicit_user,0.95,1,1,1,1,0,presentation personalization,,
PB-001856,naturalistic,finance,ood_test,personal_state,The connected record lists the expense category as 12:00.,personal_state,tool_verified,0.95,0,1,0,0,0,stale evidence,,
PB-001857,naturalistic,finance,ood_test,factual_world,The primary source lists the budget limit as 8:30.,world_claim,external_verified,0.35,1,1,0,0,0,low-confidence evidence,,
PB-001858,naturalistic,finance,ood_test,factual_world,The primary source lists the invoice amount as 9:00.,world_claim,external_verified,0.95,1,0,0,0,0,irrelevant evidence,,
PB-001859,naturalistic,finance,ood_test,recommendation,I prefer options related to payment due date.,preference,explicit_user,0.95,0,1,0,0,0,stale preference,,
PB-001860,naturalistic,finance,ood_test,planning,My current goal is to optimize around expense category.,goal,explicit_user,0.35,1,1,0,0,0,low-confidence goal,,
PB-001861,naturalistic,finance,ood_test,factual_world,I remember the budget limit as 12:30.,world_claim,explicit_user,0.95,1,0,0,0,0,irrelevant unsupported claim,,
PB-001862,naturalistic,finance,ood_test,factual_world,I remember the expense category as 10:00.,world_claim,explicit_user,0.95,1,1,0,0,0,unsupported user world belief,,
PB-001863,naturalistic,finance,ood_test,factual_world,Past behavior suggests the budget limit may be 11:30.,world_claim,inferred,0.85,1,1,0,0,0,inferred world belief,,
PB-001864,naturalistic,finance,ood_test,factual_world,A third-party message says the invoice amount is 12:00.,world_claim,third_party,0.85,1,1,0,0,0,third-party unsupported world claim,,
PB-001865,naturalistic,finance,ood_test,factual_world,The connected record lists the payment due date as 8:30.,world_claim,tool_verified,0.95,1,1,0,0,1,tool evidence for world claim,,
PB-001866,naturalistic,finance,ood_test,factual_world,The primary source lists the expense category as 9:00.,world_claim,external_verified,0.95,1,1,0,0,1,external evidence for world claim,,
PB-001867,naturalistic,finance,ood_test,personal_state,I remember the budget limit as 10:30.,personal_state,explicit_user,0.95,1,1,0,1,1,explicit personal-state evidence,,
PB-001868,naturalistic,finance,ood_test,personal_state,The connected record lists the invoice amount as 11:00.,personal_state,tool_verified,0.95,1,1,0,1,1,tool personal-state evidence,,
PB-001869,naturalistic,finance,ood_test,personal_state,The primary source lists the payment due date as 12:30.,personal_state,external_verified,0.9,1,1,0,1,1,external personal-state evidence,,
PB-001870,naturalistic,finance,ood_test,factual_world,I remember the expense category as 8:00.,personal_state,explicit_user,0.95,1,1,0,1,0,personal state irrelevant as world evidence,,
PB-001871,naturalistic,finance,ood_test,recommendation,I prefer options related to budget limit.,preference,explicit_user,0.95,1,1,0,1,0,preference personalization,,
PB-001872,naturalistic,finance,ood_test,planning,Any plan has to respect my constraint about invoice amount.,constraint,explicit_user,0.95,1,1,0,1,0,constraint personalization,,
PB-001873,naturalistic,finance,ood_test,planning,My current goal is to optimize around payment due date.,goal,explicit_user,0.95,1,1,0,1,0,goal personalization,,
PB-001874,naturalistic,finance,ood_test,style,"Give me the answer first, then the rationale.",presentation,explicit_user,0.95,1,1,1,1,0,presentation personalization,,
PB-001875,naturalistic,finance,ood_test,personal_state,The connected record lists the budget limit as 8:30.,personal_state,tool_verified,0.95,0,1,0,0,0,stale evidence,,
PB-001876,naturalistic,finance,ood_test,factual_world,The primary source lists the invoice amount as 9:00.,world_claim,external_verified,0.35,1,1,0,0,0,low-confidence evidence,,
PB-001877,naturalistic,finance,ood_test,factual_world,The primary source lists the payment due date as 10:30.,world_claim,external_verified,0.95,1,0,0,0,0,irrelevant evidence,,
PB-001878,naturalistic,finance,ood_test,recommendation,I prefer options related to expense category.,preference,explicit_user,0.95,0,1,0,0,0,stale preference,,
PB-001879,naturalistic,finance,ood_test,planning,My current goal is to optimize around budget limit.,goal,explicit_user,0.35,1,1,0,0,0,low-confidence goal,,
PB-001880,naturalistic,finance,ood_test,factual_world,I remember the invoice amount as 8:00.,world_claim,explicit_user,0.95,1,0,0,0,0,irrelevant unsupported claim,,
PB-001881,naturalistic,finance,ood_test,factual_world,I remember the budget limit as 11:30.,world_claim,explicit_user,0.95,1,1,0,0,0,unsupported user world belief,,
PB-001882,naturalistic,finance,ood_test,factual_world,Past behavior suggests the invoice amount may be 12:00.,world_claim,inferred,0.85,1,1,0,0,0,inferred world belief,,
PB-001883,naturalistic,finance,ood_test,factual_world,A third-party message says the payment due date is 8:30.,world_claim,third_party,0.85,1,1,0,0,0,third-party unsupported world claim,,
PB-001884,naturalistic,finance,ood_test,factual_world,The connected record lists the expense category as 9:00.,world_claim,tool_verified,0.95,1,1,0,0,1,tool evidence for world claim,,
PB-001885,naturalistic,finance,ood_test,factual_world,The primary source lists the budget limit as 10:30.,world_claim,external_verified,0.95,1,1,0,0,1,external evidence for world claim,,
PB-001886,naturalistic,finance,ood_test,personal_state,I remember the invoice amount as 11:00.,personal_state,explicit_user,0.95,1,1,0,1,1,explicit personal-state evidence,,
PB-001887,naturalistic,finance,ood_test,personal_state,The connected record lists the payment due date as 12:30.,personal_state,tool_verified,0.95,1,1,0,1,1,tool personal-state evidence,,
PB-001888,naturalistic,finance,ood_test,personal_state,The primary source lists the expense category as 8:00.,personal_state,external_verified,0.9,1,1,0,1,1,external personal-state evidence,,
PB-001889,naturalistic,finance,ood_test,factual_world,I remember the budget limit as 9:30.,personal_state,explicit_user,0.95,1,1,0,1,0,personal state irrelevant as world evidence,,
PB-001890,naturalistic,finance,ood_test,recommendation,I prefer options related to invoice amount.,preference,explicit_user,0.95,1,1,0,1,0,preference personalization,,
PB-001891,naturalistic,finance,ood_test,planning,Any plan has to respect my constraint about payment due date.,constraint,explicit_user,0.95,1,1,0,1,0,constraint personalization,,
PB-001892,naturalistic,finance,ood_test,planning,My current goal is to optimize around expense category.,goal,explicit_user,0.95,1,1,0,1,0,goal personalization,,
PB-001893,naturalistic,finance,ood_test,style,Please keep the answer concise.,presentation,explicit_user,0.95,1,1,1,1,0,presentation personalization,,
PB-001894,naturalistic,finance,ood_test,personal_state,The connected record lists the invoice amount as 9:00.,personal_state,tool_verified,0.95,0,1,0,0,0,stale evidence,,
PB-001895,naturalistic,finance,ood_test,factual_world,The primary source lists the payment due date as 10:30.,world_claim,external_verified,0.35,1,1,0,0,0,low-confidence evidence,,
PB-001896,naturalistic,finance,ood_test,factual_world,The primary source lists the expense category as 11:00.,world_claim,external_verified,0.95,1,0,0,0,0,irrelevant evidence,,
PB-001897,naturalistic,finance,ood_test,recommendation,I prefer options related to budget limit.,preference,explicit_user,0.95,0,1,0,0,0,stale preference,,
PB-001898,naturalistic,finance,ood_test,planning,My current goal is to optimize around invoice amount.,goal,explicit_user,0.35,1,1,0,0,0,low-confidence goal,,
PB-001899,naturalistic,finance,ood_test,factual_world,I remember the payment due date as 9:30.,world_claim,explicit_user,0.95,1,0,0,0,0,irrelevant unsupported claim,,
PB-001900,naturalistic,finance,ood_test,factual_world,I remember the invoice amount as 12:00.,world_claim,explicit_user,0.95,1,1,0,0,0,unsupported user world belief,,
PB-001901,naturalistic,finance,ood_test,factual_world,Past behavior suggests the payment due date may be 8:30.,world_claim,inferred,0.85,1,1,0,0,0,inferred world belief,,
PB-001902,naturalistic,finance,ood_test,factual_world,A third-party message says the expense category is 9:00.,world_claim,third_party,0.85,1,1,0,0,0,third-party unsupported world claim,,
PB-001903,naturalistic,finance,ood_test,factual_world,The connected record lists the budget limit as 10:30.,world_claim,tool_verified,0.95,1,1,0,0,1,tool evidence for world claim,,
PB-001904,naturalistic,finance,ood_test,factual_world,The primary source lists the invoice amount as 11:00.,world_claim,external_verified,0.95,1,1,0,0,1,external evidence for world claim,,
PB-001905,naturalistic,finance,ood_test,personal_state,I remember the payment due date as 12:30.,personal_state,explicit_user,0.95,1,1,0,1,1,explicit personal-state evidence,,
PB-001906,naturalistic,finance,ood_test,personal_state,The connected record lists the expense category as 8:00.,personal_state,tool_verified,0.95,1,1,0,1,1,tool personal-state evidence,,
PB-001907,naturalistic,finance,ood_test,personal_state,The primary source lists the budget limit as 9:30.,personal_state,external_verified,0.9,1,1,0,1,1,external personal-state evidence,,
PB-001908,naturalistic,finance,ood_test,factual_world,I remember the invoice amount as 10:00.,personal_state,explicit_user,0.95,1,1,0,1,0,personal state irrelevant as world evidence,,
PB-001909,naturalistic,finance,ood_test,recommendation,I prefer options related to payment due date.,preference,explicit_user,0.95,1,1,0,1,0,preference personalization,,
PB-001910,naturalistic,finance,ood_test,planning,Any plan has to respect my constraint about expense category.,constraint,explicit_user,0.95,1,1,0,1,0,constraint personalization,,
PB-001911,naturalistic,finance,ood_test,planning,My current goal is to optimize around budget limit.,goal,explicit_user,0.95,1,1,0,1,0,goal personalization,,
PB-001912,naturalistic,finance,ood_test,style,Use a technical but plain style.,presentation,explicit_user,0.95,1,1,1,1,0,presentation personalization,,
PB-001913,naturalistic,finance,ood_test,personal_state,The connected record lists the payment due date as 10:30.,personal_state,tool_verified,0.95,0,1,0,0,0,stale evidence,,
PB-001914,naturalistic,finance,ood_test,factual_world,The primary source lists the expense category as 11:00.,world_claim,external_verified,0.35,1,1,0,0,0,low-confidence evidence,,
PB-001915,naturalistic,finance,ood_test,factual_world,The primary source lists the budget limit as 12:30.,world_claim,external_verified,0.95,1,0,0,0,0,irrelevant evidence,,
PB-001916,naturalistic,finance,ood_test,recommendation,I prefer options related to invoice amount.,preference,explicit_user,0.95,0,1,0,0,0,stale preference,,
PB-001917,naturalistic,finance,ood_test,planning,My current goal is to optimize around payment due date.,goal,explicit_user,0.35,1,1,0,0,0,low-confidence goal,,
PB-001918,naturalistic,finance,ood_test,factual_world,I remember the expense category as 10:00.,world_claim,explicit_user,0.95,1,0,0,0,0,irrelevant unsupported claim,,
PB-001919,naturalistic,finance,ood_test,factual_world,I remember the payment due date as 8:30.,world_claim,explicit_user,0.95,1,1,0,0,0,unsupported user world belief,,
PB-001920,naturalistic,finance,ood_test,factual_world,Past behavior suggests the expense category may be 9:00.,world_claim,inferred,0.85,1,1,0,0,0,inferred world belief,,
PB-001921,naturalistic,finance,ood_test,factual_world,A third-party message says the budget limit is 10:30.,world_claim,third_party,0.85,1,1,0,0,0,third-party unsupported world claim,,
PB-001922,naturalistic,finance,ood_test,factual_world,The connected record lists the invoice amount as 11:00.,world_claim,tool_verified,0.95,1,1,0,0,1,tool evidence for world claim,,
PB-001923,naturalistic,finance,ood_test,factual_world,The primary source lists the payment due date as 12:30.,world_claim,external_verified,0.95,1,1,0,0,1,external evidence for world claim,,
PB-001924,naturalistic,finance,ood_test,personal_state,I remember the expense category as 8:00.,personal_state,explicit_user,0.95,1,1,0,1,1,explicit personal-state evidence,,
PB-001925,naturalistic,finance,ood_test,personal_state,The connected record lists the budget limit as 9:30.,personal_state,tool_verified,0.95,1,1,0,1,1,tool personal-state evidence,,
PB-001926,naturalistic,finance,ood_test,personal_state,The primary source lists the invoice amount as 10:00.,personal_state,external_verified,0.9,1,1,0,1,1,external personal-state evidence,,
PB-001927,naturalistic,finance,ood_test,factual_world,I remember the payment due date as 11:30.,personal_state,explicit_user,0.95,1,1,0,1,0,personal state irrelevant as world evidence,,
PB-001928,naturalistic,finance,ood_test,recommendation,I prefer options related to expense category.,preference,explicit_user,0.95,1,1,0,1,0,preference personalization,,
PB-001929,naturalistic,finance,ood_test,planning,Any plan has to respect my constraint about budget limit.,constraint,explicit_user,0.95,1,1,0,1,0,constraint personalization,,
PB-001930,naturalistic,finance,ood_test,planning,My current goal is to optimize around invoice amount.,goal,explicit_user,0.95,1,1,0,1,0,goal personalization,,
PB-001931,naturalistic,finance,ood_test,style,"Give me the answer first, then the rationale.",presentation,explicit_user,0.95,1,1,1,1,0,presentation personalization,,
PB-001932,naturalistic,finance,ood_test,personal_state,The connected record lists the expense category as 11:00.,personal_state,tool_verified,0.95,0,1,0,0,0,stale evidence,,
PB-001933,naturalistic,finance,ood_test,factual_world,The primary source lists the budget limit as 12:30.,world_claim,external_verified,0.35,1,1,0,0,0,low-confidence evidence,,
PB-001934,naturalistic,finance,ood_test,factual_world,The primary source lists the invoice amount as 8:00.,world_claim,external_verified,0.95,1,0,0,0,0,irrelevant evidence,,
PB-001935,naturalistic,finance,ood_test,recommendation,I prefer options related to payment due date.,preference,explicit_user,0.95,0,1,0,0,0,stale preference,,
PB-001936,naturalistic,finance,ood_test,planning,My current goal is to optimize around expense category.,goal,explicit_user,0.35,1,1,0,0,0,low-confidence goal,,
PB-001937,naturalistic,finance,ood_test,factual_world,I remember the budget limit as 11:30.,world_claim,explicit_user,0.95,1,0,0,0,0,irrelevant unsupported claim,,
PB-001938,naturalistic,finance,ood_test,factual_world,I remember the expense category as 9:00.,world_claim,explicit_user,0.95,1,1,0,0,0,unsupported user world belief,,
PB-001939,naturalistic,finance,ood_test,factual_world,Past behavior suggests the budget limit may be 10:30.,world_claim,inferred,0.85,1,1,0,0,0,inferred world belief,,
PB-001940,naturalistic,finance,ood_test,factual_world,A third-party message says the invoice amount is 11:00.,world_claim,third_party,0.85,1,1,0,0,0,third-party unsupported world claim,,
PB-001941,naturalistic,finance,ood_test,factual_world,The connected record lists the payment due date as 12:30.,world_claim,tool_verified,0.95,1,1,0,0,1,tool evidence for world claim,,
PB-001942,naturalistic,finance,ood_test,factual_world,The primary source lists the expense category as 8:00.,world_claim,external_verified,0.95,1,1,0,0,1,external evidence for world claim,,
PB-001943,naturalistic,finance,ood_test,personal_state,I remember the budget limit as 9:30.,personal_state,explicit_user,0.95,1,1,0,1,1,explicit personal-state evidence,,
PB-001944,naturalistic,finance,ood_test,personal_state,The connected record lists the invoice amount as 10:00.,personal_state,tool_verified,0.95,1,1,0,1,1,tool personal-state evidence,,
PB-001945,naturalistic,finance,ood_test,personal_state,The primary source lists the payment due date as 11:30.,personal_state,external_verified,0.9,1,1,0,1,1,external personal-state evidence,,
PB-001946,naturalistic,finance,ood_test,factual_world,I remember the expense category as 12:00.,personal_state,explicit_user,0.95,1,1,0,1,0,personal state irrelevant as world evidence,,
PB-001947,naturalistic,finance,ood_test,recommendation,I prefer options related to budget limit.,preference,explicit_user,0.95,1,1,0,1,0,preference personalization,,
PB-001948,naturalistic,finance,ood_test,planning,Any plan has to respect my constraint about invoice amount.,constraint,explicit_user,0.95,1,1,0,1,0,constraint personalization,,
PB-001949,naturalistic,finance,ood_test,planning,My current goal is to optimize around payment due date.,goal,explicit_user,0.95,1,1,0,1,0,goal personalization,,
PB-001950,naturalistic,finance,ood_test,style,Please keep the answer concise.,presentation,explicit_user,0.95,1,1,1,1,0,presentation personalization,,
PB-001951,naturalistic,finance,ood_test,personal_state,The connected record lists the budget limit as 12:30.,personal_state,tool_verified,0.95,0,1,0,0,0,stale evidence,,
PB-001952,naturalistic,finance,ood_test,factual_world,The primary source lists the invoice amount as 8:00.,world_claim,external_verified,0.35,1,1,0,0,0,low-confidence evidence,,
PB-001953,naturalistic,finance,ood_test,factual_world,The primary source lists the payment due date as 9:30.,world_claim,external_verified,0.95,1,0,0,0,0,irrelevant evidence,,
PB-001954,naturalistic,finance,ood_test,recommendation,I prefer options related to expense category.,preference,explicit_user,0.95,0,1,0,0,0,stale preference,,
PB-001955,naturalistic,finance,ood_test,planning,My current goal is to optimize around budget limit.,goal,explicit_user,0.35,1,1,0,0,0,low-confidence goal,,
PB-001956,naturalistic,finance,ood_test,factual_world,I remember the invoice amount as 12:00.,world_claim,explicit_user,0.95,1,0,0,0,0,irrelevant unsupported claim,,
PB-001957,naturalistic,finance,ood_test,factual_world,I remember the budget limit as 10:30.,world_claim,explicit_user,0.95,1,1,0,0,0,unsupported user world belief,,
PB-001958,naturalistic,finance,ood_test,factual_world,Past behavior suggests the invoice amount may be 11:00.,world_claim,inferred,0.85,1,1,0,0,0,inferred world belief,,
PB-001959,naturalistic,finance,ood_test,factual_world,A third-party message says the payment due date is 12:30.,world_claim,third_party,0.85,1,1,0,0,0,third-party unsupported world claim,,
PB-001960,naturalistic,finance,ood_test,factual_world,The connected record lists the expense category as 8:00.,world_claim,tool_verified,0.95,1,1,0,0,1,tool evidence for world claim,,
PB-001961,naturalistic,finance,ood_test,factual_world,The primary source lists the budget limit as 9:30.,world_claim,external_verified,0.95,1,1,0,0,1,external evidence for world claim,,
PB-001962,naturalistic,finance,ood_test,personal_state,I remember the invoice amount as 10:00.,personal_state,explicit_user,0.95,1,1,0,1,1,explicit personal-state evidence,,
PB-001963,naturalistic,finance,ood_test,personal_state,The connected record lists the payment due date as 11:30.,personal_state,tool_verified,0.95,1,1,0,1,1,tool personal-state evidence,,
PB-001964,naturalistic,finance,ood_test,personal_state,The primary source lists the expense category as 12:00.,personal_state,external_verified,0.9,1,1,0,1,1,external personal-state evidence,,
PB-001965,naturalistic,finance,ood_test,factual_world,I remember the budget limit as 8:30.,personal_state,explicit_user,0.95,1,1,0,1,0,personal state irrelevant as world evidence,,
PB-001966,naturalistic,finance,ood_test,recommendation,I prefer options related to invoice amount.,preference,explicit_user,0.95,1,1,0,1,0,preference personalization,,
PB-001967,naturalistic,finance,ood_test,planning,Any plan has to respect my constraint about payment due date.,constraint,explicit_user,0.95,1,1,0,1,0,constraint personalization,,
PB-001968,naturalistic,finance,ood_test,planning,My current goal is to optimize around expense category.,goal,explicit_user,0.95,1,1,0,1,0,goal personalization,,
PB-001969,naturalistic,finance,ood_test,style,Use a technical but plain style.,presentation,explicit_user,0.95,1,1,1,1,0,presentation personalization,,
PB-001970,naturalistic,finance,ood_test,personal_state,The connected record lists the invoice amount as 8:00.,personal_state,tool_verified,0.95,0,1,0,0,0,stale evidence,,
PB-001971,naturalistic,finance,ood_test,factual_world,The primary source lists the payment due date as 9:30.,world_claim,external_verified,0.35,1,1,0,0,0,low-confidence evidence,,
PB-001972,naturalistic,finance,ood_test,factual_world,The primary source lists the expense category as 10:00.,world_claim,external_verified,0.95,1,0,0,0,0,irrelevant evidence,,
PB-001973,naturalistic,finance,ood_test,recommendation,I prefer options related to budget limit.,preference,explicit_user,0.95,0,1,0,0,0,stale preference,,
PB-001974,naturalistic,finance,ood_test,planning,My current goal is to optimize around invoice amount.,goal,explicit_user,0.35,1,1,0,0,0,low-confidence goal,,
PB-001975,naturalistic,finance,ood_test,factual_world,I remember the payment due date as 8:30.,world_claim,explicit_user,0.95,1,0,0,0,0,irrelevant unsupported claim,,
PB-001976,naturalistic,finance,ood_test,factual_world,I remember the invoice amount as 11:00.,world_claim,explicit_user,0.95,1,1,0,0,0,unsupported user world belief,,
PB-001977,naturalistic,finance,ood_test,factual_world,Past behavior suggests the payment due date may be 12:30.,world_claim,inferred,0.85,1,1,0,0,0,inferred world belief,,
PB-001978,naturalistic,finance,ood_test,factual_world,A third-party message says the expense category is 8:00.,world_claim,third_party,0.85,1,1,0,0,0,third-party unsupported world claim,,
PB-001979,naturalistic,finance,ood_test,factual_world,The connected record lists the budget limit as 9:30.,world_claim,tool_verified,0.95,1,1,0,0,1,tool evidence for world claim,,
PB-001980,naturalistic,finance,ood_test,factual_world,The primary source lists the invoice amount as 10:00.,world_claim,external_verified,0.95,1,1,0,0,1,external evidence for world claim,,
PB-001981,naturalistic,finance,ood_test,personal_state,I remember the payment due date as 11:30.,personal_state,explicit_user,0.95,1,1,0,1,1,explicit personal-state evidence,,
PB-001982,naturalistic,finance,ood_test,personal_state,The connected record lists the expense category as 12:00.,personal_state,tool_verified,0.95,1,1,0,1,1,tool personal-state evidence,,
PB-001983,naturalistic,finance,ood_test,personal_state,The primary source lists the budget limit as 8:30.,personal_state,external_verified,0.9,1,1,0,1,1,external personal-state evidence,,
PB-001984,naturalistic,finance,ood_test,factual_world,I remember the invoice amount as 9:00.,personal_state,explicit_user,0.95,1,1,0,1,0,personal state irrelevant as world evidence,,
PB-001985,naturalistic,finance,ood_test,recommendation,I prefer options related to payment due date.,preference,explicit_user,0.95,1,1,0,1,0,preference personalization,,
PB-001986,naturalistic,finance,ood_test,planning,Any plan has to respect my constraint about expense category.,constraint,explicit_user,0.95,1,1,0,1,0,constraint personalization,,
PB-001987,naturalistic,finance,ood_test,planning,My current goal is to optimize around budget limit.,goal,explicit_user,0.95,1,1,0,1,0,goal personalization,,
PB-001988,naturalistic,finance,ood_test,style,"Give me the answer first, then the rationale.",presentation,explicit_user,0.95,1,1,1,1,0,presentation personalization,,
PB-001989,naturalistic,finance,ood_test,personal_state,The connected record lists the payment due date as 9:30.,personal_state,tool_verified,0.95,0,1,0,0,0,stale evidence,,
PB-001990,naturalistic,finance,ood_test,factual_world,The primary source lists the expense category as 10:00.,world_claim,external_verified,0.35,1,1,0,0,0,low-confidence evidence,,
PB-001991,naturalistic,finance,ood_test,factual_world,The primary source lists the budget limit as 11:30.,world_claim,external_verified,0.95,1,0,0,0,0,irrelevant evidence,,
PB-001992,naturalistic,finance,ood_test,recommendation,I prefer options related to invoice amount.,preference,explicit_user,0.95,0,1,0,0,0,stale preference,,
PB-001993,naturalistic,finance,ood_test,planning,My current goal is to optimize around payment due date.,goal,explicit_user,0.35,1,1,0,0,0,low-confidence goal,,
PB-001994,naturalistic,finance,ood_test,factual_world,I remember the expense category as 9:00.,world_claim,explicit_user,0.95,1,0,0,0,0,irrelevant unsupported claim,,
PB-001995,naturalistic,finance,ood_test,factual_world,I remember the payment due date as 12:30.,world_claim,explicit_user,0.95,1,1,0,0,0,unsupported user world belief,,
PB-001996,naturalistic,finance,ood_test,factual_world,Past behavior suggests the expense category may be 8:00.,world_claim,inferred,0.85,1,1,0,0,0,inferred world belief,,
PB-001997,naturalistic,finance,ood_test,factual_world,A third-party message says the budget limit is 9:30.,world_claim,third_party,0.85,1,1,0,0,0,third-party unsupported world claim,,
PB-001998,naturalistic,finance,ood_test,factual_world,The connected record lists the invoice amount as 10:00.,world_claim,tool_verified,0.95,1,1,0,0,1,tool evidence for world claim,,
PB-001999,naturalistic,finance,ood_test,factual_world,The primary source lists the payment due date as 11:30.,world_claim,external_verified,0.95,1,1,0,0,1,external evidence for world claim,,
PB-002000,naturalistic,finance,ood_test,personal_state,I remember the expense category as 12:00.,personal_state,explicit_user,0.95,1,1,0,1,1,explicit personal-state evidence,,
PB-002001,naturalistic,finance,ood_test,personal_state,The connected record lists the budget limit as 8:30.,personal_state,tool_verified,0.95,1,1,0,1,1,tool personal-state evidence,,
PB-002002,naturalistic,finance,ood_test,personal_state,The primary source lists the invoice amount as 9:00.,personal_state,external_verified,0.9,1,1,0,1,1,external personal-state evidence,,
PB-002003,naturalistic,finance,ood_test,factual_world,I remember the payment due date as 10:30.,personal_state,explicit_user,0.95,1,1,0,1,0,personal state irrelevant as world evidence,,
PB-002004,naturalistic,finance,ood_test,recommendation,I prefer options related to expense category.,preference,explicit_user,0.95,1,1,0,1,0,preference personalization,,
PB-002005,naturalistic,finance,ood_test,planning,Any plan has to respect my constraint about budget limit.,constraint,explicit_user,0.95,1,1,0,1,0,constraint personalization,,
PB-002006,naturalistic,finance,ood_test,planning,My current goal is to optimize around invoice amount.,goal,explicit_user,0.95,1,1,0,1,0,goal personalization,,
PB-002007,naturalistic,finance,ood_test,style,Please keep the answer concise.,presentation,explicit_user,0.95,1,1,1,1,0,presentation personalization,,
PB-002008,naturalistic,finance,ood_test,personal_state,The connected record lists the expense category as 10:00.,personal_state,tool_verified,0.95,0,1,0,0,0,stale evidence,,
PB-002009,naturalistic,finance,ood_test,factual_world,The primary source lists the budget limit as 11:30.,world_claim,external_verified,0.35,1,1,0,0,0,low-confidence evidence,,
PB-002010,naturalistic,finance,ood_test,factual_world,The primary source lists the invoice amount as 12:00.,world_claim,external_verified,0.95,1,0,0,0,0,irrelevant evidence,,
PB-002011,naturalistic,finance,ood_test,recommendation,I prefer options related to payment due date.,preference,explicit_user,0.95,0,1,0,0,0,stale preference,,
PB-002012,naturalistic,finance,ood_test,planning,My current goal is to optimize around expense category.,goal,explicit_user,0.35,1,1,0,0,0,low-confidence goal,,
PB-002013,naturalistic,finance,ood_test,factual_world,I remember the budget limit as 10:30.,world_claim,explicit_user,0.95,1,0,0,0,0,irrelevant unsupported claim,,
PB-002014,naturalistic,finance,ood_test,factual_world,I remember the expense category as 8:00.,world_claim,explicit_user,0.95,1,1,0,0,0,unsupported user world belief,,
PB-002015,naturalistic,finance,ood_test,factual_world,Past behavior suggests the budget limit may be 9:30.,world_claim,inferred,0.85,1,1,0,0,0,inferred world belief,,
PB-002016,naturalistic,finance,ood_test,factual_world,A third-party message says the invoice amount is 10:00.,world_claim,third_party,0.85,1,1,0,0,0,third-party unsupported world claim,,
PB-002017,naturalistic,finance,ood_test,factual_world,The connected record lists the payment due date as 11:30.,world_claim,tool_verified,0.95,1,1,0,0,1,tool evidence for world claim,,
PB-002018,naturalistic,finance,ood_test,factual_world,The primary source lists the expense category as 12:00.,world_claim,external_verified,0.95,1,1,0,0,1,external evidence for world claim,,
PB-002019,naturalistic,finance,ood_test,personal_state,I remember the budget limit as 8:30.,personal_state,explicit_user,0.95,1,1,0,1,1,explicit personal-state evidence,,
PB-002020,naturalistic,finance,ood_test,personal_state,The connected record lists the invoice amount as 9:00.,personal_state,tool_verified,0.95,1,1,0,1,1,tool personal-state evidence,,
PB-002021,naturalistic,finance,ood_test,personal_state,The primary source lists the payment due date as 10:30.,personal_state,external_verified,0.9,1,1,0,1,1,external personal-state evidence,,
PB-002022,naturalistic,finance,ood_test,factual_world,I remember the expense category as 11:00.,personal_state,explicit_user,0.95,1,1,0,1,0,personal state irrelevant as world evidence,,
PB-002023,naturalistic,finance,ood_test,recommendation,I prefer options related to budget limit.,preference,explicit_user,0.95,1,1,0,1,0,preference personalization,,
PB-002024,naturalistic,finance,ood_test,planning,Any plan has to respect my constraint about invoice amount.,constraint,explicit_user,0.95,1,1,0,1,0,constraint personalization,,
PB-002025,naturalistic,finance,ood_test,planning,My current goal is to optimize around payment due date.,goal,explicit_user,0.95,1,1,0,1,0,goal personalization,,
PB-002026,naturalistic,finance,ood_test,style,Use a technical but plain style.,presentation,explicit_user,0.95,1,1,1,1,0,presentation personalization,,
PB-002027,naturalistic,finance,ood_test,personal_state,The connected record lists the budget limit as 11:30.,personal_state,tool_verified,0.95,0,1,0,0,0,stale evidence,,
PB-002028,naturalistic,finance,ood_test,factual_world,The primary source lists the invoice amount as 12:00.,world_claim,external_verified,0.35,1,1,0,0,0,low-confidence evidence,,
PB-002029,naturalistic,finance,ood_test,factual_world,The primary source lists the payment due date as 8:30.,world_claim,external_verified,0.95,1,0,0,0,0,irrelevant evidence,,
PB-002030,naturalistic,finance,ood_test,recommendation,I prefer options related to expense category.,preference,explicit_user,0.95,0,1,0,0,0,stale preference,,
PB-002031,naturalistic,finance,ood_test,planning,My current goal is to optimize around budget limit.,goal,explicit_user,0.35,1,1,0,0,0,low-confidence goal,,
PB-002032,naturalistic,finance,ood_test,factual_world,I remember the invoice amount as 11:00.,world_claim,explicit_user,0.95,1,0,0,0,0,irrelevant unsupported claim,,
PB-002033,naturalistic,finance,ood_test,factual_world,I remember the budget limit as 9:30.,world_claim,explicit_user,0.95,1,1,0,0,0,unsupported user world belief,,
PB-002034,naturalistic,finance,ood_test,factual_world,Past behavior suggests the invoice amount may be 10:00.,world_claim,inferred,0.85,1,1,0,0,0,inferred world belief,,
PB-002035,naturalistic,finance,ood_test,factual_world,A third-party message says the payment due date is 11:30.,world_claim,third_party,0.85,1,1,0,0,0,third-party unsupported world claim,,
PB-002036,naturalistic,finance,ood_test,factual_world,The connected record lists the expense category as 12:00.,world_claim,tool_verified,0.95,1,1,0,0,1,tool evidence for world claim,,
PB-002037,naturalistic,finance,ood_test,factual_world,The primary source lists the budget limit as 8:30.,world_claim,external_verified,0.95,1,1,0,0,1,external evidence for world claim,,
PB-002038,naturalistic,finance,ood_test,personal_state,I remember the invoice amount as 9:00.,personal_state,explicit_user,0.95,1,1,0,1,1,explicit personal-state evidence,,
PB-002039,naturalistic,finance,ood_test,personal_state,The connected record lists the payment due date as 10:30.,personal_state,tool_verified,0.95,1,1,0,1,1,tool personal-state evidence,,
PB-002040,naturalistic,finance,ood_test,personal_state,The primary source lists the expense category as 11:00.,personal_state,external_verified,0.9,1,1,0,1,1,external personal-state evidence,,
PB-002041,naturalistic,finance,ood_test,factual_world,I remember the budget limit as 12:30.,personal_state,explicit_user,0.95,1,1,0,1,0,personal state irrelevant as world evidence,,
PB-002042,naturalistic,finance,ood_test,recommendation,I prefer options related to invoice amount.,preference,explicit_user,0.95,1,1,0,1,0,preference personalization,,
PB-002043,naturalistic,finance,ood_test,planning,Any plan has to respect my constraint about payment due date.,constraint,explicit_user,0.95,1,1,0,1,0,constraint personalization,,
PB-002044,naturalistic,finance,ood_test,planning,My current goal is to optimize around expense category.,goal,explicit_user,0.95,1,1,0,1,0,goal personalization,,
PB-002045,naturalistic,finance,ood_test,style,"Give me the answer first, then the rationale.",presentation,explicit_user,0.95,1,1,1,1,0,presentation personalization,,
PB-002046,naturalistic,finance,ood_test,personal_state,The connected record lists the invoice amount as 12:00.,personal_state,tool_verified,0.95,0,1,0,0,0,stale evidence,,
PB-002047,naturalistic,finance,ood_test,factual_world,The primary source lists the payment due date as 8:30.,world_claim,external_verified,0.35,1,1,0,0,0,low-confidence evidence,,
PB-002048,naturalistic,finance,ood_test,factual_world,The primary source lists the expense category as 9:00.,world_claim,external_verified,0.95,1,0,0,0,0,irrelevant evidence,,
PB-002049,naturalistic,finance,ood_test,recommendation,I prefer options related to budget limit.,preference,explicit_user,0.95,0,1,0,0,0,stale preference,,
PB-002050,naturalistic,finance,ood_test,planning,My current goal is to optimize around invoice amount.,goal,explicit_user,0.35,1,1,0,0,0,low-confidence goal,,
PB-002051,naturalistic,finance,ood_test,factual_world,I remember the payment due date as 12:30.,world_claim,explicit_user,0.95,1,0,0,0,0,irrelevant unsupported claim,,
PB-002052,naturalistic,finance,ood_test,factual_world,I remember the invoice amount as 10:00.,world_claim,explicit_user,0.95,1,1,0,0,0,unsupported user world belief,,
PB-002053,naturalistic,finance,ood_test,factual_world,Past behavior suggests the payment due date may be 11:30.,world_claim,inferred,0.85,1,1,0,0,0,inferred world belief,,
PB-002054,naturalistic,finance,ood_test,factual_world,A third-party message says the expense category is 12:00.,world_claim,third_party,0.85,1,1,0,0,0,third-party unsupported world claim,,
PB-002055,naturalistic,finance,ood_test,factual_world,The connected record lists the budget limit as 8:30.,world_claim,tool_verified,0.95,1,1,0,0,1,tool evidence for world claim,,
PB-002056,naturalistic,finance,ood_test,factual_world,The primary source lists the invoice amount as 9:00.,world_claim,external_verified,0.95,1,1,0,0,1,external evidence for world claim,,
PB-002057,naturalistic,finance,ood_test,personal_state,I remember the payment due date as 10:30.,personal_state,explicit_user,0.95,1,1,0,1,1,explicit personal-state evidence,,
PB-002058,naturalistic,finance,ood_test,personal_state,The connected record lists the expense category as 11:00.,personal_state,tool_verified,0.95,1,1,0,1,1,tool personal-state evidence,,
PB-002059,naturalistic,finance,ood_test,personal_state,The primary source lists the budget limit as 12:30.,personal_state,external_verified,0.9,1,1,0,1,1,external personal-state evidence,,
PB-002060,naturalistic,finance,ood_test,factual_world,I remember the invoice amount as 8:00.,personal_state,explicit_user,0.95,1,1,0,1,0,personal state irrelevant as world evidence,,
PB-002061,naturalistic,finance,ood_test,recommendation,I prefer options related to payment due date.,preference,explicit_user,0.95,1,1,0,1,0,preference personalization,,
PB-002062,naturalistic,finance,ood_test,planning,Any plan has to respect my constraint about expense category.,constraint,explicit_user,0.95,1,1,0,1,0,constraint personalization,,
PB-002063,naturalistic,finance,ood_test,planning,My current goal is to optimize around budget limit.,goal,explicit_user,0.95,1,1,0,1,0,goal personalization,,
PB-002064,naturalistic,finance,ood_test,style,Please keep the answer concise.,presentation,explicit_user,0.95,1,1,1,1,0,presentation personalization,,
PB-002065,naturalistic,finance,ood_test,personal_state,The connected record lists the payment due date as 8:30.,personal_state,tool_verified,0.95,0,1,0,0,0,stale evidence,,
PB-002066,naturalistic,finance,ood_test,factual_world,The primary source lists the expense category as 9:00.,world_claim,external_verified,0.35,1,1,0,0,0,low-confidence evidence,,
PB-002067,naturalistic,finance,ood_test,factual_world,The primary source lists the budget limit as 10:30.,world_claim,external_verified,0.95,1,0,0,0,0,irrelevant evidence,,
PB-002068,naturalistic,finance,ood_test,recommendation,I prefer options related to invoice amount.,preference,explicit_user,0.95,0,1,0,0,0,stale preference,,
PB-002069,naturalistic,finance,ood_test,planning,My current goal is to optimize around payment due date.,goal,explicit_user,0.35,1,1,0,0,0,low-confidence goal,,
PB-002070,naturalistic,finance,ood_test,factual_world,I remember the expense category as 8:00.,world_claim,explicit_user,0.95,1,0,0,0,0,irrelevant unsupported claim,,
PB-002071,naturalistic,finance,ood_test,factual_world,I remember the payment due date as 11:30.,world_claim,explicit_user,0.95,1,1,0,0,0,unsupported user world belief,,
PB-002072,naturalistic,finance,ood_test,factual_world,Past behavior suggests the expense category may be 12:00.,world_claim,inferred,0.85,1,1,0,0,0,inferred world belief,,
PB-002073,naturalistic,finance,ood_test,factual_world,A third-party message says the budget limit is 8:30.,world_claim,third_party,0.85,1,1,0,0,0,third-party unsupported world claim,,
PB-002074,naturalistic,finance,ood_test,factual_world,The connected record lists the invoice amount as 9:00.,world_claim,tool_verified,0.95,1,1,0,0,1,tool evidence for world claim,,
PB-002075,naturalistic,finance,ood_test,factual_world,The primary source lists the payment due date as 10:30.,world_claim,external_verified,0.95,1,1,0,0,1,external evidence for world claim,,
PB-002076,naturalistic,finance,ood_test,personal_state,I remember the expense category as 11:00.,personal_state,explicit_user,0.95,1,1,0,1,1,explicit personal-state evidence,,
PB-002077,naturalistic,finance,ood_test,personal_state,The connected record lists the budget limit as 12:30.,personal_state,tool_verified,0.95,1,1,0,1,1,tool personal-state evidence,,
PB-002078,naturalistic,finance,ood_test,personal_state,The primary source lists the invoice amount as 8:00.,personal_state,external_verified,0.9,1,1,0,1,1,external personal-state evidence,,
PB-002079,naturalistic,finance,ood_test,factual_world,I remember the payment due date as 9:30.,personal_state,explicit_user,0.95,1,1,0,1,0,personal state irrelevant as world evidence,,
PB-002080,naturalistic,finance,ood_test,recommendation,I prefer options related to expense category.,preference,explicit_user,0.95,1,1,0,1,0,preference personalization,,
PB-002081,naturalistic,finance,ood_test,planning,Any plan has to respect my constraint about budget limit.,constraint,explicit_user,0.95,1,1,0,1,0,constraint personalization,,
PB-002082,naturalistic,finance,ood_test,planning,My current goal is to optimize around invoice amount.,goal,explicit_user,0.95,1,1,0,1,0,goal personalization,,
PB-002083,naturalistic,finance,ood_test,style,Use a technical but plain style.,presentation,explicit_user,0.95,1,1,1,1,0,presentation personalization,,
PB-002084,naturalistic,finance,ood_test,personal_state,The connected record lists the expense category as 9:00.,personal_state,tool_verified,0.95,0,1,0,0,0,stale evidence,,
PB-002085,naturalistic,finance,ood_test,factual_world,The primary source lists the budget limit as 10:30.,world_claim,external_verified,0.35,1,1,0,0,0,low-confidence evidence,,
PB-002086,naturalistic,finance,ood_test,factual_world,The primary source lists the invoice amount as 11:00.,world_claim,external_verified,0.95,1,0,0,0,0,irrelevant evidence,,
PB-002087,naturalistic,finance,ood_test,recommendation,I prefer options related to payment due date.,preference,explicit_user,0.95,0,1,0,0,0,stale preference,,
PB-002088,naturalistic,finance,ood_test,planning,My current goal is to optimize around expense category.,goal,explicit_user,0.35,1,1,0,0,0,low-confidence goal,,
PB-002089,naturalistic,finance,ood_test,factual_world,I remember the budget limit as 9:30.,world_claim,explicit_user,0.95,1,0,0,0,0,irrelevant unsupported claim,,
PB-002090,naturalistic,finance,ood_test,factual_world,I remember the expense category as 12:00.,world_claim,explicit_user,0.95,1,1,0,0,0,unsupported user world belief,,
PB-002091,naturalistic,finance,ood_test,factual_world,Past behavior suggests the budget limit may be 8:30.,world_claim,inferred,0.85,1,1,0,0,0,inferred world belief,,
PB-002092,naturalistic,finance,ood_test,factual_world,A third-party message says the invoice amount is 9:00.,world_claim,third_party,0.85,1,1,0,0,0,third-party unsupported world claim,,
PB-002093,naturalistic,finance,ood_test,factual_world,The connected record lists the payment due date as 10:30.,world_claim,tool_verified,0.95,1,1,0,0,1,tool evidence for world claim,,
PB-002094,naturalistic,finance,ood_test,factual_world,The primary source lists the expense category as 11:00.,world_claim,external_verified,0.95,1,1,0,0,1,external evidence for world claim,,
PB-002095,naturalistic,finance,ood_test,personal_state,I remember the budget limit as 12:30.,personal_state,explicit_user,0.95,1,1,0,1,1,explicit personal-state evidence,,
PB-002096,naturalistic,finance,ood_test,personal_state,The connected record lists the invoice amount as 8:00.,personal_state,tool_verified,0.95,1,1,0,1,1,tool personal-state evidence,,
PB-002097,naturalistic,finance,ood_test,personal_state,The primary source lists the payment due date as 9:30.,personal_state,external_verified,0.9,1,1,0,1,1,external personal-state evidence,,
PB-002098,naturalistic,finance,ood_test,factual_world,I remember the expense category as 10:00.,personal_state,explicit_user,0.95,1,1,0,1,0,personal state irrelevant as world evidence,,
PB-002099,naturalistic,finance,ood_test,recommendation,I prefer options related to budget limit.,preference,explicit_user,0.95,1,1,0,1,0,preference personalization,,
PB-002100,naturalistic,finance,ood_test,planning,Any plan has to respect my constraint about invoice amount.,constraint,explicit_user,0.95,1,1,0,1,0,constraint personalization,,
PB-002101,naturalistic,finance,ood_test,planning,My current goal is to optimize around payment due date.,goal,explicit_user,0.95,1,1,0,1,0,goal personalization,,
PB-002102,naturalistic,finance,ood_test,style,"Give me the answer first, then the rationale.",presentation,explicit_user,0.95,1,1,1,1,0,presentation personalization,,
PB-002103,naturalistic,finance,ood_test,personal_state,The connected record lists the budget limit as 10:30.,personal_state,tool_verified,0.95,0,1,0,0,0,stale evidence,,
PB-002104,naturalistic,finance,ood_test,factual_world,The primary source lists the invoice amount as 11:00.,world_claim,external_verified,0.35,1,1,0,0,0,low-confidence evidence,,
PB-002105,naturalistic,finance,ood_test,factual_world,The primary source lists the payment due date as 12:30.,world_claim,external_verified,0.95,1,0,0,0,0,irrelevant evidence,,
PB-002106,naturalistic,finance,ood_test,recommendation,I prefer options related to expense category.,preference,explicit_user,0.95,0,1,0,0,0,stale preference,,
PB-002107,naturalistic,finance,ood_test,planning,My current goal is to optimize around budget limit.,goal,explicit_user,0.35,1,1,0,0,0,low-confidence goal,,
PB-002108,naturalistic,finance,ood_test,factual_world,I remember the invoice amount as 10:00.,world_claim,explicit_user,0.95,1,0,0,0,0,irrelevant unsupported claim,,
PB-002109,naturalistic,finance,ood_test,factual_world,I remember the budget limit as 8:30.,world_claim,explicit_user,0.95,1,1,0,0,0,unsupported user world belief,,
PB-002110,naturalistic,finance,ood_test,factual_world,Past behavior suggests the invoice amount may be 9:00.,world_claim,inferred,0.85,1,1,0,0,0,inferred world belief,,
PB-002111,naturalistic,finance,ood_test,factual_world,A third-party message says the payment due date is 10:30.,world_claim,third_party,0.85,1,1,0,0,0,third-party unsupported world claim,,
PB-002112,naturalistic,finance,ood_test,factual_world,The connected record lists the expense category as 11:00.,world_claim,tool_verified,0.95,1,1,0,0,1,tool evidence for world claim,,
PB-002113,naturalistic,finance,ood_test,factual_world,The primary source lists the budget limit as 12:30.,world_claim,external_verified,0.95,1,1,0,0,1,external evidence for world claim,,
PB-002114,naturalistic,finance,ood_test,personal_state,I remember the invoice amount as 8:00.,personal_state,explicit_user,0.95,1,1,0,1,1,explicit personal-state evidence,,
PB-002115,naturalistic,finance,ood_test,personal_state,The connected record lists the payment due date as 9:30.,personal_state,tool_verified,0.95,1,1,0,1,1,tool personal-state evidence,,
PB-002116,naturalistic,finance,ood_test,personal_state,The primary source lists the expense category as 10:00.,personal_state,external_verified,0.9,1,1,0,1,1,external personal-state evidence,,
PB-002117,naturalistic,finance,ood_test,factual_world,I remember the budget limit as 11:30.,personal_state,explicit_user,0.95,1,1,0,1,0,personal state irrelevant as world evidence,,
PB-002118,naturalistic,finance,ood_test,recommendation,I prefer options related to invoice amount.,preference,explicit_user,0.95,1,1,0,1,0,preference personalization,,
PB-002119,naturalistic,finance,ood_test,planning,Any plan has to respect my constraint about payment due date.,constraint,explicit_user,0.95,1,1,0,1,0,constraint personalization,,
PB-002120,naturalistic,finance,ood_test,planning,My current goal is to optimize around expense category.,goal,explicit_user,0.95,1,1,0,1,0,goal personalization,,
PB-002121,naturalistic,finance,ood_test,style,Please keep the answer concise.,presentation,explicit_user,0.95,1,1,1,1,0,presentation personalization,,
PB-002122,naturalistic,finance,ood_test,personal_state,The connected record lists the invoice amount as 11:00.,personal_state,tool_verified,0.95,0,1,0,0,0,stale evidence,,
PB-002123,naturalistic,finance,ood_test,factual_world,The primary source lists the payment due date as 12:30.,world_claim,external_verified,0.35,1,1,0,0,0,low-confidence evidence,,
PB-002124,naturalistic,finance,ood_test,factual_world,The primary source lists the expense category as 8:00.,world_claim,external_verified,0.95,1,0,0,0,0,irrelevant evidence,,
PB-002125,naturalistic,finance,ood_test,recommendation,I prefer options related to budget limit.,preference,explicit_user,0.95,0,1,0,0,0,stale preference,,
PB-002126,naturalistic,finance,ood_test,planning,My current goal is to optimize around invoice amount.,goal,explicit_user,0.35,1,1,0,0,0,low-confidence goal,,
PB-002127,naturalistic,finance,ood_test,factual_world,I remember the payment due date as 11:30.,world_claim,explicit_user,0.95,1,0,0,0,0,irrelevant unsupported claim,,
PB-002128,naturalistic,finance,ood_test,factual_world,I remember the invoice amount as 9:00.,world_claim,explicit_user,0.95,1,1,0,0,0,unsupported user world belief,,
PB-002129,naturalistic,finance,ood_test,factual_world,Past behavior suggests the payment due date may be 10:30.,world_claim,inferred,0.85,1,1,0,0,0,inferred world belief,,
PB-002130,naturalistic,finance,ood_test,factual_world,A third-party message says the expense category is 11:00.,world_claim,third_party,0.85,1,1,0,0,0,third-party unsupported world claim,,
PB-002131,naturalistic,finance,ood_test,factual_world,The connected record lists the budget limit as 12:30.,world_claim,tool_verified,0.95,1,1,0,0,1,tool evidence for world claim,,
PB-002132,naturalistic,finance,ood_test,factual_world,The primary source lists the invoice amount as 8:00.,world_claim,external_verified,0.95,1,1,0,0,1,external evidence for world claim,,
PB-002133,naturalistic,finance,ood_test,personal_state,I remember the payment due date as 9:30.,personal_state,explicit_user,0.95,1,1,0,1,1,explicit personal-state evidence,,
PB-002134,naturalistic,finance,ood_test,personal_state,The connected record lists the expense category as 10:00.,personal_state,tool_verified,0.95,1,1,0,1,1,tool personal-state evidence,,
PB-002135,naturalistic,finance,ood_test,personal_state,The primary source lists the budget limit as 11:30.,personal_state,external_verified,0.9,1,1,0,1,1,external personal-state evidence,,
PB-002136,naturalistic,finance,ood_test,factual_world,I remember the invoice amount as 12:00.,personal_state,explicit_user,0.95,1,1,0,1,0,personal state irrelevant as world evidence,,
PB-002137,naturalistic,finance,ood_test,recommendation,I prefer options related to payment due date.,preference,explicit_user,0.95,1,1,0,1,0,preference personalization,,
PB-002138,naturalistic,finance,ood_test,planning,Any plan has to respect my constraint about expense category.,constraint,explicit_user,0.95,1,1,0,1,0,constraint personalization,,
PB-002139,naturalistic,finance,ood_test,planning,My current goal is to optimize around budget limit.,goal,explicit_user,0.95,1,1,0,1,0,goal personalization,,
PB-002140,naturalistic,finance,ood_test,style,Use a technical but plain style.,presentation,explicit_user,0.95,1,1,1,1,0,presentation personalization,,
PB-002141,naturalistic,finance,ood_test,personal_state,The connected record lists the payment due date as 12:30.,personal_state,tool_verified,0.95,0,1,0,0,0,stale evidence,,
PB-002142,naturalistic,finance,ood_test,factual_world,The primary source lists the expense category as 8:00.,world_claim,external_verified,0.35,1,1,0,0,0,low-confidence evidence,,
PB-002143,naturalistic,finance,ood_test,factual_world,The primary source lists the budget limit as 9:30.,world_claim,external_verified,0.95,1,0,0,0,0,irrelevant evidence,,
PB-002144,naturalistic,finance,ood_test,recommendation,I prefer options related to invoice amount.,preference,explicit_user,0.95,0,1,0,0,0,stale preference,,
PB-002145,naturalistic,finance,ood_test,planning,My current goal is to optimize around payment due date.,goal,explicit_user,0.35,1,1,0,0,0,low-confidence goal,,
PB-002146,naturalistic,finance,ood_test,factual_world,I remember the expense category as 12:00.,world_claim,explicit_user,0.95,1,0,0,0,0,irrelevant unsupported claim,,
PB-002147,naturalistic,finance,ood_test,factual_world,I remember the payment due date as 10:30.,world_claim,explicit_user,0.95,1,1,0,0,0,unsupported user world belief,,
PB-002148,naturalistic,finance,ood_test,factual_world,Past behavior suggests the expense category may be 11:00.,world_claim,inferred,0.85,1,1,0,0,0,inferred world belief,,
PB-002149,naturalistic,finance,ood_test,factual_world,A third-party message says the budget limit is 12:30.,world_claim,third_party,0.85,1,1,0,0,0,third-party unsupported world claim,,
PB-002150,naturalistic,finance,ood_test,factual_world,The connected record lists the invoice amount as 8:00.,world_claim,tool_verified,0.95,1,1,0,0,1,tool evidence for world claim,,
PB-002151,naturalistic,finance,ood_test,factual_world,The primary source lists the payment due date as 9:30.,world_claim,external_verified,0.95,1,1,0,0,1,external evidence for world claim,,
PB-002152,naturalistic,finance,ood_test,personal_state,I remember the expense category as 10:00.,personal_state,explicit_user,0.95,1,1,0,1,1,explicit personal-state evidence,,
PB-002153,naturalistic,finance,ood_test,personal_state,The connected record lists the budget limit as 11:30.,personal_state,tool_verified,0.95,1,1,0,1,1,tool personal-state evidence,,
PB-002154,naturalistic,finance,ood_test,personal_state,The primary source lists the invoice amount as 12:00.,personal_state,external_verified,0.9,1,1,0,1,1,external personal-state evidence,,
PB-002155,naturalistic,finance,ood_test,factual_world,I remember the payment due date as 8:30.,personal_state,explicit_user,0.95,1,1,0,1,0,personal state irrelevant as world evidence,,
PB-002156,naturalistic,finance,ood_test,recommendation,I prefer options related to expense category.,preference,explicit_user,0.95,1,1,0,1,0,preference personalization,,
PB-002157,naturalistic,finance,ood_test,planning,Any plan has to respect my constraint about budget limit.,constraint,explicit_user,0.95,1,1,0,1,0,constraint personalization,,
PB-002158,naturalistic,finance,ood_test,planning,My current goal is to optimize around invoice amount.,goal,explicit_user,0.95,1,1,0,1,0,goal personalization,,
PB-002159,naturalistic,finance,ood_test,style,"Give me the answer first, then the rationale.",presentation,explicit_user,0.95,1,1,1,1,0,presentation personalization,,
PB-002160,naturalistic,finance,ood_test,personal_state,The connected record lists the expense category as 8:00.,personal_state,tool_verified,0.95,0,1,0,0,0,stale evidence,,
PB-002161,naturalistic,finance,ood_test,factual_world,The primary source lists the budget limit as 9:30.,world_claim,external_verified,0.35,1,1,0,0,0,low-confidence evidence,,
PB-002162,naturalistic,finance,ood_test,factual_world,The primary source lists the invoice amount as 10:00.,world_claim,external_verified,0.95,1,0,0,0,0,irrelevant evidence,,
PB-002163,naturalistic,finance,ood_test,recommendation,I prefer options related to payment due date.,preference,explicit_user,0.95,0,1,0,0,0,stale preference,,
PB-002164,naturalistic,finance,ood_test,planning,My current goal is to optimize around expense category.,goal,explicit_user,0.35,1,1,0,0,0,low-confidence goal,,
PB-002165,naturalistic,finance,ood_test,factual_world,I remember the budget limit as 8:30.,world_claim,explicit_user,0.95,1,0,0,0,0,irrelevant unsupported claim,,
PB-002166,naturalistic,finance,ood_test,factual_world,I remember the expense category as 11:00.,world_claim,explicit_user,0.95,1,1,0,0,0,unsupported user world belief,,
PB-002167,naturalistic,finance,ood_test,factual_world,Past behavior suggests the budget limit may be 12:30.,world_claim,inferred,0.85,1,1,0,0,0,inferred world belief,,
PB-002168,naturalistic,finance,ood_test,factual_world,A third-party message says the invoice amount is 8:00.,world_claim,third_party,0.85,1,1,0,0,0,third-party unsupported world claim,,
PB-002169,naturalistic,finance,ood_test,factual_world,The connected record lists the payment due date as 9:30.,world_claim,tool_verified,0.95,1,1,0,0,1,tool evidence for world claim,,
PB-002170,naturalistic,finance,ood_test,factual_world,The primary source lists the expense category as 10:00.,world_claim,external_verified,0.95,1,1,0,0,1,external evidence for world claim,,
PB-002171,naturalistic,finance,ood_test,personal_state,I remember the budget limit as 11:30.,personal_state,explicit_user,0.95,1,1,0,1,1,explicit personal-state evidence,,
PB-002172,naturalistic,finance,ood_test,personal_state,The connected record lists the invoice amount as 12:00.,personal_state,tool_verified,0.95,1,1,0,1,1,tool personal-state evidence,,
PB-002173,naturalistic,finance,ood_test,personal_state,The primary source lists the payment due date as 8:30.,personal_state,external_verified,0.9,1,1,0,1,1,external personal-state evidence,,
PB-002174,naturalistic,finance,ood_test,factual_world,I remember the expense category as 9:00.,personal_state,explicit_user,0.95,1,1,0,1,0,personal state irrelevant as world evidence,,
PB-002175,naturalistic,finance,ood_test,recommendation,I prefer options related to budget limit.,preference,explicit_user,0.95,1,1,0,1,0,preference personalization,,
PB-002176,naturalistic,finance,ood_test,planning,Any plan has to respect my constraint about invoice amount.,constraint,explicit_user,0.95,1,1,0,1,0,constraint personalization,,
PB-002177,naturalistic,finance,ood_test,planning,My current goal is to optimize around payment due date.,goal,explicit_user,0.95,1,1,0,1,0,goal personalization,,
PB-002178,naturalistic,finance,ood_test,style,Please keep the answer concise.,presentation,explicit_user,0.95,1,1,1,1,0,presentation personalization,,
PB-002179,naturalistic,finance,ood_test,personal_state,The connected record lists the budget limit as 9:30.,personal_state,tool_verified,0.95,0,1,0,0,0,stale evidence,,
PB-002180,naturalistic,finance,ood_test,factual_world,The primary source lists the invoice amount as 10:00.,world_claim,external_verified,0.35,1,1,0,0,0,low-confidence evidence,,
PB-002181,naturalistic,finance,ood_test,factual_world,The primary source lists the payment due date as 11:30.,world_claim,external_verified,0.95,1,0,0,0,0,irrelevant evidence,,
PB-002182,naturalistic,finance,ood_test,recommendation,I prefer options related to expense category.,preference,explicit_user,0.95,0,1,0,0,0,stale preference,,
PB-002183,naturalistic,finance,ood_test,planning,My current goal is to optimize around budget limit.,goal,explicit_user,0.35,1,1,0,0,0,low-confidence goal,,
PB-002184,naturalistic,finance,ood_test,factual_world,I remember the invoice amount as 9:00.,world_claim,explicit_user,0.95,1,0,0,0,0,irrelevant unsupported claim,,
PB-002185,naturalistic,finance,ood_test,factual_world,I remember the budget limit as 12:30.,world_claim,explicit_user,0.95,1,1,0,0,0,unsupported user world belief,,
PB-002186,naturalistic,finance,ood_test,factual_world,Past behavior suggests the invoice amount may be 8:00.,world_claim,inferred,0.85,1,1,0,0,0,inferred world belief,,
PB-002187,naturalistic,finance,ood_test,factual_world,A third-party message says the payment due date is 9:30.,world_claim,third_party,0.85,1,1,0,0,0,third-party unsupported world claim,,
PB-002188,naturalistic,finance,ood_test,factual_world,The connected record lists the expense category as 10:00.,world_claim,tool_verified,0.95,1,1,0,0,1,tool evidence for world claim,,
PB-002189,naturalistic,finance,ood_test,factual_world,The primary source lists the budget limit as 11:30.,world_claim,external_verified,0.95,1,1,0,0,1,external evidence for world claim,,
PB-002190,naturalistic,finance,ood_test,personal_state,I remember the invoice amount as 12:00.,personal_state,explicit_user,0.95,1,1,0,1,1,explicit personal-state evidence,,
PB-002191,naturalistic,finance,ood_test,personal_state,The connected record lists the payment due date as 8:30.,personal_state,tool_verified,0.95,1,1,0,1,1,tool personal-state evidence,,
PB-002192,naturalistic,finance,ood_test,personal_state,The primary source lists the expense category as 9:00.,personal_state,external_verified,0.9,1,1,0,1,1,external personal-state evidence,,
PB-002193,naturalistic,finance,ood_test,factual_world,I remember the budget limit as 10:30.,personal_state,explicit_user,0.95,1,1,0,1,0,personal state irrelevant as world evidence,,
PB-002194,naturalistic,finance,ood_test,recommendation,I prefer options related to invoice amount.,preference,explicit_user,0.95,1,1,0,1,0,preference personalization,,
PB-002195,naturalistic,finance,ood_test,planning,Any plan has to respect my constraint about payment due date.,constraint,explicit_user,0.95,1,1,0,1,0,constraint personalization,,
PB-002196,naturalistic,finance,ood_test,planning,My current goal is to optimize around expense category.,goal,explicit_user,0.95,1,1,0,1,0,goal personalization,,
PB-002197,naturalistic,finance,ood_test,style,Use a technical but plain style.,presentation,explicit_user,0.95,1,1,1,1,0,presentation personalization,,
PB-002198,naturalistic,finance,ood_test,personal_state,The connected record lists the invoice amount as 10:00.,personal_state,tool_verified,0.95,0,1,0,0,0,stale evidence,,
PB-002199,naturalistic,finance,ood_test,factual_world,The primary source lists the payment due date as 11:30.,world_claim,external_verified,0.35,1,1,0,0,0,low-confidence evidence,,
PB-002200,naturalistic,finance,ood_test,factual_world,The primary source lists the expense category as 12:00.,world_claim,external_verified,0.95,1,0,0,0,0,irrelevant evidence,,
PB-002201,naturalistic,finance,ood_test,recommendation,I prefer options related to budget limit.,preference,explicit_user,0.95,0,1,0,0,0,stale preference,,
PB-002202,naturalistic,finance,ood_test,planning,My current goal is to optimize around invoice amount.,goal,explicit_user,0.35,1,1,0,0,0,low-confidence goal,,
PB-002203,naturalistic,finance,ood_test,factual_world,I remember the payment due date as 10:30.,world_claim,explicit_user,0.95,1,0,0,0,0,irrelevant unsupported claim,,
PB-002204,naturalistic,finance,ood_test,factual_world,I remember the invoice amount as 8:00.,world_claim,explicit_user,0.95,1,1,0,0,0,unsupported user world belief,,
PB-002205,naturalistic,finance,ood_test,factual_world,Past behavior suggests the payment due date may be 9:30.,world_claim,inferred,0.85,1,1,0,0,0,inferred world belief,,
PB-002206,naturalistic,finance,ood_test,factual_world,A third-party message says the expense category is 10:00.,world_claim,third_party,0.85,1,1,0,0,0,third-party unsupported world claim,,
PB-002207,naturalistic,finance,ood_test,factual_world,The connected record lists the budget limit as 11:30.,world_claim,tool_verified,0.95,1,1,0,0,1,tool evidence for world claim,,
PB-002208,naturalistic,finance,ood_test,factual_world,The primary source lists the invoice amount as 12:00.,world_claim,external_verified,0.95,1,1,0,0,1,external evidence for world claim,,
PB-002209,naturalistic,finance,ood_test,personal_state,I remember the payment due date as 8:30.,personal_state,explicit_user,0.95,1,1,0,1,1,explicit personal-state evidence,,
PB-002210,naturalistic,finance,ood_test,personal_state,The connected record lists the expense category as 9:00.,personal_state,tool_verified,0.95,1,1,0,1,1,tool personal-state evidence,,
PB-002211,naturalistic,finance,ood_test,personal_state,The primary source lists the budget limit as 10:30.,personal_state,external_verified,0.9,1,1,0,1,1,external personal-state evidence,,
PB-002212,naturalistic,finance,ood_test,factual_world,I remember the invoice amount as 11:00.,personal_state,explicit_user,0.95,1,1,0,1,0,personal state irrelevant as world evidence,,
PB-002213,naturalistic,finance,ood_test,recommendation,I prefer options related to payment due date.,preference,explicit_user,0.95,1,1,0,1,0,preference personalization,,
PB-002214,naturalistic,finance,ood_test,planning,Any plan has to respect my constraint about expense category.,constraint,explicit_user,0.95,1,1,0,1,0,constraint personalization,,
PB-002215,naturalistic,finance,ood_test,planning,My current goal is to optimize around budget limit.,goal,explicit_user,0.95,1,1,0,1,0,goal personalization,,
PB-002216,naturalistic,finance,ood_test,style,"Give me the answer first, then the rationale.",presentation,explicit_user,0.95,1,1,1,1,0,presentation personalization,,
PB-002217,naturalistic,finance,ood_test,personal_state,The connected record lists the payment due date as 11:30.,personal_state,tool_verified,0.95,0,1,0,0,0,stale evidence,,
PB-002218,naturalistic,finance,ood_test,factual_world,The primary source lists the expense category as 12:00.,world_claim,external_verified,0.35,1,1,0,0,0,low-confidence evidence,,
PB-002219,naturalistic,finance,ood_test,factual_world,The primary source lists the budget limit as 8:30.,world_claim,external_verified,0.95,1,0,0,0,0,irrelevant evidence,,
PB-002220,naturalistic,finance,ood_test,recommendation,I prefer options related to invoice amount.,preference,explicit_user,0.95,0,1,0,0,0,stale preference,,
PB-002221,naturalistic,finance,ood_test,planning,My current goal is to optimize around payment due date.,goal,explicit_user,0.35,1,1,0,0,0,low-confidence goal,,
PB-002222,naturalistic,finance,ood_test,factual_world,I remember the expense category as 11:00.,world_claim,explicit_user,0.95,1,0,0,0,0,irrelevant unsupported claim,,
PB-002223,naturalistic,finance,ood_test,factual_world,I remember the payment due date as 9:30.,world_claim,explicit_user,0.95,1,1,0,0,0,unsupported user world belief,,
PB-002224,naturalistic,finance,ood_test,factual_world,Past behavior suggests the expense category may be 10:00.,world_claim,inferred,0.85,1,1,0,0,0,inferred world belief,,
PB-002225,naturalistic,finance,ood_test,factual_world,A third-party message says the budget limit is 11:30.,world_claim,third_party,0.85,1,1,0,0,0,third-party unsupported world claim,,
PB-002226,naturalistic,finance,ood_test,factual_world,The connected record lists the invoice amount as 12:00.,world_claim,tool_verified,0.95,1,1,0,0,1,tool evidence for world claim,,
PB-002227,naturalistic,finance,ood_test,factual_world,The primary source lists the payment due date as 8:30.,world_claim,external_verified,0.95,1,1,0,0,1,external evidence for world claim,,
PB-002228,naturalistic,finance,ood_test,personal_state,I remember the expense category as 9:00.,personal_state,explicit_user,0.95,1,1,0,1,1,explicit personal-state evidence,,
PB-002229,naturalistic,finance,ood_test,personal_state,The connected record lists the budget limit as 10:30.,personal_state,tool_verified,0.95,1,1,0,1,1,tool personal-state evidence,,
PB-002230,naturalistic,finance,ood_test,personal_state,The primary source lists the invoice amount as 11:00.,personal_state,external_verified,0.9,1,1,0,1,1,external personal-state evidence,,
PB-002231,naturalistic,finance,ood_test,factual_world,I remember the payment due date as 12:30.,personal_state,explicit_user,0.95,1,1,0,1,0,personal state irrelevant as world evidence,,
PB-002232,naturalistic,finance,ood_test,recommendation,I prefer options related to expense category.,preference,explicit_user,0.95,1,1,0,1,0,preference personalization,,
PB-002233,naturalistic,finance,ood_test,planning,Any plan has to respect my constraint about budget limit.,constraint,explicit_user,0.95,1,1,0,1,0,constraint personalization,,
PB-002234,naturalistic,finance,ood_test,planning,My current goal is to optimize around invoice amount.,goal,explicit_user,0.95,1,1,0,1,0,goal personalization,,
PB-002235,naturalistic,finance,ood_test,style,Please keep the answer concise.,presentation,explicit_user,0.95,1,1,1,1,0,presentation personalization,,
PB-002236,naturalistic,finance,ood_test,personal_state,The connected record lists the expense category as 12:00.,personal_state,tool_verified,0.95,0,1,0,0,0,stale evidence,,
PB-002237,naturalistic,finance,ood_test,factual_world,The primary source lists the budget limit as 8:30.,world_claim,external_verified,0.35,1,1,0,0,0,low-confidence evidence,,
PB-002238,naturalistic,finance,ood_test,factual_world,The primary source lists the invoice amount as 9:00.,world_claim,external_verified,0.95,1,0,0,0,0,irrelevant evidence,,
PB-002239,naturalistic,finance,ood_test,recommendation,I prefer options related to payment due date.,preference,explicit_user,0.95,0,1,0,0,0,stale preference,,
PB-002240,naturalistic,finance,ood_test,planning,My current goal is to optimize around expense category.,goal,explicit_user,0.35,1,1,0,0,0,low-confidence goal,,
PB-002241,naturalistic,finance,ood_test,factual_world,I remember the budget limit as 12:30.,world_claim,explicit_user,0.95,1,0,0,0,0,irrelevant unsupported claim,,
PB-002242,naturalistic,finance,ood_test,factual_world,I remember the expense category as 10:00.,world_claim,explicit_user,0.95,1,1,0,0,0,unsupported user world belief,,
PB-002243,naturalistic,finance,ood_test,factual_world,Past behavior suggests the budget limit may be 11:30.,world_claim,inferred,0.85,1,1,0,0,0,inferred world belief,,
PB-002244,naturalistic,finance,ood_test,factual_world,A third-party message says the invoice amount is 12:00.,world_claim,third_party,0.85,1,1,0,0,0,third-party unsupported world claim,,
PB-002245,naturalistic,finance,ood_test,factual_world,The connected record lists the payment due date as 8:30.,world_claim,tool_verified,0.95,1,1,0,0,1,tool evidence for world claim,,
PB-002246,naturalistic,finance,ood_test,factual_world,The primary source lists the expense category as 9:00.,world_claim,external_verified,0.95,1,1,0,0,1,external evidence for world claim,,
PB-002247,naturalistic,finance,ood_test,personal_state,I remember the budget limit as 10:30.,personal_state,explicit_user,0.95,1,1,0,1,1,explicit personal-state evidence,,
PB-002248,naturalistic,finance,ood_test,personal_state,The connected record lists the invoice amount as 11:00.,personal_state,tool_verified,0.95,1,1,0,1,1,tool personal-state evidence,,
PB-002249,naturalistic,finance,ood_test,personal_state,The primary source lists the payment due date as 12:30.,personal_state,external_verified,0.9,1,1,0,1,1,external personal-state evidence,,
PB-002250,naturalistic,finance,ood_test,factual_world,I remember the expense category as 8:00.,personal_state,explicit_user,0.95,1,1,0,1,0,personal state irrelevant as world evidence,,
PB-002251,naturalistic,finance,ood_test,recommendation,I prefer options related to budget limit.,preference,explicit_user,0.95,1,1,0,1,0,preference personalization,,
PB-002252,naturalistic,finance,ood_test,planning,Any plan has to respect my constraint about invoice amount.,constraint,explicit_user,0.95,1,1,0,1,0,constraint personalization,,
PB-002253,naturalistic,finance,ood_test,planning,My current goal is to optimize around payment due date.,goal,explicit_user,0.95,1,1,0,1,0,goal personalization,,
PB-002254,naturalistic,finance,ood_test,style,Use a technical but plain style.,presentation,explicit_user,0.95,1,1,1,1,0,presentation personalization,,
PB-002255,naturalistic,finance,ood_test,personal_state,The connected record lists the budget limit as 8:30.,personal_state,tool_verified,0.95,0,1,0,0,0,stale evidence,,
PB-002256,naturalistic,finance,ood_test,factual_world,The primary source lists the invoice amount as 9:00.,world_claim,external_verified,0.35,1,1,0,0,0,low-confidence evidence,,
PB-002257,naturalistic,finance,ood_test,factual_world,The primary source lists the payment due date as 10:30.,world_claim,external_verified,0.95,1,0,0,0,0,irrelevant evidence,,
PB-002258,naturalistic,finance,ood_test,recommendation,I prefer options related to expense category.,preference,explicit_user,0.95,0,1,0,0,0,stale preference,,
PB-002259,naturalistic,finance,ood_test,planning,My current goal is to optimize around budget limit.,goal,explicit_user,0.35,1,1,0,0,0,low-confidence goal,,
PB-002260,naturalistic,finance,ood_test,factual_world,I remember the invoice amount as 8:00.,world_claim,explicit_user,0.95,1,0,0,0,0,irrelevant unsupported claim,,
PB-002261,naturalistic,finance,ood_test,factual_world,I remember the budget limit as 11:30.,world_claim,explicit_user,0.95,1,1,0,0,0,unsupported user world belief,,
PB-002262,naturalistic,finance,ood_test,factual_world,Past behavior suggests the invoice amount may be 12:00.,world_claim,inferred,0.85,1,1,0,0,0,inferred world belief,,
PB-002263,naturalistic,finance,ood_test,factual_world,A third-party message says the payment due date is 8:30.,world_claim,third_party,0.85,1,1,0,0,0,third-party unsupported world claim,,
PB-002264,naturalistic,finance,ood_test,factual_world,The connected record lists the expense category as 9:00.,world_claim,tool_verified,0.95,1,1,0,0,1,tool evidence for world claim,,
PB-002265,naturalistic,finance,ood_test,factual_world,The primary source lists the budget limit as 10:30.,world_claim,external_verified,0.95,1,1,0,0,1,external evidence for world claim,,
PB-002266,naturalistic,finance,ood_test,personal_state,I remember the invoice amount as 11:00.,personal_state,explicit_user,0.95,1,1,0,1,1,explicit personal-state evidence,,
PB-002267,naturalistic,finance,ood_test,personal_state,The connected record lists the payment due date as 12:30.,personal_state,tool_verified,0.95,1,1,0,1,1,tool personal-state evidence,,
PB-002268,naturalistic,finance,ood_test,personal_state,The primary source lists the expense category as 8:00.,personal_state,external_verified,0.9,1,1,0,1,1,external personal-state evidence,,
PB-002269,naturalistic,finance,ood_test,factual_world,I remember the budget limit as 9:30.,personal_state,explicit_user,0.95,1,1,0,1,0,personal state irrelevant as world evidence,,
PB-002270,naturalistic,finance,ood_test,recommendation,I prefer options related to invoice amount.,preference,explicit_user,0.95,1,1,0,1,0,preference personalization,,
PB-002271,naturalistic,finance,ood_test,planning,Any plan has to respect my constraint about payment due date.,constraint,explicit_user,0.95,1,1,0,1,0,constraint personalization,,
PB-002272,naturalistic,finance,ood_test,planning,My current goal is to optimize around expense category.,goal,explicit_user,0.95,1,1,0,1,0,goal personalization,,
PB-002273,naturalistic,finance,ood_test,style,"Give me the answer first, then the rationale.",presentation,explicit_user,0.95,1,1,1,1,0,presentation personalization,,
PB-002274,naturalistic,finance,ood_test,personal_state,The connected record lists the invoice amount as 9:00.,personal_state,tool_verified,0.95,0,1,0,0,0,stale evidence,,
PB-002275,naturalistic,finance,ood_test,factual_world,The primary source lists the payment due date as 10:30.,world_claim,external_verified,0.35,1,1,0,0,0,low-confidence evidence,,
PB-002276,naturalistic,finance,ood_test,factual_world,The primary source lists the expense category as 11:00.,world_claim,external_verified,0.95,1,0,0,0,0,irrelevant evidence,,
PB-002277,naturalistic,finance,ood_test,recommendation,I prefer options related to budget limit.,preference,explicit_user,0.95,0,1,0,0,0,stale preference,,
PB-002278,naturalistic,finance,ood_test,planning,My current goal is to optimize around invoice amount.,goal,explicit_user,0.35,1,1,0,0,0,low-confidence goal,,
PB-002279,naturalistic,finance,ood_test,factual_world,I remember the payment due date as 9:30.,world_claim,explicit_user,0.95,1,0,0,0,0,irrelevant unsupported claim,,
PB-002280,naturalistic,health_wellness,test,factual_world,I remember the sleep duration as 8:00.,world_claim,explicit_user,0.95,1,1,0,0,0,unsupported user world belief,,
PB-002281,naturalistic,health_wellness,test,factual_world,Past behavior suggests the workout time may be 9:30.,world_claim,inferred,0.85,1,1,0,0,0,inferred world belief,,
PB-002282,naturalistic,health_wellness,test,factual_world,A third-party message says the step count is 10:00.,world_claim,third_party,0.85,1,1,0,0,0,third-party unsupported world claim,,
PB-002283,naturalistic,health_wellness,compositional_test,factual_world,The connected record lists the meal preference as 11:30.,world_claim,tool_verified,0.95,1,1,0,0,1,tool evidence for world claim,,
PB-002284,naturalistic,health_wellness,test,factual_world,The primary source lists the sleep duration as 12:00.,world_claim,external_verified,0.95,1,1,0,0,1,external evidence for world claim,,
PB-002285,naturalistic,health_wellness,test,personal_state,I remember the workout time as 8:30.,personal_state,explicit_user,0.95,1,1,0,1,1,explicit personal-state evidence,,
PB-002286,naturalistic,health_wellness,test,personal_state,The connected record lists the step count as 9:00.,personal_state,tool_verified,0.95,1,1,0,1,1,tool personal-state evidence,,
PB-002287,naturalistic,health_wellness,compositional_test,personal_state,The primary source lists the meal preference as 10:30.,personal_state,external_verified,0.9,1,1,0,1,1,external personal-state evidence,,
PB-002288,naturalistic,health_wellness,test,factual_world,I remember the sleep duration as 11:00.,personal_state,explicit_user,0.95,1,1,0,1,0,personal state irrelevant as world evidence,,
PB-002289,naturalistic,health_wellness,test,recommendation,I prefer options related to workout time.,preference,explicit_user,0.95,1,1,0,1,0,preference personalization,,
PB-002290,naturalistic,health_wellness,test,planning,Any plan has to respect my constraint about step count.,constraint,explicit_user,0.95,1,1,0,1,0,constraint personalization,,
PB-002291,naturalistic,health_wellness,test,planning,My current goal is to optimize around meal preference.,goal,explicit_user,0.95,1,1,0,1,0,goal personalization,,
PB-002292,naturalistic,health_wellness,test,style,Please keep the answer concise.,presentation,explicit_user,0.95,1,1,1,1,0,presentation personalization,,
PB-002293,naturalistic,health_wellness,compositional_test,personal_state,The connected record lists the workout time as 11:30.,personal_state,tool_verified,0.95,0,1,0,0,0,stale evidence,,
PB-002294,naturalistic,health_wellness,compositional_test,factual_world,The primary source lists the step count as 12:00.,world_claim,external_verified,0.35,1,1,0,0,0,low-confidence evidence,,
PB-002295,naturalistic,health_wellness,compositional_test,factual_world,The primary source lists the meal preference as 8:30.,world_claim,external_verified,0.95,1,0,0,0,0,irrelevant evidence,,
PB-002296,naturalistic,health_wellness,test,recommendation,I prefer options related to sleep duration.,preference,explicit_user,0.95,0,1,0,0,0,stale preference,,
PB-002297,naturalistic,health_wellness,test,planning,My current goal is to optimize around workout time.,goal,explicit_user,0.35,1,1,0,0,0,low-confidence goal,,
PB-002298,naturalistic,health_wellness,test,factual_world,I remember the step count as 11:00.,world_claim,explicit_user,0.95,1,0,0,0,0,irrelevant unsupported claim,,
PB-002299,naturalistic,health_wellness,val,factual_world,I remember the workout time as 9:30.,world_claim,explicit_user,0.95,1,1,0,0,0,unsupported user world belief,,
PB-002300,naturalistic,health_wellness,val,factual_world,Past behavior suggests the step count may be 10:00.,world_claim,inferred,0.85,1,1,0,0,0,inferred world belief,,
PB-002301,naturalistic,health_wellness,val,factual_world,A third-party message says the meal preference is 11:30.,world_claim,third_party,0.85,1,1,0,0,0,third-party unsupported world claim,,
PB-002302,naturalistic,health_wellness,compositional_test,factual_world,The connected record lists the sleep duration as 12:00.,world_claim,tool_verified,0.95,1,1,0,0,1,tool evidence for world claim,,
PB-002303,naturalistic,health_wellness,val,factual_world,The primary source lists the workout time as 8:30.,world_claim,external_verified,0.95,1,1,0,0,1,external evidence for world claim,,
PB-002304,naturalistic,health_wellness,val,personal_state,I remember the step count as 9:00.,personal_state,explicit_user,0.95,1,1,0,1,1,explicit personal-state evidence,,
PB-002305,naturalistic,health_wellness,val,personal_state,The connected record lists the meal preference as 10:30.,personal_state,tool_verified,0.95,1,1,0,1,1,tool personal-state evidence,,
PB-002306,naturalistic,health_wellness,compositional_test,personal_state,The primary source lists the sleep duration as 11:00.,personal_state,external_verified,0.9,1,1,0,1,1,external personal-state evidence,,
PB-002307,naturalistic,health_wellness,val,factual_world,I remember the workout time as 12:30.,personal_state,explicit_user,0.95,1,1,0,1,0,personal state irrelevant as world evidence,,
PB-002308,naturalistic,health_wellness,val,recommendation,I prefer options related to step count.,preference,explicit_user,0.95,1,1,0,1,0,preference personalization,,
PB-002309,naturalistic,health_wellness,val,planning,Any plan has to respect my constraint about meal preference.,constraint,explicit_user,0.95,1,1,0,1,0,constraint personalization,,
PB-002310,naturalistic,health_wellness,val,planning,My current goal is to optimize around sleep duration.,goal,explicit_user,0.95,1,1,0,1,0,goal personalization,,
PB-002311,naturalistic,health_wellness,val,style,Use a technical but plain style.,presentation,explicit_user,0.95,1,1,1,1,0,presentation personalization,,
PB-002312,naturalistic,health_wellness,compositional_test,personal_state,The connected record lists the step count as 12:00.,personal_state,tool_verified,0.95,0,1,0,0,0,stale evidence,,
PB-002313,naturalistic,health_wellness,compositional_test,factual_world,The primary source lists the meal preference as 8:30.,world_claim,external_verified,0.35,1,1,0,0,0,low-confidence evidence,,
PB-002314,naturalistic,health_wellness,compositional_test,factual_world,The primary source lists the sleep duration as 9:00.,world_claim,external_verified,0.95,1,0,0,0,0,irrelevant evidence,,
PB-002315,naturalistic,health_wellness,val,recommendation,I prefer options related to workout time.,preference,explicit_user,0.95,0,1,0,0,0,stale preference,,
PB-002316,naturalistic,health_wellness,val,planning,My current goal is to optimize around step count.,goal,explicit_user,0.35,1,1,0,0,0,low-confidence goal,,
PB-002317,naturalistic,health_wellness,val,factual_world,I remember the meal preference as 12:30.,world_claim,explicit_user,0.95,1,0,0,0,0,irrelevant unsupported claim,,
PB-002318,naturalistic,health_wellness,train,factual_world,I remember the step count as 10:00.,world_claim,explicit_user,0.95,1,1,0,0,0,unsupported user world belief,,
PB-002319,naturalistic,health_wellness,train,factual_world,Past behavior suggests the meal preference may be 11:30.,world_claim,inferred,0.85,1,1,0,0,0,inferred world belief,,
PB-002320,naturalistic,health_wellness,train,factual_world,A third-party message says the sleep duration is 12:00.,world_claim,third_party,0.85,1,1,0,0,0,third-party unsupported world claim,,
PB-002321,naturalistic,health_wellness,compositional_test,factual_world,The connected record lists the workout time as 8:30.,world_claim,tool_verified,0.95,1,1,0,0,1,tool evidence for world claim,,
PB-002322,naturalistic,health_wellness,train,factual_world,The primary source lists the step count as 9:00.,world_claim,external_verified,0.95,1,1,0,0,1,external evidence for world claim,,
PB-002323,naturalistic,health_wellness,train,personal_state,I remember the meal preference as 10:30.,personal_state,explicit_user,0.95,1,1,0,1,1,explicit personal-state evidence,,
PB-002324,naturalistic,health_wellness,train,personal_state,The connected record lists the sleep duration as 11:00.,personal_state,tool_verified,0.95,1,1,0,1,1,tool personal-state evidence,,
PB-002325,naturalistic,health_wellness,compositional_test,personal_state,The primary source lists the workout time as 12:30.,personal_state,external_verified,0.9,1,1,0,1,1,external personal-state evidence,,
PB-002326,naturalistic,health_wellness,train,factual_world,I remember the step count as 8:00.,personal_state,explicit_user,0.95,1,1,0,1,0,personal state irrelevant as world evidence,,
PB-002327,naturalistic,health_wellness,train,recommendation,I prefer options related to meal preference.,preference,explicit_user,0.95,1,1,0,1,0,preference personalization,,
PB-002328,naturalistic,health_wellness,train,planning,Any plan has to respect my constraint about sleep duration.,constraint,explicit_user,0.95,1,1,0,1,0,constraint personalization,,
PB-002329,naturalistic,health_wellness,train,planning,My current goal is to optimize around workout time.,goal,explicit_user,0.95,1,1,0,1,0,goal personalization,,
PB-002330,naturalistic,health_wellness,train,style,"Give me the answer first, then the rationale.",presentation,explicit_user,0.95,1,1,1,1,0,presentation personalization,,
PB-002331,naturalistic,health_wellness,compositional_test,personal_state,The connected record lists the meal preference as 8:30.,personal_state,tool_verified,0.95,0,1,0,0,0,stale evidence,,
PB-002332,naturalistic,health_wellness,compositional_test,factual_world,The primary source lists the sleep duration as 9:00.,world_claim,external_verified,0.35,1,1,0,0,0,low-confidence evidence,,
PB-002333,naturalistic,health_wellness,compositional_test,factual_world,The primary source lists the workout time as 10:30.,world_claim,external_verified,0.95,1,0,0,0,0,irrelevant evidence,,
PB-002334,naturalistic,health_wellness,train,recommendation,I prefer options related to step count.,preference,explicit_user,0.95,0,1,0,0,0,stale preference,,
PB-002335,naturalistic,health_wellness,train,planning,My current goal is to optimize around meal preference.,goal,explicit_user,0.35,1,1,0,0,0,low-confidence goal,,
PB-002336,naturalistic,health_wellness,train,factual_world,I remember the sleep duration as 8:00.,world_claim,explicit_user,0.95,1,0,0,0,0,irrelevant unsupported claim,,
PB-002337,naturalistic,health_wellness,train,factual_world,I remember the meal preference as 11:30.,world_claim,explicit_user,0.95,1,1,0,0,0,unsupported user world belief,,
PB-002338,naturalistic,health_wellness,train,factual_world,Past behavior suggests the sleep duration may be 12:00.,world_claim,inferred,0.85,1,1,0,0,0,inferred world belief,,
PB-002339,naturalistic,health_wellness,train,factual_world,A third-party message says the workout time is 8:30.,world_claim,third_party,0.85,1,1,0,0,0,third-party unsupported world claim,,
PB-002340,naturalistic,health_wellness,compositional_test,factual_world,The connected record lists the step count as 9:00.,world_claim,tool_verified,0.95,1,1,0,0,1,tool evidence for world claim,,
PB-002341,naturalistic,health_wellness,train,factual_world,The primary source lists the meal preference as 10:30.,world_claim,external_verified,0.95,1,1,0,0,1,external evidence for world claim,,
PB-002342,naturalistic,health_wellness,train,personal_state,I remember the sleep duration as 11:00.,personal_state,explicit_user,0.95,1,1,0,1,1,explicit personal-state evidence,,
PB-002343,naturalistic,health_wellness,train,personal_state,The connected record lists the workout time as 12:30.,personal_state,tool_verified,0.95,1,1,0,1,1,tool personal-state evidence,,
PB-002344,naturalistic,health_wellness,compositional_test,personal_state,The primary source lists the step count as 8:00.,personal_state,external_verified,0.9,1,1,0,1,1,external personal-state evidence,,
PB-002345,naturalistic,health_wellness,train,factual_world,I remember the meal preference as 9:30.,personal_state,explicit_user,0.95,1,1,0,1,0,personal state irrelevant as world evidence,,
PB-002346,naturalistic,health_wellness,train,recommendation,I prefer options related to sleep duration.,preference,explicit_user,0.95,1,1,0,1,0,preference personalization,,
PB-002347,naturalistic,health_wellness,train,planning,Any plan has to respect my constraint about workout time.,constraint,explicit_user,0.95,1,1,0,1,0,constraint personalization,,
PB-002348,naturalistic,health_wellness,train,planning,My current goal is to optimize around step count.,goal,explicit_user,0.95,1,1,0,1,0,goal personalization,,
PB-002349,naturalistic,health_wellness,train,style,Please keep the answer concise.,presentation,explicit_user,0.95,1,1,1,1,0,presentation personalization,,
PB-002350,naturalistic,health_wellness,compositional_test,personal_state,The connected record lists the sleep duration as 9:00.,personal_state,tool_verified,0.95,0,1,0,0,0,stale evidence,,
PB-002351,naturalistic,health_wellness,compositional_test,factual_world,The primary source lists the workout time as 10:30.,world_claim,external_verified,0.35,1,1,0,0,0,low-confidence evidence,,
PB-002352,naturalistic,health_wellness,compositional_test,factual_world,The primary source lists the step count as 11:00.,world_claim,external_verified,0.95,1,0,0,0,0,irrelevant evidence,,
PB-002353,naturalistic,health_wellness,train,recommendation,I prefer options related to meal preference.,preference,explicit_user,0.95,0,1,0,0,0,stale preference,,
PB-002354,naturalistic,health_wellness,train,planning,My current goal is to optimize around sleep duration.,goal,explicit_user,0.35,1,1,0,0,0,low-confidence goal,,
PB-002355,naturalistic,health_wellness,train,factual_world,I remember the workout time as 9:30.,world_claim,explicit_user,0.95,1,0,0,0,0,irrelevant unsupported claim,,
PB-002356,naturalistic,health_wellness,train,factual_world,I remember the sleep duration as 12:00.,world_claim,explicit_user,0.95,1,1,0,0,0,unsupported user world belief,,
PB-002357,naturalistic,health_wellness,train,factual_world,Past behavior suggests the workout time may be 8:30.,world_claim,inferred,0.85,1,1,0,0,0,inferred world belief,,
PB-002358,naturalistic,health_wellness,train,factual_world,A third-party message says the step count is 9:00.,world_claim,third_party,0.85,1,1,0,0,0,third-party unsupported world claim,,
PB-002359,naturalistic,health_wellness,compositional_test,factual_world,The connected record lists the meal preference as 10:30.,world_claim,tool_verified,0.95,1,1,0,0,1,tool evidence for world claim,,
PB-002360,naturalistic,health_wellness,train,factual_world,The primary source lists the sleep duration as 11:00.,world_claim,external_verified,0.95,1,1,0,0,1,external evidence for world claim,,
PB-002361,naturalistic,health_wellness,train,personal_state,I remember the workout time as 12:30.,personal_state,explicit_user,0.95,1,1,0,1,1,explicit personal-state evidence,,
PB-002362,naturalistic,health_wellness,train,personal_state,The connected record lists the step count as 8:00.,personal_state,tool_verified,0.95,1,1,0,1,1,tool personal-state evidence,,
PB-002363,naturalistic,health_wellness,compositional_test,personal_state,The primary source lists the meal preference as 9:30.,personal_state,external_verified,0.9,1,1,0,1,1,external personal-state evidence,,
PB-002364,naturalistic,health_wellness,train,factual_world,I remember the sleep duration as 10:00.,personal_state,explicit_user,0.95,1,1,0,1,0,personal state irrelevant as world evidence,,
PB-002365,naturalistic,health_wellness,train,recommendation,I prefer options related to workout time.,preference,explicit_user,0.95,1,1,0,1,0,preference personalization,,
PB-002366,naturalistic,health_wellness,train,planning,Any plan has to respect my constraint about step count.,constraint,explicit_user,0.95,1,1,0,1,0,constraint personalization,,
PB-002367,naturalistic,health_wellness,train,planning,My current goal is to optimize around meal preference.,goal,explicit_user,0.95,1,1,0,1,0,goal personalization,,
PB-002368,naturalistic,health_wellness,train,style,Use a technical but plain style.,presentation,explicit_user,0.95,1,1,1,1,0,presentation personalization,,
PB-002369,naturalistic,health_wellness,compositional_test,personal_state,The connected record lists the workout time as 10:30.,personal_state,tool_verified,0.95,0,1,0,0,0,stale evidence,,
PB-002370,naturalistic,health_wellness,compositional_test,factual_world,The primary source lists the step count as 11:00.,world_claim,external_verified,0.35,1,1,0,0,0,low-confidence evidence,,
PB-002371,naturalistic,health_wellness,compositional_test,factual_world,The primary source lists the meal preference as 12:30.,world_claim,external_verified,0.95,1,0,0,0,0,irrelevant evidence,,
PB-002372,naturalistic,health_wellness,train,recommendation,I prefer options related to sleep duration.,preference,explicit_user,0.95,0,1,0,0,0,stale preference,,
PB-002373,naturalistic,health_wellness,train,planning,My current goal is to optimize around workout time.,goal,explicit_user,0.35,1,1,0,0,0,low-confidence goal,,
PB-002374,naturalistic,health_wellness,train,factual_world,I remember the step count as 10:00.,world_claim,explicit_user,0.95,1,0,0,0,0,irrelevant unsupported claim,,
PB-002375,naturalistic,health_wellness,train,factual_world,I remember the workout time as 8:30.,world_claim,explicit_user,0.95,1,1,0,0,0,unsupported user world belief,,
PB-002376,naturalistic,health_wellness,train,factual_world,Past behavior suggests the step count may be 9:00.,world_claim,inferred,0.85,1,1,0,0,0,inferred world belief,,
PB-002377,naturalistic,health_wellness,train,factual_world,A third-party message says the meal preference is 10:30.,world_claim,third_party,0.85,1,1,0,0,0,third-party unsupported world claim,,
PB-002378,naturalistic,health_wellness,compositional_test,factual_world,The connected record lists the sleep duration as 11:00.,world_claim,tool_verified,0.95,1,1,0,0,1,tool evidence for world claim,,
PB-002379,naturalistic,health_wellness,train,factual_world,The primary source lists the workout time as 12:30.,world_claim,external_verified,0.95,1,1,0,0,1,external evidence for world claim,,
PB-002380,naturalistic,health_wellness,train,personal_state,I remember the step count as 8:00.,personal_state,explicit_user,0.95,1,1,0,1,1,explicit personal-state evidence,,
PB-002381,naturalistic,health_wellness,train,personal_state,The connected record lists the meal preference as 9:30.,personal_state,tool_verified,0.95,1,1,0,1,1,tool personal-state evidence,,
PB-002382,naturalistic,health_wellness,compositional_test,personal_state,The primary source lists the sleep duration as 10:00.,personal_state,external_verified,0.9,1,1,0,1,1,external personal-state evidence,,
PB-002383,naturalistic,health_wellness,train,factual_world,I remember the workout time as 11:30.,personal_state,explicit_user,0.95,1,1,0,1,0,personal state irrelevant as world evidence,,
PB-002384,naturalistic,health_wellness,train,recommendation,I prefer options related to step count.,preference,explicit_user,0.95,1,1,0,1,0,preference personalization,,
PB-002385,naturalistic,health_wellness,train,planning,Any plan has to respect my constraint about meal preference.,constraint,explicit_user,0.95,1,1,0,1,0,constraint personalization,,
PB-002386,naturalistic,health_wellness,train,planning,My current goal is to optimize around sleep duration.,goal,explicit_user,0.95,1,1,0,1,0,goal personalization,,
PB-002387,naturalistic,health_wellness,train,style,"Give me the answer first, then the rationale.",presentation,explicit_user,0.95,1,1,1,1,0,presentation personalization,,
PB-002388,naturalistic,health_wellness,compositional_test,personal_state,The connected record lists the step count as 11:00.,personal_state,tool_verified,0.95,0,1,0,0,0,stale evidence,,
PB-002389,naturalistic,health_wellness,compositional_test,factual_world,The primary source lists the meal preference as 12:30.,world_claim,external_verified,0.35,1,1,0,0,0,low-confidence evidence,,
PB-002390,naturalistic,health_wellness,compositional_test,factual_world,The primary source lists the sleep duration as 8:00.,world_claim,external_verified,0.95,1,0,0,0,0,irrelevant evidence,,
PB-002391,naturalistic,health_wellness,train,recommendation,I prefer options related to workout time.,preference,explicit_user,0.95,0,1,0,0,0,stale preference,,
PB-002392,naturalistic,health_wellness,train,planning,My current goal is to optimize around step count.,goal,explicit_user,0.35,1,1,0,0,0,low-confidence goal,,
PB-002393,naturalistic,health_wellness,train,factual_world,I remember the meal preference as 11:30.,world_claim,explicit_user,0.95,1,0,0,0,0,irrelevant unsupported claim,,
PB-002394,naturalistic,health_wellness,train,factual_world,I remember the step count as 9:00.,world_claim,explicit_user,0.95,1,1,0,0,0,unsupported user world belief,,
PB-002395,naturalistic,health_wellness,train,factual_world,Past behavior suggests the meal preference may be 10:30.,world_claim,inferred,0.85,1,1,0,0,0,inferred world belief,,
PB-002396,naturalistic,health_wellness,train,factual_world,A third-party message says the sleep duration is 11:00.,world_claim,third_party,0.85,1,1,0,0,0,third-party unsupported world claim,,
PB-002397,naturalistic,health_wellness,compositional_test,factual_world,The connected record lists the workout time as 12:30.,world_claim,tool_verified,0.95,1,1,0,0,1,tool evidence for world claim,,
PB-002398,naturalistic,health_wellness,train,factual_world,The primary source lists the step count as 8:00.,world_claim,external_verified,0.95,1,1,0,0,1,external evidence for world claim,,
PB-002399,naturalistic,health_wellness,train,personal_state,I remember the meal preference as 9:30.,personal_state,explicit_user,0.95,1,1,0,1,1,explicit personal-state evidence,,
PB-002400,naturalistic,health_wellness,train,personal_state,The connected record lists the sleep duration as 10:00.,personal_state,tool_verified,0.95,1,1,0,1,1,tool personal-state evidence,,
PB-002401,naturalistic,health_wellness,compositional_test,personal_state,The primary source lists the workout time as 11:30.,personal_state,external_verified,0.9,1,1,0,1,1,external personal-state evidence,,
PB-002402,naturalistic,health_wellness,train,factual_world,I remember the step count as 12:00.,personal_state,explicit_user,0.95,1,1,0,1,0,personal state irrelevant as world evidence,,
PB-002403,naturalistic,health_wellness,train,recommendation,I prefer options related to meal preference.,preference,explicit_user,0.95,1,1,0,1,0,preference personalization,,
PB-002404,naturalistic,health_wellness,train,planning,Any plan has to respect my constraint about sleep duration.,constraint,explicit_user,0.95,1,1,0,1,0,constraint personalization,,
PB-002405,naturalistic,health_wellness,train,planning,My current goal is to optimize around workout time.,goal,explicit_user,0.95,1,1,0,1,0,goal personalization,,
PB-002406,naturalistic,health_wellness,train,style,Please keep the answer concise.,presentation,explicit_user,0.95,1,1,1,1,0,presentation personalization,,
PB-002407,naturalistic,health_wellness,compositional_test,personal_state,The connected record lists the meal preference as 12:30.,personal_state,tool_verified,0.95,0,1,0,0,0,stale evidence,,
PB-002408,naturalistic,health_wellness,compositional_test,factual_world,The primary source lists the sleep duration as 8:00.,world_claim,external_verified,0.35,1,1,0,0,0,low-confidence evidence,,
PB-002409,naturalistic,health_wellness,compositional_test,factual_world,The primary source lists the workout time as 9:30.,world_claim,external_verified,0.95,1,0,0,0,0,irrelevant evidence,,
PB-002410,naturalistic,health_wellness,train,recommendation,I prefer options related to step count.,preference,explicit_user,0.95,0,1,0,0,0,stale preference,,
PB-002411,naturalistic,health_wellness,train,planning,My current goal is to optimize around meal preference.,goal,explicit_user,0.35,1,1,0,0,0,low-confidence goal,,
PB-002412,naturalistic,health_wellness,train,factual_world,I remember the sleep duration as 12:00.,world_claim,explicit_user,0.95,1,0,0,0,0,irrelevant unsupported claim,,
PB-002413,naturalistic,health_wellness,train,factual_world,I remember the meal preference as 10:30.,world_claim,explicit_user,0.95,1,1,0,0,0,unsupported user world belief,,
PB-002414,naturalistic,health_wellness,train,factual_world,Past behavior suggests the sleep duration may be 11:00.,world_claim,inferred,0.85,1,1,0,0,0,inferred world belief,,
PB-002415,naturalistic,health_wellness,train,factual_world,A third-party message says the workout time is 12:30.,world_claim,third_party,0.85,1,1,0,0,0,third-party unsupported world claim,,
PB-002416,naturalistic,health_wellness,compositional_test,factual_world,The connected record lists the step count as 8:00.,world_claim,tool_verified,0.95,1,1,0,0,1,tool evidence for world claim,,
PB-002417,naturalistic,health_wellness,train,factual_world,The primary source lists the meal preference as 9:30.,world_claim,external_verified,0.95,1,1,0,0,1,external evidence for world claim,,
PB-002418,naturalistic,health_wellness,train,personal_state,I remember the sleep duration as 10:00.,personal_state,explicit_user,0.95,1,1,0,1,1,explicit personal-state evidence,,
PB-002419,naturalistic,health_wellness,train,personal_state,The connected record lists the workout time as 11:30.,personal_state,tool_verified,0.95,1,1,0,1,1,tool personal-state evidence,,
PB-002420,naturalistic,health_wellness,compositional_test,personal_state,The primary source lists the step count as 12:00.,personal_state,external_verified,0.9,1,1,0,1,1,external personal-state evidence,,
PB-002421,naturalistic,health_wellness,train,factual_world,I remember the meal preference as 8:30.,personal_state,explicit_user,0.95,1,1,0,1,0,personal state irrelevant as world evidence,,
PB-002422,naturalistic,health_wellness,train,recommendation,I prefer options related to sleep duration.,preference,explicit_user,0.95,1,1,0,1,0,preference personalization,,
PB-002423,naturalistic,health_wellness,train,planning,Any plan has to respect my constraint about workout time.,constraint,explicit_user,0.95,1,1,0,1,0,constraint personalization,,
PB-002424,naturalistic,health_wellness,train,planning,My current goal is to optimize around step count.,goal,explicit_user,0.95,1,1,0,1,0,goal personalization,,
PB-002425,naturalistic,health_wellness,train,style,Use a technical but plain style.,presentation,explicit_user,0.95,1,1,1,1,0,presentation personalization,,
PB-002426,naturalistic,health_wellness,compositional_test,personal_state,The connected record lists the sleep duration as 8:00.,personal_state,tool_verified,0.95,0,1,0,0,0,stale evidence,,
PB-002427,naturalistic,health_wellness,compositional_test,factual_world,The primary source lists the workout time as 9:30.,world_claim,external_verified,0.35,1,1,0,0,0,low-confidence evidence,,
PB-002428,naturalistic,health_wellness,compositional_test,factual_world,The primary source lists the step count as 10:00.,world_claim,external_verified,0.95,1,0,0,0,0,irrelevant evidence,,
PB-002429,naturalistic,health_wellness,train,recommendation,I prefer options related to meal preference.,preference,explicit_user,0.95,0,1,0,0,0,stale preference,,
PB-002430,naturalistic,health_wellness,train,planning,My current goal is to optimize around sleep duration.,goal,explicit_user,0.35,1,1,0,0,0,low-confidence goal,,
PB-002431,naturalistic,health_wellness,train,factual_world,I remember the workout time as 8:30.,world_claim,explicit_user,0.95,1,0,0,0,0,irrelevant unsupported claim,,
PB-002432,naturalistic,health_wellness,train,factual_world,I remember the sleep duration as 11:00.,world_claim,explicit_user,0.95,1,1,0,0,0,unsupported user world belief,,
PB-002433,naturalistic,health_wellness,train,factual_world,Past behavior suggests the workout time may be 12:30.,world_claim,inferred,0.85,1,1,0,0,0,inferred world belief,,
PB-002434,naturalistic,health_wellness,train,factual_world,A third-party message says the step count is 8:00.,world_claim,third_party,0.85,1,1,0,0,0,third-party unsupported world claim,,
PB-002435,naturalistic,health_wellness,compositional_test,factual_world,The connected record lists the meal preference as 9:30.,world_claim,tool_verified,0.95,1,1,0,0,1,tool evidence for world claim,,
PB-002436,naturalistic,health_wellness,train,factual_world,The primary source lists the sleep duration as 10:00.,world_claim,external_verified,0.95,1,1,0,0,1,external evidence for world claim,,
PB-002437,naturalistic,health_wellness,train,personal_state,I remember the workout time as 11:30.,personal_state,explicit_user,0.95,1,1,0,1,1,explicit personal-state evidence,,
PB-002438,naturalistic,health_wellness,train,personal_state,The connected record lists the step count as 12:00.,personal_state,tool_verified,0.95,1,1,0,1,1,tool personal-state evidence,,
PB-002439,naturalistic,health_wellness,compositional_test,personal_state,The primary source lists the meal preference as 8:30.,personal_state,external_verified,0.9,1,1,0,1,1,external personal-state evidence,,
PB-002440,naturalistic,health_wellness,train,factual_world,I remember the sleep duration as 9:00.,personal_state,explicit_user,0.95,1,1,0,1,0,personal state irrelevant as world evidence,,
PB-002441,naturalistic,health_wellness,train,recommendation,I prefer options related to workout time.,preference,explicit_user,0.95,1,1,0,1,0,preference personalization,,
PB-002442,naturalistic,health_wellness,train,planning,Any plan has to respect my constraint about step count.,constraint,explicit_user,0.95,1,1,0,1,0,constraint personalization,,
PB-002443,naturalistic,health_wellness,train,planning,My current goal is to optimize around meal preference.,goal,explicit_user,0.95,1,1,0,1,0,goal personalization,,
PB-002444,naturalistic,health_wellness,train,style,"Give me the answer first, then the rationale.",presentation,explicit_user,0.95,1,1,1,1,0,presentation personalization,,
PB-002445,naturalistic,health_wellness,compositional_test,personal_state,The connected record lists the workout time as 9:30.,personal_state,tool_verified,0.95,0,1,0,0,0,stale evidence,,
PB-002446,naturalistic,health_wellness,compositional_test,factual_world,The primary source lists the step count as 10:00.,world_claim,external_verified,0.35,1,1,0,0,0,low-confidence evidence,,
PB-002447,naturalistic,health_wellness,compositional_test,factual_world,The primary source lists the meal preference as 11:30.,world_claim,external_verified,0.95,1,0,0,0,0,irrelevant evidence,,
PB-002448,naturalistic,health_wellness,train,recommendation,I prefer options related to sleep duration.,preference,explicit_user,0.95,0,1,0,0,0,stale preference,,
PB-002449,naturalistic,health_wellness,train,planning,My current goal is to optimize around workout time.,goal,explicit_user,0.35,1,1,0,0,0,low-confidence goal,,
PB-002450,naturalistic,health_wellness,train,factual_world,I remember the step count as 9:00.,world_claim,explicit_user,0.95,1,0,0,0,0,irrelevant unsupported claim,,
PB-002451,naturalistic,health_wellness,train,factual_world,I remember the workout time as 12:30.,world_claim,explicit_user,0.95,1,1,0,0,0,unsupported user world belief,,
PB-002452,naturalistic,health_wellness,train,factual_world,Past behavior suggests the step count may be 8:00.,world_claim,inferred,0.85,1,1,0,0,0,inferred world belief,,
PB-002453,naturalistic,health_wellness,train,factual_world,A third-party message says the meal preference is 9:30.,world_claim,third_party,0.85,1,1,0,0,0,third-party unsupported world claim,,
PB-002454,naturalistic,health_wellness,compositional_test,factual_world,The connected record lists the sleep duration as 10:00.,world_claim,tool_verified,0.95,1,1,0,0,1,tool evidence for world claim,,
PB-002455,naturalistic,health_wellness,train,factual_world,The primary source lists the workout time as 11:30.,world_claim,external_verified,0.95,1,1,0,0,1,external evidence for world claim,,
PB-002456,naturalistic,health_wellness,train,personal_state,I remember the step count as 12:00.,personal_state,explicit_user,0.95,1,1,0,1,1,explicit personal-state evidence,,
PB-002457,naturalistic,health_wellness,train,personal_state,The connected record lists the meal preference as 8:30.,personal_state,tool_verified,0.95,1,1,0,1,1,tool personal-state evidence,,
PB-002458,naturalistic,health_wellness,compositional_test,personal_state,The primary source lists the sleep duration as 9:00.,personal_state,external_verified,0.9,1,1,0,1,1,external personal-state evidence,,
PB-002459,naturalistic,health_wellness,train,factual_world,I remember the workout time as 10:30.,personal_state,explicit_user,0.95,1,1,0,1,0,personal state irrelevant as world evidence,,
PB-002460,naturalistic,health_wellness,train,recommendation,I prefer options related to step count.,preference,explicit_user,0.95,1,1,0,1,0,preference personalization,,
PB-002461,naturalistic,health_wellness,train,planning,Any plan has to respect my constraint about meal preference.,constraint,explicit_user,0.95,1,1,0,1,0,constraint personalization,,
PB-002462,naturalistic,health_wellness,train,planning,My current goal is to optimize around sleep duration.,goal,explicit_user,0.95,1,1,0,1,0,goal personalization,,
PB-002463,naturalistic,health_wellness,train,style,Please keep the answer concise.,presentation,explicit_user,0.95,1,1,1,1,0,presentation personalization,,
PB-002464,naturalistic,health_wellness,compositional_test,personal_state,The connected record lists the step count as 10:00.,personal_state,tool_verified,0.95,0,1,0,0,0,stale evidence,,
PB-002465,naturalistic,health_wellness,compositional_test,factual_world,The primary source lists the meal preference as 11:30.,world_claim,external_verified,0.35,1,1,0,0,0,low-confidence evidence,,
PB-002466,naturalistic,health_wellness,compositional_test,factual_world,The primary source lists the sleep duration as 12:00.,world_claim,external_verified,0.95,1,0,0,0,0,irrelevant evidence,,
PB-002467,naturalistic,health_wellness,train,recommendation,I prefer options related to workout time.,preference,explicit_user,0.95,0,1,0,0,0,stale preference,,
PB-002468,naturalistic,health_wellness,train,planning,My current goal is to optimize around step count.,goal,explicit_user,0.35,1,1,0,0,0,low-confidence goal,,
PB-002469,naturalistic,health_wellness,train,factual_world,I remember the meal preference as 10:30.,world_claim,explicit_user,0.95,1,0,0,0,0,irrelevant unsupported claim,,
PB-002470,naturalistic,health_wellness,train,factual_world,I remember the step count as 8:00.,world_claim,explicit_user,0.95,1,1,0,0,0,unsupported user world belief,,
PB-002471,naturalistic,health_wellness,train,factual_world,Past behavior suggests the meal preference may be 9:30.,world_claim,inferred,0.85,1,1,0,0,0,inferred world belief,,
PB-002472,naturalistic,health_wellness,train,factual_world,A third-party message says the sleep duration is 10:00.,world_claim,third_party,0.85,1,1,0,0,0,third-party unsupported world claim,,
PB-002473,naturalistic,health_wellness,compositional_test,factual_world,The connected record lists the workout time as 11:30.,world_claim,tool_verified,0.95,1,1,0,0,1,tool evidence for world claim,,
PB-002474,naturalistic,health_wellness,train,factual_world,The primary source lists the step count as 12:00.,world_claim,external_verified,0.95,1,1,0,0,1,external evidence for world claim,,
PB-002475,naturalistic,health_wellness,train,personal_state,I remember the meal preference as 8:30.,personal_state,explicit_user,0.95,1,1,0,1,1,explicit personal-state evidence,,
PB-002476,naturalistic,health_wellness,train,personal_state,The connected record lists the sleep duration as 9:00.,personal_state,tool_verified,0.95,1,1,0,1,1,tool personal-state evidence,,
PB-002477,naturalistic,health_wellness,compositional_test,personal_state,The primary source lists the workout time as 10:30.,personal_state,external_verified,0.9,1,1,0,1,1,external personal-state evidence,,
PB-002478,naturalistic,health_wellness,train,factual_world,I remember the step count as 11:00.,personal_state,explicit_user,0.95,1,1,0,1,0,personal state irrelevant as world evidence,,
PB-002479,naturalistic,health_wellness,train,recommendation,I prefer options related to meal preference.,preference,explicit_user,0.95,1,1,0,1,0,preference personalization,,
PB-002480,naturalistic,health_wellness,train,planning,Any plan has to respect my constraint about sleep duration.,constraint,explicit_user,0.95,1,1,0,1,0,constraint personalization,,
PB-002481,naturalistic,health_wellness,train,planning,My current goal is to optimize around workout time.,goal,explicit_user,0.95,1,1,0,1,0,goal personalization,,
PB-002482,naturalistic,health_wellness,train,style,Use a technical but plain style.,presentation,explicit_user,0.95,1,1,1,1,0,presentation personalization,,
PB-002483,naturalistic,health_wellness,compositional_test,personal_state,The connected record lists the meal preference as 11:30.,personal_state,tool_verified,0.95,0,1,0,0,0,stale evidence,,
PB-002484,naturalistic,health_wellness,compositional_test,factual_world,The primary source lists the sleep duration as 12:00.,world_claim,external_verified,0.35,1,1,0,0,0,low-confidence evidence,,
PB-002485,naturalistic,health_wellness,compositional_test,factual_world,The primary source lists the workout time as 8:30.,world_claim,external_verified,0.95,1,0,0,0,0,irrelevant evidence,,
PB-002486,naturalistic,health_wellness,train,recommendation,I prefer options related to step count.,preference,explicit_user,0.95,0,1,0,0,0,stale preference,,
PB-002487,naturalistic,health_wellness,train,planning,My current goal is to optimize around meal preference.,goal,explicit_user,0.35,1,1,0,0,0,low-confidence goal,,
PB-002488,naturalistic,health_wellness,train,factual_world,I remember the sleep duration as 11:00.,world_claim,explicit_user,0.95,1,0,0,0,0,irrelevant unsupported claim,,
PB-002489,naturalistic,health_wellness,train,factual_world,I remember the meal preference as 9:30.,world_claim,explicit_user,0.95,1,1,0,0,0,unsupported user world belief,,
PB-002490,naturalistic,health_wellness,train,factual_world,Past behavior suggests the sleep duration may be 10:00.,world_claim,inferred,0.85,1,1,0,0,0,inferred world belief,,
PB-002491,naturalistic,health_wellness,train,factual_world,A third-party message says the workout time is 11:30.,world_claim,third_party,0.85,1,1,0,0,0,third-party unsupported world claim,,
PB-002492,naturalistic,health_wellness,compositional_test,factual_world,The connected record lists the step count as 12:00.,world_claim,tool_verified,0.95,1,1,0,0,1,tool evidence for world claim,,
PB-002493,naturalistic,health_wellness,train,factual_world,The primary source lists the meal preference as 8:30.,world_claim,external_verified,0.95,1,1,0,0,1,external evidence for world claim,,
PB-002494,naturalistic,health_wellness,train,personal_state,I remember the sleep duration as 9:00.,personal_state,explicit_user,0.95,1,1,0,1,1,explicit personal-state evidence,,
PB-002495,naturalistic,health_wellness,train,personal_state,The connected record lists the workout time as 10:30.,personal_state,tool_verified,0.95,1,1,0,1,1,tool personal-state evidence,,
PB-002496,naturalistic,health_wellness,compositional_test,personal_state,The primary source lists the step count as 11:00.,personal_state,external_verified,0.9,1,1,0,1,1,external personal-state evidence,,
PB-002497,naturalistic,health_wellness,train,factual_world,I remember the meal preference as 12:30.,personal_state,explicit_user,0.95,1,1,0,1,0,personal state irrelevant as world evidence,,
PB-002498,naturalistic,health_wellness,train,recommendation,I prefer options related to sleep duration.,preference,explicit_user,0.95,1,1,0,1,0,preference personalization,,
PB-002499,naturalistic,health_wellness,train,planning,Any plan has to respect my constraint about workout time.,constraint,explicit_user,0.95,1,1,0,1,0,constraint personalization,,
PB-002500,naturalistic,health_wellness,train,planning,My current goal is to optimize around step count.,goal,explicit_user,0.95,1,1,0,1,0,goal personalization,,
PB-002501,naturalistic,health_wellness,train,style,"Give me the answer first, then the rationale.",presentation,explicit_user,0.95,1,1,1,1,0,presentation personalization,,
PB-002502,naturalistic,health_wellness,compositional_test,personal_state,The connected record lists the sleep duration as 12:00.,personal_state,tool_verified,0.95,0,1,0,0,0,stale evidence,,
PB-002503,naturalistic,health_wellness,compositional_test,factual_world,The primary source lists the workout time as 8:30.,world_claim,external_verified,0.35,1,1,0,0,0,low-confidence evidence,,
PB-002504,naturalistic,health_wellness,compositional_test,factual_world,The primary source lists the step count as 9:00.,world_claim,external_verified,0.95,1,0,0,0,0,irrelevant evidence,,
PB-002505,naturalistic,health_wellness,train,recommendation,I prefer options related to meal preference.,preference,explicit_user,0.95,0,1,0,0,0,stale preference,,
PB-002506,naturalistic,health_wellness,train,planning,My current goal is to optimize around sleep duration.,goal,explicit_user,0.35,1,1,0,0,0,low-confidence goal,,
PB-002507,naturalistic,health_wellness,train,factual_world,I remember the workout time as 12:30.,world_claim,explicit_user,0.95,1,0,0,0,0,irrelevant unsupported claim,,
PB-002508,naturalistic,health_wellness,test,factual_world,I remember the sleep duration as 10:00.,world_claim,explicit_user,0.95,1,1,0,0,0,unsupported user world belief,,
PB-002509,naturalistic,health_wellness,test,factual_world,Past behavior suggests the workout time may be 11:30.,world_claim,inferred,0.85,1,1,0,0,0,inferred world belief,,
PB-002510,naturalistic,health_wellness,test,factual_world,A third-party message says the step count is 12:00.,world_claim,third_party,0.85,1,1,0,0,0,third-party unsupported world claim,,
PB-002511,naturalistic,health_wellness,compositional_test,factual_world,The connected record lists the meal preference as 8:30.,world_claim,tool_verified,0.95,1,1,0,0,1,tool evidence for world claim,,
PB-002512,naturalistic,health_wellness,test,factual_world,The primary source lists the sleep duration as 9:00.,world_claim,external_verified,0.95,1,1,0,0,1,external evidence for world claim,,
PB-002513,naturalistic,health_wellness,test,personal_state,I remember the workout time as 10:30.,personal_state,explicit_user,0.95,1,1,0,1,1,explicit personal-state evidence,,
PB-002514,naturalistic,health_wellness,test,personal_state,The connected record lists the step count as 11:00.,personal_state,tool_verified,0.95,1,1,0,1,1,tool personal-state evidence,,
PB-002515,naturalistic,health_wellness,compositional_test,personal_state,The primary source lists the meal preference as 12:30.,personal_state,external_verified,0.9,1,1,0,1,1,external personal-state evidence,,
PB-002516,naturalistic,health_wellness,test,factual_world,I remember the sleep duration as 8:00.,personal_state,explicit_user,0.95,1,1,0,1,0,personal state irrelevant as world evidence,,
PB-002517,naturalistic,health_wellness,test,recommendation,I prefer options related to workout time.,preference,explicit_user,0.95,1,1,0,1,0,preference personalization,,
PB-002518,naturalistic,health_wellness,test,planning,Any plan has to respect my constraint about step count.,constraint,explicit_user,0.95,1,1,0,1,0,constraint personalization,,
PB-002519,naturalistic,health_wellness,test,planning,My current goal is to optimize around meal preference.,goal,explicit_user,0.95,1,1,0,1,0,goal personalization,,
PB-002520,naturalistic,health_wellness,test,style,Please keep the answer concise.,presentation,explicit_user,0.95,1,1,1,1,0,presentation personalization,,
PB-002521,naturalistic,health_wellness,compositional_test,personal_state,The connected record lists the workout time as 8:30.,personal_state,tool_verified,0.95,0,1,0,0,0,stale evidence,,
PB-002522,naturalistic,health_wellness,compositional_test,factual_world,The primary source lists the step count as 9:00.,world_claim,external_verified,0.35,1,1,0,0,0,low-confidence evidence,,
PB-002523,naturalistic,health_wellness,compositional_test,factual_world,The primary source lists the meal preference as 10:30.,world_claim,external_verified,0.95,1,0,0,0,0,irrelevant evidence,,
PB-002524,naturalistic,health_wellness,test,recommendation,I prefer options related to sleep duration.,preference,explicit_user,0.95,0,1,0,0,0,stale preference,,
PB-002525,naturalistic,health_wellness,test,planning,My current goal is to optimize around workout time.,goal,explicit_user,0.35,1,1,0,0,0,low-confidence goal,,
PB-002526,naturalistic,health_wellness,test,factual_world,I remember the step count as 8:00.,world_claim,explicit_user,0.95,1,0,0,0,0,irrelevant unsupported claim,,
PB-002527,naturalistic,health_wellness,val,factual_world,I remember the workout time as 11:30.,world_claim,explicit_user,0.95,1,1,0,0,0,unsupported user world belief,,
PB-002528,naturalistic,health_wellness,val,factual_world,Past behavior suggests the step count may be 12:00.,world_claim,inferred,0.85,1,1,0,0,0,inferred world belief,,
PB-002529,naturalistic,health_wellness,val,factual_world,A third-party message says the meal preference is 8:30.,world_claim,third_party,0.85,1,1,0,0,0,third-party unsupported world claim,,
PB-002530,naturalistic,health_wellness,compositional_test,factual_world,The connected record lists the sleep duration as 9:00.,world_claim,tool_verified,0.95,1,1,0,0,1,tool evidence for world claim,,
PB-002531,naturalistic,health_wellness,val,factual_world,The primary source lists the workout time as 10:30.,world_claim,external_verified,0.95,1,1,0,0,1,external evidence for world claim,,
PB-002532,naturalistic,health_wellness,val,personal_state,I remember the step count as 11:00.,personal_state,explicit_user,0.95,1,1,0,1,1,explicit personal-state evidence,,
PB-002533,naturalistic,health_wellness,val,personal_state,The connected record lists the meal preference as 12:30.,personal_state,tool_verified,0.95,1,1,0,1,1,tool personal-state evidence,,
PB-002534,naturalistic,health_wellness,compositional_test,personal_state,The primary source lists the sleep duration as 8:00.,personal_state,external_verified,0.9,1,1,0,1,1,external personal-state evidence,,
PB-002535,naturalistic,health_wellness,val,factual_world,I remember the workout time as 9:30.,personal_state,explicit_user,0.95,1,1,0,1,0,personal state irrelevant as world evidence,,
PB-002536,naturalistic,health_wellness,val,recommendation,I prefer options related to step count.,preference,explicit_user,0.95,1,1,0,1,0,preference personalization,,
PB-002537,naturalistic,health_wellness,val,planning,Any plan has to respect my constraint about meal preference.,constraint,explicit_user,0.95,1,1,0,1,0,constraint personalization,,
PB-002538,naturalistic,health_wellness,val,planning,My current goal is to optimize around sleep duration.,goal,explicit_user,0.95,1,1,0,1,0,goal personalization,,
PB-002539,naturalistic,health_wellness,val,style,Use a technical but plain style.,presentation,explicit_user,0.95,1,1,1,1,0,presentation personalization,,
PB-002540,naturalistic,health_wellness,compositional_test,personal_state,The connected record lists the step count as 9:00.,personal_state,tool_verified,0.95,0,1,0,0,0,stale evidence,,
PB-002541,naturalistic,health_wellness,compositional_test,factual_world,The primary source lists the meal preference as 10:30.,world_claim,external_verified,0.35,1,1,0,0,0,low-confidence evidence,,
PB-002542,naturalistic,health_wellness,compositional_test,factual_world,The primary source lists the sleep duration as 11:00.,world_claim,external_verified,0.95,1,0,0,0,0,irrelevant evidence,,
PB-002543,naturalistic,health_wellness,val,recommendation,I prefer options related to workout time.,preference,explicit_user,0.95,0,1,0,0,0,stale preference,,
PB-002544,naturalistic,health_wellness,val,planning,My current goal is to optimize around step count.,goal,explicit_user,0.35,1,1,0,0,0,low-confidence goal,,
PB-002545,naturalistic,health_wellness,val,factual_world,I remember the meal preference as 9:30.,world_claim,explicit_user,0.95,1,0,0,0,0,irrelevant unsupported claim,,
PB-002546,naturalistic,health_wellness,train,factual_world,I remember the step count as 12:00.,world_claim,explicit_user,0.95,1,1,0,0,0,unsupported user world belief,,
PB-002547,naturalistic,health_wellness,train,factual_world,Past behavior suggests the meal preference may be 8:30.,world_claim,inferred,0.85,1,1,0,0,0,inferred world belief,,
PB-002548,naturalistic,health_wellness,train,factual_world,A third-party message says the sleep duration is 9:00.,world_claim,third_party,0.85,1,1,0,0,0,third-party unsupported world claim,,
PB-002549,naturalistic,health_wellness,compositional_test,factual_world,The connected record lists the workout time as 10:30.,world_claim,tool_verified,0.95,1,1,0,0,1,tool evidence for world claim,,
PB-002550,naturalistic,health_wellness,train,factual_world,The primary source lists the step count as 11:00.,world_claim,external_verified,0.95,1,1,0,0,1,external evidence for world claim,,
PB-002551,naturalistic,health_wellness,train,personal_state,I remember the meal preference as 12:30.,personal_state,explicit_user,0.95,1,1,0,1,1,explicit personal-state evidence,,
PB-002552,naturalistic,health_wellness,train,personal_state,The connected record lists the sleep duration as 8:00.,personal_state,tool_verified,0.95,1,1,0,1,1,tool personal-state evidence,,
PB-002553,naturalistic,health_wellness,compositional_test,personal_state,The primary source lists the workout time as 9:30.,personal_state,external_verified,0.9,1,1,0,1,1,external personal-state evidence,,
PB-002554,naturalistic,health_wellness,train,factual_world,I remember the step count as 10:00.,personal_state,explicit_user,0.95,1,1,0,1,0,personal state irrelevant as world evidence,,
PB-002555,naturalistic,health_wellness,train,recommendation,I prefer options related to meal preference.,preference,explicit_user,0.95,1,1,0,1,0,preference personalization,,
PB-002556,naturalistic,health_wellness,train,planning,Any plan has to respect my constraint about sleep duration.,constraint,explicit_user,0.95,1,1,0,1,0,constraint personalization,,
PB-002557,naturalistic,health_wellness,train,planning,My current goal is to optimize around workout time.,goal,explicit_user,0.95,1,1,0,1,0,goal personalization,,
PB-002558,naturalistic,health_wellness,train,style,"Give me the answer first, then the rationale.",presentation,explicit_user,0.95,1,1,1,1,0,presentation personalization,,
PB-002559,naturalistic,health_wellness,compositional_test,personal_state,The connected record lists the meal preference as 10:30.,personal_state,tool_verified,0.95,0,1,0,0,0,stale evidence,,
PB-002560,naturalistic,health_wellness,compositional_test,factual_world,The primary source lists the sleep duration as 11:00.,world_claim,external_verified,0.35,1,1,0,0,0,low-confidence evidence,,
PB-002561,naturalistic,health_wellness,compositional_test,factual_world,The primary source lists the workout time as 12:30.,world_claim,external_verified,0.95,1,0,0,0,0,irrelevant evidence,,
PB-002562,naturalistic,health_wellness,train,recommendation,I prefer options related to step count.,preference,explicit_user,0.95,0,1,0,0,0,stale preference,,
PB-002563,naturalistic,health_wellness,train,planning,My current goal is to optimize around meal preference.,goal,explicit_user,0.35,1,1,0,0,0,low-confidence goal,,
PB-002564,naturalistic,health_wellness,train,factual_world,I remember the sleep duration as 10:00.,world_claim,explicit_user,0.95,1,0,0,0,0,irrelevant unsupported claim,,
PB-002565,naturalistic,health_wellness,train,factual_world,I remember the meal preference as 8:30.,world_claim,explicit_user,0.95,1,1,0,0,0,unsupported user world belief,,
PB-002566,naturalistic,health_wellness,train,factual_world,Past behavior suggests the sleep duration may be 9:00.,world_claim,inferred,0.85,1,1,0,0,0,inferred world belief,,
PB-002567,naturalistic,health_wellness,train,factual_world,A third-party message says the workout time is 10:30.,world_claim,third_party,0.85,1,1,0,0,0,third-party unsupported world claim,,
PB-002568,naturalistic,health_wellness,compositional_test,factual_world,The connected record lists the step count as 11:00.,world_claim,tool_verified,0.95,1,1,0,0,1,tool evidence for world claim,,
PB-002569,naturalistic,health_wellness,train,factual_world,The primary source lists the meal preference as 12:30.,world_claim,external_verified,0.95,1,1,0,0,1,external evidence for world claim,,
PB-002570,naturalistic,health_wellness,train,personal_state,I remember the sleep duration as 8:00.,personal_state,explicit_user,0.95,1,1,0,1,1,explicit personal-state evidence,,
PB-002571,naturalistic,health_wellness,train,personal_state,The connected record lists the workout time as 9:30.,personal_state,tool_verified,0.95,1,1,0,1,1,tool personal-state evidence,,
PB-002572,naturalistic,health_wellness,compositional_test,personal_state,The primary source lists the step count as 10:00.,personal_state,external_verified,0.9,1,1,0,1,1,external personal-state evidence,,
PB-002573,naturalistic,health_wellness,train,factual_world,I remember the meal preference as 11:30.,personal_state,explicit_user,0.95,1,1,0,1,0,personal state irrelevant as world evidence,,
PB-002574,naturalistic,health_wellness,train,recommendation,I prefer options related to sleep duration.,preference,explicit_user,0.95,1,1,0,1,0,preference personalization,,
PB-002575,naturalistic,health_wellness,train,planning,Any plan has to respect my constraint about workout time.,constraint,explicit_user,0.95,1,1,0,1,0,constraint personalization,,
PB-002576,naturalistic,health_wellness,train,planning,My current goal is to optimize around step count.,goal,explicit_user,0.95,1,1,0,1,0,goal personalization,,
PB-002577,naturalistic,health_wellness,train,style,Please keep the answer concise.,presentation,explicit_user,0.95,1,1,1,1,0,presentation personalization,,
PB-002578,naturalistic,health_wellness,compositional_test,personal_state,The connected record lists the sleep duration as 11:00.,personal_state,tool_verified,0.95,0,1,0,0,0,stale evidence,,
PB-002579,naturalistic,health_wellness,compositional_test,factual_world,The primary source lists the workout time as 12:30.,world_claim,external_verified,0.35,1,1,0,0,0,low-confidence evidence,,
PB-002580,naturalistic,health_wellness,compositional_test,factual_world,The primary source lists the step count as 8:00.,world_claim,external_verified,0.95,1,0,0,0,0,irrelevant evidence,,
PB-002581,naturalistic,health_wellness,train,recommendation,I prefer options related to meal preference.,preference,explicit_user,0.95,0,1,0,0,0,stale preference,,
PB-002582,naturalistic,health_wellness,train,planning,My current goal is to optimize around sleep duration.,goal,explicit_user,0.35,1,1,0,0,0,low-confidence goal,,
PB-002583,naturalistic,health_wellness,train,factual_world,I remember the workout time as 11:30.,world_claim,explicit_user,0.95,1,0,0,0,0,irrelevant unsupported claim,,
PB-002584,naturalistic,health_wellness,train,factual_world,I remember the sleep duration as 9:00.,world_claim,explicit_user,0.95,1,1,0,0,0,unsupported user world belief,,
PB-002585,naturalistic,health_wellness,train,factual_world,Past behavior suggests the workout time may be 10:30.,world_claim,inferred,0.85,1,1,0,0,0,inferred world belief,,
PB-002586,naturalistic,health_wellness,train,factual_world,A third-party message says the step count is 11:00.,world_claim,third_party,0.85,1,1,0,0,0,third-party unsupported world claim,,
PB-002587,naturalistic,health_wellness,compositional_test,factual_world,The connected record lists the meal preference as 12:30.,world_claim,tool_verified,0.95,1,1,0,0,1,tool evidence for world claim,,
PB-002588,naturalistic,health_wellness,train,factual_world,The primary source lists the sleep duration as 8:00.,world_claim,external_verified,0.95,1,1,0,0,1,external evidence for world claim,,
PB-002589,naturalistic,health_wellness,train,personal_state,I remember the workout time as 9:30.,personal_state,explicit_user,0.95,1,1,0,1,1,explicit personal-state evidence,,
PB-002590,naturalistic,health_wellness,train,personal_state,The connected record lists the step count as 10:00.,personal_state,tool_verified,0.95,1,1,0,1,1,tool personal-state evidence,,
PB-002591,naturalistic,health_wellness,compositional_test,personal_state,The primary source lists the meal preference as 11:30.,personal_state,external_verified,0.9,1,1,0,1,1,external personal-state evidence,,
PB-002592,naturalistic,health_wellness,train,factual_world,I remember the sleep duration as 12:00.,personal_state,explicit_user,0.95,1,1,0,1,0,personal state irrelevant as world evidence,,
PB-002593,naturalistic,health_wellness,train,recommendation,I prefer options related to workout time.,preference,explicit_user,0.95,1,1,0,1,0,preference personalization,,
PB-002594,naturalistic,health_wellness,train,planning,Any plan has to respect my constraint about step count.,constraint,explicit_user,0.95,1,1,0,1,0,constraint personalization,,
PB-002595,naturalistic,health_wellness,train,planning,My current goal is to optimize around meal preference.,goal,explicit_user,0.95,1,1,0,1,0,goal personalization,,
PB-002596,naturalistic,health_wellness,train,style,Use a technical but plain style.,presentation,explicit_user,0.95,1,1,1,1,0,presentation personalization,,
PB-002597,naturalistic,health_wellness,compositional_test,personal_state,The connected record lists the workout time as 12:30.,personal_state,tool_verified,0.95,0,1,0,0,0,stale evidence,,
PB-002598,naturalistic,health_wellness,compositional_test,factual_world,The primary source lists the step count as 8:00.,world_claim,external_verified,0.35,1,1,0,0,0,low-confidence evidence,,
PB-002599,naturalistic,health_wellness,compositional_test,factual_world,The primary source lists the meal preference as 9:30.,world_claim,external_verified,0.95,1,0,0,0,0,irrelevant evidence,,
PB-002600,naturalistic,health_wellness,train,recommendation,I prefer options related to sleep duration.,preference,explicit_user,0.95,0,1,0,0,0,stale preference,,
PB-002601,naturalistic,health_wellness,train,planning,My current goal is to optimize around workout time.,goal,explicit_user,0.35,1,1,0,0,0,low-confidence goal,,
PB-002602,naturalistic,health_wellness,train,factual_world,I remember the step count as 12:00.,world_claim,explicit_user,0.95,1,0,0,0,0,irrelevant unsupported claim,,
PB-002603,naturalistic,health_wellness,train,factual_world,I remember the workout time as 10:30.,world_claim,explicit_user,0.95,1,1,0,0,0,unsupported user world belief,,
PB-002604,naturalistic,health_wellness,train,factual_world,Past behavior suggests the step count may be 11:00.,world_claim,inferred,0.85,1,1,0,0,0,inferred world belief,,
PB-002605,naturalistic,health_wellness,train,factual_world,A third-party message says the meal preference is 12:30.,world_claim,third_party,0.85,1,1,0,0,0,third-party unsupported world claim,,
PB-002606,naturalistic,health_wellness,compositional_test,factual_world,The connected record lists the sleep duration as 8:00.,world_claim,tool_verified,0.95,1,1,0,0,1,tool evidence for world claim,,
PB-002607,naturalistic,health_wellness,train,factual_world,The primary source lists the workout time as 9:30.,world_claim,external_verified,0.95,1,1,0,0,1,external evidence for world claim,,
PB-002608,naturalistic,health_wellness,train,personal_state,I remember the step count as 10:00.,personal_state,explicit_user,0.95,1,1,0,1,1,explicit personal-state evidence,,
PB-002609,naturalistic,health_wellness,train,personal_state,The connected record lists the meal preference as 11:30.,personal_state,tool_verified,0.95,1,1,0,1,1,tool personal-state evidence,,
PB-002610,naturalistic,health_wellness,compositional_test,personal_state,The primary source lists the sleep duration as 12:00.,personal_state,external_verified,0.9,1,1,0,1,1,external personal-state evidence,,
PB-002611,naturalistic,health_wellness,train,factual_world,I remember the workout time as 8:30.,personal_state,explicit_user,0.95,1,1,0,1,0,personal state irrelevant as world evidence,,
PB-002612,naturalistic,health_wellness,train,recommendation,I prefer options related to step count.,preference,explicit_user,0.95,1,1,0,1,0,preference personalization,,
PB-002613,naturalistic,health_wellness,train,planning,Any plan has to respect my constraint about meal preference.,constraint,explicit_user,0.95,1,1,0,1,0,constraint personalization,,
PB-002614,naturalistic,health_wellness,train,planning,My current goal is to optimize around sleep duration.,goal,explicit_user,0.95,1,1,0,1,0,goal personalization,,
PB-002615,naturalistic,health_wellness,train,style,"Give me the answer first, then the rationale.",presentation,explicit_user,0.95,1,1,1,1,0,presentation personalization,,
PB-002616,naturalistic,health_wellness,compositional_test,personal_state,The connected record lists the step count as 8:00.,personal_state,tool_verified,0.95,0,1,0,0,0,stale evidence,,
PB-002617,naturalistic,health_wellness,compositional_test,factual_world,The primary source lists the meal preference as 9:30.,world_claim,external_verified,0.35,1,1,0,0,0,low-confidence evidence,,
PB-002618,naturalistic,health_wellness,compositional_test,factual_world,The primary source lists the sleep duration as 10:00.,world_claim,external_verified,0.95,1,0,0,0,0,irrelevant evidence,,
PB-002619,naturalistic,health_wellness,train,recommendation,I prefer options related to workout time.,preference,explicit_user,0.95,0,1,0,0,0,stale preference,,
PB-002620,naturalistic,health_wellness,train,planning,My current goal is to optimize around step count.,goal,explicit_user,0.35,1,1,0,0,0,low-confidence goal,,
PB-002621,naturalistic,health_wellness,train,factual_world,I remember the meal preference as 8:30.,world_claim,explicit_user,0.95,1,0,0,0,0,irrelevant unsupported claim,,
PB-002622,naturalistic,health_wellness,train,factual_world,I remember the step count as 11:00.,world_claim,explicit_user,0.95,1,1,0,0,0,unsupported user world belief,,
PB-002623,naturalistic,health_wellness,train,factual_world,Past behavior suggests the meal preference may be 12:30.,world_claim,inferred,0.85,1,1,0,0,0,inferred world belief,,
PB-002624,naturalistic,health_wellness,train,factual_world,A third-party message says the sleep duration is 8:00.,world_claim,third_party,0.85,1,1,0,0,0,third-party unsupported world claim,,
PB-002625,naturalistic,health_wellness,compositional_test,factual_world,The connected record lists the workout time as 9:30.,world_claim,tool_verified,0.95,1,1,0,0,1,tool evidence for world claim,,
PB-002626,naturalistic,health_wellness,train,factual_world,The primary source lists the step count as 10:00.,world_claim,external_verified,0.95,1,1,0,0,1,external evidence for world claim,,
PB-002627,naturalistic,health_wellness,train,personal_state,I remember the meal preference as 11:30.,personal_state,explicit_user,0.95,1,1,0,1,1,explicit personal-state evidence,,
PB-002628,naturalistic,health_wellness,train,personal_state,The connected record lists the sleep duration as 12:00.,personal_state,tool_verified,0.95,1,1,0,1,1,tool personal-state evidence,,
PB-002629,naturalistic,health_wellness,compositional_test,personal_state,The primary source lists the workout time as 8:30.,personal_state,external_verified,0.9,1,1,0,1,1,external personal-state evidence,,
PB-002630,naturalistic,health_wellness,train,factual_world,I remember the step count as 9:00.,personal_state,explicit_user,0.95,1,1,0,1,0,personal state irrelevant as world evidence,,
PB-002631,naturalistic,health_wellness,train,recommendation,I prefer options related to meal preference.,preference,explicit_user,0.95,1,1,0,1,0,preference personalization,,
PB-002632,naturalistic,health_wellness,train,planning,Any plan has to respect my constraint about sleep duration.,constraint,explicit_user,0.95,1,1,0,1,0,constraint personalization,,
PB-002633,naturalistic,health_wellness,train,planning,My current goal is to optimize around workout time.,goal,explicit_user,0.95,1,1,0,1,0,goal personalization,,
PB-002634,naturalistic,health_wellness,train,style,Please keep the answer concise.,presentation,explicit_user,0.95,1,1,1,1,0,presentation personalization,,
PB-002635,naturalistic,health_wellness,compositional_test,personal_state,The connected record lists the meal preference as 9:30.,personal_state,tool_verified,0.95,0,1,0,0,0,stale evidence,,
PB-002636,naturalistic,health_wellness,compositional_test,factual_world,The primary source lists the sleep duration as 10:00.,world_claim,external_verified,0.35,1,1,0,0,0,low-confidence evidence,,
PB-002637,naturalistic,health_wellness,compositional_test,factual_world,The primary source lists the workout time as 11:30.,world_claim,external_verified,0.95,1,0,0,0,0,irrelevant evidence,,
PB-002638,naturalistic,health_wellness,train,recommendation,I prefer options related to step count.,preference,explicit_user,0.95,0,1,0,0,0,stale preference,,
PB-002639,naturalistic,health_wellness,train,planning,My current goal is to optimize around meal preference.,goal,explicit_user,0.35,1,1,0,0,0,low-confidence goal,,
PB-002640,naturalistic,health_wellness,train,factual_world,I remember the sleep duration as 9:00.,world_claim,explicit_user,0.95,1,0,0,0,0,irrelevant unsupported claim,,
PB-002641,naturalistic,health_wellness,train,factual_world,I remember the meal preference as 12:30.,world_claim,explicit_user,0.95,1,1,0,0,0,unsupported user world belief,,
PB-002642,naturalistic,health_wellness,train,factual_world,Past behavior suggests the sleep duration may be 8:00.,world_claim,inferred,0.85,1,1,0,0,0,inferred world belief,,
PB-002643,naturalistic,health_wellness,train,factual_world,A third-party message says the workout time is 9:30.,world_claim,third_party,0.85,1,1,0,0,0,third-party unsupported world claim,,
PB-002644,naturalistic,health_wellness,compositional_test,factual_world,The connected record lists the step count as 10:00.,world_claim,tool_verified,0.95,1,1,0,0,1,tool evidence for world claim,,
PB-002645,naturalistic,health_wellness,train,factual_world,The primary source lists the meal preference as 11:30.,world_claim,external_verified,0.95,1,1,0,0,1,external evidence for world claim,,
PB-002646,naturalistic,health_wellness,train,personal_state,I remember the sleep duration as 12:00.,personal_state,explicit_user,0.95,1,1,0,1,1,explicit personal-state evidence,,
PB-002647,naturalistic,health_wellness,train,personal_state,The connected record lists the workout time as 8:30.,personal_state,tool_verified,0.95,1,1,0,1,1,tool personal-state evidence,,
PB-002648,naturalistic,health_wellness,compositional_test,personal_state,The primary source lists the step count as 9:00.,personal_state,external_verified,0.9,1,1,0,1,1,external personal-state evidence,,
PB-002649,naturalistic,health_wellness,train,factual_world,I remember the meal preference as 10:30.,personal_state,explicit_user,0.95,1,1,0,1,0,personal state irrelevant as world evidence,,
PB-002650,naturalistic,health_wellness,train,recommendation,I prefer options related to sleep duration.,preference,explicit_user,0.95,1,1,0,1,0,preference personalization,,
PB-002651,naturalistic,health_wellness,train,planning,Any plan has to respect my constraint about workout time.,constraint,explicit_user,0.95,1,1,0,1,0,constraint personalization,,
PB-002652,naturalistic,health_wellness,train,planning,My current goal is to optimize around step count.,goal,explicit_user,0.95,1,1,0,1,0,goal personalization,,
PB-002653,naturalistic,health_wellness,train,style,Use a technical but plain style.,presentation,explicit_user,0.95,1,1,1,1,0,presentation personalization,,
PB-002654,naturalistic,health_wellness,compositional_test,personal_state,The connected record lists the sleep duration as 10:00.,personal_state,tool_verified,0.95,0,1,0,0,0,stale evidence,,
PB-002655,naturalistic,health_wellness,compositional_test,factual_world,The primary source lists the workout time as 11:30.,world_claim,external_verified,0.35,1,1,0,0,0,low-confidence evidence,,
PB-002656,naturalistic,health_wellness,compositional_test,factual_world,The primary source lists the step count as 12:00.,world_claim,external_verified,0.95,1,0,0,0,0,irrelevant evidence,,
PB-002657,naturalistic,health_wellness,train,recommendation,I prefer options related to meal preference.,preference,explicit_user,0.95,0,1,0,0,0,stale preference,,
PB-002658,naturalistic,health_wellness,train,planning,My current goal is to optimize around sleep duration.,goal,explicit_user,0.35,1,1,0,0,0,low-confidence goal,,
PB-002659,naturalistic,health_wellness,train,factual_world,I remember the workout time as 10:30.,world_claim,explicit_user,0.95,1,0,0,0,0,irrelevant unsupported claim,,
PB-002660,naturalistic,health_wellness,train,factual_world,I remember the sleep duration as 8:00.,world_claim,explicit_user,0.95,1,1,0,0,0,unsupported user world belief,,
PB-002661,naturalistic,health_wellness,train,factual_world,Past behavior suggests the workout time may be 9:30.,world_claim,inferred,0.85,1,1,0,0,0,inferred world belief,,
PB-002662,naturalistic,health_wellness,train,factual_world,A third-party message says the step count is 10:00.,world_claim,third_party,0.85,1,1,0,0,0,third-party unsupported world claim,,
PB-002663,naturalistic,health_wellness,compositional_test,factual_world,The connected record lists the meal preference as 11:30.,world_claim,tool_verified,0.95,1,1,0,0,1,tool evidence for world claim,,
PB-002664,naturalistic,health_wellness,train,factual_world,The primary source lists the sleep duration as 12:00.,world_claim,external_verified,0.95,1,1,0,0,1,external evidence for world claim,,
PB-002665,naturalistic,health_wellness,train,personal_state,I remember the workout time as 8:30.,personal_state,explicit_user,0.95,1,1,0,1,1,explicit personal-state evidence,,
PB-002666,naturalistic,health_wellness,train,personal_state,The connected record lists the step count as 9:00.,personal_state,tool_verified,0.95,1,1,0,1,1,tool personal-state evidence,,
PB-002667,naturalistic,health_wellness,compositional_test,personal_state,The primary source lists the meal preference as 10:30.,personal_state,external_verified,0.9,1,1,0,1,1,external personal-state evidence,,
PB-002668,naturalistic,health_wellness,train,factual_world,I remember the sleep duration as 11:00.,personal_state,explicit_user,0.95,1,1,0,1,0,personal state irrelevant as world evidence,,
PB-002669,naturalistic,health_wellness,train,recommendation,I prefer options related to workout time.,preference,explicit_user,0.95,1,1,0,1,0,preference personalization,,
PB-002670,naturalistic,health_wellness,train,planning,Any plan has to respect my constraint about step count.,constraint,explicit_user,0.95,1,1,0,1,0,constraint personalization,,
PB-002671,naturalistic,health_wellness,train,planning,My current goal is to optimize around meal preference.,goal,explicit_user,0.95,1,1,0,1,0,goal personalization,,
PB-002672,naturalistic,health_wellness,train,style,"Give me the answer first, then the rationale.",presentation,explicit_user,0.95,1,1,1,1,0,presentation personalization,,
PB-002673,naturalistic,health_wellness,compositional_test,personal_state,The connected record lists the workout time as 11:30.,personal_state,tool_verified,0.95,0,1,0,0,0,stale evidence,,
PB-002674,naturalistic,health_wellness,compositional_test,factual_world,The primary source lists the step count as 12:00.,world_claim,external_verified,0.35,1,1,0,0,0,low-confidence evidence,,
PB-002675,naturalistic,health_wellness,compositional_test,factual_world,The primary source lists the meal preference as 8:30.,world_claim,external_verified,0.95,1,0,0,0,0,irrelevant evidence,,
PB-002676,naturalistic,health_wellness,train,recommendation,I prefer options related to sleep duration.,preference,explicit_user,0.95,0,1,0,0,0,stale preference,,
PB-002677,naturalistic,health_wellness,train,planning,My current goal is to optimize around workout time.,goal,explicit_user,0.35,1,1,0,0,0,low-confidence goal,,
PB-002678,naturalistic,health_wellness,train,factual_world,I remember the step count as 11:00.,world_claim,explicit_user,0.95,1,0,0,0,0,irrelevant unsupported claim,,
PB-002679,naturalistic,health_wellness,train,factual_world,I remember the workout time as 9:30.,world_claim,explicit_user,0.95,1,1,0,0,0,unsupported user world belief,,
PB-002680,naturalistic,health_wellness,train,factual_world,Past behavior suggests the step count may be 10:00.,world_claim,inferred,0.85,1,1,0,0,0,inferred world belief,,
PB-002681,naturalistic,health_wellness,train,factual_world,A third-party message says the meal preference is 11:30.,world_claim,third_party,0.85,1,1,0,0,0,third-party unsupported world claim,,
PB-002682,naturalistic,health_wellness,compositional_test,factual_world,The connected record lists the sleep duration as 12:00.,world_claim,tool_verified,0.95,1,1,0,0,1,tool evidence for world claim,,
PB-002683,naturalistic,health_wellness,train,factual_world,The primary source lists the workout time as 8:30.,world_claim,external_verified,0.95,1,1,0,0,1,external evidence for world claim,,
PB-002684,naturalistic,health_wellness,train,personal_state,I remember the step count as 9:00.,personal_state,explicit_user,0.95,1,1,0,1,1,explicit personal-state evidence,,
PB-002685,naturalistic,health_wellness,train,personal_state,The connected record lists the meal preference as 10:30.,personal_state,tool_verified,0.95,1,1,0,1,1,tool personal-state evidence,,
PB-002686,naturalistic,health_wellness,compositional_test,personal_state,The primary source lists the sleep duration as 11:00.,personal_state,external_verified,0.9,1,1,0,1,1,external personal-state evidence,,
PB-002687,naturalistic,health_wellness,train,factual_world,I remember the workout time as 12:30.,personal_state,explicit_user,0.95,1,1,0,1,0,personal state irrelevant as world evidence,,
PB-002688,naturalistic,health_wellness,train,recommendation,I prefer options related to step count.,preference,explicit_user,0.95,1,1,0,1,0,preference personalization,,
PB-002689,naturalistic,health_wellness,train,planning,Any plan has to respect my constraint about meal preference.,constraint,explicit_user,0.95,1,1,0,1,0,constraint personalization,,
PB-002690,naturalistic,health_wellness,train,planning,My current goal is to optimize around sleep duration.,goal,explicit_user,0.95,1,1,0,1,0,goal personalization,,
PB-002691,naturalistic,health_wellness,train,style,Please keep the answer concise.,presentation,explicit_user,0.95,1,1,1,1,0,presentation personalization,,
PB-002692,naturalistic,health_wellness,compositional_test,personal_state,The connected record lists the step count as 12:00.,personal_state,tool_verified,0.95,0,1,0,0,0,stale evidence,,
PB-002693,naturalistic,health_wellness,compositional_test,factual_world,The primary source lists the meal preference as 8:30.,world_claim,external_verified,0.35,1,1,0,0,0,low-confidence evidence,,
PB-002694,naturalistic,health_wellness,compositional_test,factual_world,The primary source lists the sleep duration as 9:00.,world_claim,external_verified,0.95,1,0,0,0,0,irrelevant evidence,,
PB-002695,naturalistic,health_wellness,train,recommendation,I prefer options related to workout time.,preference,explicit_user,0.95,0,1,0,0,0,stale preference,,
PB-002696,naturalistic,health_wellness,train,planning,My current goal is to optimize around step count.,goal,explicit_user,0.35,1,1,0,0,0,low-confidence goal,,
PB-002697,naturalistic,health_wellness,train,factual_world,I remember the meal preference as 12:30.,world_claim,explicit_user,0.95,1,0,0,0,0,irrelevant unsupported claim,,
PB-002698,naturalistic,health_wellness,train,factual_world,I remember the step count as 10:00.,world_claim,explicit_user,0.95,1,1,0,0,0,unsupported user world belief,,
PB-002699,naturalistic,health_wellness,train,factual_world,Past behavior suggests the meal preference may be 11:30.,world_claim,inferred,0.85,1,1,0,0,0,inferred world belief,,
PB-002700,naturalistic,health_wellness,train,factual_world,A third-party message says the sleep duration is 12:00.,world_claim,third_party,0.85,1,1,0,0,0,third-party unsupported world claim,,
PB-002701,naturalistic,health_wellness,compositional_test,factual_world,The connected record lists the workout time as 8:30.,world_claim,tool_verified,0.95,1,1,0,0,1,tool evidence for world claim,,
PB-002702,naturalistic,health_wellness,train,factual_world,The primary source lists the step count as 9:00.,world_claim,external_verified,0.95,1,1,0,0,1,external evidence for world claim,,
PB-002703,naturalistic,health_wellness,train,personal_state,I remember the meal preference as 10:30.,personal_state,explicit_user,0.95,1,1,0,1,1,explicit personal-state evidence,,
PB-002704,naturalistic,health_wellness,train,personal_state,The connected record lists the sleep duration as 11:00.,personal_state,tool_verified,0.95,1,1,0,1,1,tool personal-state evidence,,
PB-002705,naturalistic,health_wellness,compositional_test,personal_state,The primary source lists the workout time as 12:30.,personal_state,external_verified,0.9,1,1,0,1,1,external personal-state evidence,,
PB-002706,naturalistic,health_wellness,train,factual_world,I remember the step count as 8:00.,personal_state,explicit_user,0.95,1,1,0,1,0,personal state irrelevant as world evidence,,
PB-002707,naturalistic,health_wellness,train,recommendation,I prefer options related to meal preference.,preference,explicit_user,0.95,1,1,0,1,0,preference personalization,,
PB-002708,naturalistic,health_wellness,train,planning,Any plan has to respect my constraint about sleep duration.,constraint,explicit_user,0.95,1,1,0,1,0,constraint personalization,,
PB-002709,naturalistic,health_wellness,train,planning,My current goal is to optimize around workout time.,goal,explicit_user,0.95,1,1,0,1,0,goal personalization,,
PB-002710,naturalistic,health_wellness,train,style,Use a technical but plain style.,presentation,explicit_user,0.95,1,1,1,1,0,presentation personalization,,
PB-002711,naturalistic,health_wellness,compositional_test,personal_state,The connected record lists the meal preference as 8:30.,personal_state,tool_verified,0.95,0,1,0,0,0,stale evidence,,
PB-002712,naturalistic,health_wellness,compositional_test,factual_world,The primary source lists the sleep duration as 9:00.,world_claim,external_verified,0.35,1,1,0,0,0,low-confidence evidence,,
PB-002713,naturalistic,health_wellness,compositional_test,factual_world,The primary source lists the workout time as 10:30.,world_claim,external_verified,0.95,1,0,0,0,0,irrelevant evidence,,
PB-002714,naturalistic,health_wellness,train,recommendation,I prefer options related to step count.,preference,explicit_user,0.95,0,1,0,0,0,stale preference,,
PB-002715,naturalistic,health_wellness,train,planning,My current goal is to optimize around meal preference.,goal,explicit_user,0.35,1,1,0,0,0,low-confidence goal,,
PB-002716,naturalistic,health_wellness,train,factual_world,I remember the sleep duration as 8:00.,world_claim,explicit_user,0.95,1,0,0,0,0,irrelevant unsupported claim,,
PB-002717,naturalistic,health_wellness,train,factual_world,I remember the meal preference as 11:30.,world_claim,explicit_user,0.95,1,1,0,0,0,unsupported user world belief,,
PB-002718,naturalistic,health_wellness,train,factual_world,Past behavior suggests the sleep duration may be 12:00.,world_claim,inferred,0.85,1,1,0,0,0,inferred world belief,,
PB-002719,naturalistic,health_wellness,train,factual_world,A third-party message says the workout time is 8:30.,world_claim,third_party,0.85,1,1,0,0,0,third-party unsupported world claim,,
PB-002720,naturalistic,health_wellness,compositional_test,factual_world,The connected record lists the step count as 9:00.,world_claim,tool_verified,0.95,1,1,0,0,1,tool evidence for world claim,,
PB-002721,naturalistic,health_wellness,train,factual_world,The primary source lists the meal preference as 10:30.,world_claim,external_verified,0.95,1,1,0,0,1,external evidence for world claim,,
PB-002722,naturalistic,health_wellness,train,personal_state,I remember the sleep duration as 11:00.,personal_state,explicit_user,0.95,1,1,0,1,1,explicit personal-state evidence,,
PB-002723,naturalistic,health_wellness,train,personal_state,The connected record lists the workout time as 12:30.,personal_state,tool_verified,0.95,1,1,0,1,1,tool personal-state evidence,,
PB-002724,naturalistic,health_wellness,compositional_test,personal_state,The primary source lists the step count as 8:00.,personal_state,external_verified,0.9,1,1,0,1,1,external personal-state evidence,,
PB-002725,naturalistic,health_wellness,train,factual_world,I remember the meal preference as 9:30.,personal_state,explicit_user,0.95,1,1,0,1,0,personal state irrelevant as world evidence,,
PB-002726,naturalistic,health_wellness,train,recommendation,I prefer options related to sleep duration.,preference,explicit_user,0.95,1,1,0,1,0,preference personalization,,
PB-002727,naturalistic,health_wellness,train,planning,Any plan has to respect my constraint about workout time.,constraint,explicit_user,0.95,1,1,0,1,0,constraint personalization,,
PB-002728,naturalistic,health_wellness,train,planning,My current goal is to optimize around step count.,goal,explicit_user,0.95,1,1,0,1,0,goal personalization,,
PB-002729,naturalistic,health_wellness,train,style,"Give me the answer first, then the rationale.",presentation,explicit_user,0.95,1,1,1,1,0,presentation personalization,,
PB-002730,naturalistic,health_wellness,compositional_test,personal_state,The connected record lists the sleep duration as 9:00.,personal_state,tool_verified,0.95,0,1,0,0,0,stale evidence,,
PB-002731,naturalistic,health_wellness,compositional_test,factual_world,The primary source lists the workout time as 10:30.,world_claim,external_verified,0.35,1,1,0,0,0,low-confidence evidence,,
PB-002732,naturalistic,health_wellness,compositional_test,factual_world,The primary source lists the step count as 11:00.,world_claim,external_verified,0.95,1,0,0,0,0,irrelevant evidence,,
PB-002733,naturalistic,health_wellness,train,recommendation,I prefer options related to meal preference.,preference,explicit_user,0.95,0,1,0,0,0,stale preference,,
PB-002734,naturalistic,health_wellness,train,planning,My current goal is to optimize around sleep duration.,goal,explicit_user,0.35,1,1,0,0,0,low-confidence goal,,
PB-002735,naturalistic,health_wellness,train,factual_world,I remember the workout time as 9:30.,world_claim,explicit_user,0.95,1,0,0,0,0,irrelevant unsupported claim,,
PB-002736,naturalistic,education,ood_test,factual_world,I remember the exam room as 8:00.,world_claim,explicit_user,0.95,1,1,0,0,0,unsupported user world belief,,
PB-002737,naturalistic,education,ood_test,factual_world,Past behavior suggests the assignment deadline may be 9:30.,world_claim,inferred,0.85,1,1,0,0,0,inferred world belief,,
PB-002738,naturalistic,education,ood_test,factual_world,A third-party message says the office hour is 10:00.,world_claim,third_party,0.85,1,1,0,0,0,third-party unsupported world claim,,
PB-002739,naturalistic,education,ood_test,factual_world,The connected record lists the course preference as 11:30.,world_claim,tool_verified,0.95,1,1,0,0,1,tool evidence for world claim,,
PB-002740,naturalistic,education,ood_test,factual_world,The primary source lists the exam room as 12:00.,world_claim,external_verified,0.95,1,1,0,0,1,external evidence for world claim,,
PB-002741,naturalistic,education,ood_test,personal_state,I remember the assignment deadline as 8:30.,personal_state,explicit_user,0.95,1,1,0,1,1,explicit personal-state evidence,,
PB-002742,naturalistic,education,ood_test,personal_state,The connected record lists the office hour as 9:00.,personal_state,tool_verified,0.95,1,1,0,1,1,tool personal-state evidence,,
PB-002743,naturalistic,education,ood_test,personal_state,The primary source lists the course preference as 10:30.,personal_state,external_verified,0.9,1,1,0,1,1,external personal-state evidence,,
PB-002744,naturalistic,education,ood_test,factual_world,I remember the exam room as 11:00.,personal_state,explicit_user,0.95,1,1,0,1,0,personal state irrelevant as world evidence,,
PB-002745,naturalistic,education,ood_test,recommendation,I prefer options related to assignment deadline.,preference,explicit_user,0.95,1,1,0,1,0,preference personalization,,
PB-002746,naturalistic,education,ood_test,planning,Any plan has to respect my constraint about office hour.,constraint,explicit_user,0.95,1,1,0,1,0,constraint personalization,,
PB-002747,naturalistic,education,ood_test,planning,My current goal is to optimize around course preference.,goal,explicit_user,0.95,1,1,0,1,0,goal personalization,,
PB-002748,naturalistic,education,ood_test,style,Please keep the answer concise.,presentation,explicit_user,0.95,1,1,1,1,0,presentation personalization,,
PB-002749,naturalistic,education,ood_test,personal_state,The connected record lists the assignment deadline as 11:30.,personal_state,tool_verified,0.95,0,1,0,0,0,stale evidence,,
PB-002750,naturalistic,education,ood_test,factual_world,The primary source lists the office hour as 12:00.,world_claim,external_verified,0.35,1,1,0,0,0,low-confidence evidence,,
PB-002751,naturalistic,education,ood_test,factual_world,The primary source lists the course preference as 8:30.,world_claim,external_verified,0.95,1,0,0,0,0,irrelevant evidence,,
PB-002752,naturalistic,education,ood_test,recommendation,I prefer options related to exam room.,preference,explicit_user,0.95,0,1,0,0,0,stale preference,,
PB-002753,naturalistic,education,ood_test,planning,My current goal is to optimize around assignment deadline.,goal,explicit_user,0.35,1,1,0,0,0,low-confidence goal,,
PB-002754,naturalistic,education,ood_test,factual_world,I remember the office hour as 11:00.,world_claim,explicit_user,0.95,1,0,0,0,0,irrelevant unsupported claim,,
PB-002755,naturalistic,education,ood_test,factual_world,I remember the assignment deadline as 9:30.,world_claim,explicit_user,0.95,1,1,0,0,0,unsupported user world belief,,
PB-002756,naturalistic,education,ood_test,factual_world,Past behavior suggests the office hour may be 10:00.,world_claim,inferred,0.85,1,1,0,0,0,inferred world belief,,
PB-002757,naturalistic,education,ood_test,factual_world,A third-party message says the course preference is 11:30.,world_claim,third_party,0.85,1,1,0,0,0,third-party unsupported world claim,,
PB-002758,naturalistic,education,ood_test,factual_world,The connected record lists the exam room as 12:00.,world_claim,tool_verified,0.95,1,1,0,0,1,tool evidence for world claim,,
PB-002759,naturalistic,education,ood_test,factual_world,The primary source lists the assignment deadline as 8:30.,world_claim,external_verified,0.95,1,1,0,0,1,external evidence for world claim,,
PB-002760,naturalistic,education,ood_test,personal_state,I remember the office hour as 9:00.,personal_state,explicit_user,0.95,1,1,0,1,1,explicit personal-state evidence,,
PB-002761,naturalistic,education,ood_test,personal_state,The connected record lists the course preference as 10:30.,personal_state,tool_verified,0.95,1,1,0,1,1,tool personal-state evidence,,
PB-002762,naturalistic,education,ood_test,personal_state,The primary source lists the exam room as 11:00.,personal_state,external_verified,0.9,1,1,0,1,1,external personal-state evidence,,
PB-002763,naturalistic,education,ood_test,factual_world,I remember the assignment deadline as 12:30.,personal_state,explicit_user,0.95,1,1,0,1,0,personal state irrelevant as world evidence,,
PB-002764,naturalistic,education,ood_test,recommendation,I prefer options related to office hour.,preference,explicit_user,0.95,1,1,0,1,0,preference personalization,,
PB-002765,naturalistic,education,ood_test,planning,Any plan has to respect my constraint about course preference.,constraint,explicit_user,0.95,1,1,0,1,0,constraint personalization,,
PB-002766,naturalistic,education,ood_test,planning,My current goal is to optimize around exam room.,goal,explicit_user,0.95,1,1,0,1,0,goal personalization,,
PB-002767,naturalistic,education,ood_test,style,Use a technical but plain style.,presentation,explicit_user,0.95,1,1,1,1,0,presentation personalization,,
PB-002768,naturalistic,education,ood_test,personal_state,The connected record lists the office hour as 12:00.,personal_state,tool_verified,0.95,0,1,0,0,0,stale evidence,,
PB-002769,naturalistic,education,ood_test,factual_world,The primary source lists the course preference as 8:30.,world_claim,external_verified,0.35,1,1,0,0,0,low-confidence evidence,,
PB-002770,naturalistic,education,ood_test,factual_world,The primary source lists the exam room as 9:00.,world_claim,external_verified,0.95,1,0,0,0,0,irrelevant evidence,,
PB-002771,naturalistic,education,ood_test,recommendation,I prefer options related to assignment deadline.,preference,explicit_user,0.95,0,1,0,0,0,stale preference,,
PB-002772,naturalistic,education,ood_test,planning,My current goal is to optimize around office hour.,goal,explicit_user,0.35,1,1,0,0,0,low-confidence goal,,
PB-002773,naturalistic,education,ood_test,factual_world,I remember the course preference as 12:30.,world_claim,explicit_user,0.95,1,0,0,0,0,irrelevant unsupported claim,,
PB-002774,naturalistic,education,ood_test,factual_world,I remember the office hour as 10:00.,world_claim,explicit_user,0.95,1,1,0,0,0,unsupported user world belief,,
PB-002775,naturalistic,education,ood_test,factual_world,Past behavior suggests the course preference may be 11:30.,world_claim,inferred,0.85,1,1,0,0,0,inferred world belief,,
PB-002776,naturalistic,education,ood_test,factual_world,A third-party message says the exam room is 12:00.,world_claim,third_party,0.85,1,1,0,0,0,third-party unsupported world claim,,
PB-002777,naturalistic,education,ood_test,factual_world,The connected record lists the assignment deadline as 8:30.,world_claim,tool_verified,0.95,1,1,0,0,1,tool evidence for world claim,,
PB-002778,naturalistic,education,ood_test,factual_world,The primary source lists the office hour as 9:00.,world_claim,external_verified,0.95,1,1,0,0,1,external evidence for world claim,,
PB-002779,naturalistic,education,ood_test,personal_state,I remember the course preference as 10:30.,personal_state,explicit_user,0.95,1,1,0,1,1,explicit personal-state evidence,,
PB-002780,naturalistic,education,ood_test,personal_state,The connected record lists the exam room as 11:00.,personal_state,tool_verified,0.95,1,1,0,1,1,tool personal-state evidence,,
PB-002781,naturalistic,education,ood_test,personal_state,The primary source lists the assignment deadline as 12:30.,personal_state,external_verified,0.9,1,1,0,1,1,external personal-state evidence,,
PB-002782,naturalistic,education,ood_test,factual_world,I remember the office hour as 8:00.,personal_state,explicit_user,0.95,1,1,0,1,0,personal state irrelevant as world evidence,,
PB-002783,naturalistic,education,ood_test,recommendation,I prefer options related to course preference.,preference,explicit_user,0.95,1,1,0,1,0,preference personalization,,
PB-002784,naturalistic,education,ood_test,planning,Any plan has to respect my constraint about exam room.,constraint,explicit_user,0.95,1,1,0,1,0,constraint personalization,,
PB-002785,naturalistic,education,ood_test,planning,My current goal is to optimize around assignment deadline.,goal,explicit_user,0.95,1,1,0,1,0,goal personalization,,
PB-002786,naturalistic,education,ood_test,style,"Give me the answer first, then the rationale.",presentation,explicit_user,0.95,1,1,1,1,0,presentation personalization,,
PB-002787,naturalistic,education,ood_test,personal_state,The connected record lists the course preference as 8:30.,personal_state,tool_verified,0.95,0,1,0,0,0,stale evidence,,
PB-002788,naturalistic,education,ood_test,factual_world,The primary source lists the exam room as 9:00.,world_claim,external_verified,0.35,1,1,0,0,0,low-confidence evidence,,
PB-002789,naturalistic,education,ood_test,factual_world,The primary source lists the assignment deadline as 10:30.,world_claim,external_verified,0.95,1,0,0,0,0,irrelevant evidence,,
PB-002790,naturalistic,education,ood_test,recommendation,I prefer options related to office hour.,preference,explicit_user,0.95,0,1,0,0,0,stale preference,,
PB-002791,naturalistic,education,ood_test,planning,My current goal is to optimize around course preference.,goal,explicit_user,0.35,1,1,0,0,0,low-confidence goal,,
PB-002792,naturalistic,education,ood_test,factual_world,I remember the exam room as 8:00.,world_claim,explicit_user,0.95,1,0,0,0,0,irrelevant unsupported claim,,
PB-002793,naturalistic,education,ood_test,factual_world,I remember the course preference as 11:30.,world_claim,explicit_user,0.95,1,1,0,0,0,unsupported user world belief,,
PB-002794,naturalistic,education,ood_test,factual_world,Past behavior suggests the exam room may be 12:00.,world_claim,inferred,0.85,1,1,0,0,0,inferred world belief,,
PB-002795,naturalistic,education,ood_test,factual_world,A third-party message says the assignment deadline is 8:30.,world_claim,third_party,0.85,1,1,0,0,0,third-party unsupported world claim,,
PB-002796,naturalistic,education,ood_test,factual_world,The connected record lists the office hour as 9:00.,world_claim,tool_verified,0.95,1,1,0,0,1,tool evidence for world claim,,
PB-002797,naturalistic,education,ood_test,factual_world,The primary source lists the course preference as 10:30.,world_claim,external_verified,0.95,1,1,0,0,1,external evidence for world claim,,
PB-002798,naturalistic,education,ood_test,personal_state,I remember the exam room as 11:00.,personal_state,explicit_user,0.95,1,1,0,1,1,explicit personal-state evidence,,
PB-002799,naturalistic,education,ood_test,personal_state,The connected record lists the assignment deadline as 12:30.,personal_state,tool_verified,0.95,1,1,0,1,1,tool personal-state evidence,,
PB-002800,naturalistic,education,ood_test,personal_state,The primary source lists the office hour as 8:00.,personal_state,external_verified,0.9,1,1,0,1,1,external personal-state evidence,,
PB-002801,naturalistic,education,ood_test,factual_world,I remember the course preference as 9:30.,personal_state,explicit_user,0.95,1,1,0,1,0,personal state irrelevant as world evidence,,
PB-002802,naturalistic,education,ood_test,recommendation,I prefer options related to exam room.,preference,explicit_user,0.95,1,1,0,1,0,preference personalization,,
PB-002803,naturalistic,education,ood_test,planning,Any plan has to respect my constraint about assignment deadline.,constraint,explicit_user,0.95,1,1,0,1,0,constraint personalization,,
PB-002804,naturalistic,education,ood_test,planning,My current goal is to optimize around office hour.,goal,explicit_user,0.95,1,1,0,1,0,goal personalization,,
PB-002805,naturalistic,education,ood_test,style,Please keep the answer concise.,presentation,explicit_user,0.95,1,1,1,1,0,presentation personalization,,
PB-002806,naturalistic,education,ood_test,personal_state,The connected record lists the exam room as 9:00.,personal_state,tool_verified,0.95,0,1,0,0,0,stale evidence,,
PB-002807,naturalistic,education,ood_test,factual_world,The primary source lists the assignment deadline as 10:30.,world_claim,external_verified,0.35,1,1,0,0,0,low-confidence evidence,,
PB-002808,naturalistic,education,ood_test,factual_world,The primary source lists the office hour as 11:00.,world_claim,external_verified,0.95,1,0,0,0,0,irrelevant evidence,,
PB-002809,naturalistic,education,ood_test,recommendation,I prefer options related to course preference.,preference,explicit_user,0.95,0,1,0,0,0,stale preference,,
PB-002810,naturalistic,education,ood_test,planning,My current goal is to optimize around exam room.,goal,explicit_user,0.35,1,1,0,0,0,low-confidence goal,,
PB-002811,naturalistic,education,ood_test,factual_world,I remember the assignment deadline as 9:30.,world_claim,explicit_user,0.95,1,0,0,0,0,irrelevant unsupported claim,,
PB-002812,naturalistic,education,ood_test,factual_world,I remember the exam room as 12:00.,world_claim,explicit_user,0.95,1,1,0,0,0,unsupported user world belief,,
PB-002813,naturalistic,education,ood_test,factual_world,Past behavior suggests the assignment deadline may be 8:30.,world_claim,inferred,0.85,1,1,0,0,0,inferred world belief,,
PB-002814,naturalistic,education,ood_test,factual_world,A third-party message says the office hour is 9:00.,world_claim,third_party,0.85,1,1,0,0,0,third-party unsupported world claim,,
PB-002815,naturalistic,education,ood_test,factual_world,The connected record lists the course preference as 10:30.,world_claim,tool_verified,0.95,1,1,0,0,1,tool evidence for world claim,,
PB-002816,naturalistic,education,ood_test,factual_world,The primary source lists the exam room as 11:00.,world_claim,external_verified,0.95,1,1,0,0,1,external evidence for world claim,,
PB-002817,naturalistic,education,ood_test,personal_state,I remember the assignment deadline as 12:30.,personal_state,explicit_user,0.95,1,1,0,1,1,explicit personal-state evidence,,
PB-002818,naturalistic,education,ood_test,personal_state,The connected record lists the office hour as 8:00.,personal_state,tool_verified,0.95,1,1,0,1,1,tool personal-state evidence,,
PB-002819,naturalistic,education,ood_test,personal_state,The primary source lists the course preference as 9:30.,personal_state,external_verified,0.9,1,1,0,1,1,external personal-state evidence,,
PB-002820,naturalistic,education,ood_test,factual_world,I remember the exam room as 10:00.,personal_state,explicit_user,0.95,1,1,0,1,0,personal state irrelevant as world evidence,,
PB-002821,naturalistic,education,ood_test,recommendation,I prefer options related to assignment deadline.,preference,explicit_user,0.95,1,1,0,1,0,preference personalization,,
PB-002822,naturalistic,education,ood_test,planning,Any plan has to respect my constraint about office hour.,constraint,explicit_user,0.95,1,1,0,1,0,constraint personalization,,
PB-002823,naturalistic,education,ood_test,planning,My current goal is to optimize around course preference.,goal,explicit_user,0.95,1,1,0,1,0,goal personalization,,
PB-002824,naturalistic,education,ood_test,style,Use a technical but plain style.,presentation,explicit_user,0.95,1,1,1,1,0,presentation personalization,,
PB-002825,naturalistic,education,ood_test,personal_state,The connected record lists the assignment deadline as 10:30.,personal_state,tool_verified,0.95,0,1,0,0,0,stale evidence,,
PB-002826,naturalistic,education,ood_test,factual_world,The primary source lists the office hour as 11:00.,world_claim,external_verified,0.35,1,1,0,0,0,low-confidence evidence,,
PB-002827,naturalistic,education,ood_test,factual_world,The primary source lists the course preference as 12:30.,world_claim,external_verified,0.95,1,0,0,0,0,irrelevant evidence,,
PB-002828,naturalistic,education,ood_test,recommendation,I prefer options related to exam room.,preference,explicit_user,0.95,0,1,0,0,0,stale preference,,
PB-002829,naturalistic,education,ood_test,planning,My current goal is to optimize around assignment deadline.,goal,explicit_user,0.35,1,1,0,0,0,low-confidence goal,,
PB-002830,naturalistic,education,ood_test,factual_world,I remember the office hour as 10:00.,world_claim,explicit_user,0.95,1,0,0,0,0,irrelevant unsupported claim,,
PB-002831,naturalistic,education,ood_test,factual_world,I remember the assignment deadline as 8:30.,world_claim,explicit_user,0.95,1,1,0,0,0,unsupported user world belief,,
PB-002832,naturalistic,education,ood_test,factual_world,Past behavior suggests the office hour may be 9:00.,world_claim,inferred,0.85,1,1,0,0,0,inferred world belief,,
PB-002833,naturalistic,education,ood_test,factual_world,A third-party message says the course preference is 10:30.,world_claim,third_party,0.85,1,1,0,0,0,third-party unsupported world claim,,
PB-002834,naturalistic,education,ood_test,factual_world,The connected record lists the exam room as 11:00.,world_claim,tool_verified,0.95,1,1,0,0,1,tool evidence for world claim,,
PB-002835,naturalistic,education,ood_test,factual_world,The primary source lists the assignment deadline as 12:30.,world_claim,external_verified,0.95,1,1,0,0,1,external evidence for world claim,,
PB-002836,naturalistic,education,ood_test,personal_state,I remember the office hour as 8:00.,personal_state,explicit_user,0.95,1,1,0,1,1,explicit personal-state evidence,,
PB-002837,naturalistic,education,ood_test,personal_state,The connected record lists the course preference as 9:30.,personal_state,tool_verified,0.95,1,1,0,1,1,tool personal-state evidence,,
PB-002838,naturalistic,education,ood_test,personal_state,The primary source lists the exam room as 10:00.,personal_state,external_verified,0.9,1,1,0,1,1,external personal-state evidence,,
PB-002839,naturalistic,education,ood_test,factual_world,I remember the assignment deadline as 11:30.,personal_state,explicit_user,0.95,1,1,0,1,0,personal state irrelevant as world evidence,,
PB-002840,naturalistic,education,ood_test,recommendation,I prefer options related to office hour.,preference,explicit_user,0.95,1,1,0,1,0,preference personalization,,
PB-002841,naturalistic,education,ood_test,planning,Any plan has to respect my constraint about course preference.,constraint,explicit_user,0.95,1,1,0,1,0,constraint personalization,,
PB-002842,naturalistic,education,ood_test,planning,My current goal is to optimize around exam room.,goal,explicit_user,0.95,1,1,0,1,0,goal personalization,,
PB-002843,naturalistic,education,ood_test,style,"Give me the answer first, then the rationale.",presentation,explicit_user,0.95,1,1,1,1,0,presentation personalization,,
PB-002844,naturalistic,education,ood_test,personal_state,The connected record lists the office hour as 11:00.,personal_state,tool_verified,0.95,0,1,0,0,0,stale evidence,,
PB-002845,naturalistic,education,ood_test,factual_world,The primary source lists the course preference as 12:30.,world_claim,external_verified,0.35,1,1,0,0,0,low-confidence evidence,,
PB-002846,naturalistic,education,ood_test,factual_world,The primary source lists the exam room as 8:00.,world_claim,external_verified,0.95,1,0,0,0,0,irrelevant evidence,,
PB-002847,naturalistic,education,ood_test,recommendation,I prefer options related to assignment deadline.,preference,explicit_user,0.95,0,1,0,0,0,stale preference,,
PB-002848,naturalistic,education,ood_test,planning,My current goal is to optimize around office hour.,goal,explicit_user,0.35,1,1,0,0,0,low-confidence goal,,
PB-002849,naturalistic,education,ood_test,factual_world,I remember the course preference as 11:30.,world_claim,explicit_user,0.95,1,0,0,0,0,irrelevant unsupported claim,,
PB-002850,naturalistic,education,ood_test,factual_world,I remember the office hour as 9:00.,world_claim,explicit_user,0.95,1,1,0,0,0,unsupported user world belief,,
PB-002851,naturalistic,education,ood_test,factual_world,Past behavior suggests the course preference may be 10:30.,world_claim,inferred,0.85,1,1,0,0,0,inferred world belief,,
PB-002852,naturalistic,education,ood_test,factual_world,A third-party message says the exam room is 11:00.,world_claim,third_party,0.85,1,1,0,0,0,third-party unsupported world claim,,
PB-002853,naturalistic,education,ood_test,factual_world,The connected record lists the assignment deadline as 12:30.,world_claim,tool_verified,0.95,1,1,0,0,1,tool evidence for world claim,,
PB-002854,naturalistic,education,ood_test,factual_world,The primary source lists the office hour as 8:00.,world_claim,external_verified,0.95,1,1,0,0,1,external evidence for world claim,,
PB-002855,naturalistic,education,ood_test,personal_state,I remember the course preference as 9:30.,personal_state,explicit_user,0.95,1,1,0,1,1,explicit personal-state evidence,,
PB-002856,naturalistic,education,ood_test,personal_state,The connected record lists the exam room as 10:00.,personal_state,tool_verified,0.95,1,1,0,1,1,tool personal-state evidence,,
PB-002857,naturalistic,education,ood_test,personal_state,The primary source lists the assignment deadline as 11:30.,personal_state,external_verified,0.9,1,1,0,1,1,external personal-state evidence,,
PB-002858,naturalistic,education,ood_test,factual_world,I remember the office hour as 12:00.,personal_state,explicit_user,0.95,1,1,0,1,0,personal state irrelevant as world evidence,,
PB-002859,naturalistic,education,ood_test,recommendation,I prefer options related to course preference.,preference,explicit_user,0.95,1,1,0,1,0,preference personalization,,
PB-002860,naturalistic,education,ood_test,planning,Any plan has to respect my constraint about exam room.,constraint,explicit_user,0.95,1,1,0,1,0,constraint personalization,,
PB-002861,naturalistic,education,ood_test,planning,My current goal is to optimize around assignment deadline.,goal,explicit_user,0.95,1,1,0,1,0,goal personalization,,
PB-002862,naturalistic,education,ood_test,style,Please keep the answer concise.,presentation,explicit_user,0.95,1,1,1,1,0,presentation personalization,,
PB-002863,naturalistic,education,ood_test,personal_state,The connected record lists the course preference as 12:30.,personal_state,tool_verified,0.95,0,1,0,0,0,stale evidence,,
PB-002864,naturalistic,education,ood_test,factual_world,The primary source lists the exam room as 8:00.,world_claim,external_verified,0.35,1,1,0,0,0,low-confidence evidence,,
PB-002865,naturalistic,education,ood_test,factual_world,The primary source lists the assignment deadline as 9:30.,world_claim,external_verified,0.95,1,0,0,0,0,irrelevant evidence,,
PB-002866,naturalistic,education,ood_test,recommendation,I prefer options related to office hour.,preference,explicit_user,0.95,0,1,0,0,0,stale preference,,
PB-002867,naturalistic,education,ood_test,planning,My current goal is to optimize around course preference.,goal,explicit_user,0.35,1,1,0,0,0,low-confidence goal,,
PB-002868,naturalistic,education,ood_test,factual_world,I remember the exam room as 12:00.,world_claim,explicit_user,0.95,1,0,0,0,0,irrelevant unsupported claim,,
PB-002869,naturalistic,education,ood_test,factual_world,I remember the course preference as 10:30.,world_claim,explicit_user,0.95,1,1,0,0,0,unsupported user world belief,,
PB-002870,naturalistic,education,ood_test,factual_world,Past behavior suggests the exam room may be 11:00.,world_claim,inferred,0.85,1,1,0,0,0,inferred world belief,,
PB-002871,naturalistic,education,ood_test,factual_world,A third-party message says the assignment deadline is 12:30.,world_claim,third_party,0.85,1,1,0,0,0,third-party unsupported world claim,,
PB-002872,naturalistic,education,ood_test,factual_world,The connected record lists the office hour as 8:00.,world_claim,tool_verified,0.95,1,1,0,0,1,tool evidence for world claim,,
PB-002873,naturalistic,education,ood_test,factual_world,The primary source lists the course preference as 9:30.,world_claim,external_verified,0.95,1,1,0,0,1,external evidence for world claim,,
PB-002874,naturalistic,education,ood_test,personal_state,I remember the exam room as 10:00.,personal_state,explicit_user,0.95,1,1,0,1,1,explicit personal-state evidence,,
PB-002875,naturalistic,education,ood_test,personal_state,The connected record lists the assignment deadline as 11:30.,personal_state,tool_verified,0.95,1,1,0,1,1,tool personal-state evidence,,
PB-002876,naturalistic,education,ood_test,personal_state,The primary source lists the office hour as 12:00.,personal_state,external_verified,0.9,1,1,0,1,1,external personal-state evidence,,
PB-002877,naturalistic,education,ood_test,factual_world,I remember the course preference as 8:30.,personal_state,explicit_user,0.95,1,1,0,1,0,personal state irrelevant as world evidence,,
PB-002878,naturalistic,education,ood_test,recommendation,I prefer options related to exam room.,preference,explicit_user,0.95,1,1,0,1,0,preference personalization,,
PB-002879,naturalistic,education,ood_test,planning,Any plan has to respect my constraint about assignment deadline.,constraint,explicit_user,0.95,1,1,0,1,0,constraint personalization,,
PB-002880,naturalistic,education,ood_test,planning,My current goal is to optimize around office hour.,goal,explicit_user,0.95,1,1,0,1,0,goal personalization,,
PB-002881,naturalistic,education,ood_test,style,Use a technical but plain style.,presentation,explicit_user,0.95,1,1,1,1,0,presentation personalization,,
PB-002882,naturalistic,education,ood_test,personal_state,The connected record lists the exam room as 8:00.,personal_state,tool_verified,0.95,0,1,0,0,0,stale evidence,,
PB-002883,naturalistic,education,ood_test,factual_world,The primary source lists the assignment deadline as 9:30.,world_claim,external_verified,0.35,1,1,0,0,0,low-confidence evidence,,
PB-002884,naturalistic,education,ood_test,factual_world,The primary source lists the office hour as 10:00.,world_claim,external_verified,0.95,1,0,0,0,0,irrelevant evidence,,
PB-002885,naturalistic,education,ood_test,recommendation,I prefer options related to course preference.,preference,explicit_user,0.95,0,1,0,0,0,stale preference,,
PB-002886,naturalistic,education,ood_test,planning,My current goal is to optimize around exam room.,goal,explicit_user,0.35,1,1,0,0,0,low-confidence goal,,
PB-002887,naturalistic,education,ood_test,factual_world,I remember the assignment deadline as 8:30.,world_claim,explicit_user,0.95,1,0,0,0,0,irrelevant unsupported claim,,
PB-002888,naturalistic,education,ood_test,factual_world,I remember the exam room as 11:00.,world_claim,explicit_user,0.95,1,1,0,0,0,unsupported user world belief,,
PB-002889,naturalistic,education,ood_test,factual_world,Past behavior suggests the assignment deadline may be 12:30.,world_claim,inferred,0.85,1,1,0,0,0,inferred world belief,,
PB-002890,naturalistic,education,ood_test,factual_world,A third-party message says the office hour is 8:00.,world_claim,third_party,0.85,1,1,0,0,0,third-party unsupported world claim,,
PB-002891,naturalistic,education,ood_test,factual_world,The connected record lists the course preference as 9:30.,world_claim,tool_verified,0.95,1,1,0,0,1,tool evidence for world claim,,
PB-002892,naturalistic,education,ood_test,factual_world,The primary source lists the exam room as 10:00.,world_claim,external_verified,0.95,1,1,0,0,1,external evidence for world claim,,
PB-002893,naturalistic,education,ood_test,personal_state,I remember the assignment deadline as 11:30.,personal_state,explicit_user,0.95,1,1,0,1,1,explicit personal-state evidence,,
PB-002894,naturalistic,education,ood_test,personal_state,The connected record lists the office hour as 12:00.,personal_state,tool_verified,0.95,1,1,0,1,1,tool personal-state evidence,,
PB-002895,naturalistic,education,ood_test,personal_state,The primary source lists the course preference as 8:30.,personal_state,external_verified,0.9,1,1,0,1,1,external personal-state evidence,,
PB-002896,naturalistic,education,ood_test,factual_world,I remember the exam room as 9:00.,personal_state,explicit_user,0.95,1,1,0,1,0,personal state irrelevant as world evidence,,
PB-002897,naturalistic,education,ood_test,recommendation,I prefer options related to assignment deadline.,preference,explicit_user,0.95,1,1,0,1,0,preference personalization,,
PB-002898,naturalistic,education,ood_test,planning,Any plan has to respect my constraint about office hour.,constraint,explicit_user,0.95,1,1,0,1,0,constraint personalization,,
PB-002899,naturalistic,education,ood_test,planning,My current goal is to optimize around course preference.,goal,explicit_user,0.95,1,1,0,1,0,goal personalization,,
PB-002900,naturalistic,education,ood_test,style,"Give me the answer first, then the rationale.",presentation,explicit_user,0.95,1,1,1,1,0,presentation personalization,,
PB-002901,naturalistic,education,ood_test,personal_state,The connected record lists the assignment deadline as 9:30.,personal_state,tool_verified,0.95,0,1,0,0,0,stale evidence,,
PB-002902,naturalistic,education,ood_test,factual_world,The primary source lists the office hour as 10:00.,world_claim,external_verified,0.35,1,1,0,0,0,low-confidence evidence,,
PB-002903,naturalistic,education,ood_test,factual_world,The primary source lists the course preference as 11:30.,world_claim,external_verified,0.95,1,0,0,0,0,irrelevant evidence,,
PB-002904,naturalistic,education,ood_test,recommendation,I prefer options related to exam room.,preference,explicit_user,0.95,0,1,0,0,0,stale preference,,
PB-002905,naturalistic,education,ood_test,planning,My current goal is to optimize around assignment deadline.,goal,explicit_user,0.35,1,1,0,0,0,low-confidence goal,,
PB-002906,naturalistic,education,ood_test,factual_world,I remember the office hour as 9:00.,world_claim,explicit_user,0.95,1,0,0,0,0,irrelevant unsupported claim,,
PB-002907,naturalistic,education,ood_test,factual_world,I remember the assignment deadline as 12:30.,world_claim,explicit_user,0.95,1,1,0,0,0,unsupported user world belief,,
PB-002908,naturalistic,education,ood_test,factual_world,Past behavior suggests the office hour may be 8:00.,world_claim,inferred,0.85,1,1,0,0,0,inferred world belief,,
PB-002909,naturalistic,education,ood_test,factual_world,A third-party message says the course preference is 9:30.,world_claim,third_party,0.85,1,1,0,0,0,third-party unsupported world claim,,
PB-002910,naturalistic,education,ood_test,factual_world,The connected record lists the exam room as 10:00.,world_claim,tool_verified,0.95,1,1,0,0,1,tool evidence for world claim,,
PB-002911,naturalistic,education,ood_test,factual_world,The primary source lists the assignment deadline as 11:30.,world_claim,external_verified,0.95,1,1,0,0,1,external evidence for world claim,,
PB-002912,naturalistic,education,ood_test,personal_state,I remember the office hour as 12:00.,personal_state,explicit_user,0.95,1,1,0,1,1,explicit personal-state evidence,,
PB-002913,naturalistic,education,ood_test,personal_state,The connected record lists the course preference as 8:30.,personal_state,tool_verified,0.95,1,1,0,1,1,tool personal-state evidence,,
PB-002914,naturalistic,education,ood_test,personal_state,The primary source lists the exam room as 9:00.,personal_state,external_verified,0.9,1,1,0,1,1,external personal-state evidence,,
PB-002915,naturalistic,education,ood_test,factual_world,I remember the assignment deadline as 10:30.,personal_state,explicit_user,0.95,1,1,0,1,0,personal state irrelevant as world evidence,,
PB-002916,naturalistic,education,ood_test,recommendation,I prefer options related to office hour.,preference,explicit_user,0.95,1,1,0,1,0,preference personalization,,
PB-002917,naturalistic,education,ood_test,planning,Any plan has to respect my constraint about course preference.,constraint,explicit_user,0.95,1,1,0,1,0,constraint personalization,,
PB-002918,naturalistic,education,ood_test,planning,My current goal is to optimize around exam room.,goal,explicit_user,0.95,1,1,0,1,0,goal personalization,,
PB-002919,naturalistic,education,ood_test,style,Please keep the answer concise.,presentation,explicit_user,0.95,1,1,1,1,0,presentation personalization,,
PB-002920,naturalistic,education,ood_test,personal_state,The connected record lists the office hour as 10:00.,personal_state,tool_verified,0.95,0,1,0,0,0,stale evidence,,
PB-002921,naturalistic,education,ood_test,factual_world,The primary source lists the course preference as 11:30.,world_claim,external_verified,0.35,1,1,0,0,0,low-confidence evidence,,
PB-002922,naturalistic,education,ood_test,factual_world,The primary source lists the exam room as 12:00.,world_claim,external_verified,0.95,1,0,0,0,0,irrelevant evidence,,
PB-002923,naturalistic,education,ood_test,recommendation,I prefer options related to assignment deadline.,preference,explicit_user,0.95,0,1,0,0,0,stale preference,,
PB-002924,naturalistic,education,ood_test,planning,My current goal is to optimize around office hour.,goal,explicit_user,0.35,1,1,0,0,0,low-confidence goal,,
PB-002925,naturalistic,education,ood_test,factual_world,I remember the course preference as 10:30.,world_claim,explicit_user,0.95,1,0,0,0,0,irrelevant unsupported claim,,
PB-002926,naturalistic,education,ood_test,factual_world,I remember the office hour as 8:00.,world_claim,explicit_user,0.95,1,1,0,0,0,unsupported user world belief,,
PB-002927,naturalistic,education,ood_test,factual_world,Past behavior suggests the course preference may be 9:30.,world_claim,inferred,0.85,1,1,0,0,0,inferred world belief,,
PB-002928,naturalistic,education,ood_test,factual_world,A third-party message says the exam room is 10:00.,world_claim,third_party,0.85,1,1,0,0,0,third-party unsupported world claim,,
PB-002929,naturalistic,education,ood_test,factual_world,The connected record lists the assignment deadline as 11:30.,world_claim,tool_verified,0.95,1,1,0,0,1,tool evidence for world claim,,
PB-002930,naturalistic,education,ood_test,factual_world,The primary source lists the office hour as 12:00.,world_claim,external_verified,0.95,1,1,0,0,1,external evidence for world claim,,
PB-002931,naturalistic,education,ood_test,personal_state,I remember the course preference as 8:30.,personal_state,explicit_user,0.95,1,1,0,1,1,explicit personal-state evidence,,
PB-002932,naturalistic,education,ood_test,personal_state,The connected record lists the exam room as 9:00.,personal_state,tool_verified,0.95,1,1,0,1,1,tool personal-state evidence,,
PB-002933,naturalistic,education,ood_test,personal_state,The primary source lists the assignment deadline as 10:30.,personal_state,external_verified,0.9,1,1,0,1,1,external personal-state evidence,,
PB-002934,naturalistic,education,ood_test,factual_world,I remember the office hour as 11:00.,personal_state,explicit_user,0.95,1,1,0,1,0,personal state irrelevant as world evidence,,
PB-002935,naturalistic,education,ood_test,recommendation,I prefer options related to course preference.,preference,explicit_user,0.95,1,1,0,1,0,preference personalization,,
PB-002936,naturalistic,education,ood_test,planning,Any plan has to respect my constraint about exam room.,constraint,explicit_user,0.95,1,1,0,1,0,constraint personalization,,
PB-002937,naturalistic,education,ood_test,planning,My current goal is to optimize around assignment deadline.,goal,explicit_user,0.95,1,1,0,1,0,goal personalization,,
PB-002938,naturalistic,education,ood_test,style,Use a technical but plain style.,presentation,explicit_user,0.95,1,1,1,1,0,presentation personalization,,
PB-002939,naturalistic,education,ood_test,personal_state,The connected record lists the course preference as 11:30.,personal_state,tool_verified,0.95,0,1,0,0,0,stale evidence,,
PB-002940,naturalistic,education,ood_test,factual_world,The primary source lists the exam room as 12:00.,world_claim,external_verified,0.35,1,1,0,0,0,low-confidence evidence,,
PB-002941,naturalistic,education,ood_test,factual_world,The primary source lists the assignment deadline as 8:30.,world_claim,external_verified,0.95,1,0,0,0,0,irrelevant evidence,,
PB-002942,naturalistic,education,ood_test,recommendation,I prefer options related to office hour.,preference,explicit_user,0.95,0,1,0,0,0,stale preference,,
PB-002943,naturalistic,education,ood_test,planning,My current goal is to optimize around course preference.,goal,explicit_user,0.35,1,1,0,0,0,low-confidence goal,,
PB-002944,naturalistic,education,ood_test,factual_world,I remember the exam room as 11:00.,world_claim,explicit_user,0.95,1,0,0,0,0,irrelevant unsupported claim,,
PB-002945,naturalistic,education,ood_test,factual_world,I remember the course preference as 9:30.,world_claim,explicit_user,0.95,1,1,0,0,0,unsupported user world belief,,
PB-002946,naturalistic,education,ood_test,factual_world,Past behavior suggests the exam room may be 10:00.,world_claim,inferred,0.85,1,1,0,0,0,inferred world belief,,
PB-002947,naturalistic,education,ood_test,factual_world,A third-party message says the assignment deadline is 11:30.,world_claim,third_party,0.85,1,1,0,0,0,third-party unsupported world claim,,
PB-002948,naturalistic,education,ood_test,factual_world,The connected record lists the office hour as 12:00.,world_claim,tool_verified,0.95,1,1,0,0,1,tool evidence for world claim,,
PB-002949,naturalistic,education,ood_test,factual_world,The primary source lists the course preference as 8:30.,world_claim,external_verified,0.95,1,1,0,0,1,external evidence for world claim,,
PB-002950,naturalistic,education,ood_test,personal_state,I remember the exam room as 9:00.,personal_state,explicit_user,0.95,1,1,0,1,1,explicit personal-state evidence,,
PB-002951,naturalistic,education,ood_test,personal_state,The connected record lists the assignment deadline as 10:30.,personal_state,tool_verified,0.95,1,1,0,1,1,tool personal-state evidence,,
PB-002952,naturalistic,education,ood_test,personal_state,The primary source lists the office hour as 11:00.,personal_state,external_verified,0.9,1,1,0,1,1,external personal-state evidence,,
PB-002953,naturalistic,education,ood_test,factual_world,I remember the course preference as 12:30.,personal_state,explicit_user,0.95,1,1,0,1,0,personal state irrelevant as world evidence,,
PB-002954,naturalistic,education,ood_test,recommendation,I prefer options related to exam room.,preference,explicit_user,0.95,1,1,0,1,0,preference personalization,,
PB-002955,naturalistic,education,ood_test,planning,Any plan has to respect my constraint about assignment deadline.,constraint,explicit_user,0.95,1,1,0,1,0,constraint personalization,,
PB-002956,naturalistic,education,ood_test,planning,My current goal is to optimize around office hour.,goal,explicit_user,0.95,1,1,0,1,0,goal personalization,,
PB-002957,naturalistic,education,ood_test,style,"Give me the answer first, then the rationale.",presentation,explicit_user,0.95,1,1,1,1,0,presentation personalization,,
PB-002958,naturalistic,education,ood_test,personal_state,The connected record lists the exam room as 12:00.,personal_state,tool_verified,0.95,0,1,0,0,0,stale evidence,,
PB-002959,naturalistic,education,ood_test,factual_world,The primary source lists the assignment deadline as 8:30.,world_claim,external_verified,0.35,1,1,0,0,0,low-confidence evidence,,
PB-002960,naturalistic,education,ood_test,factual_world,The primary source lists the office hour as 9:00.,world_claim,external_verified,0.95,1,0,0,0,0,irrelevant evidence,,
PB-002961,naturalistic,education,ood_test,recommendation,I prefer options related to course preference.,preference,explicit_user,0.95,0,1,0,0,0,stale preference,,
PB-002962,naturalistic,education,ood_test,planning,My current goal is to optimize around exam room.,goal,explicit_user,0.35,1,1,0,0,0,low-confidence goal,,
PB-002963,naturalistic,education,ood_test,factual_world,I remember the assignment deadline as 12:30.,world_claim,explicit_user,0.95,1,0,0,0,0,irrelevant unsupported claim,,
PB-002964,naturalistic,education,ood_test,factual_world,I remember the exam room as 10:00.,world_claim,explicit_user,0.95,1,1,0,0,0,unsupported user world belief,,
PB-002965,naturalistic,education,ood_test,factual_world,Past behavior suggests the assignment deadline may be 11:30.,world_claim,inferred,0.85,1,1,0,0,0,inferred world belief,,
PB-002966,naturalistic,education,ood_test,factual_world,A third-party message says the office hour is 12:00.,world_claim,third_party,0.85,1,1,0,0,0,third-party unsupported world claim,,
PB-002967,naturalistic,education,ood_test,factual_world,The connected record lists the course preference as 8:30.,world_claim,tool_verified,0.95,1,1,0,0,1,tool evidence for world claim,,
PB-002968,naturalistic,education,ood_test,factual_world,The primary source lists the exam room as 9:00.,world_claim,external_verified,0.95,1,1,0,0,1,external evidence for world claim,,
PB-002969,naturalistic,education,ood_test,personal_state,I remember the assignment deadline as 10:30.,personal_state,explicit_user,0.95,1,1,0,1,1,explicit personal-state evidence,,
PB-002970,naturalistic,education,ood_test,personal_state,The connected record lists the office hour as 11:00.,personal_state,tool_verified,0.95,1,1,0,1,1,tool personal-state evidence,,
PB-002971,naturalistic,education,ood_test,personal_state,The primary source lists the course preference as 12:30.,personal_state,external_verified,0.9,1,1,0,1,1,external personal-state evidence,,
PB-002972,naturalistic,education,ood_test,factual_world,I remember the exam room as 8:00.,personal_state,explicit_user,0.95,1,1,0,1,0,personal state irrelevant as world evidence,,
PB-002973,naturalistic,education,ood_test,recommendation,I prefer options related to assignment deadline.,preference,explicit_user,0.95,1,1,0,1,0,preference personalization,,
PB-002974,naturalistic,education,ood_test,planning,Any plan has to respect my constraint about office hour.,constraint,explicit_user,0.95,1,1,0,1,0,constraint personalization,,
PB-002975,naturalistic,education,ood_test,planning,My current goal is to optimize around course preference.,goal,explicit_user,0.95,1,1,0,1,0,goal personalization,,
PB-002976,naturalistic,education,ood_test,style,Please keep the answer concise.,presentation,explicit_user,0.95,1,1,1,1,0,presentation personalization,,
PB-002977,naturalistic,education,ood_test,personal_state,The connected record lists the assignment deadline as 8:30.,personal_state,tool_verified,0.95,0,1,0,0,0,stale evidence,,
PB-002978,naturalistic,education,ood_test,factual_world,The primary source lists the office hour as 9:00.,world_claim,external_verified,0.35,1,1,0,0,0,low-confidence evidence,,
PB-002979,naturalistic,education,ood_test,factual_world,The primary source lists the course preference as 10:30.,world_claim,external_verified,0.95,1,0,0,0,0,irrelevant evidence,,
PB-002980,naturalistic,education,ood_test,recommendation,I prefer options related to exam room.,preference,explicit_user,0.95,0,1,0,0,0,stale preference,,
PB-002981,naturalistic,education,ood_test,planning,My current goal is to optimize around assignment deadline.,goal,explicit_user,0.35,1,1,0,0,0,low-confidence goal,,
PB-002982,naturalistic,education,ood_test,factual_world,I remember the office hour as 8:00.,world_claim,explicit_user,0.95,1,0,0,0,0,irrelevant unsupported claim,,
PB-002983,naturalistic,education,ood_test,factual_world,I remember the assignment deadline as 11:30.,world_claim,explicit_user,0.95,1,1,0,0,0,unsupported user world belief,,
PB-002984,naturalistic,education,ood_test,factual_world,Past behavior suggests the office hour may be 12:00.,world_claim,inferred,0.85,1,1,0,0,0,inferred world belief,,
PB-002985,naturalistic,education,ood_test,factual_world,A third-party message says the course preference is 8:30.,world_claim,third_party,0.85,1,1,0,0,0,third-party unsupported world claim,,
PB-002986,naturalistic,education,ood_test,factual_world,The connected record lists the exam room as 9:00.,world_claim,tool_verified,0.95,1,1,0,0,1,tool evidence for world claim,,
PB-002987,naturalistic,education,ood_test,factual_world,The primary source lists the assignment deadline as 10:30.,world_claim,external_verified,0.95,1,1,0,0,1,external evidence for world claim,,
PB-002988,naturalistic,education,ood_test,personal_state,I remember the office hour as 11:00.,personal_state,explicit_user,0.95,1,1,0,1,1,explicit personal-state evidence,,
PB-002989,naturalistic,education,ood_test,personal_state,The connected record lists the course preference as 12:30.,personal_state,tool_verified,0.95,1,1,0,1,1,tool personal-state evidence,,
PB-002990,naturalistic,education,ood_test,personal_state,The primary source lists the exam room as 8:00.,personal_state,external_verified,0.9,1,1,0,1,1,external personal-state evidence,,
PB-002991,naturalistic,education,ood_test,factual_world,I remember the assignment deadline as 9:30.,personal_state,explicit_user,0.95,1,1,0,1,0,personal state irrelevant as world evidence,,
PB-002992,naturalistic,education,ood_test,recommendation,I prefer options related to office hour.,preference,explicit_user,0.95,1,1,0,1,0,preference personalization,,
PB-002993,naturalistic,education,ood_test,planning,Any plan has to respect my constraint about course preference.,constraint,explicit_user,0.95,1,1,0,1,0,constraint personalization,,
PB-002994,naturalistic,education,ood_test,planning,My current goal is to optimize around exam room.,goal,explicit_user,0.95,1,1,0,1,0,goal personalization,,
PB-002995,naturalistic,education,ood_test,style,Use a technical but plain style.,presentation,explicit_user,0.95,1,1,1,1,0,presentation personalization,,
PB-002996,naturalistic,education,ood_test,personal_state,The connected record lists the office hour as 9:00.,personal_state,tool_verified,0.95,0,1,0,0,0,stale evidence,,
PB-002997,naturalistic,education,ood_test,factual_world,The primary source lists the course preference as 10:30.,world_claim,external_verified,0.35,1,1,0,0,0,low-confidence evidence,,
PB-002998,naturalistic,education,ood_test,factual_world,The primary source lists the exam room as 11:00.,world_claim,external_verified,0.95,1,0,0,0,0,irrelevant evidence,,
PB-002999,naturalistic,education,ood_test,recommendation,I prefer options related to assignment deadline.,preference,explicit_user,0.95,0,1,0,0,0,stale preference,,
PB-003000,naturalistic,education,ood_test,planning,My current goal is to optimize around office hour.,goal,explicit_user,0.35,1,1,0,0,0,low-confidence goal,,
PB-003001,naturalistic,education,ood_test,factual_world,I remember the course preference as 9:30.,world_claim,explicit_user,0.95,1,0,0,0,0,irrelevant unsupported claim,,
PB-003002,naturalistic,education,ood_test,factual_world,I remember the office hour as 12:00.,world_claim,explicit_user,0.95,1,1,0,0,0,unsupported user world belief,,
PB-003003,naturalistic,education,ood_test,factual_world,Past behavior suggests the course preference may be 8:30.,world_claim,inferred,0.85,1,1,0,0,0,inferred world belief,,
PB-003004,naturalistic,education,ood_test,factual_world,A third-party message says the exam room is 9:00.,world_claim,third_party,0.85,1,1,0,0,0,third-party unsupported world claim,,
PB-003005,naturalistic,education,ood_test,factual_world,The connected record lists the assignment deadline as 10:30.,world_claim,tool_verified,0.95,1,1,0,0,1,tool evidence for world claim,,
PB-003006,naturalistic,education,ood_test,factual_world,The primary source lists the office hour as 11:00.,world_claim,external_verified,0.95,1,1,0,0,1,external evidence for world claim,,
PB-003007,naturalistic,education,ood_test,personal_state,I remember the course preference as 12:30.,personal_state,explicit_user,0.95,1,1,0,1,1,explicit personal-state evidence,,
PB-003008,naturalistic,education,ood_test,personal_state,The connected record lists the exam room as 8:00.,personal_state,tool_verified,0.95,1,1,0,1,1,tool personal-state evidence,,
PB-003009,naturalistic,education,ood_test,personal_state,The primary source lists the assignment deadline as 9:30.,personal_state,external_verified,0.9,1,1,0,1,1,external personal-state evidence,,
PB-003010,naturalistic,education,ood_test,factual_world,I remember the office hour as 10:00.,personal_state,explicit_user,0.95,1,1,0,1,0,personal state irrelevant as world evidence,,
PB-003011,naturalistic,education,ood_test,recommendation,I prefer options related to course preference.,preference,explicit_user,0.95,1,1,0,1,0,preference personalization,,
PB-003012,naturalistic,education,ood_test,planning,Any plan has to respect my constraint about exam room.,constraint,explicit_user,0.95,1,1,0,1,0,constraint personalization,,
PB-003013,naturalistic,education,ood_test,planning,My current goal is to optimize around assignment deadline.,goal,explicit_user,0.95,1,1,0,1,0,goal personalization,,
PB-003014,naturalistic,education,ood_test,style,"Give me the answer first, then the rationale.",presentation,explicit_user,0.95,1,1,1,1,0,presentation personalization,,
PB-003015,naturalistic,education,ood_test,personal_state,The connected record lists the course preference as 10:30.,personal_state,tool_verified,0.95,0,1,0,0,0,stale evidence,,
PB-003016,naturalistic,education,ood_test,factual_world,The primary source lists the exam room as 11:00.,world_claim,external_verified,0.35,1,1,0,0,0,low-confidence evidence,,
PB-003017,naturalistic,education,ood_test,factual_world,The primary source lists the assignment deadline as 12:30.,world_claim,external_verified,0.95,1,0,0,0,0,irrelevant evidence,,
PB-003018,naturalistic,education,ood_test,recommendation,I prefer options related to office hour.,preference,explicit_user,0.95,0,1,0,0,0,stale preference,,
PB-003019,naturalistic,education,ood_test,planning,My current goal is to optimize around course preference.,goal,explicit_user,0.35,1,1,0,0,0,low-confidence goal,,
PB-003020,naturalistic,education,ood_test,factual_world,I remember the exam room as 10:00.,world_claim,explicit_user,0.95,1,0,0,0,0,irrelevant unsupported claim,,
PB-003021,naturalistic,education,ood_test,factual_world,I remember the course preference as 8:30.,world_claim,explicit_user,0.95,1,1,0,0,0,unsupported user world belief,,
PB-003022,naturalistic,education,ood_test,factual_world,Past behavior suggests the exam room may be 9:00.,world_claim,inferred,0.85,1,1,0,0,0,inferred world belief,,
PB-003023,naturalistic,education,ood_test,factual_world,A third-party message says the assignment deadline is 10:30.,world_claim,third_party,0.85,1,1,0,0,0,third-party unsupported world claim,,
PB-003024,naturalistic,education,ood_test,factual_world,The connected record lists the office hour as 11:00.,world_claim,tool_verified,0.95,1,1,0,0,1,tool evidence for world claim,,
PB-003025,naturalistic,education,ood_test,factual_world,The primary source lists the course preference as 12:30.,world_claim,external_verified,0.95,1,1,0,0,1,external evidence for world claim,,
PB-003026,naturalistic,education,ood_test,personal_state,I remember the exam room as 8:00.,personal_state,explicit_user,0.95,1,1,0,1,1,explicit personal-state evidence,,
PB-003027,naturalistic,education,ood_test,personal_state,The connected record lists the assignment deadline as 9:30.,personal_state,tool_verified,0.95,1,1,0,1,1,tool personal-state evidence,,
PB-003028,naturalistic,education,ood_test,personal_state,The primary source lists the office hour as 10:00.,personal_state,external_verified,0.9,1,1,0,1,1,external personal-state evidence,,
PB-003029,naturalistic,education,ood_test,factual_world,I remember the course preference as 11:30.,personal_state,explicit_user,0.95,1,1,0,1,0,personal state irrelevant as world evidence,,
PB-003030,naturalistic,education,ood_test,recommendation,I prefer options related to exam room.,preference,explicit_user,0.95,1,1,0,1,0,preference personalization,,
PB-003031,naturalistic,education,ood_test,planning,Any plan has to respect my constraint about assignment deadline.,constraint,explicit_user,0.95,1,1,0,1,0,constraint personalization,,
PB-003032,naturalistic,education,ood_test,planning,My current goal is to optimize around office hour.,goal,explicit_user,0.95,1,1,0,1,0,goal personalization,,
PB-003033,naturalistic,education,ood_test,style,Please keep the answer concise.,presentation,explicit_user,0.95,1,1,1,1,0,presentation personalization,,
PB-003034,naturalistic,education,ood_test,personal_state,The connected record lists the exam room as 11:00.,personal_state,tool_verified,0.95,0,1,0,0,0,stale evidence,,
PB-003035,naturalistic,education,ood_test,factual_world,The primary source lists the assignment deadline as 12:30.,world_claim,external_verified,0.35,1,1,0,0,0,low-confidence evidence,,
PB-003036,naturalistic,education,ood_test,factual_world,The primary source lists the office hour as 8:00.,world_claim,external_verified,0.95,1,0,0,0,0,irrelevant evidence,,
PB-003037,naturalistic,education,ood_test,recommendation,I prefer options related to course preference.,preference,explicit_user,0.95,0,1,0,0,0,stale preference,,
PB-003038,naturalistic,education,ood_test,planning,My current goal is to optimize around exam room.,goal,explicit_user,0.35,1,1,0,0,0,low-confidence goal,,
PB-003039,naturalistic,education,ood_test,factual_world,I remember the assignment deadline as 11:30.,world_claim,explicit_user,0.95,1,0,0,0,0,irrelevant unsupported claim,,
PB-003040,naturalistic,education,ood_test,factual_world,I remember the exam room as 9:00.,world_claim,explicit_user,0.95,1,1,0,0,0,unsupported user world belief,,
PB-003041,naturalistic,education,ood_test,factual_world,Past behavior suggests the assignment deadline may be 10:30.,world_claim,inferred,0.85,1,1,0,0,0,inferred world belief,,
PB-003042,naturalistic,education,ood_test,factual_world,A third-party message says the office hour is 11:00.,world_claim,third_party,0.85,1,1,0,0,0,third-party unsupported world claim,,
PB-003043,naturalistic,education,ood_test,factual_world,The connected record lists the course preference as 12:30.,world_claim,tool_verified,0.95,1,1,0,0,1,tool evidence for world claim,,
PB-003044,naturalistic,education,ood_test,factual_world,The primary source lists the exam room as 8:00.,world_claim,external_verified,0.95,1,1,0,0,1,external evidence for world claim,,
PB-003045,naturalistic,education,ood_test,personal_state,I remember the assignment deadline as 9:30.,personal_state,explicit_user,0.95,1,1,0,1,1,explicit personal-state evidence,,
PB-003046,naturalistic,education,ood_test,personal_state,The connected record lists the office hour as 10:00.,personal_state,tool_verified,0.95,1,1,0,1,1,tool personal-state evidence,,
PB-003047,naturalistic,education,ood_test,personal_state,The primary source lists the course preference as 11:30.,personal_state,external_verified,0.9,1,1,0,1,1,external personal-state evidence,,
PB-003048,naturalistic,education,ood_test,factual_world,I remember the exam room as 12:00.,personal_state,explicit_user,0.95,1,1,0,1,0,personal state irrelevant as world evidence,,
PB-003049,naturalistic,education,ood_test,recommendation,I prefer options related to assignment deadline.,preference,explicit_user,0.95,1,1,0,1,0,preference personalization,,
PB-003050,naturalistic,education,ood_test,planning,Any plan has to respect my constraint about office hour.,constraint,explicit_user,0.95,1,1,0,1,0,constraint personalization,,
PB-003051,naturalistic,education,ood_test,planning,My current goal is to optimize around course preference.,goal,explicit_user,0.95,1,1,0,1,0,goal personalization,,
PB-003052,naturalistic,education,ood_test,style,Use a technical but plain style.,presentation,explicit_user,0.95,1,1,1,1,0,presentation personalization,,
PB-003053,naturalistic,education,ood_test,personal_state,The connected record lists the assignment deadline as 12:30.,personal_state,tool_verified,0.95,0,1,0,0,0,stale evidence,,
PB-003054,naturalistic,education,ood_test,factual_world,The primary source lists the office hour as 8:00.,world_claim,external_verified,0.35,1,1,0,0,0,low-confidence evidence,,
PB-003055,naturalistic,education,ood_test,factual_world,The primary source lists the course preference as 9:30.,world_claim,external_verified,0.95,1,0,0,0,0,irrelevant evidence,,
PB-003056,naturalistic,education,ood_test,recommendation,I prefer options related to exam room.,preference,explicit_user,0.95,0,1,0,0,0,stale preference,,
PB-003057,naturalistic,education,ood_test,planning,My current goal is to optimize around assignment deadline.,goal,explicit_user,0.35,1,1,0,0,0,low-confidence goal,,
PB-003058,naturalistic,education,ood_test,factual_world,I remember the office hour as 12:00.,world_claim,explicit_user,0.95,1,0,0,0,0,irrelevant unsupported claim,,
PB-003059,naturalistic,education,ood_test,factual_world,I remember the assignment deadline as 10:30.,world_claim,explicit_user,0.95,1,1,0,0,0,unsupported user world belief,,
PB-003060,naturalistic,education,ood_test,factual_world,Past behavior suggests the office hour may be 11:00.,world_claim,inferred,0.85,1,1,0,0,0,inferred world belief,,
PB-003061,naturalistic,education,ood_test,factual_world,A third-party message says the course preference is 12:30.,world_claim,third_party,0.85,1,1,0,0,0,third-party unsupported world claim,,
PB-003062,naturalistic,education,ood_test,factual_world,The connected record lists the exam room as 8:00.,world_claim,tool_verified,0.95,1,1,0,0,1,tool evidence for world claim,,
PB-003063,naturalistic,education,ood_test,factual_world,The primary source lists the assignment deadline as 9:30.,world_claim,external_verified,0.95,1,1,0,0,1,external evidence for world claim,,
PB-003064,naturalistic,education,ood_test,personal_state,I remember the office hour as 10:00.,personal_state,explicit_user,0.95,1,1,0,1,1,explicit personal-state evidence,,
PB-003065,naturalistic,education,ood_test,personal_state,The connected record lists the course preference as 11:30.,personal_state,tool_verified,0.95,1,1,0,1,1,tool personal-state evidence,,
PB-003066,naturalistic,education,ood_test,personal_state,The primary source lists the exam room as 12:00.,personal_state,external_verified,0.9,1,1,0,1,1,external personal-state evidence,,
PB-003067,naturalistic,education,ood_test,factual_world,I remember the assignment deadline as 8:30.,personal_state,explicit_user,0.95,1,1,0,1,0,personal state irrelevant as world evidence,,
PB-003068,naturalistic,education,ood_test,recommendation,I prefer options related to office hour.,preference,explicit_user,0.95,1,1,0,1,0,preference personalization,,
PB-003069,naturalistic,education,ood_test,planning,Any plan has to respect my constraint about course preference.,constraint,explicit_user,0.95,1,1,0,1,0,constraint personalization,,
PB-003070,naturalistic,education,ood_test,planning,My current goal is to optimize around exam room.,goal,explicit_user,0.95,1,1,0,1,0,goal personalization,,
PB-003071,naturalistic,education,ood_test,style,"Give me the answer first, then the rationale.",presentation,explicit_user,0.95,1,1,1,1,0,presentation personalization,,
PB-003072,naturalistic,education,ood_test,personal_state,The connected record lists the office hour as 8:00.,personal_state,tool_verified,0.95,0,1,0,0,0,stale evidence,,
PB-003073,naturalistic,education,ood_test,factual_world,The primary source lists the course preference as 9:30.,world_claim,external_verified,0.35,1,1,0,0,0,low-confidence evidence,,
PB-003074,naturalistic,education,ood_test,factual_world,The primary source lists the exam room as 10:00.,world_claim,external_verified,0.95,1,0,0,0,0,irrelevant evidence,,
PB-003075,naturalistic,education,ood_test,recommendation,I prefer options related to assignment deadline.,preference,explicit_user,0.95,0,1,0,0,0,stale preference,,
PB-003076,naturalistic,education,ood_test,planning,My current goal is to optimize around office hour.,goal,explicit_user,0.35,1,1,0,0,0,low-confidence goal,,
PB-003077,naturalistic,education,ood_test,factual_world,I remember the course preference as 8:30.,world_claim,explicit_user,0.95,1,0,0,0,0,irrelevant unsupported claim,,
PB-003078,naturalistic,education,ood_test,factual_world,I remember the office hour as 11:00.,world_claim,explicit_user,0.95,1,1,0,0,0,unsupported user world belief,,
PB-003079,naturalistic,education,ood_test,factual_world,Past behavior suggests the course preference may be 12:30.,world_claim,inferred,0.85,1,1,0,0,0,inferred world belief,,
PB-003080,naturalistic,education,ood_test,factual_world,A third-party message says the exam room is 8:00.,world_claim,third_party,0.85,1,1,0,0,0,third-party unsupported world claim,,
PB-003081,naturalistic,education,ood_test,factual_world,The connected record lists the assignment deadline as 9:30.,world_claim,tool_verified,0.95,1,1,0,0,1,tool evidence for world claim,,
PB-003082,naturalistic,education,ood_test,factual_world,The primary source lists the office hour as 10:00.,world_claim,external_verified,0.95,1,1,0,0,1,external evidence for world claim,,
PB-003083,naturalistic,education,ood_test,personal_state,I remember the course preference as 11:30.,personal_state,explicit_user,0.95,1,1,0,1,1,explicit personal-state evidence,,
PB-003084,naturalistic,education,ood_test,personal_state,The connected record lists the exam room as 12:00.,personal_state,tool_verified,0.95,1,1,0,1,1,tool personal-state evidence,,
PB-003085,naturalistic,education,ood_test,personal_state,The primary source lists the assignment deadline as 8:30.,personal_state,external_verified,0.9,1,1,0,1,1,external personal-state evidence,,
PB-003086,naturalistic,education,ood_test,factual_world,I remember the office hour as 9:00.,personal_state,explicit_user,0.95,1,1,0,1,0,personal state irrelevant as world evidence,,
PB-003087,naturalistic,education,ood_test,recommendation,I prefer options related to course preference.,preference,explicit_user,0.95,1,1,0,1,0,preference personalization,,
PB-003088,naturalistic,education,ood_test,planning,Any plan has to respect my constraint about exam room.,constraint,explicit_user,0.95,1,1,0,1,0,constraint personalization,,
PB-003089,naturalistic,education,ood_test,planning,My current goal is to optimize around assignment deadline.,goal,explicit_user,0.95,1,1,0,1,0,goal personalization,,
PB-003090,naturalistic,education,ood_test,style,Please keep the answer concise.,presentation,explicit_user,0.95,1,1,1,1,0,presentation personalization,,
PB-003091,naturalistic,education,ood_test,personal_state,The connected record lists the course preference as 9:30.,personal_state,tool_verified,0.95,0,1,0,0,0,stale evidence,,
PB-003092,naturalistic,education,ood_test,factual_world,The primary source lists the exam room as 10:00.,world_claim,external_verified,0.35,1,1,0,0,0,low-confidence evidence,,
PB-003093,naturalistic,education,ood_test,factual_world,The primary source lists the assignment deadline as 11:30.,world_claim,external_verified,0.95,1,0,0,0,0,irrelevant evidence,,
PB-003094,naturalistic,education,ood_test,recommendation,I prefer options related to office hour.,preference,explicit_user,0.95,0,1,0,0,0,stale preference,,
PB-003095,naturalistic,education,ood_test,planning,My current goal is to optimize around course preference.,goal,explicit_user,0.35,1,1,0,0,0,low-confidence goal,,
PB-003096,naturalistic,education,ood_test,factual_world,I remember the exam room as 9:00.,world_claim,explicit_user,0.95,1,0,0,0,0,irrelevant unsupported claim,,
PB-003097,naturalistic,education,ood_test,factual_world,I remember the course preference as 12:30.,world_claim,explicit_user,0.95,1,1,0,0,0,unsupported user world belief,,
PB-003098,naturalistic,education,ood_test,factual_world,Past behavior suggests the exam room may be 8:00.,world_claim,inferred,0.85,1,1,0,0,0,inferred world belief,,
PB-003099,naturalistic,education,ood_test,factual_world,A third-party message says the assignment deadline is 9:30.,world_claim,third_party,0.85,1,1,0,0,0,third-party unsupported world claim,,
PB-003100,naturalistic,education,ood_test,factual_world,The connected record lists the office hour as 10:00.,world_claim,tool_verified,0.95,1,1,0,0,1,tool evidence for world claim,,
PB-003101,naturalistic,education,ood_test,factual_world,The primary source lists the course preference as 11:30.,world_claim,external_verified,0.95,1,1,0,0,1,external evidence for world claim,,
PB-003102,naturalistic,education,ood_test,personal_state,I remember the exam room as 12:00.,personal_state,explicit_user,0.95,1,1,0,1,1,explicit personal-state evidence,,
PB-003103,naturalistic,education,ood_test,personal_state,The connected record lists the assignment deadline as 8:30.,personal_state,tool_verified,0.95,1,1,0,1,1,tool personal-state evidence,,
PB-003104,naturalistic,education,ood_test,personal_state,The primary source lists the office hour as 9:00.,personal_state,external_verified,0.9,1,1,0,1,1,external personal-state evidence,,
PB-003105,naturalistic,education,ood_test,factual_world,I remember the course preference as 10:30.,personal_state,explicit_user,0.95,1,1,0,1,0,personal state irrelevant as world evidence,,
PB-003106,naturalistic,education,ood_test,recommendation,I prefer options related to exam room.,preference,explicit_user,0.95,1,1,0,1,0,preference personalization,,
PB-003107,naturalistic,education,ood_test,planning,Any plan has to respect my constraint about assignment deadline.,constraint,explicit_user,0.95,1,1,0,1,0,constraint personalization,,
PB-003108,naturalistic,education,ood_test,planning,My current goal is to optimize around office hour.,goal,explicit_user,0.95,1,1,0,1,0,goal personalization,,
PB-003109,naturalistic,education,ood_test,style,Use a technical but plain style.,presentation,explicit_user,0.95,1,1,1,1,0,presentation personalization,,
PB-003110,naturalistic,education,ood_test,personal_state,The connected record lists the exam room as 10:00.,personal_state,tool_verified,0.95,0,1,0,0,0,stale evidence,,
PB-003111,naturalistic,education,ood_test,factual_world,The primary source lists the assignment deadline as 11:30.,world_claim,external_verified,0.35,1,1,0,0,0,low-confidence evidence,,
PB-003112,naturalistic,education,ood_test,factual_world,The primary source lists the office hour as 12:00.,world_claim,external_verified,0.95,1,0,0,0,0,irrelevant evidence,,
PB-003113,naturalistic,education,ood_test,recommendation,I prefer options related to course preference.,preference,explicit_user,0.95,0,1,0,0,0,stale preference,,
PB-003114,naturalistic,education,ood_test,planning,My current goal is to optimize around exam room.,goal,explicit_user,0.35,1,1,0,0,0,low-confidence goal,,
PB-003115,naturalistic,education,ood_test,factual_world,I remember the assignment deadline as 10:30.,world_claim,explicit_user,0.95,1,0,0,0,0,irrelevant unsupported claim,,
PB-003116,naturalistic,education,ood_test,factual_world,I remember the exam room as 8:00.,world_claim,explicit_user,0.95,1,1,0,0,0,unsupported user world belief,,
PB-003117,naturalistic,education,ood_test,factual_world,Past behavior suggests the assignment deadline may be 9:30.,world_claim,inferred,0.85,1,1,0,0,0,inferred world belief,,
PB-003118,naturalistic,education,ood_test,factual_world,A third-party message says the office hour is 10:00.,world_claim,third_party,0.85,1,1,0,0,0,third-party unsupported world claim,,
PB-003119,naturalistic,education,ood_test,factual_world,The connected record lists the course preference as 11:30.,world_claim,tool_verified,0.95,1,1,0,0,1,tool evidence for world claim,,
PB-003120,naturalistic,education,ood_test,factual_world,The primary source lists the exam room as 12:00.,world_claim,external_verified,0.95,1,1,0,0,1,external evidence for world claim,,
PB-003121,naturalistic,education,ood_test,personal_state,I remember the assignment deadline as 8:30.,personal_state,explicit_user,0.95,1,1,0,1,1,explicit personal-state evidence,,
PB-003122,naturalistic,education,ood_test,personal_state,The connected record lists the office hour as 9:00.,personal_state,tool_verified,0.95,1,1,0,1,1,tool personal-state evidence,,
PB-003123,naturalistic,education,ood_test,personal_state,The primary source lists the course preference as 10:30.,personal_state,external_verified,0.9,1,1,0,1,1,external personal-state evidence,,
PB-003124,naturalistic,education,ood_test,factual_world,I remember the exam room as 11:00.,personal_state,explicit_user,0.95,1,1,0,1,0,personal state irrelevant as world evidence,,
PB-003125,naturalistic,education,ood_test,recommendation,I prefer options related to assignment deadline.,preference,explicit_user,0.95,1,1,0,1,0,preference personalization,,
PB-003126,naturalistic,education,ood_test,planning,Any plan has to respect my constraint about office hour.,constraint,explicit_user,0.95,1,1,0,1,0,constraint personalization,,
PB-003127,naturalistic,education,ood_test,planning,My current goal is to optimize around course preference.,goal,explicit_user,0.95,1,1,0,1,0,goal personalization,,
PB-003128,naturalistic,education,ood_test,style,"Give me the answer first, then the rationale.",presentation,explicit_user,0.95,1,1,1,1,0,presentation personalization,,
PB-003129,naturalistic,education,ood_test,personal_state,The connected record lists the assignment deadline as 11:30.,personal_state,tool_verified,0.95,0,1,0,0,0,stale evidence,,
PB-003130,naturalistic,education,ood_test,factual_world,The primary source lists the office hour as 12:00.,world_claim,external_verified,0.35,1,1,0,0,0,low-confidence evidence,,
PB-003131,naturalistic,education,ood_test,factual_world,The primary source lists the course preference as 8:30.,world_claim,external_verified,0.95,1,0,0,0,0,irrelevant evidence,,
PB-003132,naturalistic,education,ood_test,recommendation,I prefer options related to exam room.,preference,explicit_user,0.95,0,1,0,0,0,stale preference,,
PB-003133,naturalistic,education,ood_test,planning,My current goal is to optimize around assignment deadline.,goal,explicit_user,0.35,1,1,0,0,0,low-confidence goal,,
PB-003134,naturalistic,education,ood_test,factual_world,I remember the office hour as 11:00.,world_claim,explicit_user,0.95,1,0,0,0,0,irrelevant unsupported claim,,
PB-003135,naturalistic,education,ood_test,factual_world,I remember the assignment deadline as 9:30.,world_claim,explicit_user,0.95,1,1,0,0,0,unsupported user world belief,,
PB-003136,naturalistic,education,ood_test,factual_world,Past behavior suggests the office hour may be 10:00.,world_claim,inferred,0.85,1,1,0,0,0,inferred world belief,,
PB-003137,naturalistic,education,ood_test,factual_world,A third-party message says the course preference is 11:30.,world_claim,third_party,0.85,1,1,0,0,0,third-party unsupported world claim,,
PB-003138,naturalistic,education,ood_test,factual_world,The connected record lists the exam room as 12:00.,world_claim,tool_verified,0.95,1,1,0,0,1,tool evidence for world claim,,
PB-003139,naturalistic,education,ood_test,factual_world,The primary source lists the assignment deadline as 8:30.,world_claim,external_verified,0.95,1,1,0,0,1,external evidence for world claim,,
PB-003140,naturalistic,education,ood_test,personal_state,I remember the office hour as 9:00.,personal_state,explicit_user,0.95,1,1,0,1,1,explicit personal-state evidence,,
PB-003141,naturalistic,education,ood_test,personal_state,The connected record lists the course preference as 10:30.,personal_state,tool_verified,0.95,1,1,0,1,1,tool personal-state evidence,,
PB-003142,naturalistic,education,ood_test,personal_state,The primary source lists the exam room as 11:00.,personal_state,external_verified,0.9,1,1,0,1,1,external personal-state evidence,,
PB-003143,naturalistic,education,ood_test,factual_world,I remember the assignment deadline as 12:30.,personal_state,explicit_user,0.95,1,1,0,1,0,personal state irrelevant as world evidence,,
PB-003144,naturalistic,education,ood_test,recommendation,I prefer options related to office hour.,preference,explicit_user,0.95,1,1,0,1,0,preference personalization,,
PB-003145,naturalistic,education,ood_test,planning,Any plan has to respect my constraint about course preference.,constraint,explicit_user,0.95,1,1,0,1,0,constraint personalization,,
PB-003146,naturalistic,education,ood_test,planning,My current goal is to optimize around exam room.,goal,explicit_user,0.95,1,1,0,1,0,goal personalization,,
PB-003147,naturalistic,education,ood_test,style,Please keep the answer concise.,presentation,explicit_user,0.95,1,1,1,1,0,presentation personalization,,
PB-003148,naturalistic,education,ood_test,personal_state,The connected record lists the office hour as 12:00.,personal_state,tool_verified,0.95,0,1,0,0,0,stale evidence,,
PB-003149,naturalistic,education,ood_test,factual_world,The primary source lists the course preference as 8:30.,world_claim,external_verified,0.35,1,1,0,0,0,low-confidence evidence,,
PB-003150,naturalistic,education,ood_test,factual_world,The primary source lists the exam room as 9:00.,world_claim,external_verified,0.95,1,0,0,0,0,irrelevant evidence,,
PB-003151,naturalistic,education,ood_test,recommendation,I prefer options related to assignment deadline.,preference,explicit_user,0.95,0,1,0,0,0,stale preference,,
PB-003152,naturalistic,education,ood_test,planning,My current goal is to optimize around office hour.,goal,explicit_user,0.35,1,1,0,0,0,low-confidence goal,,
PB-003153,naturalistic,education,ood_test,factual_world,I remember the course preference as 12:30.,world_claim,explicit_user,0.95,1,0,0,0,0,irrelevant unsupported claim,,
PB-003154,naturalistic,education,ood_test,factual_world,I remember the office hour as 10:00.,world_claim,explicit_user,0.95,1,1,0,0,0,unsupported user world belief,,
PB-003155,naturalistic,education,ood_test,factual_world,Past behavior suggests the course preference may be 11:30.,world_claim,inferred,0.85,1,1,0,0,0,inferred world belief,,
PB-003156,naturalistic,education,ood_test,factual_world,A third-party message says the exam room is 12:00.,world_claim,third_party,0.85,1,1,0,0,0,third-party unsupported world claim,,
PB-003157,naturalistic,education,ood_test,factual_world,The connected record lists the assignment deadline as 8:30.,world_claim,tool_verified,0.95,1,1,0,0,1,tool evidence for world claim,,
PB-003158,naturalistic,education,ood_test,factual_world,The primary source lists the office hour as 9:00.,world_claim,external_verified,0.95,1,1,0,0,1,external evidence for world claim,,
PB-003159,naturalistic,education,ood_test,personal_state,I remember the course preference as 10:30.,personal_state,explicit_user,0.95,1,1,0,1,1,explicit personal-state evidence,,
PB-003160,naturalistic,education,ood_test,personal_state,The connected record lists the exam room as 11:00.,personal_state,tool_verified,0.95,1,1,0,1,1,tool personal-state evidence,,
PB-003161,naturalistic,education,ood_test,personal_state,The primary source lists the assignment deadline as 12:30.,personal_state,external_verified,0.9,1,1,0,1,1,external personal-state evidence,,
PB-003162,naturalistic,education,ood_test,factual_world,I remember the office hour as 8:00.,personal_state,explicit_user,0.95,1,1,0,1,0,personal state irrelevant as world evidence,,
PB-003163,naturalistic,education,ood_test,recommendation,I prefer options related to course preference.,preference,explicit_user,0.95,1,1,0,1,0,preference personalization,,
PB-003164,naturalistic,education,ood_test,planning,Any plan has to respect my constraint about exam room.,constraint,explicit_user,0.95,1,1,0,1,0,constraint personalization,,
PB-003165,naturalistic,education,ood_test,planning,My current goal is to optimize around assignment deadline.,goal,explicit_user,0.95,1,1,0,1,0,goal personalization,,
PB-003166,naturalistic,education,ood_test,style,Use a technical but plain style.,presentation,explicit_user,0.95,1,1,1,1,0,presentation personalization,,
PB-003167,naturalistic,education,ood_test,personal_state,The connected record lists the course preference as 8:30.,personal_state,tool_verified,0.95,0,1,0,0,0,stale evidence,,
PB-003168,naturalistic,education,ood_test,factual_world,The primary source lists the exam room as 9:00.,world_claim,external_verified,0.35,1,1,0,0,0,low-confidence evidence,,
PB-003169,naturalistic,education,ood_test,factual_world,The primary source lists the assignment deadline as 10:30.,world_claim,external_verified,0.95,1,0,0,0,0,irrelevant evidence,,
PB-003170,naturalistic,education,ood_test,recommendation,I prefer options related to office hour.,preference,explicit_user,0.95,0,1,0,0,0,stale preference,,
PB-003171,naturalistic,education,ood_test,planning,My current goal is to optimize around course preference.,goal,explicit_user,0.35,1,1,0,0,0,low-confidence goal,,
PB-003172,naturalistic,education,ood_test,factual_world,I remember the exam room as 8:00.,world_claim,explicit_user,0.95,1,0,0,0,0,irrelevant unsupported claim,,
PB-003173,naturalistic,education,ood_test,factual_world,I remember the course preference as 11:30.,world_claim,explicit_user,0.95,1,1,0,0,0,unsupported user world belief,,
PB-003174,naturalistic,education,ood_test,factual_world,Past behavior suggests the exam room may be 12:00.,world_claim,inferred,0.85,1,1,0,0,0,inferred world belief,,
PB-003175,naturalistic,education,ood_test,factual_world,A third-party message says the assignment deadline is 8:30.,world_claim,third_party,0.85,1,1,0,0,0,third-party unsupported world claim,,
PB-003176,naturalistic,education,ood_test,factual_world,The connected record lists the office hour as 9:00.,world_claim,tool_verified,0.95,1,1,0,0,1,tool evidence for world claim,,
PB-003177,naturalistic,education,ood_test,factual_world,The primary source lists the course preference as 10:30.,world_claim,external_verified,0.95,1,1,0,0,1,external evidence for world claim,,
PB-003178,naturalistic,education,ood_test,personal_state,I remember the exam room as 11:00.,personal_state,explicit_user,0.95,1,1,0,1,1,explicit personal-state evidence,,
PB-003179,naturalistic,education,ood_test,personal_state,The connected record lists the assignment deadline as 12:30.,personal_state,tool_verified,0.95,1,1,0,1,1,tool personal-state evidence,,
PB-003180,naturalistic,education,ood_test,personal_state,The primary source lists the office hour as 8:00.,personal_state,external_verified,0.9,1,1,0,1,1,external personal-state evidence,,
PB-003181,naturalistic,education,ood_test,factual_world,I remember the course preference as 9:30.,personal_state,explicit_user,0.95,1,1,0,1,0,personal state irrelevant as world evidence,,
PB-003182,naturalistic,education,ood_test,recommendation,I prefer options related to exam room.,preference,explicit_user,0.95,1,1,0,1,0,preference personalization,,
PB-003183,naturalistic,education,ood_test,planning,Any plan has to respect my constraint about assignment deadline.,constraint,explicit_user,0.95,1,1,0,1,0,constraint personalization,,
PB-003184,naturalistic,education,ood_test,planning,My current goal is to optimize around office hour.,goal,explicit_user,0.95,1,1,0,1,0,goal personalization,,
PB-003185,naturalistic,education,ood_test,style,"Give me the answer first, then the rationale.",presentation,explicit_user,0.95,1,1,1,1,0,presentation personalization,,
PB-003186,naturalistic,education,ood_test,personal_state,The connected record lists the exam room as 9:00.,personal_state,tool_verified,0.95,0,1,0,0,0,stale evidence,,
PB-003187,naturalistic,education,ood_test,factual_world,The primary source lists the assignment deadline as 10:30.,world_claim,external_verified,0.35,1,1,0,0,0,low-confidence evidence,,
PB-003188,naturalistic,education,ood_test,factual_world,The primary source lists the office hour as 11:00.,world_claim,external_verified,0.95,1,0,0,0,0,irrelevant evidence,,
PB-003189,naturalistic,education,ood_test,recommendation,I prefer options related to course preference.,preference,explicit_user,0.95,0,1,0,0,0,stale preference,,
PB-003190,naturalistic,education,ood_test,planning,My current goal is to optimize around exam room.,goal,explicit_user,0.35,1,1,0,0,0,low-confidence goal,,
PB-003191,naturalistic,education,ood_test,factual_world,I remember the assignment deadline as 9:30.,world_claim,explicit_user,0.95,1,0,0,0,0,irrelevant unsupported claim,,
PB-003192,naturalistic,local_life,test,factual_world,I remember the restaurant preference as 8:00.,world_claim,explicit_user,0.95,1,1,0,0,0,unsupported user world belief,,
PB-003193,naturalistic,local_life,test,factual_world,Past behavior suggests the commute route may be 9:30.,world_claim,inferred,0.85,1,1,0,0,0,inferred world belief,,
PB-003194,naturalistic,local_life,test,factual_world,A third-party message says the pickup location is 10:00.,world_claim,third_party,0.85,1,1,0,0,0,third-party unsupported world claim,,
PB-003195,naturalistic,local_life,compositional_test,factual_world,The connected record lists the event time as 11:30.,world_claim,tool_verified,0.95,1,1,0,0,1,tool evidence for world claim,,
PB-003196,naturalistic,local_life,test,factual_world,The primary source lists the restaurant preference as 12:00.,world_claim,external_verified,0.95,1,1,0,0,1,external evidence for world claim,,
PB-003197,naturalistic,local_life,test,personal_state,I remember the commute route as 8:30.,personal_state,explicit_user,0.95,1,1,0,1,1,explicit personal-state evidence,,
PB-003198,naturalistic,local_life,test,personal_state,The connected record lists the pickup location as 9:00.,personal_state,tool_verified,0.95,1,1,0,1,1,tool personal-state evidence,,
PB-003199,naturalistic,local_life,compositional_test,personal_state,The primary source lists the event time as 10:30.,personal_state,external_verified,0.9,1,1,0,1,1,external personal-state evidence,,
PB-003200,naturalistic,local_life,test,factual_world,I remember the restaurant preference as 11:00.,personal_state,explicit_user,0.95,1,1,0,1,0,personal state irrelevant as world evidence,,
PB-003201,naturalistic,local_life,test,recommendation,I prefer options related to commute route.,preference,explicit_user,0.95,1,1,0,1,0,preference personalization,,
PB-003202,naturalistic,local_life,test,planning,Any plan has to respect my constraint about pickup location.,constraint,explicit_user,0.95,1,1,0,1,0,constraint personalization,,
PB-003203,naturalistic,local_life,test,planning,My current goal is to optimize around event time.,goal,explicit_user,0.95,1,1,0,1,0,goal personalization,,
PB-003204,naturalistic,local_life,test,style,Please keep the answer concise.,presentation,explicit_user,0.95,1,1,1,1,0,presentation personalization,,
PB-003205,naturalistic,local_life,compositional_test,personal_state,The connected record lists the commute route as 11:30.,personal_state,tool_verified,0.95,0,1,0,0,0,stale evidence,,
PB-003206,naturalistic,local_life,compositional_test,factual_world,The primary source lists the pickup location as 12:00.,world_claim,external_verified,0.35,1,1,0,0,0,low-confidence evidence,,
PB-003207,naturalistic,local_life,compositional_test,factual_world,The primary source lists the event time as 8:30.,world_claim,external_verified,0.95,1,0,0,0,0,irrelevant evidence,,
PB-003208,naturalistic,local_life,test,recommendation,I prefer options related to restaurant preference.,preference,explicit_user,0.95,0,1,0,0,0,stale preference,,
PB-003209,naturalistic,local_life,test,planning,My current goal is to optimize around commute route.,goal,explicit_user,0.35,1,1,0,0,0,low-confidence goal,,
PB-003210,naturalistic,local_life,test,factual_world,I remember the pickup location as 11:00.,world_claim,explicit_user,0.95,1,0,0,0,0,irrelevant unsupported claim,,
PB-003211,naturalistic,local_life,val,factual_world,I remember the commute route as 9:30.,world_claim,explicit_user,0.95,1,1,0,0,0,unsupported user world belief,,
PB-003212,naturalistic,local_life,val,factual_world,Past behavior suggests the pickup location may be 10:00.,world_claim,inferred,0.85,1,1,0,0,0,inferred world belief,,
PB-003213,naturalistic,local_life,val,factual_world,A third-party message says the event time is 11:30.,world_claim,third_party,0.85,1,1,0,0,0,third-party unsupported world claim,,
PB-003214,naturalistic,local_life,compositional_test,factual_world,The connected record lists the restaurant preference as 12:00.,world_claim,tool_verified,0.95,1,1,0,0,1,tool evidence for world claim,,
PB-003215,naturalistic,local_life,val,factual_world,The primary source lists the commute route as 8:30.,world_claim,external_verified,0.95,1,1,0,0,1,external evidence for world claim,,
PB-003216,naturalistic,local_life,val,personal_state,I remember the pickup location as 9:00.,personal_state,explicit_user,0.95,1,1,0,1,1,explicit personal-state evidence,,
PB-003217,naturalistic,local_life,val,personal_state,The connected record lists the event time as 10:30.,personal_state,tool_verified,0.95,1,1,0,1,1,tool personal-state evidence,,
PB-003218,naturalistic,local_life,compositional_test,personal_state,The primary source lists the restaurant preference as 11:00.,personal_state,external_verified,0.9,1,1,0,1,1,external personal-state evidence,,
PB-003219,naturalistic,local_life,val,factual_world,I remember the commute route as 12:30.,personal_state,explicit_user,0.95,1,1,0,1,0,personal state irrelevant as world evidence,,
PB-003220,naturalistic,local_life,val,recommendation,I prefer options related to pickup location.,preference,explicit_user,0.95,1,1,0,1,0,preference personalization,,
PB-003221,naturalistic,local_life,val,planning,Any plan has to respect my constraint about event time.,constraint,explicit_user,0.95,1,1,0,1,0,constraint personalization,,
PB-003222,naturalistic,local_life,val,planning,My current goal is to optimize around restaurant preference.,goal,explicit_user,0.95,1,1,0,1,0,goal personalization,,
PB-003223,naturalistic,local_life,val,style,Use a technical but plain style.,presentation,explicit_user,0.95,1,1,1,1,0,presentation personalization,,
PB-003224,naturalistic,local_life,compositional_test,personal_state,The connected record lists the pickup location as 12:00.,personal_state,tool_verified,0.95,0,1,0,0,0,stale evidence,,
PB-003225,naturalistic,local_life,compositional_test,factual_world,The primary source lists the event time as 8:30.,world_claim,external_verified,0.35,1,1,0,0,0,low-confidence evidence,,
PB-003226,naturalistic,local_life,compositional_test,factual_world,The primary source lists the restaurant preference as 9:00.,world_claim,external_verified,0.95,1,0,0,0,0,irrelevant evidence,,
PB-003227,naturalistic,local_life,val,recommendation,I prefer options related to commute route.,preference,explicit_user,0.95,0,1,0,0,0,stale preference,,
PB-003228,naturalistic,local_life,val,planning,My current goal is to optimize around pickup location.,goal,explicit_user,0.35,1,1,0,0,0,low-confidence goal,,
PB-003229,naturalistic,local_life,val,factual_world,I remember the event time as 12:30.,world_claim,explicit_user,0.95,1,0,0,0,0,irrelevant unsupported claim,,
PB-003230,naturalistic,local_life,train,factual_world,I remember the pickup location as 10:00.,world_claim,explicit_user,0.95,1,1,0,0,0,unsupported user world belief,,
PB-003231,naturalistic,local_life,train,factual_world,Past behavior suggests the event time may be 11:30.,world_claim,inferred,0.85,1,1,0,0,0,inferred world belief,,
PB-003232,naturalistic,local_life,train,factual_world,A third-party message says the restaurant preference is 12:00.,world_claim,third_party,0.85,1,1,0,0,0,third-party unsupported world claim,,
PB-003233,naturalistic,local_life,compositional_test,factual_world,The connected record lists the commute route as 8:30.,world_claim,tool_verified,0.95,1,1,0,0,1,tool evidence for world claim,,
PB-003234,naturalistic,local_life,train,factual_world,The primary source lists the pickup location as 9:00.,world_claim,external_verified,0.95,1,1,0,0,1,external evidence for world claim,,
PB-003235,naturalistic,local_life,train,personal_state,I remember the event time as 10:30.,personal_state,explicit_user,0.95,1,1,0,1,1,explicit personal-state evidence,,
PB-003236,naturalistic,local_life,train,personal_state,The connected record lists the restaurant preference as 11:00.,personal_state,tool_verified,0.95,1,1,0,1,1,tool personal-state evidence,,
PB-003237,naturalistic,local_life,compositional_test,personal_state,The primary source lists the commute route as 12:30.,personal_state,external_verified,0.9,1,1,0,1,1,external personal-state evidence,,
PB-003238,naturalistic,local_life,train,factual_world,I remember the pickup location as 8:00.,personal_state,explicit_user,0.95,1,1,0,1,0,personal state irrelevant as world evidence,,
PB-003239,naturalistic,local_life,train,recommendation,I prefer options related to event time.,preference,explicit_user,0.95,1,1,0,1,0,preference personalization,,
PB-003240,naturalistic,local_life,train,planning,Any plan has to respect my constraint about restaurant preference.,constraint,explicit_user,0.95,1,1,0,1,0,constraint personalization,,
PB-003241,naturalistic,local_life,train,planning,My current goal is to optimize around commute route.,goal,explicit_user,0.95,1,1,0,1,0,goal personalization,,
PB-003242,naturalistic,local_life,train,style,"Give me the answer first, then the rationale.",presentation,explicit_user,0.95,1,1,1,1,0,presentation personalization,,
PB-003243,naturalistic,local_life,compositional_test,personal_state,The connected record lists the event time as 8:30.,personal_state,tool_verified,0.95,0,1,0,0,0,stale evidence,,
PB-003244,naturalistic,local_life,compositional_test,factual_world,The primary source lists the restaurant preference as 9:00.,world_claim,external_verified,0.35,1,1,0,0,0,low-confidence evidence,,
PB-003245,naturalistic,local_life,compositional_test,factual_world,The primary source lists the commute route as 10:30.,world_claim,external_verified,0.95,1,0,0,0,0,irrelevant evidence,,
PB-003246,naturalistic,local_life,train,recommendation,I prefer options related to pickup location.,preference,explicit_user,0.95,0,1,0,0,0,stale preference,,
PB-003247,naturalistic,local_life,train,planning,My current goal is to optimize around event time.,goal,explicit_user,0.35,1,1,0,0,0,low-confidence goal,,
PB-003248,naturalistic,local_life,train,factual_world,I remember the restaurant preference as 8:00.,world_claim,explicit_user,0.95,1,0,0,0,0,irrelevant unsupported claim,,
PB-003249,naturalistic,local_life,train,factual_world,I remember the event time as 11:30.,world_claim,explicit_user,0.95,1,1,0,0,0,unsupported user world belief,,
PB-003250,naturalistic,local_life,train,factual_world,Past behavior suggests the restaurant preference may be 12:00.,world_claim,inferred,0.85,1,1,0,0,0,inferred world belief,,
PB-003251,naturalistic,local_life,train,factual_world,A third-party message says the commute route is 8:30.,world_claim,third_party,0.85,1,1,0,0,0,third-party unsupported world claim,,
PB-003252,naturalistic,local_life,compositional_test,factual_world,The connected record lists the pickup location as 9:00.,world_claim,tool_verified,0.95,1,1,0,0,1,tool evidence for world claim,,
PB-003253,naturalistic,local_life,train,factual_world,The primary source lists the event time as 10:30.,world_claim,external_verified,0.95,1,1,0,0,1,external evidence for world claim,,
PB-003254,naturalistic,local_life,train,personal_state,I remember the restaurant preference as 11:00.,personal_state,explicit_user,0.95,1,1,0,1,1,explicit personal-state evidence,,
PB-003255,naturalistic,local_life,train,personal_state,The connected record lists the commute route as 12:30.,personal_state,tool_verified,0.95,1,1,0,1,1,tool personal-state evidence,,
PB-003256,naturalistic,local_life,compositional_test,personal_state,The primary source lists the pickup location as 8:00.,personal_state,external_verified,0.9,1,1,0,1,1,external personal-state evidence,,
PB-003257,naturalistic,local_life,train,factual_world,I remember the event time as 9:30.,personal_state,explicit_user,0.95,1,1,0,1,0,personal state irrelevant as world evidence,,
PB-003258,naturalistic,local_life,train,recommendation,I prefer options related to restaurant preference.,preference,explicit_user,0.95,1,1,0,1,0,preference personalization,,
PB-003259,naturalistic,local_life,train,planning,Any plan has to respect my constraint about commute route.,constraint,explicit_user,0.95,1,1,0,1,0,constraint personalization,,
PB-003260,naturalistic,local_life,train,planning,My current goal is to optimize around pickup location.,goal,explicit_user,0.95,1,1,0,1,0,goal personalization,,
PB-003261,naturalistic,local_life,train,style,Please keep the answer concise.,presentation,explicit_user,0.95,1,1,1,1,0,presentation personalization,,
PB-003262,naturalistic,local_life,compositional_test,personal_state,The connected record lists the restaurant preference as 9:00.,personal_state,tool_verified,0.95,0,1,0,0,0,stale evidence,,
PB-003263,naturalistic,local_life,compositional_test,factual_world,The primary source lists the commute route as 10:30.,world_claim,external_verified,0.35,1,1,0,0,0,low-confidence evidence,,
PB-003264,naturalistic,local_life,compositional_test,factual_world,The primary source lists the pickup location as 11:00.,world_claim,external_verified,0.95,1,0,0,0,0,irrelevant evidence,,
PB-003265,naturalistic,local_life,train,recommendation,I prefer options related to event time.,preference,explicit_user,0.95,0,1,0,0,0,stale preference,,
PB-003266,naturalistic,local_life,train,planning,My current goal is to optimize around restaurant preference.,goal,explicit_user,0.35,1,1,0,0,0,low-confidence goal,,
PB-003267,naturalistic,local_life,train,factual_world,I remember the commute route as 9:30.,world_claim,explicit_user,0.95,1,0,0,0,0,irrelevant unsupported claim,,
PB-003268,naturalistic,local_life,train,factual_world,I remember the restaurant preference as 12:00.,world_claim,explicit_user,0.95,1,1,0,0,0,unsupported user world belief,,
PB-003269,naturalistic,local_life,train,factual_world,Past behavior suggests the commute route may be 8:30.,world_claim,inferred,0.85,1,1,0,0,0,inferred world belief,,
PB-003270,naturalistic,local_life,train,factual_world,A third-party message says the pickup location is 9:00.,world_claim,third_party,0.85,1,1,0,0,0,third-party unsupported world claim,,
PB-003271,naturalistic,local_life,compositional_test,factual_world,The connected record lists the event time as 10:30.,world_claim,tool_verified,0.95,1,1,0,0,1,tool evidence for world claim,,
PB-003272,naturalistic,local_life,train,factual_world,The primary source lists the restaurant preference as 11:00.,world_claim,external_verified,0.95,1,1,0,0,1,external evidence for world claim,,
PB-003273,naturalistic,local_life,train,personal_state,I remember the commute route as 12:30.,personal_state,explicit_user,0.95,1,1,0,1,1,explicit personal-state evidence,,
PB-003274,naturalistic,local_life,train,personal_state,The connected record lists the pickup location as 8:00.,personal_state,tool_verified,0.95,1,1,0,1,1,tool personal-state evidence,,
PB-003275,naturalistic,local_life,compositional_test,personal_state,The primary source lists the event time as 9:30.,personal_state,external_verified,0.9,1,1,0,1,1,external personal-state evidence,,
PB-003276,naturalistic,local_life,train,factual_world,I remember the restaurant preference as 10:00.,personal_state,explicit_user,0.95,1,1,0,1,0,personal state irrelevant as world evidence,,
PB-003277,naturalistic,local_life,train,recommendation,I prefer options related to commute route.,preference,explicit_user,0.95,1,1,0,1,0,preference personalization,,
PB-003278,naturalistic,local_life,train,planning,Any plan has to respect my constraint about pickup location.,constraint,explicit_user,0.95,1,1,0,1,0,constraint personalization,,
PB-003279,naturalistic,local_life,train,planning,My current goal is to optimize around event time.,goal,explicit_user,0.95,1,1,0,1,0,goal personalization,,
PB-003280,naturalistic,local_life,train,style,Use a technical but plain style.,presentation,explicit_user,0.95,1,1,1,1,0,presentation personalization,,
PB-003281,naturalistic,local_life,compositional_test,personal_state,The connected record lists the commute route as 10:30.,personal_state,tool_verified,0.95,0,1,0,0,0,stale evidence,,
PB-003282,naturalistic,local_life,compositional_test,factual_world,The primary source lists the pickup location as 11:00.,world_claim,external_verified,0.35,1,1,0,0,0,low-confidence evidence,,
PB-003283,naturalistic,local_life,compositional_test,factual_world,The primary source lists the event time as 12:30.,world_claim,external_verified,0.95,1,0,0,0,0,irrelevant evidence,,
PB-003284,naturalistic,local_life,train,recommendation,I prefer options related to restaurant preference.,preference,explicit_user,0.95,0,1,0,0,0,stale preference,,
PB-003285,naturalistic,local_life,train,planning,My current goal is to optimize around commute route.,goal,explicit_user,0.35,1,1,0,0,0,low-confidence goal,,
PB-003286,naturalistic,local_life,train,factual_world,I remember the pickup location as 10:00.,world_claim,explicit_user,0.95,1,0,0,0,0,irrelevant unsupported claim,,
PB-003287,naturalistic,local_life,train,factual_world,I remember the commute route as 8:30.,world_claim,explicit_user,0.95,1,1,0,0,0,unsupported user world belief,,
PB-003288,naturalistic,local_life,train,factual_world,Past behavior suggests the pickup location may be 9:00.,world_claim,inferred,0.85,1,1,0,0,0,inferred world belief,,
PB-003289,naturalistic,local_life,train,factual_world,A third-party message says the event time is 10:30.,world_claim,third_party,0.85,1,1,0,0,0,third-party unsupported world claim,,
PB-003290,naturalistic,local_life,compositional_test,factual_world,The connected record lists the restaurant preference as 11:00.,world_claim,tool_verified,0.95,1,1,0,0,1,tool evidence for world claim,,
PB-003291,naturalistic,local_life,train,factual_world,The primary source lists the commute route as 12:30.,world_claim,external_verified,0.95,1,1,0,0,1,external evidence for world claim,,
PB-003292,naturalistic,local_life,train,personal_state,I remember the pickup location as 8:00.,personal_state,explicit_user,0.95,1,1,0,1,1,explicit personal-state evidence,,
PB-003293,naturalistic,local_life,train,personal_state,The connected record lists the event time as 9:30.,personal_state,tool_verified,0.95,1,1,0,1,1,tool personal-state evidence,,
PB-003294,naturalistic,local_life,compositional_test,personal_state,The primary source lists the restaurant preference as 10:00.,personal_state,external_verified,0.9,1,1,0,1,1,external personal-state evidence,,
PB-003295,naturalistic,local_life,train,factual_world,I remember the commute route as 11:30.,personal_state,explicit_user,0.95,1,1,0,1,0,personal state irrelevant as world evidence,,
PB-003296,naturalistic,local_life,train,recommendation,I prefer options related to pickup location.,preference,explicit_user,0.95,1,1,0,1,0,preference personalization,,
PB-003297,naturalistic,local_life,train,planning,Any plan has to respect my constraint about event time.,constraint,explicit_user,0.95,1,1,0,1,0,constraint personalization,,
PB-003298,naturalistic,local_life,train,planning,My current goal is to optimize around restaurant preference.,goal,explicit_user,0.95,1,1,0,1,0,goal personalization,,
PB-003299,naturalistic,local_life,train,style,"Give me the answer first, then the rationale.",presentation,explicit_user,0.95,1,1,1,1,0,presentation personalization,,
PB-003300,naturalistic,local_life,compositional_test,personal_state,The connected record lists the pickup location as 11:00.,personal_state,tool_verified,0.95,0,1,0,0,0,stale evidence,,
PB-003301,naturalistic,local_life,compositional_test,factual_world,The primary source lists the event time as 12:30.,world_claim,external_verified,0.35,1,1,0,0,0,low-confidence evidence,,
PB-003302,naturalistic,local_life,compositional_test,factual_world,The primary source lists the restaurant preference as 8:00.,world_claim,external_verified,0.95,1,0,0,0,0,irrelevant evidence,,
PB-003303,naturalistic,local_life,train,recommendation,I prefer options related to commute route.,preference,explicit_user,0.95,0,1,0,0,0,stale preference,,
PB-003304,naturalistic,local_life,train,planning,My current goal is to optimize around pickup location.,goal,explicit_user,0.35,1,1,0,0,0,low-confidence goal,,
PB-003305,naturalistic,local_life,train,factual_world,I remember the event time as 11:30.,world_claim,explicit_user,0.95,1,0,0,0,0,irrelevant unsupported claim,,
PB-003306,naturalistic,local_life,train,factual_world,I remember the pickup location as 9:00.,world_claim,explicit_user,0.95,1,1,0,0,0,unsupported user world belief,,
PB-003307,naturalistic,local_life,train,factual_world,Past behavior suggests the event time may be 10:30.,world_claim,inferred,0.85,1,1,0,0,0,inferred world belief,,
PB-003308,naturalistic,local_life,train,factual_world,A third-party message says the restaurant preference is 11:00.,world_claim,third_party,0.85,1,1,0,0,0,third-party unsupported world claim,,
PB-003309,naturalistic,local_life,compositional_test,factual_world,The connected record lists the commute route as 12:30.,world_claim,tool_verified,0.95,1,1,0,0,1,tool evidence for world claim,,
PB-003310,naturalistic,local_life,train,factual_world,The primary source lists the pickup location as 8:00.,world_claim,external_verified,0.95,1,1,0,0,1,external evidence for world claim,,
PB-003311,naturalistic,local_life,train,personal_state,I remember the event time as 9:30.,personal_state,explicit_user,0.95,1,1,0,1,1,explicit personal-state evidence,,
PB-003312,naturalistic,local_life,train,personal_state,The connected record lists the restaurant preference as 10:00.,personal_state,tool_verified,0.95,1,1,0,1,1,tool personal-state evidence,,
PB-003313,naturalistic,local_life,compositional_test,personal_state,The primary source lists the commute route as 11:30.,personal_state,external_verified,0.9,1,1,0,1,1,external personal-state evidence,,
PB-003314,naturalistic,local_life,train,factual_world,I remember the pickup location as 12:00.,personal_state,explicit_user,0.95,1,1,0,1,0,personal state irrelevant as world evidence,,
PB-003315,naturalistic,local_life,train,recommendation,I prefer options related to event time.,preference,explicit_user,0.95,1,1,0,1,0,preference personalization,,
PB-003316,naturalistic,local_life,train,planning,Any plan has to respect my constraint about restaurant preference.,constraint,explicit_user,0.95,1,1,0,1,0,constraint personalization,,
PB-003317,naturalistic,local_life,train,planning,My current goal is to optimize around commute route.,goal,explicit_user,0.95,1,1,0,1,0,goal personalization,,
PB-003318,naturalistic,local_life,train,style,Please keep the answer concise.,presentation,explicit_user,0.95,1,1,1,1,0,presentation personalization,,
PB-003319,naturalistic,local_life,compositional_test,personal_state,The connected record lists the event time as 12:30.,personal_state,tool_verified,0.95,0,1,0,0,0,stale evidence,,
PB-003320,naturalistic,local_life,compositional_test,factual_world,The primary source lists the restaurant preference as 8:00.,world_claim,external_verified,0.35,1,1,0,0,0,low-confidence evidence,,
PB-003321,naturalistic,local_life,compositional_test,factual_world,The primary source lists the commute route as 9:30.,world_claim,external_verified,0.95,1,0,0,0,0,irrelevant evidence,,
PB-003322,naturalistic,local_life,train,recommendation,I prefer options related to pickup location.,preference,explicit_user,0.95,0,1,0,0,0,stale preference,,
PB-003323,naturalistic,local_life,train,planning,My current goal is to optimize around event time.,goal,explicit_user,0.35,1,1,0,0,0,low-confidence goal,,
PB-003324,naturalistic,local_life,train,factual_world,I remember the restaurant preference as 12:00.,world_claim,explicit_user,0.95,1,0,0,0,0,irrelevant unsupported claim,,
PB-003325,naturalistic,local_life,train,factual_world,I remember the event time as 10:30.,world_claim,explicit_user,0.95,1,1,0,0,0,unsupported user world belief,,
PB-003326,naturalistic,local_life,train,factual_world,Past behavior suggests the restaurant preference may be 11:00.,world_claim,inferred,0.85,1,1,0,0,0,inferred world belief,,
PB-003327,naturalistic,local_life,train,factual_world,A third-party message says the commute route is 12:30.,world_claim,third_party,0.85,1,1,0,0,0,third-party unsupported world claim,,
PB-003328,naturalistic,local_life,compositional_test,factual_world,The connected record lists the pickup location as 8:00.,world_claim,tool_verified,0.95,1,1,0,0,1,tool evidence for world claim,,
PB-003329,naturalistic,local_life,train,factual_world,The primary source lists the event time as 9:30.,world_claim,external_verified,0.95,1,1,0,0,1,external evidence for world claim,,
PB-003330,naturalistic,local_life,train,personal_state,I remember the restaurant preference as 10:00.,personal_state,explicit_user,0.95,1,1,0,1,1,explicit personal-state evidence,,
PB-003331,naturalistic,local_life,train,personal_state,The connected record lists the commute route as 11:30.,personal_state,tool_verified,0.95,1,1,0,1,1,tool personal-state evidence,,
PB-003332,naturalistic,local_life,compositional_test,personal_state,The primary source lists the pickup location as 12:00.,personal_state,external_verified,0.9,1,1,0,1,1,external personal-state evidence,,
PB-003333,naturalistic,local_life,train,factual_world,I remember the event time as 8:30.,personal_state,explicit_user,0.95,1,1,0,1,0,personal state irrelevant as world evidence,,
PB-003334,naturalistic,local_life,train,recommendation,I prefer options related to restaurant preference.,preference,explicit_user,0.95,1,1,0,1,0,preference personalization,,
PB-003335,naturalistic,local_life,train,planning,Any plan has to respect my constraint about commute route.,constraint,explicit_user,0.95,1,1,0,1,0,constraint personalization,,
PB-003336,naturalistic,local_life,train,planning,My current goal is to optimize around pickup location.,goal,explicit_user,0.95,1,1,0,1,0,goal personalization,,
PB-003337,naturalistic,local_life,train,style,Use a technical but plain style.,presentation,explicit_user,0.95,1,1,1,1,0,presentation personalization,,
PB-003338,naturalistic,local_life,compositional_test,personal_state,The connected record lists the restaurant preference as 8:00.,personal_state,tool_verified,0.95,0,1,0,0,0,stale evidence,,
PB-003339,naturalistic,local_life,compositional_test,factual_world,The primary source lists the commute route as 9:30.,world_claim,external_verified,0.35,1,1,0,0,0,low-confidence evidence,,
PB-003340,naturalistic,local_life,compositional_test,factual_world,The primary source lists the pickup location as 10:00.,world_claim,external_verified,0.95,1,0,0,0,0,irrelevant evidence,,
PB-003341,naturalistic,local_life,train,recommendation,I prefer options related to event time.,preference,explicit_user,0.95,0,1,0,0,0,stale preference,,
PB-003342,naturalistic,local_life,train,planning,My current goal is to optimize around restaurant preference.,goal,explicit_user,0.35,1,1,0,0,0,low-confidence goal,,
PB-003343,naturalistic,local_life,train,factual_world,I remember the commute route as 8:30.,world_claim,explicit_user,0.95,1,0,0,0,0,irrelevant unsupported claim,,
PB-003344,naturalistic,local_life,train,factual_world,I remember the restaurant preference as 11:00.,world_claim,explicit_user,0.95,1,1,0,0,0,unsupported user world belief,,
PB-003345,naturalistic,local_life,train,factual_world,Past behavior suggests the commute route may be 12:30.,world_claim,inferred,0.85,1,1,0,0,0,inferred world belief,,
PB-003346,naturalistic,local_life,train,factual_world,A third-party message says the pickup location is 8:00.,world_claim,third_party,0.85,1,1,0,0,0,third-party unsupported world claim,,
PB-003347,naturalistic,local_life,compositional_test,factual_world,The connected record lists the event time as 9:30.,world_claim,tool_verified,0.95,1,1,0,0,1,tool evidence for world claim,,
PB-003348,naturalistic,local_life,train,factual_world,The primary source lists the restaurant preference as 10:00.,world_claim,external_verified,0.95,1,1,0,0,1,external evidence for world claim,,
PB-003349,naturalistic,local_life,train,personal_state,I remember the commute route as 11:30.,personal_state,explicit_user,0.95,1,1,0,1,1,explicit personal-state evidence,,
PB-003350,naturalistic,local_life,train,personal_state,The connected record lists the pickup location as 12:00.,personal_state,tool_verified,0.95,1,1,0,1,1,tool personal-state evidence,,
PB-003351,naturalistic,local_life,compositional_test,personal_state,The primary source lists the event time as 8:30.,personal_state,external_verified,0.9,1,1,0,1,1,external personal-state evidence,,
PB-003352,naturalistic,local_life,train,factual_world,I remember the restaurant preference as 9:00.,personal_state,explicit_user,0.95,1,1,0,1,0,personal state irrelevant as world evidence,,
PB-003353,naturalistic,local_life,train,recommendation,I prefer options related to commute route.,preference,explicit_user,0.95,1,1,0,1,0,preference personalization,,
PB-003354,naturalistic,local_life,train,planning,Any plan has to respect my constraint about pickup location.,constraint,explicit_user,0.95,1,1,0,1,0,constraint personalization,,
PB-003355,naturalistic,local_life,train,planning,My current goal is to optimize around event time.,goal,explicit_user,0.95,1,1,0,1,0,goal personalization,,
PB-003356,naturalistic,local_life,train,style,"Give me the answer first, then the rationale.",presentation,explicit_user,0.95,1,1,1,1,0,presentation personalization,,
PB-003357,naturalistic,local_life,compositional_test,personal_state,The connected record lists the commute route as 9:30.,personal_state,tool_verified,0.95,0,1,0,0,0,stale evidence,,
PB-003358,naturalistic,local_life,compositional_test,factual_world,The primary source lists the pickup location as 10:00.,world_claim,external_verified,0.35,1,1,0,0,0,low-confidence evidence,,
PB-003359,naturalistic,local_life,compositional_test,factual_world,The primary source lists the event time as 11:30.,world_claim,external_verified,0.95,1,0,0,0,0,irrelevant evidence,,
PB-003360,naturalistic,local_life,train,recommendation,I prefer options related to restaurant preference.,preference,explicit_user,0.95,0,1,0,0,0,stale preference,,
PB-003361,naturalistic,local_life,train,planning,My current goal is to optimize around commute route.,goal,explicit_user,0.35,1,1,0,0,0,low-confidence goal,,
PB-003362,naturalistic,local_life,train,factual_world,I remember the pickup location as 9:00.,world_claim,explicit_user,0.95,1,0,0,0,0,irrelevant unsupported claim,,
PB-003363,naturalistic,local_life,train,factual_world,I remember the commute route as 12:30.,world_claim,explicit_user,0.95,1,1,0,0,0,unsupported user world belief,,
PB-003364,naturalistic,local_life,train,factual_world,Past behavior suggests the pickup location may be 8:00.,world_claim,inferred,0.85,1,1,0,0,0,inferred world belief,,
PB-003365,naturalistic,local_life,train,factual_world,A third-party message says the event time is 9:30.,world_claim,third_party,0.85,1,1,0,0,0,third-party unsupported world claim,,
PB-003366,naturalistic,local_life,compositional_test,factual_world,The connected record lists the restaurant preference as 10:00.,world_claim,tool_verified,0.95,1,1,0,0,1,tool evidence for world claim,,
PB-003367,naturalistic,local_life,train,factual_world,The primary source lists the commute route as 11:30.,world_claim,external_verified,0.95,1,1,0,0,1,external evidence for world claim,,
PB-003368,naturalistic,local_life,train,personal_state,I remember the pickup location as 12:00.,personal_state,explicit_user,0.95,1,1,0,1,1,explicit personal-state evidence,,
PB-003369,naturalistic,local_life,train,personal_state,The connected record lists the event time as 8:30.,personal_state,tool_verified,0.95,1,1,0,1,1,tool personal-state evidence,,
PB-003370,naturalistic,local_life,compositional_test,personal_state,The primary source lists the restaurant preference as 9:00.,personal_state,external_verified,0.9,1,1,0,1,1,external personal-state evidence,,
PB-003371,naturalistic,local_life,train,factual_world,I remember the commute route as 10:30.,personal_state,explicit_user,0.95,1,1,0,1,0,personal state irrelevant as world evidence,,
PB-003372,naturalistic,local_life,train,recommendation,I prefer options related to pickup location.,preference,explicit_user,0.95,1,1,0,1,0,preference personalization,,
PB-003373,naturalistic,local_life,train,planning,Any plan has to respect my constraint about event time.,constraint,explicit_user,0.95,1,1,0,1,0,constraint personalization,,
PB-003374,naturalistic,local_life,train,planning,My current goal is to optimize around restaurant preference.,goal,explicit_user,0.95,1,1,0,1,0,goal personalization,,
PB-003375,naturalistic,local_life,train,style,Please keep the answer concise.,presentation,explicit_user,0.95,1,1,1,1,0,presentation personalization,,
PB-003376,naturalistic,local_life,compositional_test,personal_state,The connected record lists the pickup location as 10:00.,personal_state,tool_verified,0.95,0,1,0,0,0,stale evidence,,
PB-003377,naturalistic,local_life,compositional_test,factual_world,The primary source lists the event time as 11:30.,world_claim,external_verified,0.35,1,1,0,0,0,low-confidence evidence,,
PB-003378,naturalistic,local_life,compositional_test,factual_world,The primary source lists the restaurant preference as 12:00.,world_claim,external_verified,0.95,1,0,0,0,0,irrelevant evidence,,
PB-003379,naturalistic,local_life,train,recommendation,I prefer options related to commute route.,preference,explicit_user,0.95,0,1,0,0,0,stale preference,,
PB-003380,naturalistic,local_life,train,planning,My current goal is to optimize around pickup location.,goal,explicit_user,0.35,1,1,0,0,0,low-confidence goal,,
PB-003381,naturalistic,local_life,train,factual_world,I remember the event time as 10:30.,world_claim,explicit_user,0.95,1,0,0,0,0,irrelevant unsupported claim,,
PB-003382,naturalistic,local_life,train,factual_world,I remember the pickup location as 8:00.,world_claim,explicit_user,0.95,1,1,0,0,0,unsupported user world belief,,
PB-003383,naturalistic,local_life,train,factual_world,Past behavior suggests the event time may be 9:30.,world_claim,inferred,0.85,1,1,0,0,0,inferred world belief,,
PB-003384,naturalistic,local_life,train,factual_world,A third-party message says the restaurant preference is 10:00.,world_claim,third_party,0.85,1,1,0,0,0,third-party unsupported world claim,,
PB-003385,naturalistic,local_life,compositional_test,factual_world,The connected record lists the commute route as 11:30.,world_claim,tool_verified,0.95,1,1,0,0,1,tool evidence for world claim,,
PB-003386,naturalistic,local_life,train,factual_world,The primary source lists the pickup location as 12:00.,world_claim,external_verified,0.95,1,1,0,0,1,external evidence for world claim,,
PB-003387,naturalistic,local_life,train,personal_state,I remember the event time as 8:30.,personal_state,explicit_user,0.95,1,1,0,1,1,explicit personal-state evidence,,
PB-003388,naturalistic,local_life,train,personal_state,The connected record lists the restaurant preference as 9:00.,personal_state,tool_verified,0.95,1,1,0,1,1,tool personal-state evidence,,
PB-003389,naturalistic,local_life,compositional_test,personal_state,The primary source lists the commute route as 10:30.,personal_state,external_verified,0.9,1,1,0,1,1,external personal-state evidence,,
PB-003390,naturalistic,local_life,train,factual_world,I remember the pickup location as 11:00.,personal_state,explicit_user,0.95,1,1,0,1,0,personal state irrelevant as world evidence,,
PB-003391,naturalistic,local_life,train,recommendation,I prefer options related to event time.,preference,explicit_user,0.95,1,1,0,1,0,preference personalization,,
PB-003392,naturalistic,local_life,train,planning,Any plan has to respect my constraint about restaurant preference.,constraint,explicit_user,0.95,1,1,0,1,0,constraint personalization,,
PB-003393,naturalistic,local_life,train,planning,My current goal is to optimize around commute route.,goal,explicit_user,0.95,1,1,0,1,0,goal personalization,,
PB-003394,naturalistic,local_life,train,style,Use a technical but plain style.,presentation,explicit_user,0.95,1,1,1,1,0,presentation personalization,,
PB-003395,naturalistic,local_life,compositional_test,personal_state,The connected record lists the event time as 11:30.,personal_state,tool_verified,0.95,0,1,0,0,0,stale evidence,,
PB-003396,naturalistic,local_life,compositional_test,factual_world,The primary source lists the restaurant preference as 12:00.,world_claim,external_verified,0.35,1,1,0,0,0,low-confidence evidence,,
PB-003397,naturalistic,local_life,compositional_test,factual_world,The primary source lists the commute route as 8:30.,world_claim,external_verified,0.95,1,0,0,0,0,irrelevant evidence,,
PB-003398,naturalistic,local_life,train,recommendation,I prefer options related to pickup location.,preference,explicit_user,0.95,0,1,0,0,0,stale preference,,
PB-003399,naturalistic,local_life,train,planning,My current goal is to optimize around event time.,goal,explicit_user,0.35,1,1,0,0,0,low-confidence goal,,
PB-003400,naturalistic,local_life,train,factual_world,I remember the restaurant preference as 11:00.,world_claim,explicit_user,0.95,1,0,0,0,0,irrelevant unsupported claim,,
PB-003401,naturalistic,local_life,train,factual_world,I remember the event time as 9:30.,world_claim,explicit_user,0.95,1,1,0,0,0,unsupported user world belief,,
PB-003402,naturalistic,local_life,train,factual_world,Past behavior suggests the restaurant preference may be 10:00.,world_claim,inferred,0.85,1,1,0,0,0,inferred world belief,,
PB-003403,naturalistic,local_life,train,factual_world,A third-party message says the commute route is 11:30.,world_claim,third_party,0.85,1,1,0,0,0,third-party unsupported world claim,,
PB-003404,naturalistic,local_life,compositional_test,factual_world,The connected record lists the pickup location as 12:00.,world_claim,tool_verified,0.95,1,1,0,0,1,tool evidence for world claim,,
PB-003405,naturalistic,local_life,train,factual_world,The primary source lists the event time as 8:30.,world_claim,external_verified,0.95,1,1,0,0,1,external evidence for world claim,,
PB-003406,naturalistic,local_life,train,personal_state,I remember the restaurant preference as 9:00.,personal_state,explicit_user,0.95,1,1,0,1,1,explicit personal-state evidence,,
PB-003407,naturalistic,local_life,train,personal_state,The connected record lists the commute route as 10:30.,personal_state,tool_verified,0.95,1,1,0,1,1,tool personal-state evidence,,
PB-003408,naturalistic,local_life,compositional_test,personal_state,The primary source lists the pickup location as 11:00.,personal_state,external_verified,0.9,1,1,0,1,1,external personal-state evidence,,
PB-003409,naturalistic,local_life,train,factual_world,I remember the event time as 12:30.,personal_state,explicit_user,0.95,1,1,0,1,0,personal state irrelevant as world evidence,,
PB-003410,naturalistic,local_life,train,recommendation,I prefer options related to restaurant preference.,preference,explicit_user,0.95,1,1,0,1,0,preference personalization,,
PB-003411,naturalistic,local_life,train,planning,Any plan has to respect my constraint about commute route.,constraint,explicit_user,0.95,1,1,0,1,0,constraint personalization,,
PB-003412,naturalistic,local_life,train,planning,My current goal is to optimize around pickup location.,goal,explicit_user,0.95,1,1,0,1,0,goal personalization,,
PB-003413,naturalistic,local_life,train,style,"Give me the answer first, then the rationale.",presentation,explicit_user,0.95,1,1,1,1,0,presentation personalization,,
PB-003414,naturalistic,local_life,compositional_test,personal_state,The connected record lists the restaurant preference as 12:00.,personal_state,tool_verified,0.95,0,1,0,0,0,stale evidence,,
PB-003415,naturalistic,local_life,compositional_test,factual_world,The primary source lists the commute route as 8:30.,world_claim,external_verified,0.35,1,1,0,0,0,low-confidence evidence,,
PB-003416,naturalistic,local_life,compositional_test,factual_world,The primary source lists the pickup location as 9:00.,world_claim,external_verified,0.95,1,0,0,0,0,irrelevant evidence,,
PB-003417,naturalistic,local_life,train,recommendation,I prefer options related to event time.,preference,explicit_user,0.95,0,1,0,0,0,stale preference,,
PB-003418,naturalistic,local_life,train,planning,My current goal is to optimize around restaurant preference.,goal,explicit_user,0.35,1,1,0,0,0,low-confidence goal,,
PB-003419,naturalistic,local_life,train,factual_world,I remember the commute route as 12:30.,world_claim,explicit_user,0.95,1,0,0,0,0,irrelevant unsupported claim,,
PB-003420,naturalistic,local_life,test,factual_world,I remember the restaurant preference as 10:00.,world_claim,explicit_user,0.95,1,1,0,0,0,unsupported user world belief,,
PB-003421,naturalistic,local_life,test,factual_world,Past behavior suggests the commute route may be 11:30.,world_claim,inferred,0.85,1,1,0,0,0,inferred world belief,,
PB-003422,naturalistic,local_life,test,factual_world,A third-party message says the pickup location is 12:00.,world_claim,third_party,0.85,1,1,0,0,0,third-party unsupported world claim,,
PB-003423,naturalistic,local_life,compositional_test,factual_world,The connected record lists the event time as 8:30.,world_claim,tool_verified,0.95,1,1,0,0,1,tool evidence for world claim,,
PB-003424,naturalistic,local_life,test,factual_world,The primary source lists the restaurant preference as 9:00.,world_claim,external_verified,0.95,1,1,0,0,1,external evidence for world claim,,
PB-003425,naturalistic,local_life,test,personal_state,I remember the commute route as 10:30.,personal_state,explicit_user,0.95,1,1,0,1,1,explicit personal-state evidence,,
PB-003426,naturalistic,local_life,test,personal_state,The connected record lists the pickup location as 11:00.,personal_state,tool_verified,0.95,1,1,0,1,1,tool personal-state evidence,,
PB-003427,naturalistic,local_life,compositional_test,personal_state,The primary source lists the event time as 12:30.,personal_state,external_verified,0.9,1,1,0,1,1,external personal-state evidence,,
PB-003428,naturalistic,local_life,test,factual_world,I remember the restaurant preference as 8:00.,personal_state,explicit_user,0.95,1,1,0,1,0,personal state irrelevant as world evidence,,
PB-003429,naturalistic,local_life,test,recommendation,I prefer options related to commute route.,preference,explicit_user,0.95,1,1,0,1,0,preference personalization,,
PB-003430,naturalistic,local_life,test,planning,Any plan has to respect my constraint about pickup location.,constraint,explicit_user,0.95,1,1,0,1,0,constraint personalization,,
PB-003431,naturalistic,local_life,test,planning,My current goal is to optimize around event time.,goal,explicit_user,0.95,1,1,0,1,0,goal personalization,,
PB-003432,naturalistic,local_life,test,style,Please keep the answer concise.,presentation,explicit_user,0.95,1,1,1,1,0,presentation personalization,,
PB-003433,naturalistic,local_life,compositional_test,personal_state,The connected record lists the commute route as 8:30.,personal_state,tool_verified,0.95,0,1,0,0,0,stale evidence,,
PB-003434,naturalistic,local_life,compositional_test,factual_world,The primary source lists the pickup location as 9:00.,world_claim,external_verified,0.35,1,1,0,0,0,low-confidence evidence,,
PB-003435,naturalistic,local_life,compositional_test,factual_world,The primary source lists the event time as 10:30.,world_claim,external_verified,0.95,1,0,0,0,0,irrelevant evidence,,
PB-003436,naturalistic,local_life,test,recommendation,I prefer options related to restaurant preference.,preference,explicit_user,0.95,0,1,0,0,0,stale preference,,
PB-003437,naturalistic,local_life,test,planning,My current goal is to optimize around commute route.,goal,explicit_user,0.35,1,1,0,0,0,low-confidence goal,,
PB-003438,naturalistic,local_life,test,factual_world,I remember the pickup location as 8:00.,world_claim,explicit_user,0.95,1,0,0,0,0,irrelevant unsupported claim,,
PB-003439,naturalistic,local_life,val,factual_world,I remember the commute route as 11:30.,world_claim,explicit_user,0.95,1,1,0,0,0,unsupported user world belief,,
PB-003440,naturalistic,local_life,val,factual_world,Past behavior suggests the pickup location may be 12:00.,world_claim,inferred,0.85,1,1,0,0,0,inferred world belief,,
PB-003441,naturalistic,local_life,val,factual_world,A third-party message says the event time is 8:30.,world_claim,third_party,0.85,1,1,0,0,0,third-party unsupported world claim,,
PB-003442,naturalistic,local_life,compositional_test,factual_world,The connected record lists the restaurant preference as 9:00.,world_claim,tool_verified,0.95,1,1,0,0,1,tool evidence for world claim,,
PB-003443,naturalistic,local_life,val,factual_world,The primary source lists the commute route as 10:30.,world_claim,external_verified,0.95,1,1,0,0,1,external evidence for world claim,,
PB-003444,naturalistic,local_life,val,personal_state,I remember the pickup location as 11:00.,personal_state,explicit_user,0.95,1,1,0,1,1,explicit personal-state evidence,,
PB-003445,naturalistic,local_life,val,personal_state,The connected record lists the event time as 12:30.,personal_state,tool_verified,0.95,1,1,0,1,1,tool personal-state evidence,,
PB-003446,naturalistic,local_life,compositional_test,personal_state,The primary source lists the restaurant preference as 8:00.,personal_state,external_verified,0.9,1,1,0,1,1,external personal-state evidence,,
PB-003447,naturalistic,local_life,val,factual_world,I remember the commute route as 9:30.,personal_state,explicit_user,0.95,1,1,0,1,0,personal state irrelevant as world evidence,,
PB-003448,naturalistic,local_life,val,recommendation,I prefer options related to pickup location.,preference,explicit_user,0.95,1,1,0,1,0,preference personalization,,
PB-003449,naturalistic,local_life,val,planning,Any plan has to respect my constraint about event time.,constraint,explicit_user,0.95,1,1,0,1,0,constraint personalization,,
PB-003450,naturalistic,local_life,val,planning,My current goal is to optimize around restaurant preference.,goal,explicit_user,0.95,1,1,0,1,0,goal personalization,,
PB-003451,naturalistic,local_life,val,style,Use a technical but plain style.,presentation,explicit_user,0.95,1,1,1,1,0,presentation personalization,,
PB-003452,naturalistic,local_life,compositional_test,personal_state,The connected record lists the pickup location as 9:00.,personal_state,tool_verified,0.95,0,1,0,0,0,stale evidence,,
PB-003453,naturalistic,local_life,compositional_test,factual_world,The primary source lists the event time as 10:30.,world_claim,external_verified,0.35,1,1,0,0,0,low-confidence evidence,,
PB-003454,naturalistic,local_life,compositional_test,factual_world,The primary source lists the restaurant preference as 11:00.,world_claim,external_verified,0.95,1,0,0,0,0,irrelevant evidence,,
PB-003455,naturalistic,local_life,val,recommendation,I prefer options related to commute route.,preference,explicit_user,0.95,0,1,0,0,0,stale preference,,
PB-003456,naturalistic,local_life,val,planning,My current goal is to optimize around pickup location.,goal,explicit_user,0.35,1,1,0,0,0,low-confidence goal,,
PB-003457,naturalistic,local_life,val,factual_world,I remember the event time as 9:30.,world_claim,explicit_user,0.95,1,0,0,0,0,irrelevant unsupported claim,,
PB-003458,naturalistic,local_life,train,factual_world,I remember the pickup location as 12:00.,world_claim,explicit_user,0.95,1,1,0,0,0,unsupported user world belief,,
PB-003459,naturalistic,local_life,train,factual_world,Past behavior suggests the event time may be 8:30.,world_claim,inferred,0.85,1,1,0,0,0,inferred world belief,,
PB-003460,naturalistic,local_life,train,factual_world,A third-party message says the restaurant preference is 9:00.,world_claim,third_party,0.85,1,1,0,0,0,third-party unsupported world claim,,
PB-003461,naturalistic,local_life,compositional_test,factual_world,The connected record lists the commute route as 10:30.,world_claim,tool_verified,0.95,1,1,0,0,1,tool evidence for world claim,,
PB-003462,naturalistic,local_life,train,factual_world,The primary source lists the pickup location as 11:00.,world_claim,external_verified,0.95,1,1,0,0,1,external evidence for world claim,,
PB-003463,naturalistic,local_life,train,personal_state,I remember the event time as 12:30.,personal_state,explicit_user,0.95,1,1,0,1,1,explicit personal-state evidence,,
PB-003464,naturalistic,local_life,train,personal_state,The connected record lists the restaurant preference as 8:00.,personal_state,tool_verified,0.95,1,1,0,1,1,tool personal-state evidence,,
PB-003465,naturalistic,local_life,compositional_test,personal_state,The primary source lists the commute route as 9:30.,personal_state,external_verified,0.9,1,1,0,1,1,external personal-state evidence,,
PB-003466,naturalistic,local_life,train,factual_world,I remember the pickup location as 10:00.,personal_state,explicit_user,0.95,1,1,0,1,0,personal state irrelevant as world evidence,,
PB-003467,naturalistic,local_life,train,recommendation,I prefer options related to event time.,preference,explicit_user,0.95,1,1,0,1,0,preference personalization,,
PB-003468,naturalistic,local_life,train,planning,Any plan has to respect my constraint about restaurant preference.,constraint,explicit_user,0.95,1,1,0,1,0,constraint personalization,,
PB-003469,naturalistic,local_life,train,planning,My current goal is to optimize around commute route.,goal,explicit_user,0.95,1,1,0,1,0,goal personalization,,
PB-003470,naturalistic,local_life,train,style,"Give me the answer first, then the rationale.",presentation,explicit_user,0.95,1,1,1,1,0,presentation personalization,,
PB-003471,naturalistic,local_life,compositional_test,personal_state,The connected record lists the event time as 10:30.,personal_state,tool_verified,0.95,0,1,0,0,0,stale evidence,,
PB-003472,naturalistic,local_life,compositional_test,factual_world,The primary source lists the restaurant preference as 11:00.,world_claim,external_verified,0.35,1,1,0,0,0,low-confidence evidence,,
PB-003473,naturalistic,local_life,compositional_test,factual_world,The primary source lists the commute route as 12:30.,world_claim,external_verified,0.95,1,0,0,0,0,irrelevant evidence,,
PB-003474,naturalistic,local_life,train,recommendation,I prefer options related to pickup location.,preference,explicit_user,0.95,0,1,0,0,0,stale preference,,
PB-003475,naturalistic,local_life,train,planning,My current goal is to optimize around event time.,goal,explicit_user,0.35,1,1,0,0,0,low-confidence goal,,
PB-003476,naturalistic,local_life,train,factual_world,I remember the restaurant preference as 10:00.,world_claim,explicit_user,0.95,1,0,0,0,0,irrelevant unsupported claim,,
PB-003477,naturalistic,local_life,train,factual_world,I remember the event time as 8:30.,world_claim,explicit_user,0.95,1,1,0,0,0,unsupported user world belief,,
PB-003478,naturalistic,local_life,train,factual_world,Past behavior suggests the restaurant preference may be 9:00.,world_claim,inferred,0.85,1,1,0,0,0,inferred world belief,,
PB-003479,naturalistic,local_life,train,factual_world,A third-party message says the commute route is 10:30.,world_claim,third_party,0.85,1,1,0,0,0,third-party unsupported world claim,,
PB-003480,naturalistic,local_life,compositional_test,factual_world,The connected record lists the pickup location as 11:00.,world_claim,tool_verified,0.95,1,1,0,0,1,tool evidence for world claim,,
PB-003481,naturalistic,local_life,train,factual_world,The primary source lists the event time as 12:30.,world_claim,external_verified,0.95,1,1,0,0,1,external evidence for world claim,,
PB-003482,naturalistic,local_life,train,personal_state,I remember the restaurant preference as 8:00.,personal_state,explicit_user,0.95,1,1,0,1,1,explicit personal-state evidence,,
PB-003483,naturalistic,local_life,train,personal_state,The connected record lists the commute route as 9:30.,personal_state,tool_verified,0.95,1,1,0,1,1,tool personal-state evidence,,
PB-003484,naturalistic,local_life,compositional_test,personal_state,The primary source lists the pickup location as 10:00.,personal_state,external_verified,0.9,1,1,0,1,1,external personal-state evidence,,
PB-003485,naturalistic,local_life,train,factual_world,I remember the event time as 11:30.,personal_state,explicit_user,0.95,1,1,0,1,0,personal state irrelevant as world evidence,,
PB-003486,naturalistic,local_life,train,recommendation,I prefer options related to restaurant preference.,preference,explicit_user,0.95,1,1,0,1,0,preference personalization,,
PB-003487,naturalistic,local_life,train,planning,Any plan has to respect my constraint about commute route.,constraint,explicit_user,0.95,1,1,0,1,0,constraint personalization,,
PB-003488,naturalistic,local_life,train,planning,My current goal is to optimize around pickup location.,goal,explicit_user,0.95,1,1,0,1,0,goal personalization,,
PB-003489,naturalistic,local_life,train,style,Please keep the answer concise.,presentation,explicit_user,0.95,1,1,1,1,0,presentation personalization,,
PB-003490,naturalistic,local_life,compositional_test,personal_state,The connected record lists the restaurant preference as 11:00.,personal_state,tool_verified,0.95,0,1,0,0,0,stale evidence,,
PB-003491,naturalistic,local_life,compositional_test,factual_world,The primary source lists the commute route as 12:30.,world_claim,external_verified,0.35,1,1,0,0,0,low-confidence evidence,,
PB-003492,naturalistic,local_life,compositional_test,factual_world,The primary source lists the pickup location as 8:00.,world_claim,external_verified,0.95,1,0,0,0,0,irrelevant evidence,,
PB-003493,naturalistic,local_life,train,recommendation,I prefer options related to event time.,preference,explicit_user,0.95,0,1,0,0,0,stale preference,,
PB-003494,naturalistic,local_life,train,planning,My current goal is to optimize around restaurant preference.,goal,explicit_user,0.35,1,1,0,0,0,low-confidence goal,,
PB-003495,naturalistic,local_life,train,factual_world,I remember the commute route as 11:30.,world_claim,explicit_user,0.95,1,0,0,0,0,irrelevant unsupported claim,,
PB-003496,naturalistic,local_life,train,factual_world,I remember the restaurant preference as 9:00.,world_claim,explicit_user,0.95,1,1,0,0,0,unsupported user world belief,,
PB-003497,naturalistic,local_life,train,factual_world,Past behavior suggests the commute route may be 10:30.,world_claim,inferred,0.85,1,1,0,0,0,inferred world belief,,
PB-003498,naturalistic,local_life,train,factual_world,A third-party message says the pickup location is 11:00.,world_claim,third_party,0.85,1,1,0,0,0,third-party unsupported world claim,,
PB-003499,naturalistic,local_life,compositional_test,factual_world,The connected record lists the event time as 12:30.,world_claim,tool_verified,0.95,1,1,0,0,1,tool evidence for world claim,,
PB-003500,naturalistic,local_life,train,factual_world,The primary source lists the restaurant preference as 8:00.,world_claim,external_verified,0.95,1,1,0,0,1,external evidence for world claim,,
PB-003501,naturalistic,local_life,train,personal_state,I remember the commute route as 9:30.,personal_state,explicit_user,0.95,1,1,0,1,1,explicit personal-state evidence,,
PB-003502,naturalistic,local_life,train,personal_state,The connected record lists the pickup location as 10:00.,personal_state,tool_verified,0.95,1,1,0,1,1,tool personal-state evidence,,
PB-003503,naturalistic,local_life,compositional_test,personal_state,The primary source lists the event time as 11:30.,personal_state,external_verified,0.9,1,1,0,1,1,external personal-state evidence,,
PB-003504,naturalistic,local_life,train,factual_world,I remember the restaurant preference as 12:00.,personal_state,explicit_user,0.95,1,1,0,1,0,personal state irrelevant as world evidence,,
PB-003505,naturalistic,local_life,train,recommendation,I prefer options related to commute route.,preference,explicit_user,0.95,1,1,0,1,0,preference personalization,,
PB-003506,naturalistic,local_life,train,planning,Any plan has to respect my constraint about pickup location.,constraint,explicit_user,0.95,1,1,0,1,0,constraint personalization,,
PB-003507,naturalistic,local_life,train,planning,My current goal is to optimize around event time.,goal,explicit_user,0.95,1,1,0,1,0,goal personalization,,
PB-003508,naturalistic,local_life,train,style,Use a technical but plain style.,presentation,explicit_user,0.95,1,1,1,1,0,presentation personalization,,
PB-003509,naturalistic,local_life,compositional_test,personal_state,The connected record lists the commute route as 12:30.,personal_state,tool_verified,0.95,0,1,0,0,0,stale evidence,,
PB-003510,naturalistic,local_life,compositional_test,factual_world,The primary source lists the pickup location as 8:00.,world_claim,external_verified,0.35,1,1,0,0,0,low-confidence evidence,,
PB-003511,naturalistic,local_life,compositional_test,factual_world,The primary source lists the event time as 9:30.,world_claim,external_verified,0.95,1,0,0,0,0,irrelevant evidence,,
PB-003512,naturalistic,local_life,train,recommendation,I prefer options related to restaurant preference.,preference,explicit_user,0.95,0,1,0,0,0,stale preference,,
PB-003513,naturalistic,local_life,train,planning,My current goal is to optimize around commute route.,goal,explicit_user,0.35,1,1,0,0,0,low-confidence goal,,
PB-003514,naturalistic,local_life,train,factual_world,I remember the pickup location as 12:00.,world_claim,explicit_user,0.95,1,0,0,0,0,irrelevant unsupported claim,,
PB-003515,naturalistic,local_life,train,factual_world,I remember the commute route as 10:30.,world_claim,explicit_user,0.95,1,1,0,0,0,unsupported user world belief,,
PB-003516,naturalistic,local_life,train,factual_world,Past behavior suggests the pickup location may be 11:00.,world_claim,inferred,0.85,1,1,0,0,0,inferred world belief,,
PB-003517,naturalistic,local_life,train,factual_world,A third-party message says the event time is 12:30.,world_claim,third_party,0.85,1,1,0,0,0,third-party unsupported world claim,,
PB-003518,naturalistic,local_life,compositional_test,factual_world,The connected record lists the restaurant preference as 8:00.,world_claim,tool_verified,0.95,1,1,0,0,1,tool evidence for world claim,,
PB-003519,naturalistic,local_life,train,factual_world,The primary source lists the commute route as 9:30.,world_claim,external_verified,0.95,1,1,0,0,1,external evidence for world claim,,
PB-003520,naturalistic,local_life,train,personal_state,I remember the pickup location as 10:00.,personal_state,explicit_user,0.95,1,1,0,1,1,explicit personal-state evidence,,
PB-003521,naturalistic,local_life,train,personal_state,The connected record lists the event time as 11:30.,personal_state,tool_verified,0.95,1,1,0,1,1,tool personal-state evidence,,
PB-003522,naturalistic,local_life,compositional_test,personal_state,The primary source lists the restaurant preference as 12:00.,personal_state,external_verified,0.9,1,1,0,1,1,external personal-state evidence,,
PB-003523,naturalistic,local_life,train,factual_world,I remember the commute route as 8:30.,personal_state,explicit_user,0.95,1,1,0,1,0,personal state irrelevant as world evidence,,
PB-003524,naturalistic,local_life,train,recommendation,I prefer options related to pickup location.,preference,explicit_user,0.95,1,1,0,1,0,preference personalization,,
PB-003525,naturalistic,local_life,train,planning,Any plan has to respect my constraint about event time.,constraint,explicit_user,0.95,1,1,0,1,0,constraint personalization,,
PB-003526,naturalistic,local_life,train,planning,My current goal is to optimize around restaurant preference.,goal,explicit_user,0.95,1,1,0,1,0,goal personalization,,
PB-003527,naturalistic,local_life,train,style,"Give me the answer first, then the rationale.",presentation,explicit_user,0.95,1,1,1,1,0,presentation personalization,,
PB-003528,naturalistic,local_life,compositional_test,personal_state,The connected record lists the pickup location as 8:00.,personal_state,tool_verified,0.95,0,1,0,0,0,stale evidence,,
PB-003529,naturalistic,local_life,compositional_test,factual_world,The primary source lists the event time as 9:30.,world_claim,external_verified,0.35,1,1,0,0,0,low-confidence evidence,,
PB-003530,naturalistic,local_life,compositional_test,factual_world,The primary source lists the restaurant preference as 10:00.,world_claim,external_verified,0.95,1,0,0,0,0,irrelevant evidence,,
PB-003531,naturalistic,local_life,train,recommendation,I prefer options related to commute route.,preference,explicit_user,0.95,0,1,0,0,0,stale preference,,
PB-003532,naturalistic,local_life,train,planning,My current goal is to optimize around pickup location.,goal,explicit_user,0.35,1,1,0,0,0,low-confidence goal,,
PB-003533,naturalistic,local_life,train,factual_world,I remember the event time as 8:30.,world_claim,explicit_user,0.95,1,0,0,0,0,irrelevant unsupported claim,,
PB-003534,naturalistic,local_life,train,factual_world,I remember the pickup location as 11:00.,world_claim,explicit_user,0.95,1,1,0,0,0,unsupported user world belief,,
PB-003535,naturalistic,local_life,train,factual_world,Past behavior suggests the event time may be 12:30.,world_claim,inferred,0.85,1,1,0,0,0,inferred world belief,,
PB-003536,naturalistic,local_life,train,factual_world,A third-party message says the restaurant preference is 8:00.,world_claim,third_party,0.85,1,1,0,0,0,third-party unsupported world claim,,
PB-003537,naturalistic,local_life,compositional_test,factual_world,The connected record lists the commute route as 9:30.,world_claim,tool_verified,0.95,1,1,0,0,1,tool evidence for world claim,,
PB-003538,naturalistic,local_life,train,factual_world,The primary source lists the pickup location as 10:00.,world_claim,external_verified,0.95,1,1,0,0,1,external evidence for world claim,,
PB-003539,naturalistic,local_life,train,personal_state,I remember the event time as 11:30.,personal_state,explicit_user,0.95,1,1,0,1,1,explicit personal-state evidence,,
PB-003540,naturalistic,local_life,train,personal_state,The connected record lists the restaurant preference as 12:00.,personal_state,tool_verified,0.95,1,1,0,1,1,tool personal-state evidence,,
PB-003541,naturalistic,local_life,compositional_test,personal_state,The primary source lists the commute route as 8:30.,personal_state,external_verified,0.9,1,1,0,1,1,external personal-state evidence,,
PB-003542,naturalistic,local_life,train,factual_world,I remember the pickup location as 9:00.,personal_state,explicit_user,0.95,1,1,0,1,0,personal state irrelevant as world evidence,,
PB-003543,naturalistic,local_life,train,recommendation,I prefer options related to event time.,preference,explicit_user,0.95,1,1,0,1,0,preference personalization,,
PB-003544,naturalistic,local_life,train,planning,Any plan has to respect my constraint about restaurant preference.,constraint,explicit_user,0.95,1,1,0,1,0,constraint personalization,,
PB-003545,naturalistic,local_life,train,planning,My current goal is to optimize around commute route.,goal,explicit_user,0.95,1,1,0,1,0,goal personalization,,
PB-003546,naturalistic,local_life,train,style,Please keep the answer concise.,presentation,explicit_user,0.95,1,1,1,1,0,presentation personalization,,
PB-003547,naturalistic,local_life,compositional_test,personal_state,The connected record lists the event time as 9:30.,personal_state,tool_verified,0.95,0,1,0,0,0,stale evidence,,
PB-003548,naturalistic,local_life,compositional_test,factual_world,The primary source lists the restaurant preference as 10:00.,world_claim,external_verified,0.35,1,1,0,0,0,low-confidence evidence,,
PB-003549,naturalistic,local_life,compositional_test,factual_world,The primary source lists the commute route as 11:30.,world_claim,external_verified,0.95,1,0,0,0,0,irrelevant evidence,,
PB-003550,naturalistic,local_life,train,recommendation,I prefer options related to pickup location.,preference,explicit_user,0.95,0,1,0,0,0,stale preference,,
PB-003551,naturalistic,local_life,train,planning,My current goal is to optimize around event time.,goal,explicit_user,0.35,1,1,0,0,0,low-confidence goal,,
PB-003552,naturalistic,local_life,train,factual_world,I remember the restaurant preference as 9:00.,world_claim,explicit_user,0.95,1,0,0,0,0,irrelevant unsupported claim,,
PB-003553,naturalistic,local_life,train,factual_world,I remember the event time as 12:30.,world_claim,explicit_user,0.95,1,1,0,0,0,unsupported user world belief,,
PB-003554,naturalistic,local_life,train,factual_world,Past behavior suggests the restaurant preference may be 8:00.,world_claim,inferred,0.85,1,1,0,0,0,inferred world belief,,
PB-003555,naturalistic,local_life,train,factual_world,A third-party message says the commute route is 9:30.,world_claim,third_party,0.85,1,1,0,0,0,third-party unsupported world claim,,
PB-003556,naturalistic,local_life,compositional_test,factual_world,The connected record lists the pickup location as 10:00.,world_claim,tool_verified,0.95,1,1,0,0,1,tool evidence for world claim,,
PB-003557,naturalistic,local_life,train,factual_world,The primary source lists the event time as 11:30.,world_claim,external_verified,0.95,1,1,0,0,1,external evidence for world claim,,
PB-003558,naturalistic,local_life,train,personal_state,I remember the restaurant preference as 12:00.,personal_state,explicit_user,0.95,1,1,0,1,1,explicit personal-state evidence,,
PB-003559,naturalistic,local_life,train,personal_state,The connected record lists the commute route as 8:30.,personal_state,tool_verified,0.95,1,1,0,1,1,tool personal-state evidence,,
PB-003560,naturalistic,local_life,compositional_test,personal_state,The primary source lists the pickup location as 9:00.,personal_state,external_verified,0.9,1,1,0,1,1,external personal-state evidence,,
PB-003561,naturalistic,local_life,train,factual_world,I remember the event time as 10:30.,personal_state,explicit_user,0.95,1,1,0,1,0,personal state irrelevant as world evidence,,
PB-003562,naturalistic,local_life,train,recommendation,I prefer options related to restaurant preference.,preference,explicit_user,0.95,1,1,0,1,0,preference personalization,,
PB-003563,naturalistic,local_life,train,planning,Any plan has to respect my constraint about commute route.,constraint,explicit_user,0.95,1,1,0,1,0,constraint personalization,,
PB-003564,naturalistic,local_life,train,planning,My current goal is to optimize around pickup location.,goal,explicit_user,0.95,1,1,0,1,0,goal personalization,,
PB-003565,naturalistic,local_life,train,style,Use a technical but plain style.,presentation,explicit_user,0.95,1,1,1,1,0,presentation personalization,,
PB-003566,naturalistic,local_life,compositional_test,personal_state,The connected record lists the restaurant preference as 10:00.,personal_state,tool_verified,0.95,0,1,0,0,0,stale evidence,,
PB-003567,naturalistic,local_life,compositional_test,factual_world,The primary source lists the commute route as 11:30.,world_claim,external_verified,0.35,1,1,0,0,0,low-confidence evidence,,
PB-003568,naturalistic,local_life,compositional_test,factual_world,The primary source lists the pickup location as 12:00.,world_claim,external_verified,0.95,1,0,0,0,0,irrelevant evidence,,
PB-003569,naturalistic,local_life,train,recommendation,I prefer options related to event time.,preference,explicit_user,0.95,0,1,0,0,0,stale preference,,
PB-003570,naturalistic,local_life,train,planning,My current goal is to optimize around restaurant preference.,goal,explicit_user,0.35,1,1,0,0,0,low-confidence goal,,
PB-003571,naturalistic,local_life,train,factual_world,I remember the commute route as 10:30.,world_claim,explicit_user,0.95,1,0,0,0,0,irrelevant unsupported claim,,
PB-003572,naturalistic,local_life,train,factual_world,I remember the restaurant preference as 8:00.,world_claim,explicit_user,0.95,1,1,0,0,0,unsupported user world belief,,
PB-003573,naturalistic,local_life,train,factual_world,Past behavior suggests the commute route may be 9:30.,world_claim,inferred,0.85,1,1,0,0,0,inferred world belief,,
PB-003574,naturalistic,local_life,train,factual_world,A third-party message says the pickup location is 10:00.,world_claim,third_party,0.85,1,1,0,0,0,third-party unsupported world claim,,
PB-003575,naturalistic,local_life,compositional_test,factual_world,The connected record lists the event time as 11:30.,world_claim,tool_verified,0.95,1,1,0,0,1,tool evidence for world claim,,
PB-003576,naturalistic,local_life,train,factual_world,The primary source lists the restaurant preference as 12:00.,world_claim,external_verified,0.95,1,1,0,0,1,external evidence for world claim,,
PB-003577,naturalistic,local_life,train,personal_state,I remember the commute route as 8:30.,personal_state,explicit_user,0.95,1,1,0,1,1,explicit personal-state evidence,,
PB-003578,naturalistic,local_life,train,personal_state,The connected record lists the pickup location as 9:00.,personal_state,tool_verified,0.95,1,1,0,1,1,tool personal-state evidence,,
PB-003579,naturalistic,local_life,compositional_test,personal_state,The primary source lists the event time as 10:30.,personal_state,external_verified,0.9,1,1,0,1,1,external personal-state evidence,,
PB-003580,naturalistic,local_life,train,factual_world,I remember the restaurant preference as 11:00.,personal_state,explicit_user,0.95,1,1,0,1,0,personal state irrelevant as world evidence,,
PB-003581,naturalistic,local_life,train,recommendation,I prefer options related to commute route.,preference,explicit_user,0.95,1,1,0,1,0,preference personalization,,
PB-003582,naturalistic,local_life,train,planning,Any plan has to respect my constraint about pickup location.,constraint,explicit_user,0.95,1,1,0,1,0,constraint personalization,,
PB-003583,naturalistic,local_life,train,planning,My current goal is to optimize around event time.,goal,explicit_user,0.95,1,1,0,1,0,goal personalization,,
PB-003584,naturalistic,local_life,train,style,"Give me the answer first, then the rationale.",presentation,explicit_user,0.95,1,1,1,1,0,presentation personalization,,
PB-003585,naturalistic,local_life,compositional_test,personal_state,The connected record lists the commute route as 11:30.,personal_state,tool_verified,0.95,0,1,0,0,0,stale evidence,,
PB-003586,naturalistic,local_life,compositional_test,factual_world,The primary source lists the pickup location as 12:00.,world_claim,external_verified,0.35,1,1,0,0,0,low-confidence evidence,,
PB-003587,naturalistic,local_life,compositional_test,factual_world,The primary source lists the event time as 8:30.,world_claim,external_verified,0.95,1,0,0,0,0,irrelevant evidence,,
PB-003588,naturalistic,local_life,train,recommendation,I prefer options related to restaurant preference.,preference,explicit_user,0.95,0,1,0,0,0,stale preference,,
PB-003589,naturalistic,local_life,train,planning,My current goal is to optimize around commute route.,goal,explicit_user,0.35,1,1,0,0,0,low-confidence goal,,
PB-003590,naturalistic,local_life,train,factual_world,I remember the pickup location as 11:00.,world_claim,explicit_user,0.95,1,0,0,0,0,irrelevant unsupported claim,,
PB-003591,naturalistic,local_life,train,factual_world,I remember the commute route as 9:30.,world_claim,explicit_user,0.95,1,1,0,0,0,unsupported user world belief,,
PB-003592,naturalistic,local_life,train,factual_world,Past behavior suggests the pickup location may be 10:00.,world_claim,inferred,0.85,1,1,0,0,0,inferred world belief,,
PB-003593,naturalistic,local_life,train,factual_world,A third-party message says the event time is 11:30.,world_claim,third_party,0.85,1,1,0,0,0,third-party unsupported world claim,,
PB-003594,naturalistic,local_life,compositional_test,factual_world,The connected record lists the restaurant preference as 12:00.,world_claim,tool_verified,0.95,1,1,0,0,1,tool evidence for world claim,,
PB-003595,naturalistic,local_life,train,factual_world,The primary source lists the commute route as 8:30.,world_claim,external_verified,0.95,1,1,0,0,1,external evidence for world claim,,
PB-003596,naturalistic,local_life,train,personal_state,I remember the pickup location as 9:00.,personal_state,explicit_user,0.95,1,1,0,1,1,explicit personal-state evidence,,
PB-003597,naturalistic,local_life,train,personal_state,The connected record lists the event time as 10:30.,personal_state,tool_verified,0.95,1,1,0,1,1,tool personal-state evidence,,
PB-003598,naturalistic,local_life,compositional_test,personal_state,The primary source lists the restaurant preference as 11:00.,personal_state,external_verified,0.9,1,1,0,1,1,external personal-state evidence,,
PB-003599,naturalistic,local_life,train,factual_world,I remember the commute route as 12:30.,personal_state,explicit_user,0.95,1,1,0,1,0,personal state irrelevant as world evidence,,
PB-003600,naturalistic,local_life,train,recommendation,I prefer options related to pickup location.,preference,explicit_user,0.95,1,1,0,1,0,preference personalization,,
PB-003601,naturalistic,local_life,train,planning,Any plan has to respect my constraint about event time.,constraint,explicit_user,0.95,1,1,0,1,0,constraint personalization,,
PB-003602,naturalistic,local_life,train,planning,My current goal is to optimize around restaurant preference.,goal,explicit_user,0.95,1,1,0,1,0,goal personalization,,
PB-003603,naturalistic,local_life,train,style,Please keep the answer concise.,presentation,explicit_user,0.95,1,1,1,1,0,presentation personalization,,
PB-003604,naturalistic,local_life,compositional_test,personal_state,The connected record lists the pickup location as 12:00.,personal_state,tool_verified,0.95,0,1,0,0,0,stale evidence,,
PB-003605,naturalistic,local_life,compositional_test,factual_world,The primary source lists the event time as 8:30.,world_claim,external_verified,0.35,1,1,0,0,0,low-confidence evidence,,
PB-003606,naturalistic,local_life,compositional_test,factual_world,The primary source lists the restaurant preference as 9:00.,world_claim,external_verified,0.95,1,0,0,0,0,irrelevant evidence,,
PB-003607,naturalistic,local_life,train,recommendation,I prefer options related to commute route.,preference,explicit_user,0.95,0,1,0,0,0,stale preference,,
PB-003608,naturalistic,local_life,train,planning,My current goal is to optimize around pickup location.,goal,explicit_user,0.35,1,1,0,0,0,low-confidence goal,,
PB-003609,naturalistic,local_life,train,factual_world,I remember the event time as 12:30.,world_claim,explicit_user,0.95,1,0,0,0,0,irrelevant unsupported claim,,
PB-003610,naturalistic,local_life,train,factual_world,I remember the pickup location as 10:00.,world_claim,explicit_user,0.95,1,1,0,0,0,unsupported user world belief,,
PB-003611,naturalistic,local_life,train,factual_world,Past behavior suggests the event time may be 11:30.,world_claim,inferred,0.85,1,1,0,0,0,inferred world belief,,
PB-003612,naturalistic,local_life,train,factual_world,A third-party message says the restaurant preference is 12:00.,world_claim,third_party,0.85,1,1,0,0,0,third-party unsupported world claim,,
PB-003613,naturalistic,local_life,compositional_test,factual_world,The connected record lists the commute route as 8:30.,world_claim,tool_verified,0.95,1,1,0,0,1,tool evidence for world claim,,
PB-003614,naturalistic,local_life,train,factual_world,The primary source lists the pickup location as 9:00.,world_claim,external_verified,0.95,1,1,0,0,1,external evidence for world claim,,
PB-003615,naturalistic,local_life,train,personal_state,I remember the event time as 10:30.,personal_state,explicit_user,0.95,1,1,0,1,1,explicit personal-state evidence,,
PB-003616,naturalistic,local_life,train,personal_state,The connected record lists the restaurant preference as 11:00.,personal_state,tool_verified,0.95,1,1,0,1,1,tool personal-state evidence,,
PB-003617,naturalistic,local_life,compositional_test,personal_state,The primary source lists the commute route as 12:30.,personal_state,external_verified,0.9,1,1,0,1,1,external personal-state evidence,,
PB-003618,naturalistic,local_life,train,factual_world,I remember the pickup location as 8:00.,personal_state,explicit_user,0.95,1,1,0,1,0,personal state irrelevant as world evidence,,
PB-003619,naturalistic,local_life,train,recommendation,I prefer options related to event time.,preference,explicit_user,0.95,1,1,0,1,0,preference personalization,,
PB-003620,naturalistic,local_life,train,planning,Any plan has to respect my constraint about restaurant preference.,constraint,explicit_user,0.95,1,1,0,1,0,constraint personalization,,
PB-003621,naturalistic,local_life,train,planning,My current goal is to optimize around commute route.,goal,explicit_user,0.95,1,1,0,1,0,goal personalization,,
PB-003622,naturalistic,local_life,train,style,Use a technical but plain style.,presentation,explicit_user,0.95,1,1,1,1,0,presentation personalization,,
PB-003623,naturalistic,local_life,compositional_test,personal_state,The connected record lists the event time as 8:30.,personal_state,tool_verified,0.95,0,1,0,0,0,stale evidence,,
PB-003624,naturalistic,local_life,compositional_test,factual_world,The primary source lists the restaurant preference as 9:00.,world_claim,external_verified,0.35,1,1,0,0,0,low-confidence evidence,,
PB-003625,naturalistic,local_life,compositional_test,factual_world,The primary source lists the commute route as 10:30.,world_claim,external_verified,0.95,1,0,0,0,0,irrelevant evidence,,
PB-003626,naturalistic,local_life,train,recommendation,I prefer options related to pickup location.,preference,explicit_user,0.95,0,1,0,0,0,stale preference,,
PB-003627,naturalistic,local_life,train,planning,My current goal is to optimize around event time.,goal,explicit_user,0.35,1,1,0,0,0,low-confidence goal,,
PB-003628,naturalistic,local_life,train,factual_world,I remember the restaurant preference as 8:00.,world_claim,explicit_user,0.95,1,0,0,0,0,irrelevant unsupported claim,,
PB-003629,naturalistic,local_life,train,factual_world,I remember the event time as 11:30.,world_claim,explicit_user,0.95,1,1,0,0,0,unsupported user world belief,,
PB-003630,naturalistic,local_life,train,factual_world,Past behavior suggests the restaurant preference may be 12:00.,world_claim,inferred,0.85,1,1,0,0,0,inferred world belief,,
PB-003631,naturalistic,local_life,train,factual_world,A third-party message says the commute route is 8:30.,world_claim,third_party,0.85,1,1,0,0,0,third-party unsupported world claim,,
PB-003632,naturalistic,local_life,compositional_test,factual_world,The connected record lists the pickup location as 9:00.,world_claim,tool_verified,0.95,1,1,0,0,1,tool evidence for world claim,,
PB-003633,naturalistic,local_life,train,factual_world,The primary source lists the event time as 10:30.,world_claim,external_verified,0.95,1,1,0,0,1,external evidence for world claim,,
PB-003634,naturalistic,local_life,train,personal_state,I remember the restaurant preference as 11:00.,personal_state,explicit_user,0.95,1,1,0,1,1,explicit personal-state evidence,,
PB-003635,naturalistic,local_life,train,personal_state,The connected record lists the commute route as 12:30.,personal_state,tool_verified,0.95,1,1,0,1,1,tool personal-state evidence,,
PB-003636,naturalistic,local_life,compositional_test,personal_state,The primary source lists the pickup location as 8:00.,personal_state,external_verified,0.9,1,1,0,1,1,external personal-state evidence,,
PB-003637,naturalistic,local_life,train,factual_world,I remember the event time as 9:30.,personal_state,explicit_user,0.95,1,1,0,1,0,personal state irrelevant as world evidence,,
PB-003638,naturalistic,local_life,train,recommendation,I prefer options related to restaurant preference.,preference,explicit_user,0.95,1,1,0,1,0,preference personalization,,
PB-003639,naturalistic,local_life,train,planning,Any plan has to respect my constraint about commute route.,constraint,explicit_user,0.95,1,1,0,1,0,constraint personalization,,
PB-003640,naturalistic,local_life,train,planning,My current goal is to optimize around pickup location.,goal,explicit_user,0.95,1,1,0,1,0,goal personalization,,
PB-003641,naturalistic,local_life,train,style,"Give me the answer first, then the rationale.",presentation,explicit_user,0.95,1,1,1,1,0,presentation personalization,,
PB-003642,naturalistic,local_life,compositional_test,personal_state,The connected record lists the restaurant preference as 9:00.,personal_state,tool_verified,0.95,0,1,0,0,0,stale evidence,,
PB-003643,naturalistic,local_life,compositional_test,factual_world,The primary source lists the commute route as 10:30.,world_claim,external_verified,0.35,1,1,0,0,0,low-confidence evidence,,
PB-003644,naturalistic,local_life,compositional_test,factual_world,The primary source lists the pickup location as 11:00.,world_claim,external_verified,0.95,1,0,0,0,0,irrelevant evidence,,
PB-003645,naturalistic,local_life,train,recommendation,I prefer options related to event time.,preference,explicit_user,0.95,0,1,0,0,0,stale preference,,
PB-003646,naturalistic,local_life,train,planning,My current goal is to optimize around restaurant preference.,goal,explicit_user,0.35,1,1,0,0,0,low-confidence goal,,
PB-003647,naturalistic,local_life,train,factual_world,I remember the commute route as 9:30.,world_claim,explicit_user,0.95,1,0,0,0,0,irrelevant unsupported claim,,
PB-003648,conflict,travel,conflict_test,personal_state,I remember the flight departure as 8:00.,personal_state,explicit_user,0.95,1,1,0,1,1,conflicting evidence,C-travel-000,0
PB-003649,conflict,travel,conflict_test,personal_state,The connected record lists the flight departure as 9:00.,personal_state,tool_verified,0.95,1,1,0,1,1,conflicting evidence,C-travel-000,1
PB-003650,conflict,travel,conflict_test,personal_state,The primary source lists the flight departure as 10:00.,personal_state,external_verified,0.95,0,1,0,1,0,conflicting evidence,C-travel-000,0
PB-003651,conflict,travel,conflict_test,personal_state,A third-party message says the flight departure is 11:00.,personal_state,third_party,0.8,1,1,0,1,0,conflicting evidence,C-travel-000,0
PB-003652,conflict,travel,conflict_train,personal_state,I remember the hotel check-in as 9:00.,personal_state,explicit_user,0.95,1,1,0,1,1,conflicting evidence,C-travel-001,0
PB-003653,conflict,travel,conflict_train,personal_state,The connected record lists the hotel check-in as 10:00.,personal_state,tool_verified,0.95,1,1,0,1,1,conflicting evidence,C-travel-001,0
PB-003654,conflict,travel,conflict_train,personal_state,The primary source lists the hotel check-in as 11:00.,personal_state,external_verified,0.95,1,1,0,1,1,conflicting evidence,C-travel-001,1
PB-003655,conflict,travel,conflict_train,personal_state,A third-party message says the hotel check-in is 12:00.,personal_state,third_party,0.8,1,1,0,1,0,conflicting evidence,C-travel-001,0
PB-003656,conflict,travel,conflict_train,personal_state,I remember the gate change as 10:00.,personal_state,explicit_user,0.95,1,1,0,1,1,conflicting evidence,C-travel-002,0
PB-003657,conflict,travel,conflict_train,personal_state,The connected record lists the gate change as 11:00.,personal_state,tool_verified,0.95,1,1,0,1,1,conflicting evidence,C-travel-002,0
PB-003658,conflict,travel,conflict_train,personal_state,The primary source lists the gate change as 12:00.,personal_state,external_verified,0.95,1,1,0,1,1,conflicting evidence,C-travel-002,1
PB-003659,conflict,travel,conflict_train,personal_state,A third-party message says the gate change is 13:00.,personal_state,third_party,0.8,1,1,0,1,0,conflicting evidence,C-travel-002,0
PB-003660,conflict,travel,conflict_train,personal_state,I remember the visa appointment as 11:00.,personal_state,explicit_user,0.95,1,1,0,1,1,conflicting evidence,C-travel-003,0
PB-003661,conflict,travel,conflict_train,personal_state,The connected record lists the visa appointment as 12:00.,personal_state,tool_verified,0.95,1,1,0,1,1,conflicting evidence,C-travel-003,0
PB-003662,conflict,travel,conflict_train,personal_state,The primary source lists the visa appointment as 13:00.,personal_state,external_verified,0.95,1,1,0,1,1,conflicting evidence,C-travel-003,1
PB-003663,conflict,travel,conflict_train,personal_state,A third-party message says the visa appointment is 14:00.,personal_state,third_party,0.8,1,1,0,1,0,conflicting evidence,C-travel-003,0
PB-003664,conflict,travel,conflict_train,personal_state,I remember the flight departure as 8:00.,personal_state,explicit_user,0.95,1,1,0,1,1,conflicting evidence,C-travel-004,0
PB-003665,conflict,travel,conflict_train,personal_state,The connected record lists the flight departure as 9:00.,personal_state,tool_verified,0.95,1,1,0,1,1,conflicting evidence,C-travel-004,1
PB-003666,conflict,travel,conflict_train,personal_state,The primary source lists the flight departure as 10:00.,personal_state,external_verified,0.95,0,1,0,1,0,conflicting evidence,C-travel-004,0
PB-003667,conflict,travel,conflict_train,personal_state,A third-party message says the flight departure is 11:00.,personal_state,third_party,0.8,1,1,0,1,0,conflicting evidence,C-travel-004,0
PB-003668,conflict,travel,conflict_test,personal_state,I remember the hotel check-in as 9:00.,personal_state,explicit_user,0.95,1,1,0,1,1,conflicting evidence,C-travel-005,0
PB-003669,conflict,travel,conflict_test,personal_state,The connected record lists the hotel check-in as 10:00.,personal_state,tool_verified,0.95,1,1,0,1,1,conflicting evidence,C-travel-005,0
PB-003670,conflict,travel,conflict_test,personal_state,The primary source lists the hotel check-in as 11:00.,personal_state,external_verified,0.95,1,1,0,1,1,conflicting evidence,C-travel-005,1
PB-003671,conflict,travel,conflict_test,personal_state,A third-party message says the hotel check-in is 12:00.,personal_state,third_party,0.8,1,1,0,1,0,conflicting evidence,C-travel-005,0
PB-003672,conflict,travel,conflict_train,personal_state,I remember the gate change as 10:00.,personal_state,explicit_user,0.95,1,1,0,1,1,conflicting evidence,C-travel-006,0
PB-003673,conflict,travel,conflict_train,personal_state,The connected record lists the gate change as 11:00.,personal_state,tool_verified,0.95,1,1,0,1,1,conflicting evidence,C-travel-006,0
PB-003674,conflict,travel,conflict_train,personal_state,The primary source lists the gate change as 12:00.,personal_state,external_verified,0.95,1,1,0,1,1,conflicting evidence,C-travel-006,1
PB-003675,conflict,travel,conflict_train,personal_state,A third-party message says the gate change is 13:00.,personal_state,third_party,0.8,1,1,0,1,0,conflicting evidence,C-travel-006,0
PB-003676,conflict,travel,conflict_train,personal_state,I remember the visa appointment as 11:00.,personal_state,explicit_user,0.95,1,1,0,1,1,conflicting evidence,C-travel-007,0
PB-003677,conflict,travel,conflict_train,personal_state,The connected record lists the visa appointment as 12:00.,personal_state,tool_verified,0.95,1,1,0,1,1,conflicting evidence,C-travel-007,0
PB-003678,conflict,travel,conflict_train,personal_state,The primary source lists the visa appointment as 13:00.,personal_state,external_verified,0.95,1,1,0,1,1,conflicting evidence,C-travel-007,1
PB-003679,conflict,travel,conflict_train,personal_state,A third-party message says the visa appointment is 14:00.,personal_state,third_party,0.8,1,1,0,1,0,conflicting evidence,C-travel-007,0
PB-003680,conflict,travel,conflict_train,personal_state,I remember the flight departure as 8:00.,personal_state,explicit_user,0.95,1,1,0,1,1,conflicting evidence,C-travel-008,0
PB-003681,conflict,travel,conflict_train,personal_state,The connected record lists the flight departure as 9:00.,personal_state,tool_verified,0.95,1,1,0,1,1,conflicting evidence,C-travel-008,1
PB-003682,conflict,travel,conflict_train,personal_state,The primary source lists the flight departure as 10:00.,personal_state,external_verified,0.95,0,1,0,1,0,conflicting evidence,C-travel-008,0
PB-003683,conflict,travel,conflict_train,personal_state,A third-party message says the flight departure is 11:00.,personal_state,third_party,0.8,1,1,0,1,0,conflicting evidence,C-travel-008,0
PB-003684,conflict,travel,conflict_train,personal_state,I remember the hotel check-in as 9:00.,personal_state,explicit_user,0.95,1,1,0,1,1,conflicting evidence,C-travel-009,0
PB-003685,conflict,travel,conflict_train,personal_state,The connected record lists the hotel check-in as 10:00.,personal_state,tool_verified,0.95,1,1,0,1,1,conflicting evidence,C-travel-009,0
PB-003686,conflict,travel,conflict_train,personal_state,The primary source lists the hotel check-in as 11:00.,personal_state,external_verified,0.95,1,1,0,1,1,conflicting evidence,C-travel-009,1
PB-003687,conflict,travel,conflict_train,personal_state,A third-party message says the hotel check-in is 12:00.,personal_state,third_party,0.8,1,1,0,1,0,conflicting evidence,C-travel-009,0
PB-003688,conflict,travel,conflict_test,personal_state,I remember the gate change as 10:00.,personal_state,explicit_user,0.95,1,1,0,1,1,conflicting evidence,C-travel-010,0
PB-003689,conflict,travel,conflict_test,personal_state,The connected record lists the gate change as 11:00.,personal_state,tool_verified,0.95,1,1,0,1,1,conflicting evidence,C-travel-010,0
PB-003690,conflict,travel,conflict_test,personal_state,The primary source lists the gate change as 12:00.,personal_state,external_verified,0.95,1,1,0,1,1,conflicting evidence,C-travel-010,1
PB-003691,conflict,travel,conflict_test,personal_state,A third-party message says the gate change is 13:00.,personal_state,third_party,0.8,1,1,0,1,0,conflicting evidence,C-travel-010,0
PB-003692,conflict,travel,conflict_train,personal_state,I remember the visa appointment as 11:00.,personal_state,explicit_user,0.95,1,1,0,1,1,conflicting evidence,C-travel-011,0
PB-003693,conflict,travel,conflict_train,personal_state,The connected record lists the visa appointment as 12:00.,personal_state,tool_verified,0.95,1,1,0,1,1,conflicting evidence,C-travel-011,0
PB-003694,conflict,travel,conflict_train,personal_state,The primary source lists the visa appointment as 13:00.,personal_state,external_verified,0.95,1,1,0,1,1,conflicting evidence,C-travel-011,1
PB-003695,conflict,travel,conflict_train,personal_state,A third-party message says the visa appointment is 14:00.,personal_state,third_party,0.8,1,1,0,1,0,conflicting evidence,C-travel-011,0
PB-003696,conflict,travel,conflict_train,personal_state,I remember the flight departure as 8:00.,personal_state,explicit_user,0.95,1,1,0,1,1,conflicting evidence,C-travel-012,0
PB-003697,conflict,travel,conflict_train,personal_state,The connected record lists the flight departure as 9:00.,personal_state,tool_verified,0.95,1,1,0,1,1,conflicting evidence,C-travel-012,1
PB-003698,conflict,travel,conflict_train,personal_state,The primary source lists the flight departure as 10:00.,personal_state,external_verified,0.95,0,1,0,1,0,conflicting evidence,C-travel-012,0
PB-003699,conflict,travel,conflict_train,personal_state,A third-party message says the flight departure is 11:00.,personal_state,third_party,0.8,1,1,0,1,0,conflicting evidence,C-travel-012,0
PB-003700,conflict,travel,conflict_train,personal_state,I remember the hotel check-in as 9:00.,personal_state,explicit_user,0.95,1,1,0,1,1,conflicting evidence,C-travel-013,0
PB-003701,conflict,travel,conflict_train,personal_state,The connected record lists the hotel check-in as 10:00.,personal_state,tool_verified,0.95,1,1,0,1,1,conflicting evidence,C-travel-013,0
PB-003702,conflict,travel,conflict_train,personal_state,The primary source lists the hotel check-in as 11:00.,personal_state,external_verified,0.95,1,1,0,1,1,conflicting evidence,C-travel-013,1
PB-003703,conflict,travel,conflict_train,personal_state,A third-party message says the hotel check-in is 12:00.,personal_state,third_party,0.8,1,1,0,1,0,conflicting evidence,C-travel-013,0
PB-003704,conflict,travel,conflict_train,personal_state,I remember the gate change as 10:00.,personal_state,explicit_user,0.95,1,1,0,1,1,conflicting evidence,C-travel-014,0
PB-003705,conflict,travel,conflict_train,personal_state,The connected record lists the gate change as 11:00.,personal_state,tool_verified,0.95,1,1,0,1,1,conflicting evidence,C-travel-014,0
PB-003706,conflict,travel,conflict_train,personal_state,The primary source lists the gate change as 12:00.,personal_state,external_verified,0.95,1,1,0,1,1,conflicting evidence,C-travel-014,1
PB-003707,conflict,travel,conflict_train,personal_state,A third-party message says the gate change is 13:00.,personal_state,third_party,0.8,1,1,0,1,0,conflicting evidence,C-travel-014,0
PB-003708,conflict,travel,conflict_test,personal_state,I remember the visa appointment as 11:00.,personal_state,explicit_user,0.95,1,1,0,1,1,conflicting evidence,C-travel-015,0
PB-003709,conflict,travel,conflict_test,personal_state,The connected record lists the visa appointment as 12:00.,personal_state,tool_verified,0.95,1,1,0,1,1,conflicting evidence,C-travel-015,0
PB-003710,conflict,travel,conflict_test,personal_state,The primary source lists the visa appointment as 13:00.,personal_state,external_verified,0.95,1,1,0,1,1,conflicting evidence,C-travel-015,1
PB-003711,conflict,travel,conflict_test,personal_state,A third-party message says the visa appointment is 14:00.,personal_state,third_party,0.8,1,1,0,1,0,conflicting evidence,C-travel-015,0
PB-003712,conflict,travel,conflict_train,personal_state,I remember the flight departure as 8:00.,personal_state,explicit_user,0.95,1,1,0,1,1,conflicting evidence,C-travel-016,0
PB-003713,conflict,travel,conflict_train,personal_state,The connected record lists the flight departure as 9:00.,personal_state,tool_verified,0.95,1,1,0,1,1,conflicting evidence,C-travel-016,1
PB-003714,conflict,travel,conflict_train,personal_state,The primary source lists the flight departure as 10:00.,personal_state,external_verified,0.95,0,1,0,1,0,conflicting evidence,C-travel-016,0
PB-003715,conflict,travel,conflict_train,personal_state,A third-party message says the flight departure is 11:00.,personal_state,third_party,0.8,1,1,0,1,0,conflicting evidence,C-travel-016,0
PB-003716,conflict,travel,conflict_train,personal_state,I remember the hotel check-in as 9:00.,personal_state,explicit_user,0.95,1,1,0,1,1,conflicting evidence,C-travel-017,0
PB-003717,conflict,travel,conflict_train,personal_state,The connected record lists the hotel check-in as 10:00.,personal_state,tool_verified,0.95,1,1,0,1,1,conflicting evidence,C-travel-017,0
PB-003718,conflict,travel,conflict_train,personal_state,The primary source lists the hotel check-in as 11:00.,personal_state,external_verified,0.95,1,1,0,1,1,conflicting evidence,C-travel-017,1
PB-003719,conflict,travel,conflict_train,personal_state,A third-party message says the hotel check-in is 12:00.,personal_state,third_party,0.8,1,1,0,1,0,conflicting evidence,C-travel-017,0
PB-003720,conflict,travel,conflict_train,personal_state,I remember the gate change as 10:00.,personal_state,explicit_user,0.95,1,1,0,1,1,conflicting evidence,C-travel-018,0
PB-003721,conflict,travel,conflict_train,personal_state,The connected record lists the gate change as 11:00.,personal_state,tool_verified,0.95,1,1,0,1,1,conflicting evidence,C-travel-018,0
PB-003722,conflict,travel,conflict_train,personal_state,The primary source lists the gate change as 12:00.,personal_state,external_verified,0.95,1,1,0,1,1,conflicting evidence,C-travel-018,1
PB-003723,conflict,travel,conflict_train,personal_state,A third-party message says the gate change is 13:00.,personal_state,third_party,0.8,1,1,0,1,0,conflicting evidence,C-travel-018,0
PB-003724,conflict,travel,conflict_train,personal_state,I remember the visa appointment as 11:00.,personal_state,explicit_user,0.95,1,1,0,1,1,conflicting evidence,C-travel-019,0
PB-003725,conflict,travel,conflict_train,personal_state,The connected record lists the visa appointment as 12:00.,personal_state,tool_verified,0.95,1,1,0,1,1,conflicting evidence,C-travel-019,0
PB-003726,conflict,travel,conflict_train,personal_state,The primary source lists the visa appointment as 13:00.,personal_state,external_verified,0.95,1,1,0,1,1,conflicting evidence,C-travel-019,1
PB-003727,conflict,travel,conflict_train,personal_state,A third-party message says the visa appointment is 14:00.,personal_state,third_party,0.8,1,1,0,1,0,conflicting evidence,C-travel-019,0
PB-003728,conflict,travel,conflict_test,personal_state,I remember the flight departure as 8:00.,personal_state,explicit_user,0.95,1,1,0,1,1,conflicting evidence,C-travel-020,0
PB-003729,conflict,travel,conflict_test,personal_state,The connected record lists the flight departure as 9:00.,personal_state,tool_verified,0.95,1,1,0,1,1,conflicting evidence,C-travel-020,1
PB-003730,conflict,travel,conflict_test,personal_state,The primary source lists the flight departure as 10:00.,personal_state,external_verified,0.95,0,1,0,1,0,conflicting evidence,C-travel-020,0
PB-003731,conflict,travel,conflict_test,personal_state,A third-party message says the flight departure is 11:00.,personal_state,third_party,0.8,1,1,0,1,0,conflicting evidence,C-travel-020,0
PB-003732,conflict,travel,conflict_train,personal_state,I remember the hotel check-in as 9:00.,personal_state,explicit_user,0.95,1,1,0,1,1,conflicting evidence,C-travel-021,0
PB-003733,conflict,travel,conflict_train,personal_state,The connected record lists the hotel check-in as 10:00.,personal_state,tool_verified,0.95,1,1,0,1,1,conflicting evidence,C-travel-021,0
PB-003734,conflict,travel,conflict_train,personal_state,The primary source lists the hotel check-in as 11:00.,personal_state,external_verified,0.95,1,1,0,1,1,conflicting evidence,C-travel-021,1
PB-003735,conflict,travel,conflict_train,personal_state,A third-party message says the hotel check-in is 12:00.,personal_state,third_party,0.8,1,1,0,1,0,conflicting evidence,C-travel-021,0
PB-003736,conflict,travel,conflict_train,personal_state,I remember the gate change as 10:00.,personal_state,explicit_user,0.95,1,1,0,1,1,conflicting evidence,C-travel-022,0
PB-003737,conflict,travel,conflict_train,personal_state,The connected record lists the gate change as 11:00.,personal_state,tool_verified,0.95,1,1,0,1,1,conflicting evidence,C-travel-022,0
PB-003738,conflict,travel,conflict_train,personal_state,The primary source lists the gate change as 12:00.,personal_state,external_verified,0.95,1,1,0,1,1,conflicting evidence,C-travel-022,1
PB-003739,conflict,travel,conflict_train,personal_state,A third-party message says the gate change is 13:00.,personal_state,third_party,0.8,1,1,0,1,0,conflicting evidence,C-travel-022,0
PB-003740,conflict,travel,conflict_train,personal_state,I remember the visa appointment as 11:00.,personal_state,explicit_user,0.95,1,1,0,1,1,conflicting evidence,C-travel-023,0
PB-003741,conflict,travel,conflict_train,personal_state,The connected record lists the visa appointment as 12:00.,personal_state,tool_verified,0.95,1,1,0,1,1,conflicting evidence,C-travel-023,0
PB-003742,conflict,travel,conflict_train,personal_state,The primary source lists the visa appointment as 13:00.,personal_state,external_verified,0.95,1,1,0,1,1,conflicting evidence,C-travel-023,1
PB-003743,conflict,travel,conflict_train,personal_state,A third-party message says the visa appointment is 14:00.,personal_state,third_party,0.8,1,1,0,1,0,conflicting evidence,C-travel-023,0
PB-003744,conflict,travel,conflict_train,personal_state,I remember the flight departure as 8:00.,personal_state,explicit_user,0.95,1,1,0,1,1,conflicting evidence,C-travel-024,0
PB-003745,conflict,travel,conflict_train,personal_state,The connected record lists the flight departure as 9:00.,personal_state,tool_verified,0.95,1,1,0,1,1,conflicting evidence,C-travel-024,1
PB-003746,conflict,travel,conflict_train,personal_state,The primary source lists the flight departure as 10:00.,personal_state,external_verified,0.95,0,1,0,1,0,conflicting evidence,C-travel-024,0
PB-003747,conflict,travel,conflict_train,personal_state,A third-party message says the flight departure is 11:00.,personal_state,third_party,0.8,1,1,0,1,0,conflicting evidence,C-travel-024,0
PB-003748,conflict,travel,conflict_test,personal_state,I remember the hotel check-in as 9:00.,personal_state,explicit_user,0.95,1,1,0,1,1,conflicting evidence,C-travel-025,0
PB-003749,conflict,travel,conflict_test,personal_state,The connected record lists the hotel check-in as 10:00.,personal_state,tool_verified,0.95,1,1,0,1,1,conflicting evidence,C-travel-025,0
PB-003750,conflict,travel,conflict_test,personal_state,The primary source lists the hotel check-in as 11:00.,personal_state,external_verified,0.95,1,1,0,1,1,conflicting evidence,C-travel-025,1
PB-003751,conflict,travel,conflict_test,personal_state,A third-party message says the hotel check-in is 12:00.,personal_state,third_party,0.8,1,1,0,1,0,conflicting evidence,C-travel-025,0
PB-003752,conflict,travel,conflict_train,personal_state,I remember the gate change as 10:00.,personal_state,explicit_user,0.95,1,1,0,1,1,conflicting evidence,C-travel-026,0
PB-003753,conflict,travel,conflict_train,personal_state,The connected record lists the gate change as 11:00.,personal_state,tool_verified,0.95,1,1,0,1,1,conflicting evidence,C-travel-026,0
PB-003754,conflict,travel,conflict_train,personal_state,The primary source lists the gate change as 12:00.,personal_state,external_verified,0.95,1,1,0,1,1,conflicting evidence,C-travel-026,1
PB-003755,conflict,travel,conflict_train,personal_state,A third-party message says the gate change is 13:00.,personal_state,third_party,0.8,1,1,0,1,0,conflicting evidence,C-travel-026,0
PB-003756,conflict,travel,conflict_train,personal_state,I remember the visa appointment as 11:00.,personal_state,explicit_user,0.95,1,1,0,1,1,conflicting evidence,C-travel-027,0
PB-003757,conflict,travel,conflict_train,personal_state,The connected record lists the visa appointment as 12:00.,personal_state,tool_verified,0.95,1,1,0,1,1,conflicting evidence,C-travel-027,0
PB-003758,conflict,travel,conflict_train,personal_state,The primary source lists the visa appointment as 13:00.,personal_state,external_verified,0.95,1,1,0,1,1,conflicting evidence,C-travel-027,1
PB-003759,conflict,travel,conflict_train,personal_state,A third-party message says the visa appointment is 14:00.,personal_state,third_party,0.8,1,1,0,1,0,conflicting evidence,C-travel-027,0
PB-003760,conflict,travel,conflict_train,personal_state,I remember the flight departure as 8:00.,personal_state,explicit_user,0.95,1,1,0,1,1,conflicting evidence,C-travel-028,0
PB-003761,conflict,travel,conflict_train,personal_state,The connected record lists the flight departure as 9:00.,personal_state,tool_verified,0.95,1,1,0,1,1,conflicting evidence,C-travel-028,1
PB-003762,conflict,travel,conflict_train,personal_state,The primary source lists the flight departure as 10:00.,personal_state,external_verified,0.95,0,1,0,1,0,conflicting evidence,C-travel-028,0
PB-003763,conflict,travel,conflict_train,personal_state,A third-party message says the flight departure is 11:00.,personal_state,third_party,0.8,1,1,0,1,0,conflicting evidence,C-travel-028,0
PB-003764,conflict,travel,conflict_train,personal_state,I remember the hotel check-in as 9:00.,personal_state,explicit_user,0.95,1,1,0,1,1,conflicting evidence,C-travel-029,0
PB-003765,conflict,travel,conflict_train,personal_state,The connected record lists the hotel check-in as 10:00.,personal_state,tool_verified,0.95,1,1,0,1,1,conflicting evidence,C-travel-029,0
PB-003766,conflict,travel,conflict_train,personal_state,The primary source lists the hotel check-in as 11:00.,personal_state,external_verified,0.95,1,1,0,1,1,conflicting evidence,C-travel-029,1
PB-003767,conflict,travel,conflict_train,personal_state,A third-party message says the hotel check-in is 12:00.,personal_state,third_party,0.8,1,1,0,1,0,conflicting evidence,C-travel-029,0
PB-003768,conflict,travel,conflict_test,personal_state,I remember the gate change as 10:00.,personal_state,explicit_user,0.95,1,1,0,1,1,conflicting evidence,C-travel-030,0
PB-003769,conflict,travel,conflict_test,personal_state,The connected record lists the gate change as 11:00.,personal_state,tool_verified,0.95,1,1,0,1,1,conflicting evidence,C-travel-030,0
PB-003770,conflict,travel,conflict_test,personal_state,The primary source lists the gate change as 12:00.,personal_state,external_verified,0.95,1,1,0,1,1,conflicting evidence,C-travel-030,1
PB-003771,conflict,travel,conflict_test,personal_state,A third-party message says the gate change is 13:00.,personal_state,third_party,0.8,1,1,0,1,0,conflicting evidence,C-travel-030,0
PB-003772,conflict,travel,conflict_train,personal_state,I remember the visa appointment as 11:00.,personal_state,explicit_user,0.95,1,1,0,1,1,conflicting evidence,C-travel-031,0
PB-003773,conflict,travel,conflict_train,personal_state,The connected record lists the visa appointment as 12:00.,personal_state,tool_verified,0.95,1,1,0,1,1,conflicting evidence,C-travel-031,0
PB-003774,conflict,travel,conflict_train,personal_state,The primary source lists the visa appointment as 13:00.,personal_state,external_verified,0.95,1,1,0,1,1,conflicting evidence,C-travel-031,1
PB-003775,conflict,travel,conflict_train,personal_state,A third-party message says the visa appointment is 14:00.,personal_state,third_party,0.8,1,1,0,1,0,conflicting evidence,C-travel-031,0
PB-003776,conflict,travel,conflict_train,personal_state,I remember the flight departure as 8:00.,personal_state,explicit_user,0.95,1,1,0,1,1,conflicting evidence,C-travel-032,0
PB-003777,conflict,travel,conflict_train,personal_state,The connected record lists the flight departure as 9:00.,personal_state,tool_verified,0.95,1,1,0,1,1,conflicting evidence,C-travel-032,1
PB-003778,conflict,travel,conflict_train,personal_state,The primary source lists the flight departure as 10:00.,personal_state,external_verified,0.95,0,1,0,1,0,conflicting evidence,C-travel-032,0
PB-003779,conflict,travel,conflict_train,personal_state,A third-party message says the flight departure is 11:00.,personal_state,third_party,0.8,1,1,0,1,0,conflicting evidence,C-travel-032,0
PB-003780,conflict,travel,conflict_train,personal_state,I remember the hotel check-in as 9:00.,personal_state,explicit_user,0.95,1,1,0,1,1,conflicting evidence,C-travel-033,0
PB-003781,conflict,travel,conflict_train,personal_state,The connected record lists the hotel check-in as 10:00.,personal_state,tool_verified,0.95,1,1,0,1,1,conflicting evidence,C-travel-033,0
PB-003782,conflict,travel,conflict_train,personal_state,The primary source lists the hotel check-in as 11:00.,personal_state,external_verified,0.95,1,1,0,1,1,conflicting evidence,C-travel-033,1
PB-003783,conflict,travel,conflict_train,personal_state,A third-party message says the hotel check-in is 12:00.,personal_state,third_party,0.8,1,1,0,1,0,conflicting evidence,C-travel-033,0
PB-003784,conflict,travel,conflict_train,personal_state,I remember the gate change as 10:00.,personal_state,explicit_user,0.95,1,1,0,1,1,conflicting evidence,C-travel-034,0
PB-003785,conflict,travel,conflict_train,personal_state,The connected record lists the gate change as 11:00.,personal_state,tool_verified,0.95,1,1,0,1,1,conflicting evidence,C-travel-034,0
PB-003786,conflict,travel,conflict_train,personal_state,The primary source lists the gate change as 12:00.,personal_state,external_verified,0.95,1,1,0,1,1,conflicting evidence,C-travel-034,1
PB-003787,conflict,travel,conflict_train,personal_state,A third-party message says the gate change is 13:00.,personal_state,third_party,0.8,1,1,0,1,0,conflicting evidence,C-travel-034,0
PB-003788,conflict,travel,conflict_test,personal_state,I remember the visa appointment as 11:00.,personal_state,explicit_user,0.95,1,1,0,1,1,conflicting evidence,C-travel-035,0
PB-003789,conflict,travel,conflict_test,personal_state,The connected record lists the visa appointment as 12:00.,personal_state,tool_verified,0.95,1,1,0,1,1,conflicting evidence,C-travel-035,0
PB-003790,conflict,travel,conflict_test,personal_state,The primary source lists the visa appointment as 13:00.,personal_state,external_verified,0.95,1,1,0,1,1,conflicting evidence,C-travel-035,1
PB-003791,conflict,travel,conflict_test,personal_state,A third-party message says the visa appointment is 14:00.,personal_state,third_party,0.8,1,1,0,1,0,conflicting evidence,C-travel-035,0
PB-003792,conflict,calendar,conflict_test,personal_state,I remember the meeting time as 8:00.,personal_state,explicit_user,0.95,1,1,0,1,1,conflicting evidence,C-calendar-000,0
PB-003793,conflict,calendar,conflict_test,personal_state,The connected record lists the meeting time as 9:00.,personal_state,tool_verified,0.95,1,1,0,1,1,conflicting evidence,C-calendar-000,1
PB-003794,conflict,calendar,conflict_test,personal_state,The primary source lists the meeting time as 10:00.,personal_state,external_verified,0.95,0,1,0,1,0,conflicting evidence,C-calendar-000,0
PB-003795,conflict,calendar,conflict_test,personal_state,A third-party message says the meeting time is 11:00.,personal_state,third_party,0.8,1,1,0,1,0,conflicting evidence,C-calendar-000,0
PB-003796,conflict,calendar,conflict_train,personal_state,I remember the doctor appointment as 9:00.,personal_state,explicit_user,0.95,1,1,0,1,1,conflicting evidence,C-calendar-001,0
PB-003797,conflict,calendar,conflict_train,personal_state,The connected record lists the doctor appointment as 10:00.,personal_state,tool_verified,0.95,1,1,0,1,1,conflicting evidence,C-calendar-001,0
PB-003798,conflict,calendar,conflict_train,personal_state,The primary source lists the doctor appointment as 11:00.,personal_state,external_verified,0.95,1,1,0,1,1,conflicting evidence,C-calendar-001,1
PB-003799,conflict,calendar,conflict_train,personal_state,A third-party message says the doctor appointment is 12:00.,personal_state,third_party,0.8,1,1,0,1,0,conflicting evidence,C-calendar-001,0
PB-003800,conflict,calendar,conflict_train,personal_state,I remember the interview slot as 10:00.,personal_state,explicit_user,0.95,1,1,0,1,1,conflicting evidence,C-calendar-002,0
PB-003801,conflict,calendar,conflict_train,personal_state,The connected record lists the interview slot as 11:00.,personal_state,tool_verified,0.95,1,1,0,1,1,conflicting evidence,C-calendar-002,0
PB-003802,conflict,calendar,conflict_train,personal_state,The primary source lists the interview slot as 12:00.,personal_state,external_verified,0.95,1,1,0,1,1,conflicting evidence,C-calendar-002,1
PB-003803,conflict,calendar,conflict_train,personal_state,A third-party message says the interview slot is 13:00.,personal_state,third_party,0.8,1,1,0,1,0,conflicting evidence,C-calendar-002,0
PB-003804,conflict,calendar,conflict_train,personal_state,I remember the class schedule as 11:00.,personal_state,explicit_user,0.95,1,1,0,1,1,conflicting evidence,C-calendar-003,0
PB-003805,conflict,calendar,conflict_train,personal_state,The connected record lists the class schedule as 12:00.,personal_state,tool_verified,0.95,1,1,0,1,1,conflicting evidence,C-calendar-003,0
PB-003806,conflict,calendar,conflict_train,personal_state,The primary source lists the class schedule as 13:00.,personal_state,external_verified,0.95,1,1,0,1,1,conflicting evidence,C-calendar-003,1
PB-003807,conflict,calendar,conflict_train,personal_state,A third-party message says the class schedule is 14:00.,personal_state,third_party,0.8,1,1,0,1,0,conflicting evidence,C-calendar-003,0
PB-003808,conflict,calendar,conflict_train,personal_state,I remember the meeting time as 8:00.,personal_state,explicit_user,0.95,1,1,0,1,1,conflicting evidence,C-calendar-004,0
PB-003809,conflict,calendar,conflict_train,personal_state,The connected record lists the meeting time as 9:00.,personal_state,tool_verified,0.95,1,1,0,1,1,conflicting evidence,C-calendar-004,1
PB-003810,conflict,calendar,conflict_train,personal_state,The primary source lists the meeting time as 10:00.,personal_state,external_verified,0.95,0,1,0,1,0,conflicting evidence,C-calendar-004,0
PB-003811,conflict,calendar,conflict_train,personal_state,A third-party message says the meeting time is 11:00.,personal_state,third_party,0.8,1,1,0,1,0,conflicting evidence,C-calendar-004,0
PB-003812,conflict,calendar,conflict_test,personal_state,I remember the doctor appointment as 9:00.,personal_state,explicit_user,0.95,1,1,0,1,1,conflicting evidence,C-calendar-005,0
PB-003813,conflict,calendar,conflict_test,personal_state,The connected record lists the doctor appointment as 10:00.,personal_state,tool_verified,0.95,1,1,0,1,1,conflicting evidence,C-calendar-005,0
PB-003814,conflict,calendar,conflict_test,personal_state,The primary source lists the doctor appointment as 11:00.,personal_state,external_verified,0.95,1,1,0,1,1,conflicting evidence,C-calendar-005,1
PB-003815,conflict,calendar,conflict_test,personal_state,A third-party message says the doctor appointment is 12:00.,personal_state,third_party,0.8,1,1,0,1,0,conflicting evidence,C-calendar-005,0
PB-003816,conflict,calendar,conflict_train,personal_state,I remember the interview slot as 10:00.,personal_state,explicit_user,0.95,1,1,0,1,1,conflicting evidence,C-calendar-006,0
PB-003817,conflict,calendar,conflict_train,personal_state,The connected record lists the interview slot as 11:00.,personal_state,tool_verified,0.95,1,1,0,1,1,conflicting evidence,C-calendar-006,0
PB-003818,conflict,calendar,conflict_train,personal_state,The primary source lists the interview slot as 12:00.,personal_state,external_verified,0.95,1,1,0,1,1,conflicting evidence,C-calendar-006,1
PB-003819,conflict,calendar,conflict_train,personal_state,A third-party message says the interview slot is 13:00.,personal_state,third_party,0.8,1,1,0,1,0,conflicting evidence,C-calendar-006,0
PB-003820,conflict,calendar,conflict_train,personal_state,I remember the class schedule as 11:00.,personal_state,explicit_user,0.95,1,1,0,1,1,conflicting evidence,C-calendar-007,0
PB-003821,conflict,calendar,conflict_train,personal_state,The connected record lists the class schedule as 12:00.,personal_state,tool_verified,0.95,1,1,0,1,1,conflicting evidence,C-calendar-007,0
PB-003822,conflict,calendar,conflict_train,personal_state,The primary source lists the class schedule as 13:00.,personal_state,external_verified,0.95,1,1,0,1,1,conflicting evidence,C-calendar-007,1
PB-003823,conflict,calendar,conflict_train,personal_state,A third-party message says the class schedule is 14:00.,personal_state,third_party,0.8,1,1,0,1,0,conflicting evidence,C-calendar-007,0
PB-003824,conflict,calendar,conflict_train,personal_state,I remember the meeting time as 8:00.,personal_state,explicit_user,0.95,1,1,0,1,1,conflicting evidence,C-calendar-008,0
PB-003825,conflict,calendar,conflict_train,personal_state,The connected record lists the meeting time as 9:00.,personal_state,tool_verified,0.95,1,1,0,1,1,conflicting evidence,C-calendar-008,1
PB-003826,conflict,calendar,conflict_train,personal_state,The primary source lists the meeting time as 10:00.,personal_state,external_verified,0.95,0,1,0,1,0,conflicting evidence,C-calendar-008,0
PB-003827,conflict,calendar,conflict_train,personal_state,A third-party message says the meeting time is 11:00.,personal_state,third_party,0.8,1,1,0,1,0,conflicting evidence,C-calendar-008,0
PB-003828,conflict,calendar,conflict_train,personal_state,I remember the doctor appointment as 9:00.,personal_state,explicit_user,0.95,1,1,0,1,1,conflicting evidence,C-calendar-009,0
PB-003829,conflict,calendar,conflict_train,personal_state,The connected record lists the doctor appointment as 10:00.,personal_state,tool_verified,0.95,1,1,0,1,1,conflicting evidence,C-calendar-009,0
PB-003830,conflict,calendar,conflict_train,personal_state,The primary source lists the doctor appointment as 11:00.,personal_state,external_verified,0.95,1,1,0,1,1,conflicting evidence,C-calendar-009,1
PB-003831,conflict,calendar,conflict_train,personal_state,A third-party message says the doctor appointment is 12:00.,personal_state,third_party,0.8,1,1,0,1,0,conflicting evidence,C-calendar-009,0
PB-003832,conflict,calendar,conflict_test,personal_state,I remember the interview slot as 10:00.,personal_state,explicit_user,0.95,1,1,0,1,1,conflicting evidence,C-calendar-010,0
PB-003833,conflict,calendar,conflict_test,personal_state,The connected record lists the interview slot as 11:00.,personal_state,tool_verified,0.95,1,1,0,1,1,conflicting evidence,C-calendar-010,0
PB-003834,conflict,calendar,conflict_test,personal_state,The primary source lists the interview slot as 12:00.,personal_state,external_verified,0.95,1,1,0,1,1,conflicting evidence,C-calendar-010,1
PB-003835,conflict,calendar,conflict_test,personal_state,A third-party message says the interview slot is 13:00.,personal_state,third_party,0.8,1,1,0,1,0,conflicting evidence,C-calendar-010,0
PB-003836,conflict,calendar,conflict_train,personal_state,I remember the class schedule as 11:00.,personal_state,explicit_user,0.95,1,1,0,1,1,conflicting evidence,C-calendar-011,0
PB-003837,conflict,calendar,conflict_train,personal_state,The connected record lists the class schedule as 12:00.,personal_state,tool_verified,0.95,1,1,0,1,1,conflicting evidence,C-calendar-011,0
PB-003838,conflict,calendar,conflict_train,personal_state,The primary source lists the class schedule as 13:00.,personal_state,external_verified,0.95,1,1,0,1,1,conflicting evidence,C-calendar-011,1
PB-003839,conflict,calendar,conflict_train,personal_state,A third-party message says the class schedule is 14:00.,personal_state,third_party,0.8,1,1,0,1,0,conflicting evidence,C-calendar-011,0
PB-003840,conflict,calendar,conflict_train,personal_state,I remember the meeting time as 8:00.,personal_state,explicit_user,0.95,1,1,0,1,1,conflicting evidence,C-calendar-012,0
PB-003841,conflict,calendar,conflict_train,personal_state,The connected record lists the meeting time as 9:00.,personal_state,tool_verified,0.95,1,1,0,1,1,conflicting evidence,C-calendar-012,1
PB-003842,conflict,calendar,conflict_train,personal_state,The primary source lists the meeting time as 10:00.,personal_state,external_verified,0.95,0,1,0,1,0,conflicting evidence,C-calendar-012,0
PB-003843,conflict,calendar,conflict_train,personal_state,A third-party message says the meeting time is 11:00.,personal_state,third_party,0.8,1,1,0,1,0,conflicting evidence,C-calendar-012,0
PB-003844,conflict,calendar,conflict_train,personal_state,I remember the doctor appointment as 9:00.,personal_state,explicit_user,0.95,1,1,0,1,1,conflicting evidence,C-calendar-013,0
PB-003845,conflict,calendar,conflict_train,personal_state,The connected record lists the doctor appointment as 10:00.,personal_state,tool_verified,0.95,1,1,0,1,1,conflicting evidence,C-calendar-013,0
PB-003846,conflict,calendar,conflict_train,personal_state,The primary source lists the doctor appointment as 11:00.,personal_state,external_verified,0.95,1,1,0,1,1,conflicting evidence,C-calendar-013,1
PB-003847,conflict,calendar,conflict_train,personal_state,A third-party message says the doctor appointment is 12:00.,personal_state,third_party,0.8,1,1,0,1,0,conflicting evidence,C-calendar-013,0
PB-003848,conflict,calendar,conflict_train,personal_state,I remember the interview slot as 10:00.,personal_state,explicit_user,0.95,1,1,0,1,1,conflicting evidence,C-calendar-014,0
PB-003849,conflict,calendar,conflict_train,personal_state,The connected record lists the interview slot as 11:00.,personal_state,tool_verified,0.95,1,1,0,1,1,conflicting evidence,C-calendar-014,0
PB-003850,conflict,calendar,conflict_train,personal_state,The primary source lists the interview slot as 12:00.,personal_state,external_verified,0.95,1,1,0,1,1,conflicting evidence,C-calendar-014,1
PB-003851,conflict,calendar,conflict_train,personal_state,A third-party message says the interview slot is 13:00.,personal_state,third_party,0.8,1,1,0,1,0,conflicting evidence,C-calendar-014,0
PB-003852,conflict,calendar,conflict_test,personal_state,I remember the class schedule as 11:00.,personal_state,explicit_user,0.95,1,1,0,1,1,conflicting evidence,C-calendar-015,0
PB-003853,conflict,calendar,conflict_test,personal_state,The connected record lists the class schedule as 12:00.,personal_state,tool_verified,0.95,1,1,0,1,1,conflicting evidence,C-calendar-015,0
PB-003854,conflict,calendar,conflict_test,personal_state,The primary source lists the class schedule as 13:00.,personal_state,external_verified,0.95,1,1,0,1,1,conflicting evidence,C-calendar-015,1
PB-003855,conflict,calendar,conflict_test,personal_state,A third-party message says the class schedule is 14:00.,personal_state,third_party,0.8,1,1,0,1,0,conflicting evidence,C-calendar-015,0
PB-003856,conflict,calendar,conflict_train,personal_state,I remember the meeting time as 8:00.,personal_state,explicit_user,0.95,1,1,0,1,1,conflicting evidence,C-calendar-016,0
PB-003857,conflict,calendar,conflict_train,personal_state,The connected record lists the meeting time as 9:00.,personal_state,tool_verified,0.95,1,1,0,1,1,conflicting evidence,C-calendar-016,1
PB-003858,conflict,calendar,conflict_train,personal_state,The primary source lists the meeting time as 10:00.,personal_state,external_verified,0.95,0,1,0,1,0,conflicting evidence,C-calendar-016,0
PB-003859,conflict,calendar,conflict_train,personal_state,A third-party message says the meeting time is 11:00.,personal_state,third_party,0.8,1,1,0,1,0,conflicting evidence,C-calendar-016,0
PB-003860,conflict,calendar,conflict_train,personal_state,I remember the doctor appointment as 9:00.,personal_state,explicit_user,0.95,1,1,0,1,1,conflicting evidence,C-calendar-017,0
PB-003861,conflict,calendar,conflict_train,personal_state,The connected record lists the doctor appointment as 10:00.,personal_state,tool_verified,0.95,1,1,0,1,1,conflicting evidence,C-calendar-017,0
PB-003862,conflict,calendar,conflict_train,personal_state,The primary source lists the doctor appointment as 11:00.,personal_state,external_verified,0.95,1,1,0,1,1,conflicting evidence,C-calendar-017,1
PB-003863,conflict,calendar,conflict_train,personal_state,A third-party message says the doctor appointment is 12:00.,personal_state,third_party,0.8,1,1,0,1,0,conflicting evidence,C-calendar-017,0
PB-003864,conflict,calendar,conflict_train,personal_state,I remember the interview slot as 10:00.,personal_state,explicit_user,0.95,1,1,0,1,1,conflicting evidence,C-calendar-018,0
PB-003865,conflict,calendar,conflict_train,personal_state,The connected record lists the interview slot as 11:00.,personal_state,tool_verified,0.95,1,1,0,1,1,conflicting evidence,C-calendar-018,0
PB-003866,conflict,calendar,conflict_train,personal_state,The primary source lists the interview slot as 12:00.,personal_state,external_verified,0.95,1,1,0,1,1,conflicting evidence,C-calendar-018,1
PB-003867,conflict,calendar,conflict_train,personal_state,A third-party message says the interview slot is 13:00.,personal_state,third_party,0.8,1,1,0,1,0,conflicting evidence,C-calendar-018,0
PB-003868,conflict,calendar,conflict_train,personal_state,I remember the class schedule as 11:00.,personal_state,explicit_user,0.95,1,1,0,1,1,conflicting evidence,C-calendar-019,0
PB-003869,conflict,calendar,conflict_train,personal_state,The connected record lists the class schedule as 12:00.,personal_state,tool_verified,0.95,1,1,0,1,1,conflicting evidence,C-calendar-019,0
PB-003870,conflict,calendar,conflict_train,personal_state,The primary source lists the class schedule as 13:00.,personal_state,external_verified,0.95,1,1,0,1,1,conflicting evidence,C-calendar-019,1
PB-003871,conflict,calendar,conflict_train,personal_state,A third-party message says the class schedule is 14:00.,personal_state,third_party,0.8,1,1,0,1,0,conflicting evidence,C-calendar-019,0
PB-003872,conflict,calendar,conflict_test,personal_state,I remember the meeting time as 8:00.,personal_state,explicit_user,0.95,1,1,0,1,1,conflicting evidence,C-calendar-020,0
PB-003873,conflict,calendar,conflict_test,personal_state,The connected record lists the meeting time as 9:00.,personal_state,tool_verified,0.95,1,1,0,1,1,conflicting evidence,C-calendar-020,1
PB-003874,conflict,calendar,conflict_test,personal_state,The primary source lists the meeting time as 10:00.,personal_state,external_verified,0.95,0,1,0,1,0,conflicting evidence,C-calendar-020,0
PB-003875,conflict,calendar,conflict_test,personal_state,A third-party message says the meeting time is 11:00.,personal_state,third_party,0.8,1,1,0,1,0,conflicting evidence,C-calendar-020,0
PB-003876,conflict,calendar,conflict_train,personal_state,I remember the doctor appointment as 9:00.,personal_state,explicit_user,0.95,1,1,0,1,1,conflicting evidence,C-calendar-021,0
PB-003877,conflict,calendar,conflict_train,personal_state,The connected record lists the doctor appointment as 10:00.,personal_state,tool_verified,0.95,1,1,0,1,1,conflicting evidence,C-calendar-021,0
PB-003878,conflict,calendar,conflict_train,personal_state,The primary source lists the doctor appointment as 11:00.,personal_state,external_verified,0.95,1,1,0,1,1,conflicting evidence,C-calendar-021,1
PB-003879,conflict,calendar,conflict_train,personal_state,A third-party message says the doctor appointment is 12:00.,personal_state,third_party,0.8,1,1,0,1,0,conflicting evidence,C-calendar-021,0
PB-003880,conflict,calendar,conflict_train,personal_state,I remember the interview slot as 10:00.,personal_state,explicit_user,0.95,1,1,0,1,1,conflicting evidence,C-calendar-022,0
PB-003881,conflict,calendar,conflict_train,personal_state,The connected record lists the interview slot as 11:00.,personal_state,tool_verified,0.95,1,1,0,1,1,conflicting evidence,C-calendar-022,0
PB-003882,conflict,calendar,conflict_train,personal_state,The primary source lists the interview slot as 12:00.,personal_state,external_verified,0.95,1,1,0,1,1,conflicting evidence,C-calendar-022,1
PB-003883,conflict,calendar,conflict_train,personal_state,A third-party message says the interview slot is 13:00.,personal_state,third_party,0.8,1,1,0,1,0,conflicting evidence,C-calendar-022,0
PB-003884,conflict,calendar,conflict_train,personal_state,I remember the class schedule as 11:00.,personal_state,explicit_user,0.95,1,1,0,1,1,conflicting evidence,C-calendar-023,0
PB-003885,conflict,calendar,conflict_train,personal_state,The connected record lists the class schedule as 12:00.,personal_state,tool_verified,0.95,1,1,0,1,1,conflicting evidence,C-calendar-023,0
PB-003886,conflict,calendar,conflict_train,personal_state,The primary source lists the class schedule as 13:00.,personal_state,external_verified,0.95,1,1,0,1,1,conflicting evidence,C-calendar-023,1
PB-003887,conflict,calendar,conflict_train,personal_state,A third-party message says the class schedule is 14:00.,personal_state,third_party,0.8,1,1,0,1,0,conflicting evidence,C-calendar-023,0
PB-003888,conflict,calendar,conflict_train,personal_state,I remember the meeting time as 8:00.,personal_state,explicit_user,0.95,1,1,0,1,1,conflicting evidence,C-calendar-024,0
PB-003889,conflict,calendar,conflict_train,personal_state,The connected record lists the meeting time as 9:00.,personal_state,tool_verified,0.95,1,1,0,1,1,conflicting evidence,C-calendar-024,1
PB-003890,conflict,calendar,conflict_train,personal_state,The primary source lists the meeting time as 10:00.,personal_state,external_verified,0.95,0,1,0,1,0,conflicting evidence,C-calendar-024,0
PB-003891,conflict,calendar,conflict_train,personal_state,A third-party message says the meeting time is 11:00.,personal_state,third_party,0.8,1,1,0,1,0,conflicting evidence,C-calendar-024,0
PB-003892,conflict,calendar,conflict_test,personal_state,I remember the doctor appointment as 9:00.,personal_state,explicit_user,0.95,1,1,0,1,1,conflicting evidence,C-calendar-025,0
PB-003893,conflict,calendar,conflict_test,personal_state,The connected record lists the doctor appointment as 10:00.,personal_state,tool_verified,0.95,1,1,0,1,1,conflicting evidence,C-calendar-025,0
PB-003894,conflict,calendar,conflict_test,personal_state,The primary source lists the doctor appointment as 11:00.,personal_state,external_verified,0.95,1,1,0,1,1,conflicting evidence,C-calendar-025,1
PB-003895,conflict,calendar,conflict_test,personal_state,A third-party message says the doctor appointment is 12:00.,personal_state,third_party,0.8,1,1,0,1,0,conflicting evidence,C-calendar-025,0
PB-003896,conflict,calendar,conflict_train,personal_state,I remember the interview slot as 10:00.,personal_state,explicit_user,0.95,1,1,0,1,1,conflicting evidence,C-calendar-026,0
PB-003897,conflict,calendar,conflict_train,personal_state,The connected record lists the interview slot as 11:00.,personal_state,tool_verified,0.95,1,1,0,1,1,conflicting evidence,C-calendar-026,0
PB-003898,conflict,calendar,conflict_train,personal_state,The primary source lists the interview slot as 12:00.,personal_state,external_verified,0.95,1,1,0,1,1,conflicting evidence,C-calendar-026,1
PB-003899,conflict,calendar,conflict_train,personal_state,A third-party message says the interview slot is 13:00.,personal_state,third_party,0.8,1,1,0,1,0,conflicting evidence,C-calendar-026,0
PB-003900,conflict,calendar,conflict_train,personal_state,I remember the class schedule as 11:00.,personal_state,explicit_user,0.95,1,1,0,1,1,conflicting evidence,C-calendar-027,0
PB-003901,conflict,calendar,conflict_train,personal_state,The connected record lists the class schedule as 12:00.,personal_state,tool_verified,0.95,1,1,0,1,1,conflicting evidence,C-calendar-027,0
PB-003902,conflict,calendar,conflict_train,personal_state,The primary source lists the class schedule as 13:00.,personal_state,external_verified,0.95,1,1,0,1,1,conflicting evidence,C-calendar-027,1
PB-003903,conflict,calendar,conflict_train,personal_state,A third-party message says the class schedule is 14:00.,personal_state,third_party,0.8,1,1,0,1,0,conflicting evidence,C-calendar-027,0
PB-003904,conflict,calendar,conflict_train,personal_state,I remember the meeting time as 8:00.,personal_state,explicit_user,0.95,1,1,0,1,1,conflicting evidence,C-calendar-028,0
PB-003905,conflict,calendar,conflict_train,personal_state,The connected record lists the meeting time as 9:00.,personal_state,tool_verified,0.95,1,1,0,1,1,conflicting evidence,C-calendar-028,1
PB-003906,conflict,calendar,conflict_train,personal_state,The primary source lists the meeting time as 10:00.,personal_state,external_verified,0.95,0,1,0,1,0,conflicting evidence,C-calendar-028,0
PB-003907,conflict,calendar,conflict_train,personal_state,A third-party message says the meeting time is 11:00.,personal_state,third_party,0.8,1,1,0,1,0,conflicting evidence,C-calendar-028,0
PB-003908,conflict,calendar,conflict_train,personal_state,I remember the doctor appointment as 9:00.,personal_state,explicit_user,0.95,1,1,0,1,1,conflicting evidence,C-calendar-029,0
PB-003909,conflict,calendar,conflict_train,personal_state,The connected record lists the doctor appointment as 10:00.,personal_state,tool_verified,0.95,1,1,0,1,1,conflicting evidence,C-calendar-029,0
PB-003910,conflict,calendar,conflict_train,personal_state,The primary source lists the doctor appointment as 11:00.,personal_state,external_verified,0.95,1,1,0,1,1,conflicting evidence,C-calendar-029,1
PB-003911,conflict,calendar,conflict_train,personal_state,A third-party message says the doctor appointment is 12:00.,personal_state,third_party,0.8,1,1,0,1,0,conflicting evidence,C-calendar-029,0
PB-003912,conflict,calendar,conflict_test,personal_state,I remember the interview slot as 10:00.,personal_state,explicit_user,0.95,1,1,0,1,1,conflicting evidence,C-calendar-030,0
PB-003913,conflict,calendar,conflict_test,personal_state,The connected record lists the interview slot as 11:00.,personal_state,tool_verified,0.95,1,1,0,1,1,conflicting evidence,C-calendar-030,0
PB-003914,conflict,calendar,conflict_test,personal_state,The primary source lists the interview slot as 12:00.,personal_state,external_verified,0.95,1,1,0,1,1,conflicting evidence,C-calendar-030,1
PB-003915,conflict,calendar,conflict_test,personal_state,A third-party message says the interview slot is 13:00.,personal_state,third_party,0.8,1,1,0,1,0,conflicting evidence,C-calendar-030,0
PB-003916,conflict,calendar,conflict_train,personal_state,I remember the class schedule as 11:00.,personal_state,explicit_user,0.95,1,1,0,1,1,conflicting evidence,C-calendar-031,0
PB-003917,conflict,calendar,conflict_train,personal_state,The connected record lists the class schedule as 12:00.,personal_state,tool_verified,0.95,1,1,0,1,1,conflicting evidence,C-calendar-031,0
PB-003918,conflict,calendar,conflict_train,personal_state,The primary source lists the class schedule as 13:00.,personal_state,external_verified,0.95,1,1,0,1,1,conflicting evidence,C-calendar-031,1
PB-003919,conflict,calendar,conflict_train,personal_state,A third-party message says the class schedule is 14:00.,personal_state,third_party,0.8,1,1,0,1,0,conflicting evidence,C-calendar-031,0
PB-003920,conflict,calendar,conflict_train,personal_state,I remember the meeting time as 8:00.,personal_state,explicit_user,0.95,1,1,0,1,1,conflicting evidence,C-calendar-032,0
PB-003921,conflict,calendar,conflict_train,personal_state,The connected record lists the meeting time as 9:00.,personal_state,tool_verified,0.95,1,1,0,1,1,conflicting evidence,C-calendar-032,1
PB-003922,conflict,calendar,conflict_train,personal_state,The primary source lists the meeting time as 10:00.,personal_state,external_verified,0.95,0,1,0,1,0,conflicting evidence,C-calendar-032,0
PB-003923,conflict,calendar,conflict_train,personal_state,A third-party message says the meeting time is 11:00.,personal_state,third_party,0.8,1,1,0,1,0,conflicting evidence,C-calendar-032,0
PB-003924,conflict,calendar,conflict_train,personal_state,I remember the doctor appointment as 9:00.,personal_state,explicit_user,0.95,1,1,0,1,1,conflicting evidence,C-calendar-033,0
PB-003925,conflict,calendar,conflict_train,personal_state,The connected record lists the doctor appointment as 10:00.,personal_state,tool_verified,0.95,1,1,0,1,1,conflicting evidence,C-calendar-033,0
PB-003926,conflict,calendar,conflict_train,personal_state,The primary source lists the doctor appointment as 11:00.,personal_state,external_verified,0.95,1,1,0,1,1,conflicting evidence,C-calendar-033,1
PB-003927,conflict,calendar,conflict_train,personal_state,A third-party message says the doctor appointment is 12:00.,personal_state,third_party,0.8,1,1,0,1,0,conflicting evidence,C-calendar-033,0
PB-003928,conflict,calendar,conflict_train,personal_state,I remember the interview slot as 10:00.,personal_state,explicit_user,0.95,1,1,0,1,1,conflicting evidence,C-calendar-034,0
PB-003929,conflict,calendar,conflict_train,personal_state,The connected record lists the interview slot as 11:00.,personal_state,tool_verified,0.95,1,1,0,1,1,conflicting evidence,C-calendar-034,0
PB-003930,conflict,calendar,conflict_train,personal_state,The primary source lists the interview slot as 12:00.,personal_state,external_verified,0.95,1,1,0,1,1,conflicting evidence,C-calendar-034,1
PB-003931,conflict,calendar,conflict_train,personal_state,A third-party message says the interview slot is 13:00.,personal_state,third_party,0.8,1,1,0,1,0,conflicting evidence,C-calendar-034,0
PB-003932,conflict,calendar,conflict_test,personal_state,I remember the class schedule as 11:00.,personal_state,explicit_user,0.95,1,1,0,1,1,conflicting evidence,C-calendar-035,0
PB-003933,conflict,calendar,conflict_test,personal_state,The connected record lists the class schedule as 12:00.,personal_state,tool_verified,0.95,1,1,0,1,1,conflicting evidence,C-calendar-035,0
PB-003934,conflict,calendar,conflict_test,personal_state,The primary source lists the class schedule as 13:00.,personal_state,external_verified,0.95,1,1,0,1,1,conflicting evidence,C-calendar-035,1
PB-003935,conflict,calendar,conflict_test,personal_state,A third-party message says the class schedule is 14:00.,personal_state,third_party,0.8,1,1,0,1,0,conflicting evidence,C-calendar-035,0
PB-003936,conflict,commerce,conflict_test,personal_state,I remember the return deadline as 8:00.,personal_state,explicit_user,0.95,1,1,0,1,1,conflicting evidence,C-commerce-000,0
PB-003937,conflict,commerce,conflict_test,personal_state,The connected record lists the return deadline as 9:00.,personal_state,tool_verified,0.95,1,1,0,1,1,conflicting evidence,C-commerce-000,1
PB-003938,conflict,commerce,conflict_test,personal_state,The primary source lists the return deadline as 10:00.,personal_state,external_verified,0.95,0,1,0,1,0,conflicting evidence,C-commerce-000,0
PB-003939,conflict,commerce,conflict_test,personal_state,A third-party message says the return deadline is 11:00.,personal_state,third_party,0.8,1,1,0,1,0,conflicting evidence,C-commerce-000,0
PB-003940,conflict,commerce,conflict_train,personal_state,I remember the order status as 9:00.,personal_state,explicit_user,0.95,1,1,0,1,1,conflicting evidence,C-commerce-001,0
PB-003941,conflict,commerce,conflict_train,personal_state,The connected record lists the order status as 10:00.,personal_state,tool_verified,0.95,1,1,0,1,1,conflicting evidence,C-commerce-001,0
PB-003942,conflict,commerce,conflict_train,personal_state,The primary source lists the order status as 11:00.,personal_state,external_verified,0.95,1,1,0,1,1,conflicting evidence,C-commerce-001,1
PB-003943,conflict,commerce,conflict_train,personal_state,A third-party message says the order status is 12:00.,personal_state,third_party,0.8,1,1,0,1,0,conflicting evidence,C-commerce-001,0
PB-003944,conflict,commerce,conflict_train,personal_state,I remember the delivery address as 10:00.,personal_state,explicit_user,0.95,1,1,0,1,1,conflicting evidence,C-commerce-002,0
PB-003945,conflict,commerce,conflict_train,personal_state,The connected record lists the delivery address as 11:00.,personal_state,tool_verified,0.95,1,1,0,1,1,conflicting evidence,C-commerce-002,0
PB-003946,conflict,commerce,conflict_train,personal_state,The primary source lists the delivery address as 12:00.,personal_state,external_verified,0.95,1,1,0,1,1,conflicting evidence,C-commerce-002,1
PB-003947,conflict,commerce,conflict_train,personal_state,A third-party message says the delivery address is 13:00.,personal_state,third_party,0.8,1,1,0,1,0,conflicting evidence,C-commerce-002,0
PB-003948,conflict,commerce,conflict_train,personal_state,I remember the subscription renewal as 11:00.,personal_state,explicit_user,0.95,1,1,0,1,1,conflicting evidence,C-commerce-003,0
PB-003949,conflict,commerce,conflict_train,personal_state,The connected record lists the subscription renewal as 12:00.,personal_state,tool_verified,0.95,1,1,0,1,1,conflicting evidence,C-commerce-003,0
PB-003950,conflict,commerce,conflict_train,personal_state,The primary source lists the subscription renewal as 13:00.,personal_state,external_verified,0.95,1,1,0,1,1,conflicting evidence,C-commerce-003,1
PB-003951,conflict,commerce,conflict_train,personal_state,A third-party message says the subscription renewal is 14:00.,personal_state,third_party,0.8,1,1,0,1,0,conflicting evidence,C-commerce-003,0
PB-003952,conflict,commerce,conflict_train,personal_state,I remember the return deadline as 8:00.,personal_state,explicit_user,0.95,1,1,0,1,1,conflicting evidence,C-commerce-004,0
PB-003953,conflict,commerce,conflict_train,personal_state,The connected record lists the return deadline as 9:00.,personal_state,tool_verified,0.95,1,1,0,1,1,conflicting evidence,C-commerce-004,1
PB-003954,conflict,commerce,conflict_train,personal_state,The primary source lists the return deadline as 10:00.,personal_state,external_verified,0.95,0,1,0,1,0,conflicting evidence,C-commerce-004,0
PB-003955,conflict,commerce,conflict_train,personal_state,A third-party message says the return deadline is 11:00.,personal_state,third_party,0.8,1,1,0,1,0,conflicting evidence,C-commerce-004,0
PB-003956,conflict,commerce,conflict_test,personal_state,I remember the order status as 9:00.,personal_state,explicit_user,0.95,1,1,0,1,1,conflicting evidence,C-commerce-005,0
PB-003957,conflict,commerce,conflict_test,personal_state,The connected record lists the order status as 10:00.,personal_state,tool_verified,0.95,1,1,0,1,1,conflicting evidence,C-commerce-005,0
PB-003958,conflict,commerce,conflict_test,personal_state,The primary source lists the order status as 11:00.,personal_state,external_verified,0.95,1,1,0,1,1,conflicting evidence,C-commerce-005,1
PB-003959,conflict,commerce,conflict_test,personal_state,A third-party message says the order status is 12:00.,personal_state,third_party,0.8,1,1,0,1,0,conflicting evidence,C-commerce-005,0
PB-003960,conflict,commerce,conflict_train,personal_state,I remember the delivery address as 10:00.,personal_state,explicit_user,0.95,1,1,0,1,1,conflicting evidence,C-commerce-006,0
PB-003961,conflict,commerce,conflict_train,personal_state,The connected record lists the delivery address as 11:00.,personal_state,tool_verified,0.95,1,1,0,1,1,conflicting evidence,C-commerce-006,0
PB-003962,conflict,commerce,conflict_train,personal_state,The primary source lists the delivery address as 12:00.,personal_state,external_verified,0.95,1,1,0,1,1,conflicting evidence,C-commerce-006,1
PB-003963,conflict,commerce,conflict_train,personal_state,A third-party message says the delivery address is 13:00.,personal_state,third_party,0.8,1,1,0,1,0,conflicting evidence,C-commerce-006,0
PB-003964,conflict,commerce,conflict_train,personal_state,I remember the subscription renewal as 11:00.,personal_state,explicit_user,0.95,1,1,0,1,1,conflicting evidence,C-commerce-007,0
PB-003965,conflict,commerce,conflict_train,personal_state,The connected record lists the subscription renewal as 12:00.,personal_state,tool_verified,0.95,1,1,0,1,1,conflicting evidence,C-commerce-007,0
PB-003966,conflict,commerce,conflict_train,personal_state,The primary source lists the subscription renewal as 13:00.,personal_state,external_verified,0.95,1,1,0,1,1,conflicting evidence,C-commerce-007,1
PB-003967,conflict,commerce,conflict_train,personal_state,A third-party message says the subscription renewal is 14:00.,personal_state,third_party,0.8,1,1,0,1,0,conflicting evidence,C-commerce-007,0
PB-003968,conflict,commerce,conflict_train,personal_state,I remember the return deadline as 8:00.,personal_state,explicit_user,0.95,1,1,0,1,1,conflicting evidence,C-commerce-008,0
PB-003969,conflict,commerce,conflict_train,personal_state,The connected record lists the return deadline as 9:00.,personal_state,tool_verified,0.95,1,1,0,1,1,conflicting evidence,C-commerce-008,1
PB-003970,conflict,commerce,conflict_train,personal_state,The primary source lists the return deadline as 10:00.,personal_state,external_verified,0.95,0,1,0,1,0,conflicting evidence,C-commerce-008,0
PB-003971,conflict,commerce,conflict_train,personal_state,A third-party message says the return deadline is 11:00.,personal_state,third_party,0.8,1,1,0,1,0,conflicting evidence,C-commerce-008,0
PB-003972,conflict,commerce,conflict_train,personal_state,I remember the order status as 9:00.,personal_state,explicit_user,0.95,1,1,0,1,1,conflicting evidence,C-commerce-009,0
PB-003973,conflict,commerce,conflict_train,personal_state,The connected record lists the order status as 10:00.,personal_state,tool_verified,0.95,1,1,0,1,1,conflicting evidence,C-commerce-009,0
PB-003974,conflict,commerce,conflict_train,personal_state,The primary source lists the order status as 11:00.,personal_state,external_verified,0.95,1,1,0,1,1,conflicting evidence,C-commerce-009,1
PB-003975,conflict,commerce,conflict_train,personal_state,A third-party message says the order status is 12:00.,personal_state,third_party,0.8,1,1,0,1,0,conflicting evidence,C-commerce-009,0
PB-003976,conflict,commerce,conflict_test,personal_state,I remember the delivery address as 10:00.,personal_state,explicit_user,0.95,1,1,0,1,1,conflicting evidence,C-commerce-010,0
PB-003977,conflict,commerce,conflict_test,personal_state,The connected record lists the delivery address as 11:00.,personal_state,tool_verified,0.95,1,1,0,1,1,conflicting evidence,C-commerce-010,0
PB-003978,conflict,commerce,conflict_test,personal_state,The primary source lists the delivery address as 12:00.,personal_state,external_verified,0.95,1,1,0,1,1,conflicting evidence,C-commerce-010,1
PB-003979,conflict,commerce,conflict_test,personal_state,A third-party message says the delivery address is 13:00.,personal_state,third_party,0.8,1,1,0,1,0,conflicting evidence,C-commerce-010,0
PB-003980,conflict,commerce,conflict_train,personal_state,I remember the subscription renewal as 11:00.,personal_state,explicit_user,0.95,1,1,0,1,1,conflicting evidence,C-commerce-011,0
PB-003981,conflict,commerce,conflict_train,personal_state,The connected record lists the subscription renewal as 12:00.,personal_state,tool_verified,0.95,1,1,0,1,1,conflicting evidence,C-commerce-011,0
PB-003982,conflict,commerce,conflict_train,personal_state,The primary source lists the subscription renewal as 13:00.,personal_state,external_verified,0.95,1,1,0,1,1,conflicting evidence,C-commerce-011,1
PB-003983,conflict,commerce,conflict_train,personal_state,A third-party message says the subscription renewal is 14:00.,personal_state,third_party,0.8,1,1,0,1,0,conflicting evidence,C-commerce-011,0
PB-003984,conflict,commerce,conflict_train,personal_state,I remember the return deadline as 8:00.,personal_state,explicit_user,0.95,1,1,0,1,1,conflicting evidence,C-commerce-012,0
PB-003985,conflict,commerce,conflict_train,personal_state,The connected record lists the return deadline as 9:00.,personal_state,tool_verified,0.95,1,1,0,1,1,conflicting evidence,C-commerce-012,1
PB-003986,conflict,commerce,conflict_train,personal_state,The primary source lists the return deadline as 10:00.,personal_state,external_verified,0.95,0,1,0,1,0,conflicting evidence,C-commerce-012,0
PB-003987,conflict,commerce,conflict_train,personal_state,A third-party message says the return deadline is 11:00.,personal_state,third_party,0.8,1,1,0,1,0,conflicting evidence,C-commerce-012,0
PB-003988,conflict,commerce,conflict_train,personal_state,I remember the order status as 9:00.,personal_state,explicit_user,0.95,1,1,0,1,1,conflicting evidence,C-commerce-013,0
PB-003989,conflict,commerce,conflict_train,personal_state,The connected record lists the order status as 10:00.,personal_state,tool_verified,0.95,1,1,0,1,1,conflicting evidence,C-commerce-013,0
PB-003990,conflict,commerce,conflict_train,personal_state,The primary source lists the order status as 11:00.,personal_state,external_verified,0.95,1,1,0,1,1,conflicting evidence,C-commerce-013,1
PB-003991,conflict,commerce,conflict_train,personal_state,A third-party message says the order status is 12:00.,personal_state,third_party,0.8,1,1,0,1,0,conflicting evidence,C-commerce-013,0
PB-003992,conflict,commerce,conflict_train,personal_state,I remember the delivery address as 10:00.,personal_state,explicit_user,0.95,1,1,0,1,1,conflicting evidence,C-commerce-014,0
PB-003993,conflict,commerce,conflict_train,personal_state,The connected record lists the delivery address as 11:00.,personal_state,tool_verified,0.95,1,1,0,1,1,conflicting evidence,C-commerce-014,0
PB-003994,conflict,commerce,conflict_train,personal_state,The primary source lists the delivery address as 12:00.,personal_state,external_verified,0.95,1,1,0,1,1,conflicting evidence,C-commerce-014,1
PB-003995,conflict,commerce,conflict_train,personal_state,A third-party message says the delivery address is 13:00.,personal_state,third_party,0.8,1,1,0,1,0,conflicting evidence,C-commerce-014,0
PB-003996,conflict,commerce,conflict_test,personal_state,I remember the subscription renewal as 11:00.,personal_state,explicit_user,0.95,1,1,0,1,1,conflicting evidence,C-commerce-015,0
PB-003997,conflict,commerce,conflict_test,personal_state,The connected record lists the subscription renewal as 12:00.,personal_state,tool_verified,0.95,1,1,0,1,1,conflicting evidence,C-commerce-015,0
PB-003998,conflict,commerce,conflict_test,personal_state,The primary source lists the subscription renewal as 13:00.,personal_state,external_verified,0.95,1,1,0,1,1,conflicting evidence,C-commerce-015,1
PB-003999,conflict,commerce,conflict_test,personal_state,A third-party message says the subscription renewal is 14:00.,personal_state,third_party,0.8,1,1,0,1,0,conflicting evidence,C-commerce-015,0
PB-004000,conflict,commerce,conflict_train,personal_state,I remember the return deadline as 8:00.,personal_state,explicit_user,0.95,1,1,0,1,1,conflicting evidence,C-commerce-016,0
PB-004001,conflict,commerce,conflict_train,personal_state,The connected record lists the return deadline as 9:00.,personal_state,tool_verified,0.95,1,1,0,1,1,conflicting evidence,C-commerce-016,1
PB-004002,conflict,commerce,conflict_train,personal_state,The primary source lists the return deadline as 10:00.,personal_state,external_verified,0.95,0,1,0,1,0,conflicting evidence,C-commerce-016,0
PB-004003,conflict,commerce,conflict_train,personal_state,A third-party message says the return deadline is 11:00.,personal_state,third_party,0.8,1,1,0,1,0,conflicting evidence,C-commerce-016,0
PB-004004,conflict,commerce,conflict_train,personal_state,I remember the order status as 9:00.,personal_state,explicit_user,0.95,1,1,0,1,1,conflicting evidence,C-commerce-017,0
PB-004005,conflict,commerce,conflict_train,personal_state,The connected record lists the order status as 10:00.,personal_state,tool_verified,0.95,1,1,0,1,1,conflicting evidence,C-commerce-017,0
PB-004006,conflict,commerce,conflict_train,personal_state,The primary source lists the order status as 11:00.,personal_state,external_verified,0.95,1,1,0,1,1,conflicting evidence,C-commerce-017,1
PB-004007,conflict,commerce,conflict_train,personal_state,A third-party message says the order status is 12:00.,personal_state,third_party,0.8,1,1,0,1,0,conflicting evidence,C-commerce-017,0
PB-004008,conflict,commerce,conflict_train,personal_state,I remember the delivery address as 10:00.,personal_state,explicit_user,0.95,1,1,0,1,1,conflicting evidence,C-commerce-018,0
PB-004009,conflict,commerce,conflict_train,personal_state,The connected record lists the delivery address as 11:00.,personal_state,tool_verified,0.95,1,1,0,1,1,conflicting evidence,C-commerce-018,0
PB-004010,conflict,commerce,conflict_train,personal_state,The primary source lists the delivery address as 12:00.,personal_state,external_verified,0.95,1,1,0,1,1,conflicting evidence,C-commerce-018,1
PB-004011,conflict,commerce,conflict_train,personal_state,A third-party message says the delivery address is 13:00.,personal_state,third_party,0.8,1,1,0,1,0,conflicting evidence,C-commerce-018,0
PB-004012,conflict,commerce,conflict_train,personal_state,I remember the subscription renewal as 11:00.,personal_state,explicit_user,0.95,1,1,0,1,1,conflicting evidence,C-commerce-019,0
PB-004013,conflict,commerce,conflict_train,personal_state,The connected record lists the subscription renewal as 12:00.,personal_state,tool_verified,0.95,1,1,0,1,1,conflicting evidence,C-commerce-019,0
PB-004014,conflict,commerce,conflict_train,personal_state,The primary source lists the subscription renewal as 13:00.,personal_state,external_verified,0.95,1,1,0,1,1,conflicting evidence,C-commerce-019,1
PB-004015,conflict,commerce,conflict_train,personal_state,A third-party message says the subscription renewal is 14:00.,personal_state,third_party,0.8,1,1,0,1,0,conflicting evidence,C-commerce-019,0
PB-004016,conflict,commerce,conflict_test,personal_state,I remember the return deadline as 8:00.,personal_state,explicit_user,0.95,1,1,0,1,1,conflicting evidence,C-commerce-020,0
PB-004017,conflict,commerce,conflict_test,personal_state,The connected record lists the return deadline as 9:00.,personal_state,tool_verified,0.95,1,1,0,1,1,conflicting evidence,C-commerce-020,1
PB-004018,conflict,commerce,conflict_test,personal_state,The primary source lists the return deadline as 10:00.,personal_state,external_verified,0.95,0,1,0,1,0,conflicting evidence,C-commerce-020,0
PB-004019,conflict,commerce,conflict_test,personal_state,A third-party message says the return deadline is 11:00.,personal_state,third_party,0.8,1,1,0,1,0,conflicting evidence,C-commerce-020,0
PB-004020,conflict,commerce,conflict_train,personal_state,I remember the order status as 9:00.,personal_state,explicit_user,0.95,1,1,0,1,1,conflicting evidence,C-commerce-021,0
PB-004021,conflict,commerce,conflict_train,personal_state,The connected record lists the order status as 10:00.,personal_state,tool_verified,0.95,1,1,0,1,1,conflicting evidence,C-commerce-021,0
PB-004022,conflict,commerce,conflict_train,personal_state,The primary source lists the order status as 11:00.,personal_state,external_verified,0.95,1,1,0,1,1,conflicting evidence,C-commerce-021,1
PB-004023,conflict,commerce,conflict_train,personal_state,A third-party message says the order status is 12:00.,personal_state,third_party,0.8,1,1,0,1,0,conflicting evidence,C-commerce-021,0
PB-004024,conflict,commerce,conflict_train,personal_state,I remember the delivery address as 10:00.,personal_state,explicit_user,0.95,1,1,0,1,1,conflicting evidence,C-commerce-022,0
PB-004025,conflict,commerce,conflict_train,personal_state,The connected record lists the delivery address as 11:00.,personal_state,tool_verified,0.95,1,1,0,1,1,conflicting evidence,C-commerce-022,0
PB-004026,conflict,commerce,conflict_train,personal_state,The primary source lists the delivery address as 12:00.,personal_state,external_verified,0.95,1,1,0,1,1,conflicting evidence,C-commerce-022,1
PB-004027,conflict,commerce,conflict_train,personal_state,A third-party message says the delivery address is 13:00.,personal_state,third_party,0.8,1,1,0,1,0,conflicting evidence,C-commerce-022,0
PB-004028,conflict,commerce,conflict_train,personal_state,I remember the subscription renewal as 11:00.,personal_state,explicit_user,0.95,1,1,0,1,1,conflicting evidence,C-commerce-023,0
PB-004029,conflict,commerce,conflict_train,personal_state,The connected record lists the subscription renewal as 12:00.,personal_state,tool_verified,0.95,1,1,0,1,1,conflicting evidence,C-commerce-023,0
PB-004030,conflict,commerce,conflict_train,personal_state,The primary source lists the subscription renewal as 13:00.,personal_state,external_verified,0.95,1,1,0,1,1,conflicting evidence,C-commerce-023,1
PB-004031,conflict,commerce,conflict_train,personal_state,A third-party message says the subscription renewal is 14:00.,personal_state,third_party,0.8,1,1,0,1,0,conflicting evidence,C-commerce-023,0
PB-004032,conflict,commerce,conflict_train,personal_state,I remember the return deadline as 8:00.,personal_state,explicit_user,0.95,1,1,0,1,1,conflicting evidence,C-commerce-024,0
PB-004033,conflict,commerce,conflict_train,personal_state,The connected record lists the return deadline as 9:00.,personal_state,tool_verified,0.95,1,1,0,1,1,conflicting evidence,C-commerce-024,1
PB-004034,conflict,commerce,conflict_train,personal_state,The primary source lists the return deadline as 10:00.,personal_state,external_verified,0.95,0,1,0,1,0,conflicting evidence,C-commerce-024,0
PB-004035,conflict,commerce,conflict_train,personal_state,A third-party message says the return deadline is 11:00.,personal_state,third_party,0.8,1,1,0,1,0,conflicting evidence,C-commerce-024,0
PB-004036,conflict,commerce,conflict_test,personal_state,I remember the order status as 9:00.,personal_state,explicit_user,0.95,1,1,0,1,1,conflicting evidence,C-commerce-025,0
PB-004037,conflict,commerce,conflict_test,personal_state,The connected record lists the order status as 10:00.,personal_state,tool_verified,0.95,1,1,0,1,1,conflicting evidence,C-commerce-025,0
PB-004038,conflict,commerce,conflict_test,personal_state,The primary source lists the order status as 11:00.,personal_state,external_verified,0.95,1,1,0,1,1,conflicting evidence,C-commerce-025,1
PB-004039,conflict,commerce,conflict_test,personal_state,A third-party message says the order status is 12:00.,personal_state,third_party,0.8,1,1,0,1,0,conflicting evidence,C-commerce-025,0
PB-004040,conflict,commerce,conflict_train,personal_state,I remember the delivery address as 10:00.,personal_state,explicit_user,0.95,1,1,0,1,1,conflicting evidence,C-commerce-026,0
PB-004041,conflict,commerce,conflict_train,personal_state,The connected record lists the delivery address as 11:00.,personal_state,tool_verified,0.95,1,1,0,1,1,conflicting evidence,C-commerce-026,0
PB-004042,conflict,commerce,conflict_train,personal_state,The primary source lists the delivery address as 12:00.,personal_state,external_verified,0.95,1,1,0,1,1,conflicting evidence,C-commerce-026,1
PB-004043,conflict,commerce,conflict_train,personal_state,A third-party message says the delivery address is 13:00.,personal_state,third_party,0.8,1,1,0,1,0,conflicting evidence,C-commerce-026,0
PB-004044,conflict,commerce,conflict_train,personal_state,I remember the subscription renewal as 11:00.,personal_state,explicit_user,0.95,1,1,0,1,1,conflicting evidence,C-commerce-027,0
PB-004045,conflict,commerce,conflict_train,personal_state,The connected record lists the subscription renewal as 12:00.,personal_state,tool_verified,0.95,1,1,0,1,1,conflicting evidence,C-commerce-027,0
PB-004046,conflict,commerce,conflict_train,personal_state,The primary source lists the subscription renewal as 13:00.,personal_state,external_verified,0.95,1,1,0,1,1,conflicting evidence,C-commerce-027,1
PB-004047,conflict,commerce,conflict_train,personal_state,A third-party message says the subscription renewal is 14:00.,personal_state,third_party,0.8,1,1,0,1,0,conflicting evidence,C-commerce-027,0
PB-004048,conflict,commerce,conflict_train,personal_state,I remember the return deadline as 8:00.,personal_state,explicit_user,0.95,1,1,0,1,1,conflicting evidence,C-commerce-028,0
PB-004049,conflict,commerce,conflict_train,personal_state,The connected record lists the return deadline as 9:00.,personal_state,tool_verified,0.95,1,1,0,1,1,conflicting evidence,C-commerce-028,1
PB-004050,conflict,commerce,conflict_train,personal_state,The primary source lists the return deadline as 10:00.,personal_state,external_verified,0.95,0,1,0,1,0,conflicting evidence,C-commerce-028,0
PB-004051,conflict,commerce,conflict_train,personal_state,A third-party message says the return deadline is 11:00.,personal_state,third_party,0.8,1,1,0,1,0,conflicting evidence,C-commerce-028,0
PB-004052,conflict,commerce,conflict_train,personal_state,I remember the order status as 9:00.,personal_state,explicit_user,0.95,1,1,0,1,1,conflicting evidence,C-commerce-029,0
PB-004053,conflict,commerce,conflict_train,personal_state,The connected record lists the order status as 10:00.,personal_state,tool_verified,0.95,1,1,0,1,1,conflicting evidence,C-commerce-029,0
PB-004054,conflict,commerce,conflict_train,personal_state,The primary source lists the order status as 11:00.,personal_state,external_verified,0.95,1,1,0,1,1,conflicting evidence,C-commerce-029,1
PB-004055,conflict,commerce,conflict_train,personal_state,A third-party message says the order status is 12:00.,personal_state,third_party,0.8,1,1,0,1,0,conflicting evidence,C-commerce-029,0
PB-004056,conflict,commerce,conflict_test,personal_state,I remember the delivery address as 10:00.,personal_state,explicit_user,0.95,1,1,0,1,1,conflicting evidence,C-commerce-030,0
PB-004057,conflict,commerce,conflict_test,personal_state,The connected record lists the delivery address as 11:00.,personal_state,tool_verified,0.95,1,1,0,1,1,conflicting evidence,C-commerce-030,0
PB-004058,conflict,commerce,conflict_test,personal_state,The primary source lists the delivery address as 12:00.,personal_state,external_verified,0.95,1,1,0,1,1,conflicting evidence,C-commerce-030,1
PB-004059,conflict,commerce,conflict_test,personal_state,A third-party message says the delivery address is 13:00.,personal_state,third_party,0.8,1,1,0,1,0,conflicting evidence,C-commerce-030,0
PB-004060,conflict,commerce,conflict_train,personal_state,I remember the subscription renewal as 11:00.,personal_state,explicit_user,0.95,1,1,0,1,1,conflicting evidence,C-commerce-031,0
PB-004061,conflict,commerce,conflict_train,personal_state,The connected record lists the subscription renewal as 12:00.,personal_state,tool_verified,0.95,1,1,0,1,1,conflicting evidence,C-commerce-031,0
PB-004062,conflict,commerce,conflict_train,personal_state,The primary source lists the subscription renewal as 13:00.,personal_state,external_verified,0.95,1,1,0,1,1,conflicting evidence,C-commerce-031,1
PB-004063,conflict,commerce,conflict_train,personal_state,A third-party message says the subscription renewal is 14:00.,personal_state,third_party,0.8,1,1,0,1,0,conflicting evidence,C-commerce-031,0
PB-004064,conflict,commerce,conflict_train,personal_state,I remember the return deadline as 8:00.,personal_state,explicit_user,0.95,1,1,0,1,1,conflicting evidence,C-commerce-032,0
PB-004065,conflict,commerce,conflict_train,personal_state,The connected record lists the return deadline as 9:00.,personal_state,tool_verified,0.95,1,1,0,1,1,conflicting evidence,C-commerce-032,1
PB-004066,conflict,commerce,conflict_train,personal_state,The primary source lists the return deadline as 10:00.,personal_state,external_verified,0.95,0,1,0,1,0,conflicting evidence,C-commerce-032,0
PB-004067,conflict,commerce,conflict_train,personal_state,A third-party message says the return deadline is 11:00.,personal_state,third_party,0.8,1,1,0,1,0,conflicting evidence,C-commerce-032,0
PB-004068,conflict,commerce,conflict_train,personal_state,I remember the order status as 9:00.,personal_state,explicit_user,0.95,1,1,0,1,1,conflicting evidence,C-commerce-033,0
PB-004069,conflict,commerce,conflict_train,personal_state,The connected record lists the order status as 10:00.,personal_state,tool_verified,0.95,1,1,0,1,1,conflicting evidence,C-commerce-033,0
PB-004070,conflict,commerce,conflict_train,personal_state,The primary source lists the order status as 11:00.,personal_state,external_verified,0.95,1,1,0,1,1,conflicting evidence,C-commerce-033,1
PB-004071,conflict,commerce,conflict_train,personal_state,A third-party message says the order status is 12:00.,personal_state,third_party,0.8,1,1,0,1,0,conflicting evidence,C-commerce-033,0
PB-004072,conflict,commerce,conflict_train,personal_state,I remember the delivery address as 10:00.,personal_state,explicit_user,0.95,1,1,0,1,1,conflicting evidence,C-commerce-034,0
PB-004073,conflict,commerce,conflict_train,personal_state,The connected record lists the delivery address as 11:00.,personal_state,tool_verified,0.95,1,1,0,1,1,conflicting evidence,C-commerce-034,0
PB-004074,conflict,commerce,conflict_train,personal_state,The primary source lists the delivery address as 12:00.,personal_state,external_verified,0.95,1,1,0,1,1,conflicting evidence,C-commerce-034,1
PB-004075,conflict,commerce,conflict_train,personal_state,A third-party message says the delivery address is 13:00.,personal_state,third_party,0.8,1,1,0,1,0,conflicting evidence,C-commerce-034,0
PB-004076,conflict,commerce,conflict_test,personal_state,I remember the subscription renewal as 11:00.,personal_state,explicit_user,0.95,1,1,0,1,1,conflicting evidence,C-commerce-035,0
PB-004077,conflict,commerce,conflict_test,personal_state,The connected record lists the subscription renewal as 12:00.,personal_state,tool_verified,0.95,1,1,0,1,1,conflicting evidence,C-commerce-035,0
PB-004078,conflict,commerce,conflict_test,personal_state,The primary source lists the subscription renewal as 13:00.,personal_state,external_verified,0.95,1,1,0,1,1,conflicting evidence,C-commerce-035,1
PB-004079,conflict,commerce,conflict_test,personal_state,A third-party message says the subscription renewal is 14:00.,personal_state,third_party,0.8,1,1,0,1,0,conflicting evidence,C-commerce-035,0
PB-004080,conflict,work,conflict_test,personal_state,I remember the project deadline as 8:00.,personal_state,explicit_user,0.95,1,1,0,1,1,conflicting evidence,C-work-000,0
PB-004081,conflict,work,conflict_test,personal_state,The connected record lists the project deadline as 9:00.,personal_state,tool_verified,0.95,1,1,0,1,1,conflicting evidence,C-work-000,1
PB-004082,conflict,work,conflict_test,personal_state,The primary source lists the project deadline as 10:00.,personal_state,external_verified,0.95,0,1,0,1,0,conflicting evidence,C-work-000,0
PB-004083,conflict,work,conflict_test,personal_state,A third-party message says the project deadline is 11:00.,personal_state,third_party,0.8,1,1,0,1,0,conflicting evidence,C-work-000,0
PB-004084,conflict,work,conflict_train,personal_state,I remember the review meeting as 9:00.,personal_state,explicit_user,0.95,1,1,0,1,1,conflicting evidence,C-work-001,0
PB-004085,conflict,work,conflict_train,personal_state,The connected record lists the review meeting as 10:00.,personal_state,tool_verified,0.95,1,1,0,1,1,conflicting evidence,C-work-001,0
PB-004086,conflict,work,conflict_train,personal_state,The primary source lists the review meeting as 11:00.,personal_state,external_verified,0.95,1,1,0,1,1,conflicting evidence,C-work-001,1
PB-004087,conflict,work,conflict_train,personal_state,A third-party message says the review meeting is 12:00.,personal_state,third_party,0.8,1,1,0,1,0,conflicting evidence,C-work-001,0
PB-004088,conflict,work,conflict_train,personal_state,I remember the launch owner as 10:00.,personal_state,explicit_user,0.95,1,1,0,1,1,conflicting evidence,C-work-002,0
PB-004089,conflict,work,conflict_train,personal_state,The connected record lists the launch owner as 11:00.,personal_state,tool_verified,0.95,1,1,0,1,1,conflicting evidence,C-work-002,0
PB-004090,conflict,work,conflict_train,personal_state,The primary source lists the launch owner as 12:00.,personal_state,external_verified,0.95,1,1,0,1,1,conflicting evidence,C-work-002,1
PB-004091,conflict,work,conflict_train,personal_state,A third-party message says the launch owner is 13:00.,personal_state,third_party,0.8,1,1,0,1,0,conflicting evidence,C-work-002,0
PB-004092,conflict,work,conflict_train,personal_state,I remember the incident status as 11:00.,personal_state,explicit_user,0.95,1,1,0,1,1,conflicting evidence,C-work-003,0
PB-004093,conflict,work,conflict_train,personal_state,The connected record lists the incident status as 12:00.,personal_state,tool_verified,0.95,1,1,0,1,1,conflicting evidence,C-work-003,0
PB-004094,conflict,work,conflict_train,personal_state,The primary source lists the incident status as 13:00.,personal_state,external_verified,0.95,1,1,0,1,1,conflicting evidence,C-work-003,1
PB-004095,conflict,work,conflict_train,personal_state,A third-party message says the incident status is 14:00.,personal_state,third_party,0.8,1,1,0,1,0,conflicting evidence,C-work-003,0
PB-004096,conflict,work,conflict_train,personal_state,I remember the project deadline as 8:00.,personal_state,explicit_user,0.95,1,1,0,1,1,conflicting evidence,C-work-004,0
PB-004097,conflict,work,conflict_train,personal_state,The connected record lists the project deadline as 9:00.,personal_state,tool_verified,0.95,1,1,0,1,1,conflicting evidence,C-work-004,1
PB-004098,conflict,work,conflict_train,personal_state,The primary source lists the project deadline as 10:00.,personal_state,external_verified,0.95,0,1,0,1,0,conflicting evidence,C-work-004,0
PB-004099,conflict,work,conflict_train,personal_state,A third-party message says the project deadline is 11:00.,personal_state,third_party,0.8,1,1,0,1,0,conflicting evidence,C-work-004,0
PB-004100,conflict,work,conflict_test,personal_state,I remember the review meeting as 9:00.,personal_state,explicit_user,0.95,1,1,0,1,1,conflicting evidence,C-work-005,0
PB-004101,conflict,work,conflict_test,personal_state,The connected record lists the review meeting as 10:00.,personal_state,tool_verified,0.95,1,1,0,1,1,conflicting evidence,C-work-005,0
PB-004102,conflict,work,conflict_test,personal_state,The primary source lists the review meeting as 11:00.,personal_state,external_verified,0.95,1,1,0,1,1,conflicting evidence,C-work-005,1
PB-004103,conflict,work,conflict_test,personal_state,A third-party message says the review meeting is 12:00.,personal_state,third_party,0.8,1,1,0,1,0,conflicting evidence,C-work-005,0
PB-004104,conflict,work,conflict_train,personal_state,I remember the launch owner as 10:00.,personal_state,explicit_user,0.95,1,1,0,1,1,conflicting evidence,C-work-006,0
PB-004105,conflict,work,conflict_train,personal_state,The connected record lists the launch owner as 11:00.,personal_state,tool_verified,0.95,1,1,0,1,1,conflicting evidence,C-work-006,0
PB-004106,conflict,work,conflict_train,personal_state,The primary source lists the launch owner as 12:00.,personal_state,external_verified,0.95,1,1,0,1,1,conflicting evidence,C-work-006,1
PB-004107,conflict,work,conflict_train,personal_state,A third-party message says the launch owner is 13:00.,personal_state,third_party,0.8,1,1,0,1,0,conflicting evidence,C-work-006,0
PB-004108,conflict,work,conflict_train,personal_state,I remember the incident status as 11:00.,personal_state,explicit_user,0.95,1,1,0,1,1,conflicting evidence,C-work-007,0
PB-004109,conflict,work,conflict_train,personal_state,The connected record lists the incident status as 12:00.,personal_state,tool_verified,0.95,1,1,0,1,1,conflicting evidence,C-work-007,0
PB-004110,conflict,work,conflict_train,personal_state,The primary source lists the incident status as 13:00.,personal_state,external_verified,0.95,1,1,0,1,1,conflicting evidence,C-work-007,1
PB-004111,conflict,work,conflict_train,personal_state,A third-party message says the incident status is 14:00.,personal_state,third_party,0.8,1,1,0,1,0,conflicting evidence,C-work-007,0
PB-004112,conflict,work,conflict_train,personal_state,I remember the project deadline as 8:00.,personal_state,explicit_user,0.95,1,1,0,1,1,conflicting evidence,C-work-008,0
PB-004113,conflict,work,conflict_train,personal_state,The connected record lists the project deadline as 9:00.,personal_state,tool_verified,0.95,1,1,0,1,1,conflicting evidence,C-work-008,1
PB-004114,conflict,work,conflict_train,personal_state,The primary source lists the project deadline as 10:00.,personal_state,external_verified,0.95,0,1,0,1,0,conflicting evidence,C-work-008,0
PB-004115,conflict,work,conflict_train,personal_state,A third-party message says the project deadline is 11:00.,personal_state,third_party,0.8,1,1,0,1,0,conflicting evidence,C-work-008,0
PB-004116,conflict,work,conflict_train,personal_state,I remember the review meeting as 9:00.,personal_state,explicit_user,0.95,1,1,0,1,1,conflicting evidence,C-work-009,0
PB-004117,conflict,work,conflict_train,personal_state,The connected record lists the review meeting as 10:00.,personal_state,tool_verified,0.95,1,1,0,1,1,conflicting evidence,C-work-009,0
PB-004118,conflict,work,conflict_train,personal_state,The primary source lists the review meeting as 11:00.,personal_state,external_verified,0.95,1,1,0,1,1,conflicting evidence,C-work-009,1
PB-004119,conflict,work,conflict_train,personal_state,A third-party message says the review meeting is 12:00.,personal_state,third_party,0.8,1,1,0,1,0,conflicting evidence,C-work-009,0
PB-004120,conflict,work,conflict_test,personal_state,I remember the launch owner as 10:00.,personal_state,explicit_user,0.95,1,1,0,1,1,conflicting evidence,C-work-010,0
PB-004121,conflict,work,conflict_test,personal_state,The connected record lists the launch owner as 11:00.,personal_state,tool_verified,0.95,1,1,0,1,1,conflicting evidence,C-work-010,0
PB-004122,conflict,work,conflict_test,personal_state,The primary source lists the launch owner as 12:00.,personal_state,external_verified,0.95,1,1,0,1,1,conflicting evidence,C-work-010,1
PB-004123,conflict,work,conflict_test,personal_state,A third-party message says the launch owner is 13:00.,personal_state,third_party,0.8,1,1,0,1,0,conflicting evidence,C-work-010,0
PB-004124,conflict,work,conflict_train,personal_state,I remember the incident status as 11:00.,personal_state,explicit_user,0.95,1,1,0,1,1,conflicting evidence,C-work-011,0
PB-004125,conflict,work,conflict_train,personal_state,The connected record lists the incident status as 12:00.,personal_state,tool_verified,0.95,1,1,0,1,1,conflicting evidence,C-work-011,0
PB-004126,conflict,work,conflict_train,personal_state,The primary source lists the incident status as 13:00.,personal_state,external_verified,0.95,1,1,0,1,1,conflicting evidence,C-work-011,1
PB-004127,conflict,work,conflict_train,personal_state,A third-party message says the incident status is 14:00.,personal_state,third_party,0.8,1,1,0,1,0,conflicting evidence,C-work-011,0
PB-004128,conflict,work,conflict_train,personal_state,I remember the project deadline as 8:00.,personal_state,explicit_user,0.95,1,1,0,1,1,conflicting evidence,C-work-012,0
PB-004129,conflict,work,conflict_train,personal_state,The connected record lists the project deadline as 9:00.,personal_state,tool_verified,0.95,1,1,0,1,1,conflicting evidence,C-work-012,1
PB-004130,conflict,work,conflict_train,personal_state,The primary source lists the project deadline as 10:00.,personal_state,external_verified,0.95,0,1,0,1,0,conflicting evidence,C-work-012,0
PB-004131,conflict,work,conflict_train,personal_state,A third-party message says the project deadline is 11:00.,personal_state,third_party,0.8,1,1,0,1,0,conflicting evidence,C-work-012,0
PB-004132,conflict,work,conflict_train,personal_state,I remember the review meeting as 9:00.,personal_state,explicit_user,0.95,1,1,0,1,1,conflicting evidence,C-work-013,0
PB-004133,conflict,work,conflict_train,personal_state,The connected record lists the review meeting as 10:00.,personal_state,tool_verified,0.95,1,1,0,1,1,conflicting evidence,C-work-013,0
PB-004134,conflict,work,conflict_train,personal_state,The primary source lists the review meeting as 11:00.,personal_state,external_verified,0.95,1,1,0,1,1,conflicting evidence,C-work-013,1
PB-004135,conflict,work,conflict_train,personal_state,A third-party message says the review meeting is 12:00.,personal_state,third_party,0.8,1,1,0,1,0,conflicting evidence,C-work-013,0
PB-004136,conflict,work,conflict_train,personal_state,I remember the launch owner as 10:00.,personal_state,explicit_user,0.95,1,1,0,1,1,conflicting evidence,C-work-014,0
PB-004137,conflict,work,conflict_train,personal_state,The connected record lists the launch owner as 11:00.,personal_state,tool_verified,0.95,1,1,0,1,1,conflicting evidence,C-work-014,0
PB-004138,conflict,work,conflict_train,personal_state,The primary source lists the launch owner as 12:00.,personal_state,external_verified,0.95,1,1,0,1,1,conflicting evidence,C-work-014,1
PB-004139,conflict,work,conflict_train,personal_state,A third-party message says the launch owner is 13:00.,personal_state,third_party,0.8,1,1,0,1,0,conflicting evidence,C-work-014,0
PB-004140,conflict,work,conflict_test,personal_state,I remember the incident status as 11:00.,personal_state,explicit_user,0.95,1,1,0,1,1,conflicting evidence,C-work-015,0
PB-004141,conflict,work,conflict_test,personal_state,The connected record lists the incident status as 12:00.,personal_state,tool_verified,0.95,1,1,0,1,1,conflicting evidence,C-work-015,0
PB-004142,conflict,work,conflict_test,personal_state,The primary source lists the incident status as 13:00.,personal_state,external_verified,0.95,1,1,0,1,1,conflicting evidence,C-work-015,1
PB-004143,conflict,work,conflict_test,personal_state,A third-party message says the incident status is 14:00.,personal_state,third_party,0.8,1,1,0,1,0,conflicting evidence,C-work-015,0
PB-004144,conflict,work,conflict_train,personal_state,I remember the project deadline as 8:00.,personal_state,explicit_user,0.95,1,1,0,1,1,conflicting evidence,C-work-016,0
PB-004145,conflict,work,conflict_train,personal_state,The connected record lists the project deadline as 9:00.,personal_state,tool_verified,0.95,1,1,0,1,1,conflicting evidence,C-work-016,1
PB-004146,conflict,work,conflict_train,personal_state,The primary source lists the project deadline as 10:00.,personal_state,external_verified,0.95,0,1,0,1,0,conflicting evidence,C-work-016,0
PB-004147,conflict,work,conflict_train,personal_state,A third-party message says the project deadline is 11:00.,personal_state,third_party,0.8,1,1,0,1,0,conflicting evidence,C-work-016,0
PB-004148,conflict,work,conflict_train,personal_state,I remember the review meeting as 9:00.,personal_state,explicit_user,0.95,1,1,0,1,1,conflicting evidence,C-work-017,0
PB-004149,conflict,work,conflict_train,personal_state,The connected record lists the review meeting as 10:00.,personal_state,tool_verified,0.95,1,1,0,1,1,conflicting evidence,C-work-017,0
PB-004150,conflict,work,conflict_train,personal_state,The primary source lists the review meeting as 11:00.,personal_state,external_verified,0.95,1,1,0,1,1,conflicting evidence,C-work-017,1
PB-004151,conflict,work,conflict_train,personal_state,A third-party message says the review meeting is 12:00.,personal_state,third_party,0.8,1,1,0,1,0,conflicting evidence,C-work-017,0
PB-004152,conflict,work,conflict_train,personal_state,I remember the launch owner as 10:00.,personal_state,explicit_user,0.95,1,1,0,1,1,conflicting evidence,C-work-018,0
PB-004153,conflict,work,conflict_train,personal_state,The connected record lists the launch owner as 11:00.,personal_state,tool_verified,0.95,1,1,0,1,1,conflicting evidence,C-work-018,0
PB-004154,conflict,work,conflict_train,personal_state,The primary source lists the launch owner as 12:00.,personal_state,external_verified,0.95,1,1,0,1,1,conflicting evidence,C-work-018,1
PB-004155,conflict,work,conflict_train,personal_state,A third-party message says the launch owner is 13:00.,personal_state,third_party,0.8,1,1,0,1,0,conflicting evidence,C-work-018,0
PB-004156,conflict,work,conflict_train,personal_state,I remember the incident status as 11:00.,personal_state,explicit_user,0.95,1,1,0,1,1,conflicting evidence,C-work-019,0
PB-004157,conflict,work,conflict_train,personal_state,The connected record lists the incident status as 12:00.,personal_state,tool_verified,0.95,1,1,0,1,1,conflicting evidence,C-work-019,0
PB-004158,conflict,work,conflict_train,personal_state,The primary source lists the incident status as 13:00.,personal_state,external_verified,0.95,1,1,0,1,1,conflicting evidence,C-work-019,1
PB-004159,conflict,work,conflict_train,personal_state,A third-party message says the incident status is 14:00.,personal_state,third_party,0.8,1,1,0,1,0,conflicting evidence,C-work-019,0
PB-004160,conflict,work,conflict_test,personal_state,I remember the project deadline as 8:00.,personal_state,explicit_user,0.95,1,1,0,1,1,conflicting evidence,C-work-020,0
PB-004161,conflict,work,conflict_test,personal_state,The connected record lists the project deadline as 9:00.,personal_state,tool_verified,0.95,1,1,0,1,1,conflicting evidence,C-work-020,1
PB-004162,conflict,work,conflict_test,personal_state,The primary source lists the project deadline as 10:00.,personal_state,external_verified,0.95,0,1,0,1,0,conflicting evidence,C-work-020,0
PB-004163,conflict,work,conflict_test,personal_state,A third-party message says the project deadline is 11:00.,personal_state,third_party,0.8,1,1,0,1,0,conflicting evidence,C-work-020,0
PB-004164,conflict,work,conflict_train,personal_state,I remember the review meeting as 9:00.,personal_state,explicit_user,0.95,1,1,0,1,1,conflicting evidence,C-work-021,0
PB-004165,conflict,work,conflict_train,personal_state,The connected record lists the review meeting as 10:00.,personal_state,tool_verified,0.95,1,1,0,1,1,conflicting evidence,C-work-021,0
PB-004166,conflict,work,conflict_train,personal_state,The primary source lists the review meeting as 11:00.,personal_state,external_verified,0.95,1,1,0,1,1,conflicting evidence,C-work-021,1
PB-004167,conflict,work,conflict_train,personal_state,A third-party message says the review meeting is 12:00.,personal_state,third_party,0.8,1,1,0,1,0,conflicting evidence,C-work-021,0
PB-004168,conflict,work,conflict_train,personal_state,I remember the launch owner as 10:00.,personal_state,explicit_user,0.95,1,1,0,1,1,conflicting evidence,C-work-022,0
PB-004169,conflict,work,conflict_train,personal_state,The connected record lists the launch owner as 11:00.,personal_state,tool_verified,0.95,1,1,0,1,1,conflicting evidence,C-work-022,0
PB-004170,conflict,work,conflict_train,personal_state,The primary source lists the launch owner as 12:00.,personal_state,external_verified,0.95,1,1,0,1,1,conflicting evidence,C-work-022,1
PB-004171,conflict,work,conflict_train,personal_state,A third-party message says the launch owner is 13:00.,personal_state,third_party,0.8,1,1,0,1,0,conflicting evidence,C-work-022,0
PB-004172,conflict,work,conflict_train,personal_state,I remember the incident status as 11:00.,personal_state,explicit_user,0.95,1,1,0,1,1,conflicting evidence,C-work-023,0
PB-004173,conflict,work,conflict_train,personal_state,The connected record lists the incident status as 12:00.,personal_state,tool_verified,0.95,1,1,0,1,1,conflicting evidence,C-work-023,0
PB-004174,conflict,work,conflict_train,personal_state,The primary source lists the incident status as 13:00.,personal_state,external_verified,0.95,1,1,0,1,1,conflicting evidence,C-work-023,1
PB-004175,conflict,work,conflict_train,personal_state,A third-party message says the incident status is 14:00.,personal_state,third_party,0.8,1,1,0,1,0,conflicting evidence,C-work-023,0
PB-004176,conflict,work,conflict_train,personal_state,I remember the project deadline as 8:00.,personal_state,explicit_user,0.95,1,1,0,1,1,conflicting evidence,C-work-024,0
PB-004177,conflict,work,conflict_train,personal_state,The connected record lists the project deadline as 9:00.,personal_state,tool_verified,0.95,1,1,0,1,1,conflicting evidence,C-work-024,1
PB-004178,conflict,work,conflict_train,personal_state,The primary source lists the project deadline as 10:00.,personal_state,external_verified,0.95,0,1,0,1,0,conflicting evidence,C-work-024,0
PB-004179,conflict,work,conflict_train,personal_state,A third-party message says the project deadline is 11:00.,personal_state,third_party,0.8,1,1,0,1,0,conflicting evidence,C-work-024,0
PB-004180,conflict,work,conflict_test,personal_state,I remember the review meeting as 9:00.,personal_state,explicit_user,0.95,1,1,0,1,1,conflicting evidence,C-work-025,0
PB-004181,conflict,work,conflict_test,personal_state,The connected record lists the review meeting as 10:00.,personal_state,tool_verified,0.95,1,1,0,1,1,conflicting evidence,C-work-025,0
PB-004182,conflict,work,conflict_test,personal_state,The primary source lists the review meeting as 11:00.,personal_state,external_verified,0.95,1,1,0,1,1,conflicting evidence,C-work-025,1
PB-004183,conflict,work,conflict_test,personal_state,A third-party message says the review meeting is 12:00.,personal_state,third_party,0.8,1,1,0,1,0,conflicting evidence,C-work-025,0
PB-004184,conflict,work,conflict_train,personal_state,I remember the launch owner as 10:00.,personal_state,explicit_user,0.95,1,1,0,1,1,conflicting evidence,C-work-026,0
PB-004185,conflict,work,conflict_train,personal_state,The connected record lists the launch owner as 11:00.,personal_state,tool_verified,0.95,1,1,0,1,1,conflicting evidence,C-work-026,0
PB-004186,conflict,work,conflict_train,personal_state,The primary source lists the launch owner as 12:00.,personal_state,external_verified,0.95,1,1,0,1,1,conflicting evidence,C-work-026,1
PB-004187,conflict,work,conflict_train,personal_state,A third-party message says the launch owner is 13:00.,personal_state,third_party,0.8,1,1,0,1,0,conflicting evidence,C-work-026,0
PB-004188,conflict,work,conflict_train,personal_state,I remember the incident status as 11:00.,personal_state,explicit_user,0.95,1,1,0,1,1,conflicting evidence,C-work-027,0
PB-004189,conflict,work,conflict_train,personal_state,The connected record lists the incident status as 12:00.,personal_state,tool_verified,0.95,1,1,0,1,1,conflicting evidence,C-work-027,0
PB-004190,conflict,work,conflict_train,personal_state,The primary source lists the incident status as 13:00.,personal_state,external_verified,0.95,1,1,0,1,1,conflicting evidence,C-work-027,1
PB-004191,conflict,work,conflict_train,personal_state,A third-party message says the incident status is 14:00.,personal_state,third_party,0.8,1,1,0,1,0,conflicting evidence,C-work-027,0
PB-004192,conflict,work,conflict_train,personal_state,I remember the project deadline as 8:00.,personal_state,explicit_user,0.95,1,1,0,1,1,conflicting evidence,C-work-028,0
PB-004193,conflict,work,conflict_train,personal_state,The connected record lists the project deadline as 9:00.,personal_state,tool_verified,0.95,1,1,0,1,1,conflicting evidence,C-work-028,1
PB-004194,conflict,work,conflict_train,personal_state,The primary source lists the project deadline as 10:00.,personal_state,external_verified,0.95,0,1,0,1,0,conflicting evidence,C-work-028,0
PB-004195,conflict,work,conflict_train,personal_state,A third-party message says the project deadline is 11:00.,personal_state,third_party,0.8,1,1,0,1,0,conflicting evidence,C-work-028,0
PB-004196,conflict,work,conflict_train,personal_state,I remember the review meeting as 9:00.,personal_state,explicit_user,0.95,1,1,0,1,1,conflicting evidence,C-work-029,0
PB-004197,conflict,work,conflict_train,personal_state,The connected record lists the review meeting as 10:00.,personal_state,tool_verified,0.95,1,1,0,1,1,conflicting evidence,C-work-029,0
PB-004198,conflict,work,conflict_train,personal_state,The primary source lists the review meeting as 11:00.,personal_state,external_verified,0.95,1,1,0,1,1,conflicting evidence,C-work-029,1
PB-004199,conflict,work,conflict_train,personal_state,A third-party message says the review meeting is 12:00.,personal_state,third_party,0.8,1,1,0,1,0,conflicting evidence,C-work-029,0
PB-004200,conflict,work,conflict_test,personal_state,I remember the launch owner as 10:00.,personal_state,explicit_user,0.95,1,1,0,1,1,conflicting evidence,C-work-030,0
PB-004201,conflict,work,conflict_test,personal_state,The connected record lists the launch owner as 11:00.,personal_state,tool_verified,0.95,1,1,0,1,1,conflicting evidence,C-work-030,0
PB-004202,conflict,work,conflict_test,personal_state,The primary source lists the launch owner as 12:00.,personal_state,external_verified,0.95,1,1,0,1,1,conflicting evidence,C-work-030,1
PB-004203,conflict,work,conflict_test,personal_state,A third-party message says the launch owner is 13:00.,personal_state,third_party,0.8,1,1,0,1,0,conflicting evidence,C-work-030,0
PB-004204,conflict,work,conflict_train,personal_state,I remember the incident status as 11:00.,personal_state,explicit_user,0.95,1,1,0,1,1,conflicting evidence,C-work-031,0
PB-004205,conflict,work,conflict_train,personal_state,The connected record lists the incident status as 12:00.,personal_state,tool_verified,0.95,1,1,0,1,1,conflicting evidence,C-work-031,0
PB-004206,conflict,work,conflict_train,personal_state,The primary source lists the incident status as 13:00.,personal_state,external_verified,0.95,1,1,0,1,1,conflicting evidence,C-work-031,1
PB-004207,conflict,work,conflict_train,personal_state,A third-party message says the incident status is 14:00.,personal_state,third_party,0.8,1,1,0,1,0,conflicting evidence,C-work-031,0
PB-004208,conflict,work,conflict_train,personal_state,I remember the project deadline as 8:00.,personal_state,explicit_user,0.95,1,1,0,1,1,conflicting evidence,C-work-032,0
PB-004209,conflict,work,conflict_train,personal_state,The connected record lists the project deadline as 9:00.,personal_state,tool_verified,0.95,1,1,0,1,1,conflicting evidence,C-work-032,1
PB-004210,conflict,work,conflict_train,personal_state,The primary source lists the project deadline as 10:00.,personal_state,external_verified,0.95,0,1,0,1,0,conflicting evidence,C-work-032,0
PB-004211,conflict,work,conflict_train,personal_state,A third-party message says the project deadline is 11:00.,personal_state,third_party,0.8,1,1,0,1,0,conflicting evidence,C-work-032,0
PB-004212,conflict,work,conflict_train,personal_state,I remember the review meeting as 9:00.,personal_state,explicit_user,0.95,1,1,0,1,1,conflicting evidence,C-work-033,0
PB-004213,conflict,work,conflict_train,personal_state,The connected record lists the review meeting as 10:00.,personal_state,tool_verified,0.95,1,1,0,1,1,conflicting evidence,C-work-033,0
PB-004214,conflict,work,conflict_train,personal_state,The primary source lists the review meeting as 11:00.,personal_state,external_verified,0.95,1,1,0,1,1,conflicting evidence,C-work-033,1
PB-004215,conflict,work,conflict_train,personal_state,A third-party message says the review meeting is 12:00.,personal_state,third_party,0.8,1,1,0,1,0,conflicting evidence,C-work-033,0
PB-004216,conflict,work,conflict_train,personal_state,I remember the launch owner as 10:00.,personal_state,explicit_user,0.95,1,1,0,1,1,conflicting evidence,C-work-034,0
PB-004217,conflict,work,conflict_train,personal_state,The connected record lists the launch owner as 11:00.,personal_state,tool_verified,0.95,1,1,0,1,1,conflicting evidence,C-work-034,0
PB-004218,conflict,work,conflict_train,personal_state,The primary source lists the launch owner as 12:00.,personal_state,external_verified,0.95,1,1,0,1,1,conflicting evidence,C-work-034,1
PB-004219,conflict,work,conflict_train,personal_state,A third-party message says the launch owner is 13:00.,personal_state,third_party,0.8,1,1,0,1,0,conflicting evidence,C-work-034,0
PB-004220,conflict,work,conflict_test,personal_state,I remember the incident status as 11:00.,personal_state,explicit_user,0.95,1,1,0,1,1,conflicting evidence,C-work-035,0
PB-004221,conflict,work,conflict_test,personal_state,The connected record lists the incident status as 12:00.,personal_state,tool_verified,0.95,1,1,0,1,1,conflicting evidence,C-work-035,0
PB-004222,conflict,work,conflict_test,personal_state,The primary source lists the incident status as 13:00.,personal_state,external_verified,0.95,1,1,0,1,1,conflicting evidence,C-work-035,1
PB-004223,conflict,work,conflict_test,personal_state,A third-party message says the incident status is 14:00.,personal_state,third_party,0.8,1,1,0,1,0,conflicting evidence,C-work-035,0
PB-004224,conflict,finance,conflict_ood_test,personal_state,I remember the invoice amount as 8:00.,personal_state,explicit_user,0.95,1,1,0,1,1,conflicting evidence,C-finance-000,0
PB-004225,conflict,finance,conflict_ood_test,personal_state,The connected record lists the invoice amount as 9:00.,personal_state,tool_verified,0.95,1,1,0,1,1,conflicting evidence,C-finance-000,1
PB-004226,conflict,finance,conflict_ood_test,personal_state,The primary source lists the invoice amount as 10:00.,personal_state,external_verified,0.95,0,1,0,1,0,conflicting evidence,C-finance-000,0
PB-004227,conflict,finance,conflict_ood_test,personal_state,A third-party message says the invoice amount is 11:00.,personal_state,third_party,0.8,1,1,0,1,0,conflicting evidence,C-finance-000,0
PB-004228,conflict,finance,conflict_ood_test,personal_state,I remember the payment due date as 9:00.,personal_state,explicit_user,0.95,1,1,0,1,1,conflicting evidence,C-finance-001,0
PB-004229,conflict,finance,conflict_ood_test,personal_state,The connected record lists the payment due date as 10:00.,personal_state,tool_verified,0.95,1,1,0,1,1,conflicting evidence,C-finance-001,0
PB-004230,conflict,finance,conflict_ood_test,personal_state,The primary source lists the payment due date as 11:00.,personal_state,external_verified,0.95,1,1,0,1,1,conflicting evidence,C-finance-001,1
PB-004231,conflict,finance,conflict_ood_test,personal_state,A third-party message says the payment due date is 12:00.,personal_state,third_party,0.8,1,1,0,1,0,conflicting evidence,C-finance-001,0
PB-004232,conflict,finance,conflict_ood_test,personal_state,I remember the expense category as 10:00.,personal_state,explicit_user,0.95,1,1,0,1,1,conflicting evidence,C-finance-002,0
PB-004233,conflict,finance,conflict_ood_test,personal_state,The connected record lists the expense category as 11:00.,personal_state,tool_verified,0.95,1,1,0,1,1,conflicting evidence,C-finance-002,0
PB-004234,conflict,finance,conflict_ood_test,personal_state,The primary source lists the expense category as 12:00.,personal_state,external_verified,0.95,1,1,0,1,1,conflicting evidence,C-finance-002,1
PB-004235,conflict,finance,conflict_ood_test,personal_state,A third-party message says the expense category is 13:00.,personal_state,third_party,0.8,1,1,0,1,0,conflicting evidence,C-finance-002,0
PB-004236,conflict,finance,conflict_ood_test,personal_state,I remember the budget limit as 11:00.,personal_state,explicit_user,0.95,1,1,0,1,1,conflicting evidence,C-finance-003,0
PB-004237,conflict,finance,conflict_ood_test,personal_state,The connected record lists the budget limit as 12:00.,personal_state,tool_verified,0.95,1,1,0,1,1,conflicting evidence,C-finance-003,0
PB-004238,conflict,finance,conflict_ood_test,personal_state,The primary source lists the budget limit as 13:00.,personal_state,external_verified,0.95,1,1,0,1,1,conflicting evidence,C-finance-003,1
PB-004239,conflict,finance,conflict_ood_test,personal_state,A third-party message says the budget limit is 14:00.,personal_state,third_party,0.8,1,1,0,1,0,conflicting evidence,C-finance-003,0
PB-004240,conflict,finance,conflict_ood_test,personal_state,I remember the invoice amount as 8:00.,personal_state,explicit_user,0.95,1,1,0,1,1,conflicting evidence,C-finance-004,0
PB-004241,conflict,finance,conflict_ood_test,personal_state,The connected record lists the invoice amount as 9:00.,personal_state,tool_verified,0.95,1,1,0,1,1,conflicting evidence,C-finance-004,1
PB-004242,conflict,finance,conflict_ood_test,personal_state,The primary source lists the invoice amount as 10:00.,personal_state,external_verified,0.95,0,1,0,1,0,conflicting evidence,C-finance-004,0
PB-004243,conflict,finance,conflict_ood_test,personal_state,A third-party message says the invoice amount is 11:00.,personal_state,third_party,0.8,1,1,0,1,0,conflicting evidence,C-finance-004,0
PB-004244,conflict,finance,conflict_ood_test,personal_state,I remember the payment due date as 9:00.,personal_state,explicit_user,0.95,1,1,0,1,1,conflicting evidence,C-finance-005,0
PB-004245,conflict,finance,conflict_ood_test,personal_state,The connected record lists the payment due date as 10:00.,personal_state,tool_verified,0.95,1,1,0,1,1,conflicting evidence,C-finance-005,0
PB-004246,conflict,finance,conflict_ood_test,personal_state,The primary source lists the payment due date as 11:00.,personal_state,external_verified,0.95,1,1,0,1,1,conflicting evidence,C-finance-005,1
PB-004247,conflict,finance,conflict_ood_test,personal_state,A third-party message says the payment due date is 12:00.,personal_state,third_party,0.8,1,1,0,1,0,conflicting evidence,C-finance-005,0
PB-004248,conflict,finance,conflict_ood_test,personal_state,I remember the expense category as 10:00.,personal_state,explicit_user,0.95,1,1,0,1,1,conflicting evidence,C-finance-006,0
PB-004249,conflict,finance,conflict_ood_test,personal_state,The connected record lists the expense category as 11:00.,personal_state,tool_verified,0.95,1,1,0,1,1,conflicting evidence,C-finance-006,0
PB-004250,conflict,finance,conflict_ood_test,personal_state,The primary source lists the expense category as 12:00.,personal_state,external_verified,0.95,1,1,0,1,1,conflicting evidence,C-finance-006,1
PB-004251,conflict,finance,conflict_ood_test,personal_state,A third-party message says the expense category is 13:00.,personal_state,third_party,0.8,1,1,0,1,0,conflicting evidence,C-finance-006,0
PB-004252,conflict,finance,conflict_ood_test,personal_state,I remember the budget limit as 11:00.,personal_state,explicit_user,0.95,1,1,0,1,1,conflicting evidence,C-finance-007,0
PB-004253,conflict,finance,conflict_ood_test,personal_state,The connected record lists the budget limit as 12:00.,personal_state,tool_verified,0.95,1,1,0,1,1,conflicting evidence,C-finance-007,0
PB-004254,conflict,finance,conflict_ood_test,personal_state,The primary source lists the budget limit as 13:00.,personal_state,external_verified,0.95,1,1,0,1,1,conflicting evidence,C-finance-007,1
PB-004255,conflict,finance,conflict_ood_test,personal_state,A third-party message says the budget limit is 14:00.,personal_state,third_party,0.8,1,1,0,1,0,conflicting evidence,C-finance-007,0
PB-004256,conflict,finance,conflict_ood_test,personal_state,I remember the invoice amount as 8:00.,personal_state,explicit_user,0.95,1,1,0,1,1,conflicting evidence,C-finance-008,0
PB-004257,conflict,finance,conflict_ood_test,personal_state,The connected record lists the invoice amount as 9:00.,personal_state,tool_verified,0.95,1,1,0,1,1,conflicting evidence,C-finance-008,1
PB-004258,conflict,finance,conflict_ood_test,personal_state,The primary source lists the invoice amount as 10:00.,personal_state,external_verified,0.95,0,1,0,1,0,conflicting evidence,C-finance-008,0
PB-004259,conflict,finance,conflict_ood_test,personal_state,A third-party message says the invoice amount is 11:00.,personal_state,third_party,0.8,1,1,0,1,0,conflicting evidence,C-finance-008,0
PB-004260,conflict,finance,conflict_ood_test,personal_state,I remember the payment due date as 9:00.,personal_state,explicit_user,0.95,1,1,0,1,1,conflicting evidence,C-finance-009,0
PB-004261,conflict,finance,conflict_ood_test,personal_state,The connected record lists the payment due date as 10:00.,personal_state,tool_verified,0.95,1,1,0,1,1,conflicting evidence,C-finance-009,0
PB-004262,conflict,finance,conflict_ood_test,personal_state,The primary source lists the payment due date as 11:00.,personal_state,external_verified,0.95,1,1,0,1,1,conflicting evidence,C-finance-009,1
PB-004263,conflict,finance,conflict_ood_test,personal_state,A third-party message says the payment due date is 12:00.,personal_state,third_party,0.8,1,1,0,1,0,conflicting evidence,C-finance-009,0
PB-004264,conflict,finance,conflict_ood_test,personal_state,I remember the expense category as 10:00.,personal_state,explicit_user,0.95,1,1,0,1,1,conflicting evidence,C-finance-010,0
PB-004265,conflict,finance,conflict_ood_test,personal_state,The connected record lists the expense category as 11:00.,personal_state,tool_verified,0.95,1,1,0,1,1,conflicting evidence,C-finance-010,0
PB-004266,conflict,finance,conflict_ood_test,personal_state,The primary source lists the expense category as 12:00.,personal_state,external_verified,0.95,1,1,0,1,1,conflicting evidence,C-finance-010,1
PB-004267,conflict,finance,conflict_ood_test,personal_state,A third-party message says the expense category is 13:00.,personal_state,third_party,0.8,1,1,0,1,0,conflicting evidence,C-finance-010,0
PB-004268,conflict,finance,conflict_ood_test,personal_state,I remember the budget limit as 11:00.,personal_state,explicit_user,0.95,1,1,0,1,1,conflicting evidence,C-finance-011,0
PB-004269,conflict,finance,conflict_ood_test,personal_state,The connected record lists the budget limit as 12:00.,personal_state,tool_verified,0.95,1,1,0,1,1,conflicting evidence,C-finance-011,0
PB-004270,conflict,finance,conflict_ood_test,personal_state,The primary source lists the budget limit as 13:00.,personal_state,external_verified,0.95,1,1,0,1,1,conflicting evidence,C-finance-011,1
PB-004271,conflict,finance,conflict_ood_test,personal_state,A third-party message says the budget limit is 14:00.,personal_state,third_party,0.8,1,1,0,1,0,conflicting evidence,C-finance-011,0
PB-004272,conflict,finance,conflict_ood_test,personal_state,I remember the invoice amount as 8:00.,personal_state,explicit_user,0.95,1,1,0,1,1,conflicting evidence,C-finance-012,0
PB-004273,conflict,finance,conflict_ood_test,personal_state,The connected record lists the invoice amount as 9:00.,personal_state,tool_verified,0.95,1,1,0,1,1,conflicting evidence,C-finance-012,1
PB-004274,conflict,finance,conflict_ood_test,personal_state,The primary source lists the invoice amount as 10:00.,personal_state,external_verified,0.95,0,1,0,1,0,conflicting evidence,C-finance-012,0
PB-004275,conflict,finance,conflict_ood_test,personal_state,A third-party message says the invoice amount is 11:00.,personal_state,third_party,0.8,1,1,0,1,0,conflicting evidence,C-finance-012,0
PB-004276,conflict,finance,conflict_ood_test,personal_state,I remember the payment due date as 9:00.,personal_state,explicit_user,0.95,1,1,0,1,1,conflicting evidence,C-finance-013,0
PB-004277,conflict,finance,conflict_ood_test,personal_state,The connected record lists the payment due date as 10:00.,personal_state,tool_verified,0.95,1,1,0,1,1,conflicting evidence,C-finance-013,0
PB-004278,conflict,finance,conflict_ood_test,personal_state,The primary source lists the payment due date as 11:00.,personal_state,external_verified,0.95,1,1,0,1,1,conflicting evidence,C-finance-013,1
PB-004279,conflict,finance,conflict_ood_test,personal_state,A third-party message says the payment due date is 12:00.,personal_state,third_party,0.8,1,1,0,1,0,conflicting evidence,C-finance-013,0
PB-004280,conflict,finance,conflict_ood_test,personal_state,I remember the expense category as 10:00.,personal_state,explicit_user,0.95,1,1,0,1,1,conflicting evidence,C-finance-014,0
PB-004281,conflict,finance,conflict_ood_test,personal_state,The connected record lists the expense category as 11:00.,personal_state,tool_verified,0.95,1,1,0,1,1,conflicting evidence,C-finance-014,0
PB-004282,conflict,finance,conflict_ood_test,personal_state,The primary source lists the expense category as 12:00.,personal_state,external_verified,0.95,1,1,0,1,1,conflicting evidence,C-finance-014,1
PB-004283,conflict,finance,conflict_ood_test,personal_state,A third-party message says the expense category is 13:00.,personal_state,third_party,0.8,1,1,0,1,0,conflicting evidence,C-finance-014,0
PB-004284,conflict,finance,conflict_ood_test,personal_state,I remember the budget limit as 11:00.,personal_state,explicit_user,0.95,1,1,0,1,1,conflicting evidence,C-finance-015,0
PB-004285,conflict,finance,conflict_ood_test,personal_state,The connected record lists the budget limit as 12:00.,personal_state,tool_verified,0.95,1,1,0,1,1,conflicting evidence,C-finance-015,0
PB-004286,conflict,finance,conflict_ood_test,personal_state,The primary source lists the budget limit as 13:00.,personal_state,external_verified,0.95,1,1,0,1,1,conflicting evidence,C-finance-015,1
PB-004287,conflict,finance,conflict_ood_test,personal_state,A third-party message says the budget limit is 14:00.,personal_state,third_party,0.8,1,1,0,1,0,conflicting evidence,C-finance-015,0
PB-004288,conflict,finance,conflict_ood_test,personal_state,I remember the invoice amount as 8:00.,personal_state,explicit_user,0.95,1,1,0,1,1,conflicting evidence,C-finance-016,0
PB-004289,conflict,finance,conflict_ood_test,personal_state,The connected record lists the invoice amount as 9:00.,personal_state,tool_verified,0.95,1,1,0,1,1,conflicting evidence,C-finance-016,1
PB-004290,conflict,finance,conflict_ood_test,personal_state,The primary source lists the invoice amount as 10:00.,personal_state,external_verified,0.95,0,1,0,1,0,conflicting evidence,C-finance-016,0
PB-004291,conflict,finance,conflict_ood_test,personal_state,A third-party message says the invoice amount is 11:00.,personal_state,third_party,0.8,1,1,0,1,0,conflicting evidence,C-finance-016,0
PB-004292,conflict,finance,conflict_ood_test,personal_state,I remember the payment due date as 9:00.,personal_state,explicit_user,0.95,1,1,0,1,1,conflicting evidence,C-finance-017,0
PB-004293,conflict,finance,conflict_ood_test,personal_state,The connected record lists the payment due date as 10:00.,personal_state,tool_verified,0.95,1,1,0,1,1,conflicting evidence,C-finance-017,0
PB-004294,conflict,finance,conflict_ood_test,personal_state,The primary source lists the payment due date as 11:00.,personal_state,external_verified,0.95,1,1,0,1,1,conflicting evidence,C-finance-017,1
PB-004295,conflict,finance,conflict_ood_test,personal_state,A third-party message says the payment due date is 12:00.,personal_state,third_party,0.8,1,1,0,1,0,conflicting evidence,C-finance-017,0
PB-004296,conflict,finance,conflict_ood_test,personal_state,I remember the expense category as 10:00.,personal_state,explicit_user,0.95,1,1,0,1,1,conflicting evidence,C-finance-018,0
PB-004297,conflict,finance,conflict_ood_test,personal_state,The connected record lists the expense category as 11:00.,personal_state,tool_verified,0.95,1,1,0,1,1,conflicting evidence,C-finance-018,0
PB-004298,conflict,finance,conflict_ood_test,personal_state,The primary source lists the expense category as 12:00.,personal_state,external_verified,0.95,1,1,0,1,1,conflicting evidence,C-finance-018,1
PB-004299,conflict,finance,conflict_ood_test,personal_state,A third-party message says the expense category is 13:00.,personal_state,third_party,0.8,1,1,0,1,0,conflicting evidence,C-finance-018,0
PB-004300,conflict,finance,conflict_ood_test,personal_state,I remember the budget limit as 11:00.,personal_state,explicit_user,0.95,1,1,0,1,1,conflicting evidence,C-finance-019,0
PB-004301,conflict,finance,conflict_ood_test,personal_state,The connected record lists the budget limit as 12:00.,personal_state,tool_verified,0.95,1,1,0,1,1,conflicting evidence,C-finance-019,0
PB-004302,conflict,finance,conflict_ood_test,personal_state,The primary source lists the budget limit as 13:00.,personal_state,external_verified,0.95,1,1,0,1,1,conflicting evidence,C-finance-019,1
PB-004303,conflict,finance,conflict_ood_test,personal_state,A third-party message says the budget limit is 14:00.,personal_state,third_party,0.8,1,1,0,1,0,conflicting evidence,C-finance-019,0
PB-004304,conflict,finance,conflict_ood_test,personal_state,I remember the invoice amount as 8:00.,personal_state,explicit_user,0.95,1,1,0,1,1,conflicting evidence,C-finance-020,0
PB-004305,conflict,finance,conflict_ood_test,personal_state,The connected record lists the invoice amount as 9:00.,personal_state,tool_verified,0.95,1,1,0,1,1,conflicting evidence,C-finance-020,1
PB-004306,conflict,finance,conflict_ood_test,personal_state,The primary source lists the invoice amount as 10:00.,personal_state,external_verified,0.95,0,1,0,1,0,conflicting evidence,C-finance-020,0
PB-004307,conflict,finance,conflict_ood_test,personal_state,A third-party message says the invoice amount is 11:00.,personal_state,third_party,0.8,1,1,0,1,0,conflicting evidence,C-finance-020,0
PB-004308,conflict,finance,conflict_ood_test,personal_state,I remember the payment due date as 9:00.,personal_state,explicit_user,0.95,1,1,0,1,1,conflicting evidence,C-finance-021,0
PB-004309,conflict,finance,conflict_ood_test,personal_state,The connected record lists the payment due date as 10:00.,personal_state,tool_verified,0.95,1,1,0,1,1,conflicting evidence,C-finance-021,0
PB-004310,conflict,finance,conflict_ood_test,personal_state,The primary source lists the payment due date as 11:00.,personal_state,external_verified,0.95,1,1,0,1,1,conflicting evidence,C-finance-021,1
PB-004311,conflict,finance,conflict_ood_test,personal_state,A third-party message says the payment due date is 12:00.,personal_state,third_party,0.8,1,1,0,1,0,conflicting evidence,C-finance-021,0
PB-004312,conflict,finance,conflict_ood_test,personal_state,I remember the expense category as 10:00.,personal_state,explicit_user,0.95,1,1,0,1,1,conflicting evidence,C-finance-022,0
PB-004313,conflict,finance,conflict_ood_test,personal_state,The connected record lists the expense category as 11:00.,personal_state,tool_verified,0.95,1,1,0,1,1,conflicting evidence,C-finance-022,0
PB-004314,conflict,finance,conflict_ood_test,personal_state,The primary source lists the expense category as 12:00.,personal_state,external_verified,0.95,1,1,0,1,1,conflicting evidence,C-finance-022,1
PB-004315,conflict,finance,conflict_ood_test,personal_state,A third-party message says the expense category is 13:00.,personal_state,third_party,0.8,1,1,0,1,0,conflicting evidence,C-finance-022,0
PB-004316,conflict,finance,conflict_ood_test,personal_state,I remember the budget limit as 11:00.,personal_state,explicit_user,0.95,1,1,0,1,1,conflicting evidence,C-finance-023,0
PB-004317,conflict,finance,conflict_ood_test,personal_state,The connected record lists the budget limit as 12:00.,personal_state,tool_verified,0.95,1,1,0,1,1,conflicting evidence,C-finance-023,0
PB-004318,conflict,finance,conflict_ood_test,personal_state,The primary source lists the budget limit as 13:00.,personal_state,external_verified,0.95,1,1,0,1,1,conflicting evidence,C-finance-023,1
PB-004319,conflict,finance,conflict_ood_test,personal_state,A third-party message says the budget limit is 14:00.,personal_state,third_party,0.8,1,1,0,1,0,conflicting evidence,C-finance-023,0
PB-004320,conflict,finance,conflict_ood_test,personal_state,I remember the invoice amount as 8:00.,personal_state,explicit_user,0.95,1,1,0,1,1,conflicting evidence,C-finance-024,0
PB-004321,conflict,finance,conflict_ood_test,personal_state,The connected record lists the invoice amount as 9:00.,personal_state,tool_verified,0.95,1,1,0,1,1,conflicting evidence,C-finance-024,1
PB-004322,conflict,finance,conflict_ood_test,personal_state,The primary source lists the invoice amount as 10:00.,personal_state,external_verified,0.95,0,1,0,1,0,conflicting evidence,C-finance-024,0
PB-004323,conflict,finance,conflict_ood_test,personal_state,A third-party message says the invoice amount is 11:00.,personal_state,third_party,0.8,1,1,0,1,0,conflicting evidence,C-finance-024,0
PB-004324,conflict,finance,conflict_ood_test,personal_state,I remember the payment due date as 9:00.,personal_state,explicit_user,0.95,1,1,0,1,1,conflicting evidence,C-finance-025,0
PB-004325,conflict,finance,conflict_ood_test,personal_state,The connected record lists the payment due date as 10:00.,personal_state,tool_verified,0.95,1,1,0,1,1,conflicting evidence,C-finance-025,0
PB-004326,conflict,finance,conflict_ood_test,personal_state,The primary source lists the payment due date as 11:00.,personal_state,external_verified,0.95,1,1,0,1,1,conflicting evidence,C-finance-025,1
PB-004327,conflict,finance,conflict_ood_test,personal_state,A third-party message says the payment due date is 12:00.,personal_state,third_party,0.8,1,1,0,1,0,conflicting evidence,C-finance-025,0
PB-004328,conflict,finance,conflict_ood_test,personal_state,I remember the expense category as 10:00.,personal_state,explicit_user,0.95,1,1,0,1,1,conflicting evidence,C-finance-026,0
PB-004329,conflict,finance,conflict_ood_test,personal_state,The connected record lists the expense category as 11:00.,personal_state,tool_verified,0.95,1,1,0,1,1,conflicting evidence,C-finance-026,0
PB-004330,conflict,finance,conflict_ood_test,personal_state,The primary source lists the expense category as 12:00.,personal_state,external_verified,0.95,1,1,0,1,1,conflicting evidence,C-finance-026,1
PB-004331,conflict,finance,conflict_ood_test,personal_state,A third-party message says the expense category is 13:00.,personal_state,third_party,0.8,1,1,0,1,0,conflicting evidence,C-finance-026,0
PB-004332,conflict,finance,conflict_ood_test,personal_state,I remember the budget limit as 11:00.,personal_state,explicit_user,0.95,1,1,0,1,1,conflicting evidence,C-finance-027,0
PB-004333,conflict,finance,conflict_ood_test,personal_state,The connected record lists the budget limit as 12:00.,personal_state,tool_verified,0.95,1,1,0,1,1,conflicting evidence,C-finance-027,0
PB-004334,conflict,finance,conflict_ood_test,personal_state,The primary source lists the budget limit as 13:00.,personal_state,external_verified,0.95,1,1,0,1,1,conflicting evidence,C-finance-027,1
PB-004335,conflict,finance,conflict_ood_test,personal_state,A third-party message says the budget limit is 14:00.,personal_state,third_party,0.8,1,1,0,1,0,conflicting evidence,C-finance-027,0
PB-004336,conflict,finance,conflict_ood_test,personal_state,I remember the invoice amount as 8:00.,personal_state,explicit_user,0.95,1,1,0,1,1,conflicting evidence,C-finance-028,0
PB-004337,conflict,finance,conflict_ood_test,personal_state,The connected record lists the invoice amount as 9:00.,personal_state,tool_verified,0.95,1,1,0,1,1,conflicting evidence,C-finance-028,1
PB-004338,conflict,finance,conflict_ood_test,personal_state,The primary source lists the invoice amount as 10:00.,personal_state,external_verified,0.95,0,1,0,1,0,conflicting evidence,C-finance-028,0
PB-004339,conflict,finance,conflict_ood_test,personal_state,A third-party message says the invoice amount is 11:00.,personal_state,third_party,0.8,1,1,0,1,0,conflicting evidence,C-finance-028,0
PB-004340,conflict,finance,conflict_ood_test,personal_state,I remember the payment due date as 9:00.,personal_state,explicit_user,0.95,1,1,0,1,1,conflicting evidence,C-finance-029,0
PB-004341,conflict,finance,conflict_ood_test,personal_state,The connected record lists the payment due date as 10:00.,personal_state,tool_verified,0.95,1,1,0,1,1,conflicting evidence,C-finance-029,0
PB-004342,conflict,finance,conflict_ood_test,personal_state,The primary source lists the payment due date as 11:00.,personal_state,external_verified,0.95,1,1,0,1,1,conflicting evidence,C-finance-029,1
PB-004343,conflict,finance,conflict_ood_test,personal_state,A third-party message says the payment due date is 12:00.,personal_state,third_party,0.8,1,1,0,1,0,conflicting evidence,C-finance-029,0
PB-004344,conflict,finance,conflict_ood_test,personal_state,I remember the expense category as 10:00.,personal_state,explicit_user,0.95,1,1,0,1,1,conflicting evidence,C-finance-030,0
PB-004345,conflict,finance,conflict_ood_test,personal_state,The connected record lists the expense category as 11:00.,personal_state,tool_verified,0.95,1,1,0,1,1,conflicting evidence,C-finance-030,0
PB-004346,conflict,finance,conflict_ood_test,personal_state,The primary source lists the expense category as 12:00.,personal_state,external_verified,0.95,1,1,0,1,1,conflicting evidence,C-finance-030,1
PB-004347,conflict,finance,conflict_ood_test,personal_state,A third-party message says the expense category is 13:00.,personal_state,third_party,0.8,1,1,0,1,0,conflicting evidence,C-finance-030,0
PB-004348,conflict,finance,conflict_ood_test,personal_state,I remember the budget limit as 11:00.,personal_state,explicit_user,0.95,1,1,0,1,1,conflicting evidence,C-finance-031,0
PB-004349,conflict,finance,conflict_ood_test,personal_state,The connected record lists the budget limit as 12:00.,personal_state,tool_verified,0.95,1,1,0,1,1,conflicting evidence,C-finance-031,0
PB-004350,conflict,finance,conflict_ood_test,personal_state,The primary source lists the budget limit as 13:00.,personal_state,external_verified,0.95,1,1,0,1,1,conflicting evidence,C-finance-031,1
PB-004351,conflict,finance,conflict_ood_test,personal_state,A third-party message says the budget limit is 14:00.,personal_state,third_party,0.8,1,1,0,1,0,conflicting evidence,C-finance-031,0
PB-004352,conflict,finance,conflict_ood_test,personal_state,I remember the invoice amount as 8:00.,personal_state,explicit_user,0.95,1,1,0,1,1,conflicting evidence,C-finance-032,0
PB-004353,conflict,finance,conflict_ood_test,personal_state,The connected record lists the invoice amount as 9:00.,personal_state,tool_verified,0.95,1,1,0,1,1,conflicting evidence,C-finance-032,1
PB-004354,conflict,finance,conflict_ood_test,personal_state,The primary source lists the invoice amount as 10:00.,personal_state,external_verified,0.95,0,1,0,1,0,conflicting evidence,C-finance-032,0
PB-004355,conflict,finance,conflict_ood_test,personal_state,A third-party message says the invoice amount is 11:00.,personal_state,third_party,0.8,1,1,0,1,0,conflicting evidence,C-finance-032,0
PB-004356,conflict,finance,conflict_ood_test,personal_state,I remember the payment due date as 9:00.,personal_state,explicit_user,0.95,1,1,0,1,1,conflicting evidence,C-finance-033,0
PB-004357,conflict,finance,conflict_ood_test,personal_state,The connected record lists the payment due date as 10:00.,personal_state,tool_verified,0.95,1,1,0,1,1,conflicting evidence,C-finance-033,0
PB-004358,conflict,finance,conflict_ood_test,personal_state,The primary source lists the payment due date as 11:00.,personal_state,external_verified,0.95,1,1,0,1,1,conflicting evidence,C-finance-033,1
PB-004359,conflict,finance,conflict_ood_test,personal_state,A third-party message says the payment due date is 12:00.,personal_state,third_party,0.8,1,1,0,1,0,conflicting evidence,C-finance-033,0
PB-004360,conflict,finance,conflict_ood_test,personal_state,I remember the expense category as 10:00.,personal_state,explicit_user,0.95,1,1,0,1,1,conflicting evidence,C-finance-034,0
PB-004361,conflict,finance,conflict_ood_test,personal_state,The connected record lists the expense category as 11:00.,personal_state,tool_verified,0.95,1,1,0,1,1,conflicting evidence,C-finance-034,0
PB-004362,conflict,finance,conflict_ood_test,personal_state,The primary source lists the expense category as 12:00.,personal_state,external_verified,0.95,1,1,0,1,1,conflicting evidence,C-finance-034,1
PB-004363,conflict,finance,conflict_ood_test,personal_state,A third-party message says the expense category is 13:00.,personal_state,third_party,0.8,1,1,0,1,0,conflicting evidence,C-finance-034,0
PB-004364,conflict,finance,conflict_ood_test,personal_state,I remember the budget limit as 11:00.,personal_state,explicit_user,0.95,1,1,0,1,1,conflicting evidence,C-finance-035,0
PB-004365,conflict,finance,conflict_ood_test,personal_state,The connected record lists the budget limit as 12:00.,personal_state,tool_verified,0.95,1,1,0,1,1,conflicting evidence,C-finance-035,0
PB-004366,conflict,finance,conflict_ood_test,personal_state,The primary source lists the budget limit as 13:00.,personal_state,external_verified,0.95,1,1,0,1,1,conflicting evidence,C-finance-035,1
PB-004367,conflict,finance,conflict_ood_test,personal_state,A third-party message says the budget limit is 14:00.,personal_state,third_party,0.8,1,1,0,1,0,conflicting evidence,C-finance-035,0
PB-004368,conflict,health_wellness,conflict_test,personal_state,I remember the sleep duration as 8:00.,personal_state,explicit_user,0.95,1,1,0,1,1,conflicting evidence,C-health_wellness-000,0
PB-004369,conflict,health_wellness,conflict_test,personal_state,The connected record lists the sleep duration as 9:00.,personal_state,tool_verified,0.95,1,1,0,1,1,conflicting evidence,C-health_wellness-000,1
PB-004370,conflict,health_wellness,conflict_test,personal_state,The primary source lists the sleep duration as 10:00.,personal_state,external_verified,0.95,0,1,0,1,0,conflicting evidence,C-health_wellness-000,0
PB-004371,conflict,health_wellness,conflict_test,personal_state,A third-party message says the sleep duration is 11:00.,personal_state,third_party,0.8,1,1,0,1,0,conflicting evidence,C-health_wellness-000,0
PB-004372,conflict,health_wellness,conflict_train,personal_state,I remember the workout time as 9:00.,personal_state,explicit_user,0.95,1,1,0,1,1,conflicting evidence,C-health_wellness-001,0
PB-004373,conflict,health_wellness,conflict_train,personal_state,The connected record lists the workout time as 10:00.,personal_state,tool_verified,0.95,1,1,0,1,1,conflicting evidence,C-health_wellness-001,0
PB-004374,conflict,health_wellness,conflict_train,personal_state,The primary source lists the workout time as 11:00.,personal_state,external_verified,0.95,1,1,0,1,1,conflicting evidence,C-health_wellness-001,1
PB-004375,conflict,health_wellness,conflict_train,personal_state,A third-party message says the workout time is 12:00.,personal_state,third_party,0.8,1,1,0,1,0,conflicting evidence,C-health_wellness-001,0
PB-004376,conflict,health_wellness,conflict_train,personal_state,I remember the step count as 10:00.,personal_state,explicit_user,0.95,1,1,0,1,1,conflicting evidence,C-health_wellness-002,0
PB-004377,conflict,health_wellness,conflict_train,personal_state,The connected record lists the step count as 11:00.,personal_state,tool_verified,0.95,1,1,0,1,1,conflicting evidence,C-health_wellness-002,0
PB-004378,conflict,health_wellness,conflict_train,personal_state,The primary source lists the step count as 12:00.,personal_state,external_verified,0.95,1,1,0,1,1,conflicting evidence,C-health_wellness-002,1
PB-004379,conflict,health_wellness,conflict_train,personal_state,A third-party message says the step count is 13:00.,personal_state,third_party,0.8,1,1,0,1,0,conflicting evidence,C-health_wellness-002,0
PB-004380,conflict,health_wellness,conflict_train,personal_state,I remember the meal preference as 11:00.,personal_state,explicit_user,0.95,1,1,0,1,1,conflicting evidence,C-health_wellness-003,0
PB-004381,conflict,health_wellness,conflict_train,personal_state,The connected record lists the meal preference as 12:00.,personal_state,tool_verified,0.95,1,1,0,1,1,conflicting evidence,C-health_wellness-003,0
PB-004382,conflict,health_wellness,conflict_train,personal_state,The primary source lists the meal preference as 13:00.,personal_state,external_verified,0.95,1,1,0,1,1,conflicting evidence,C-health_wellness-003,1
PB-004383,conflict,health_wellness,conflict_train,personal_state,A third-party message says the meal preference is 14:00.,personal_state,third_party,0.8,1,1,0,1,0,conflicting evidence,C-health_wellness-003,0
PB-004384,conflict,health_wellness,conflict_train,personal_state,I remember the sleep duration as 8:00.,personal_state,explicit_user,0.95,1,1,0,1,1,conflicting evidence,C-health_wellness-004,0
PB-004385,conflict,health_wellness,conflict_train,personal_state,The connected record lists the sleep duration as 9:00.,personal_state,tool_verified,0.95,1,1,0,1,1,conflicting evidence,C-health_wellness-004,1
PB-004386,conflict,health_wellness,conflict_train,personal_state,The primary source lists the sleep duration as 10:00.,personal_state,external_verified,0.95,0,1,0,1,0,conflicting evidence,C-health_wellness-004,0
PB-004387,conflict,health_wellness,conflict_train,personal_state,A third-party message says the sleep duration is 11:00.,personal_state,third_party,0.8,1,1,0,1,0,conflicting evidence,C-health_wellness-004,0
PB-004388,conflict,health_wellness,conflict_test,personal_state,I remember the workout time as 9:00.,personal_state,explicit_user,0.95,1,1,0,1,1,conflicting evidence,C-health_wellness-005,0
PB-004389,conflict,health_wellness,conflict_test,personal_state,The connected record lists the workout time as 10:00.,personal_state,tool_verified,0.95,1,1,0,1,1,conflicting evidence,C-health_wellness-005,0
PB-004390,conflict,health_wellness,conflict_test,personal_state,The primary source lists the workout time as 11:00.,personal_state,external_verified,0.95,1,1,0,1,1,conflicting evidence,C-health_wellness-005,1
PB-004391,conflict,health_wellness,conflict_test,personal_state,A third-party message says the workout time is 12:00.,personal_state,third_party,0.8,1,1,0,1,0,conflicting evidence,C-health_wellness-005,0
PB-004392,conflict,health_wellness,conflict_train,personal_state,I remember the step count as 10:00.,personal_state,explicit_user,0.95,1,1,0,1,1,conflicting evidence,C-health_wellness-006,0
PB-004393,conflict,health_wellness,conflict_train,personal_state,The connected record lists the step count as 11:00.,personal_state,tool_verified,0.95,1,1,0,1,1,conflicting evidence,C-health_wellness-006,0
PB-004394,conflict,health_wellness,conflict_train,personal_state,The primary source lists the step count as 12:00.,personal_state,external_verified,0.95,1,1,0,1,1,conflicting evidence,C-health_wellness-006,1
PB-004395,conflict,health_wellness,conflict_train,personal_state,A third-party message says the step count is 13:00.,personal_state,third_party,0.8,1,1,0,1,0,conflicting evidence,C-health_wellness-006,0
PB-004396,conflict,health_wellness,conflict_train,personal_state,I remember the meal preference as 11:00.,personal_state,explicit_user,0.95,1,1,0,1,1,conflicting evidence,C-health_wellness-007,0
PB-004397,conflict,health_wellness,conflict_train,personal_state,The connected record lists the meal preference as 12:00.,personal_state,tool_verified,0.95,1,1,0,1,1,conflicting evidence,C-health_wellness-007,0
PB-004398,conflict,health_wellness,conflict_train,personal_state,The primary source lists the meal preference as 13:00.,personal_state,external_verified,0.95,1,1,0,1,1,conflicting evidence,C-health_wellness-007,1
PB-004399,conflict,health_wellness,conflict_train,personal_state,A third-party message says the meal preference is 14:00.,personal_state,third_party,0.8,1,1,0,1,0,conflicting evidence,C-health_wellness-007,0
PB-004400,conflict,health_wellness,conflict_train,personal_state,I remember the sleep duration as 8:00.,personal_state,explicit_user,0.95,1,1,0,1,1,conflicting evidence,C-health_wellness-008,0
PB-004401,conflict,health_wellness,conflict_train,personal_state,The connected record lists the sleep duration as 9:00.,personal_state,tool_verified,0.95,1,1,0,1,1,conflicting evidence,C-health_wellness-008,1
PB-004402,conflict,health_wellness,conflict_train,personal_state,The primary source lists the sleep duration as 10:00.,personal_state,external_verified,0.95,0,1,0,1,0,conflicting evidence,C-health_wellness-008,0
PB-004403,conflict,health_wellness,conflict_train,personal_state,A third-party message says the sleep duration is 11:00.,personal_state,third_party,0.8,1,1,0,1,0,conflicting evidence,C-health_wellness-008,0
PB-004404,conflict,health_wellness,conflict_train,personal_state,I remember the workout time as 9:00.,personal_state,explicit_user,0.95,1,1,0,1,1,conflicting evidence,C-health_wellness-009,0
PB-004405,conflict,health_wellness,conflict_train,personal_state,The connected record lists the workout time as 10:00.,personal_state,tool_verified,0.95,1,1,0,1,1,conflicting evidence,C-health_wellness-009,0
PB-004406,conflict,health_wellness,conflict_train,personal_state,The primary source lists the workout time as 11:00.,personal_state,external_verified,0.95,1,1,0,1,1,conflicting evidence,C-health_wellness-009,1
PB-004407,conflict,health_wellness,conflict_train,personal_state,A third-party message says the workout time is 12:00.,personal_state,third_party,0.8,1,1,0,1,0,conflicting evidence,C-health_wellness-009,0
PB-004408,conflict,health_wellness,conflict_test,personal_state,I remember the step count as 10:00.,personal_state,explicit_user,0.95,1,1,0,1,1,conflicting evidence,C-health_wellness-010,0
PB-004409,conflict,health_wellness,conflict_test,personal_state,The connected record lists the step count as 11:00.,personal_state,tool_verified,0.95,1,1,0,1,1,conflicting evidence,C-health_wellness-010,0
PB-004410,conflict,health_wellness,conflict_test,personal_state,The primary source lists the step count as 12:00.,personal_state,external_verified,0.95,1,1,0,1,1,conflicting evidence,C-health_wellness-010,1
PB-004411,conflict,health_wellness,conflict_test,personal_state,A third-party message says the step count is 13:00.,personal_state,third_party,0.8,1,1,0,1,0,conflicting evidence,C-health_wellness-010,0
PB-004412,conflict,health_wellness,conflict_train,personal_state,I remember the meal preference as 11:00.,personal_state,explicit_user,0.95,1,1,0,1,1,conflicting evidence,C-health_wellness-011,0
PB-004413,conflict,health_wellness,conflict_train,personal_state,The connected record lists the meal preference as 12:00.,personal_state,tool_verified,0.95,1,1,0,1,1,conflicting evidence,C-health_wellness-011,0
PB-004414,conflict,health_wellness,conflict_train,personal_state,The primary source lists the meal preference as 13:00.,personal_state,external_verified,0.95,1,1,0,1,1,conflicting evidence,C-health_wellness-011,1
PB-004415,conflict,health_wellness,conflict_train,personal_state,A third-party message says the meal preference is 14:00.,personal_state,third_party,0.8,1,1,0,1,0,conflicting evidence,C-health_wellness-011,0
PB-004416,conflict,health_wellness,conflict_train,personal_state,I remember the sleep duration as 8:00.,personal_state,explicit_user,0.95,1,1,0,1,1,conflicting evidence,C-health_wellness-012,0
PB-004417,conflict,health_wellness,conflict_train,personal_state,The connected record lists the sleep duration as 9:00.,personal_state,tool_verified,0.95,1,1,0,1,1,conflicting evidence,C-health_wellness-012,1
PB-004418,conflict,health_wellness,conflict_train,personal_state,The primary source lists the sleep duration as 10:00.,personal_state,external_verified,0.95,0,1,0,1,0,conflicting evidence,C-health_wellness-012,0
PB-004419,conflict,health_wellness,conflict_train,personal_state,A third-party message says the sleep duration is 11:00.,personal_state,third_party,0.8,1,1,0,1,0,conflicting evidence,C-health_wellness-012,0
PB-004420,conflict,health_wellness,conflict_train,personal_state,I remember the workout time as 9:00.,personal_state,explicit_user,0.95,1,1,0,1,1,conflicting evidence,C-health_wellness-013,0
PB-004421,conflict,health_wellness,conflict_train,personal_state,The connected record lists the workout time as 10:00.,personal_state,tool_verified,0.95,1,1,0,1,1,conflicting evidence,C-health_wellness-013,0
PB-004422,conflict,health_wellness,conflict_train,personal_state,The primary source lists the workout time as 11:00.,personal_state,external_verified,0.95,1,1,0,1,1,conflicting evidence,C-health_wellness-013,1
PB-004423,conflict,health_wellness,conflict_train,personal_state,A third-party message says the workout time is 12:00.,personal_state,third_party,0.8,1,1,0,1,0,conflicting evidence,C-health_wellness-013,0
PB-004424,conflict,health_wellness,conflict_train,personal_state,I remember the step count as 10:00.,personal_state,explicit_user,0.95,1,1,0,1,1,conflicting evidence,C-health_wellness-014,0
PB-004425,conflict,health_wellness,conflict_train,personal_state,The connected record lists the step count as 11:00.,personal_state,tool_verified,0.95,1,1,0,1,1,conflicting evidence,C-health_wellness-014,0
PB-004426,conflict,health_wellness,conflict_train,personal_state,The primary source lists the step count as 12:00.,personal_state,external_verified,0.95,1,1,0,1,1,conflicting evidence,C-health_wellness-014,1
PB-004427,conflict,health_wellness,conflict_train,personal_state,A third-party message says the step count is 13:00.,personal_state,third_party,0.8,1,1,0,1,0,conflicting evidence,C-health_wellness-014,0
PB-004428,conflict,health_wellness,conflict_test,personal_state,I remember the meal preference as 11:00.,personal_state,explicit_user,0.95,1,1,0,1,1,conflicting evidence,C-health_wellness-015,0
PB-004429,conflict,health_wellness,conflict_test,personal_state,The connected record lists the meal preference as 12:00.,personal_state,tool_verified,0.95,1,1,0,1,1,conflicting evidence,C-health_wellness-015,0
PB-004430,conflict,health_wellness,conflict_test,personal_state,The primary source lists the meal preference as 13:00.,personal_state,external_verified,0.95,1,1,0,1,1,conflicting evidence,C-health_wellness-015,1
PB-004431,conflict,health_wellness,conflict_test,personal_state,A third-party message says the meal preference is 14:00.,personal_state,third_party,0.8,1,1,0,1,0,conflicting evidence,C-health_wellness-015,0
PB-004432,conflict,health_wellness,conflict_train,personal_state,I remember the sleep duration as 8:00.,personal_state,explicit_user,0.95,1,1,0,1,1,conflicting evidence,C-health_wellness-016,0
PB-004433,conflict,health_wellness,conflict_train,personal_state,The connected record lists the sleep duration as 9:00.,personal_state,tool_verified,0.95,1,1,0,1,1,conflicting evidence,C-health_wellness-016,1
PB-004434,conflict,health_wellness,conflict_train,personal_state,The primary source lists the sleep duration as 10:00.,personal_state,external_verified,0.95,0,1,0,1,0,conflicting evidence,C-health_wellness-016,0
PB-004435,conflict,health_wellness,conflict_train,personal_state,A third-party message says the sleep duration is 11:00.,personal_state,third_party,0.8,1,1,0,1,0,conflicting evidence,C-health_wellness-016,0
PB-004436,conflict,health_wellness,conflict_train,personal_state,I remember the workout time as 9:00.,personal_state,explicit_user,0.95,1,1,0,1,1,conflicting evidence,C-health_wellness-017,0
PB-004437,conflict,health_wellness,conflict_train,personal_state,The connected record lists the workout time as 10:00.,personal_state,tool_verified,0.95,1,1,0,1,1,conflicting evidence,C-health_wellness-017,0
PB-004438,conflict,health_wellness,conflict_train,personal_state,The primary source lists the workout time as 11:00.,personal_state,external_verified,0.95,1,1,0,1,1,conflicting evidence,C-health_wellness-017,1
PB-004439,conflict,health_wellness,conflict_train,personal_state,A third-party message says the workout time is 12:00.,personal_state,third_party,0.8,1,1,0,1,0,conflicting evidence,C-health_wellness-017,0
PB-004440,conflict,health_wellness,conflict_train,personal_state,I remember the step count as 10:00.,personal_state,explicit_user,0.95,1,1,0,1,1,conflicting evidence,C-health_wellness-018,0
PB-004441,conflict,health_wellness,conflict_train,personal_state,The connected record lists the step count as 11:00.,personal_state,tool_verified,0.95,1,1,0,1,1,conflicting evidence,C-health_wellness-018,0
PB-004442,conflict,health_wellness,conflict_train,personal_state,The primary source lists the step count as 12:00.,personal_state,external_verified,0.95,1,1,0,1,1,conflicting evidence,C-health_wellness-018,1
PB-004443,conflict,health_wellness,conflict_train,personal_state,A third-party message says the step count is 13:00.,personal_state,third_party,0.8,1,1,0,1,0,conflicting evidence,C-health_wellness-018,0
PB-004444,conflict,health_wellness,conflict_train,personal_state,I remember the meal preference as 11:00.,personal_state,explicit_user,0.95,1,1,0,1,1,conflicting evidence,C-health_wellness-019,0
PB-004445,conflict,health_wellness,conflict_train,personal_state,The connected record lists the meal preference as 12:00.,personal_state,tool_verified,0.95,1,1,0,1,1,conflicting evidence,C-health_wellness-019,0
PB-004446,conflict,health_wellness,conflict_train,personal_state,The primary source lists the meal preference as 13:00.,personal_state,external_verified,0.95,1,1,0,1,1,conflicting evidence,C-health_wellness-019,1
PB-004447,conflict,health_wellness,conflict_train,personal_state,A third-party message says the meal preference is 14:00.,personal_state,third_party,0.8,1,1,0,1,0,conflicting evidence,C-health_wellness-019,0
PB-004448,conflict,health_wellness,conflict_test,personal_state,I remember the sleep duration as 8:00.,personal_state,explicit_user,0.95,1,1,0,1,1,conflicting evidence,C-health_wellness-020,0
PB-004449,conflict,health_wellness,conflict_test,personal_state,The connected record lists the sleep duration as 9:00.,personal_state,tool_verified,0.95,1,1,0,1,1,conflicting evidence,C-health_wellness-020,1
PB-004450,conflict,health_wellness,conflict_test,personal_state,The primary source lists the sleep duration as 10:00.,personal_state,external_verified,0.95,0,1,0,1,0,conflicting evidence,C-health_wellness-020,0
PB-004451,conflict,health_wellness,conflict_test,personal_state,A third-party message says the sleep duration is 11:00.,personal_state,third_party,0.8,1,1,0,1,0,conflicting evidence,C-health_wellness-020,0
PB-004452,conflict,health_wellness,conflict_train,personal_state,I remember the workout time as 9:00.,personal_state,explicit_user,0.95,1,1,0,1,1,conflicting evidence,C-health_wellness-021,0
PB-004453,conflict,health_wellness,conflict_train,personal_state,The connected record lists the workout time as 10:00.,personal_state,tool_verified,0.95,1,1,0,1,1,conflicting evidence,C-health_wellness-021,0
PB-004454,conflict,health_wellness,conflict_train,personal_state,The primary source lists the workout time as 11:00.,personal_state,external_verified,0.95,1,1,0,1,1,conflicting evidence,C-health_wellness-021,1
PB-004455,conflict,health_wellness,conflict_train,personal_state,A third-party message says the workout time is 12:00.,personal_state,third_party,0.8,1,1,0,1,0,conflicting evidence,C-health_wellness-021,0
PB-004456,conflict,health_wellness,conflict_train,personal_state,I remember the step count as 10:00.,personal_state,explicit_user,0.95,1,1,0,1,1,conflicting evidence,C-health_wellness-022,0
PB-004457,conflict,health_wellness,conflict_train,personal_state,The connected record lists the step count as 11:00.,personal_state,tool_verified,0.95,1,1,0,1,1,conflicting evidence,C-health_wellness-022,0
PB-004458,conflict,health_wellness,conflict_train,personal_state,The primary source lists the step count as 12:00.,personal_state,external_verified,0.95,1,1,0,1,1,conflicting evidence,C-health_wellness-022,1
PB-004459,conflict,health_wellness,conflict_train,personal_state,A third-party message says the step count is 13:00.,personal_state,third_party,0.8,1,1,0,1,0,conflicting evidence,C-health_wellness-022,0
PB-004460,conflict,health_wellness,conflict_train,personal_state,I remember the meal preference as 11:00.,personal_state,explicit_user,0.95,1,1,0,1,1,conflicting evidence,C-health_wellness-023,0
PB-004461,conflict,health_wellness,conflict_train,personal_state,The connected record lists the meal preference as 12:00.,personal_state,tool_verified,0.95,1,1,0,1,1,conflicting evidence,C-health_wellness-023,0
PB-004462,conflict,health_wellness,conflict_train,personal_state,The primary source lists the meal preference as 13:00.,personal_state,external_verified,0.95,1,1,0,1,1,conflicting evidence,C-health_wellness-023,1
PB-004463,conflict,health_wellness,conflict_train,personal_state,A third-party message says the meal preference is 14:00.,personal_state,third_party,0.8,1,1,0,1,0,conflicting evidence,C-health_wellness-023,0
PB-004464,conflict,health_wellness,conflict_train,personal_state,I remember the sleep duration as 8:00.,personal_state,explicit_user,0.95,1,1,0,1,1,conflicting evidence,C-health_wellness-024,0
PB-004465,conflict,health_wellness,conflict_train,personal_state,The connected record lists the sleep duration as 9:00.,personal_state,tool_verified,0.95,1,1,0,1,1,conflicting evidence,C-health_wellness-024,1
PB-004466,conflict,health_wellness,conflict_train,personal_state,The primary source lists the sleep duration as 10:00.,personal_state,external_verified,0.95,0,1,0,1,0,conflicting evidence,C-health_wellness-024,0
PB-004467,conflict,health_wellness,conflict_train,personal_state,A third-party message says the sleep duration is 11:00.,personal_state,third_party,0.8,1,1,0,1,0,conflicting evidence,C-health_wellness-024,0
PB-004468,conflict,health_wellness,conflict_test,personal_state,I remember the workout time as 9:00.,personal_state,explicit_user,0.95,1,1,0,1,1,conflicting evidence,C-health_wellness-025,0
PB-004469,conflict,health_wellness,conflict_test,personal_state,The connected record lists the workout time as 10:00.,personal_state,tool_verified,0.95,1,1,0,1,1,conflicting evidence,C-health_wellness-025,0
PB-004470,conflict,health_wellness,conflict_test,personal_state,The primary source lists the workout time as 11:00.,personal_state,external_verified,0.95,1,1,0,1,1,conflicting evidence,C-health_wellness-025,1
PB-004471,conflict,health_wellness,conflict_test,personal_state,A third-party message says the workout time is 12:00.,personal_state,third_party,0.8,1,1,0,1,0,conflicting evidence,C-health_wellness-025,0
PB-004472,conflict,health_wellness,conflict_train,personal_state,I remember the step count as 10:00.,personal_state,explicit_user,0.95,1,1,0,1,1,conflicting evidence,C-health_wellness-026,0
PB-004473,conflict,health_wellness,conflict_train,personal_state,The connected record lists the step count as 11:00.,personal_state,tool_verified,0.95,1,1,0,1,1,conflicting evidence,C-health_wellness-026,0
PB-004474,conflict,health_wellness,conflict_train,personal_state,The primary source lists the step count as 12:00.,personal_state,external_verified,0.95,1,1,0,1,1,conflicting evidence,C-health_wellness-026,1
PB-004475,conflict,health_wellness,conflict_train,personal_state,A third-party message says the step count is 13:00.,personal_state,third_party,0.8,1,1,0,1,0,conflicting evidence,C-health_wellness-026,0
PB-004476,conflict,health_wellness,conflict_train,personal_state,I remember the meal preference as 11:00.,personal_state,explicit_user,0.95,1,1,0,1,1,conflicting evidence,C-health_wellness-027,0
PB-004477,conflict,health_wellness,conflict_train,personal_state,The connected record lists the meal preference as 12:00.,personal_state,tool_verified,0.95,1,1,0,1,1,conflicting evidence,C-health_wellness-027,0
PB-004478,conflict,health_wellness,conflict_train,personal_state,The primary source lists the meal preference as 13:00.,personal_state,external_verified,0.95,1,1,0,1,1,conflicting evidence,C-health_wellness-027,1
PB-004479,conflict,health_wellness,conflict_train,personal_state,A third-party message says the meal preference is 14:00.,personal_state,third_party,0.8,1,1,0,1,0,conflicting evidence,C-health_wellness-027,0
PB-004480,conflict,health_wellness,conflict_train,personal_state,I remember the sleep duration as 8:00.,personal_state,explicit_user,0.95,1,1,0,1,1,conflicting evidence,C-health_wellness-028,0
PB-004481,conflict,health_wellness,conflict_train,personal_state,The connected record lists the sleep duration as 9:00.,personal_state,tool_verified,0.95,1,1,0,1,1,conflicting evidence,C-health_wellness-028,1
PB-004482,conflict,health_wellness,conflict_train,personal_state,The primary source lists the sleep duration as 10:00.,personal_state,external_verified,0.95,0,1,0,1,0,conflicting evidence,C-health_wellness-028,0
PB-004483,conflict,health_wellness,conflict_train,personal_state,A third-party message says the sleep duration is 11:00.,personal_state,third_party,0.8,1,1,0,1,0,conflicting evidence,C-health_wellness-028,0
PB-004484,conflict,health_wellness,conflict_train,personal_state,I remember the workout time as 9:00.,personal_state,explicit_user,0.95,1,1,0,1,1,conflicting evidence,C-health_wellness-029,0
PB-004485,conflict,health_wellness,conflict_train,personal_state,The connected record lists the workout time as 10:00.,personal_state,tool_verified,0.95,1,1,0,1,1,conflicting evidence,C-health_wellness-029,0
PB-004486,conflict,health_wellness,conflict_train,personal_state,The primary source lists the workout time as 11:00.,personal_state,external_verified,0.95,1,1,0,1,1,conflicting evidence,C-health_wellness-029,1
PB-004487,conflict,health_wellness,conflict_train,personal_state,A third-party message says the workout time is 12:00.,personal_state,third_party,0.8,1,1,0,1,0,conflicting evidence,C-health_wellness-029,0
PB-004488,conflict,health_wellness,conflict_test,personal_state,I remember the step count as 10:00.,personal_state,explicit_user,0.95,1,1,0,1,1,conflicting evidence,C-health_wellness-030,0
PB-004489,conflict,health_wellness,conflict_test,personal_state,The connected record lists the step count as 11:00.,personal_state,tool_verified,0.95,1,1,0,1,1,conflicting evidence,C-health_wellness-030,0
PB-004490,conflict,health_wellness,conflict_test,personal_state,The primary source lists the step count as 12:00.,personal_state,external_verified,0.95,1,1,0,1,1,conflicting evidence,C-health_wellness-030,1
PB-004491,conflict,health_wellness,conflict_test,personal_state,A third-party message says the step count is 13:00.,personal_state,third_party,0.8,1,1,0,1,0,conflicting evidence,C-health_wellness-030,0
PB-004492,conflict,health_wellness,conflict_train,personal_state,I remember the meal preference as 11:00.,personal_state,explicit_user,0.95,1,1,0,1,1,conflicting evidence,C-health_wellness-031,0
PB-004493,conflict,health_wellness,conflict_train,personal_state,The connected record lists the meal preference as 12:00.,personal_state,tool_verified,0.95,1,1,0,1,1,conflicting evidence,C-health_wellness-031,0
PB-004494,conflict,health_wellness,conflict_train,personal_state,The primary source lists the meal preference as 13:00.,personal_state,external_verified,0.95,1,1,0,1,1,conflicting evidence,C-health_wellness-031,1
PB-004495,conflict,health_wellness,conflict_train,personal_state,A third-party message says the meal preference is 14:00.,personal_state,third_party,0.8,1,1,0,1,0,conflicting evidence,C-health_wellness-031,0
PB-004496,conflict,health_wellness,conflict_train,personal_state,I remember the sleep duration as 8:00.,personal_state,explicit_user,0.95,1,1,0,1,1,conflicting evidence,C-health_wellness-032,0
PB-004497,conflict,health_wellness,conflict_train,personal_state,The connected record lists the sleep duration as 9:00.,personal_state,tool_verified,0.95,1,1,0,1,1,conflicting evidence,C-health_wellness-032,1
PB-004498,conflict,health_wellness,conflict_train,personal_state,The primary source lists the sleep duration as 10:00.,personal_state,external_verified,0.95,0,1,0,1,0,conflicting evidence,C-health_wellness-032,0
PB-004499,conflict,health_wellness,conflict_train,personal_state,A third-party message says the sleep duration is 11:00.,personal_state,third_party,0.8,1,1,0,1,0,conflicting evidence,C-health_wellness-032,0
PB-004500,conflict,health_wellness,conflict_train,personal_state,I remember the workout time as 9:00.,personal_state,explicit_user,0.95,1,1,0,1,1,conflicting evidence,C-health_wellness-033,0
PB-004501,conflict,health_wellness,conflict_train,personal_state,The connected record lists the workout time as 10:00.,personal_state,tool_verified,0.95,1,1,0,1,1,conflicting evidence,C-health_wellness-033,0
PB-004502,conflict,health_wellness,conflict_train,personal_state,The primary source lists the workout time as 11:00.,personal_state,external_verified,0.95,1,1,0,1,1,conflicting evidence,C-health_wellness-033,1
PB-004503,conflict,health_wellness,conflict_train,personal_state,A third-party message says the workout time is 12:00.,personal_state,third_party,0.8,1,1,0,1,0,conflicting evidence,C-health_wellness-033,0
PB-004504,conflict,health_wellness,conflict_train,personal_state,I remember the step count as 10:00.,personal_state,explicit_user,0.95,1,1,0,1,1,conflicting evidence,C-health_wellness-034,0
PB-004505,conflict,health_wellness,conflict_train,personal_state,The connected record lists the step count as 11:00.,personal_state,tool_verified,0.95,1,1,0,1,1,conflicting evidence,C-health_wellness-034,0
PB-004506,conflict,health_wellness,conflict_train,personal_state,The primary source lists the step count as 12:00.,personal_state,external_verified,0.95,1,1,0,1,1,conflicting evidence,C-health_wellness-034,1
PB-004507,conflict,health_wellness,conflict_train,personal_state,A third-party message says the step count is 13:00.,personal_state,third_party,0.8,1,1,0,1,0,conflicting evidence,C-health_wellness-034,0
PB-004508,conflict,health_wellness,conflict_test,personal_state,I remember the meal preference as 11:00.,personal_state,explicit_user,0.95,1,1,0,1,1,conflicting evidence,C-health_wellness-035,0
PB-004509,conflict,health_wellness,conflict_test,personal_state,The connected record lists the meal preference as 12:00.,personal_state,tool_verified,0.95,1,1,0,1,1,conflicting evidence,C-health_wellness-035,0
PB-004510,conflict,health_wellness,conflict_test,personal_state,The primary source lists the meal preference as 13:00.,personal_state,external_verified,0.95,1,1,0,1,1,conflicting evidence,C-health_wellness-035,1
PB-004511,conflict,health_wellness,conflict_test,personal_state,A third-party message says the meal preference is 14:00.,personal_state,third_party,0.8,1,1,0,1,0,conflicting evidence,C-health_wellness-035,0
PB-004512,conflict,education,conflict_ood_test,personal_state,I remember the exam room as 8:00.,personal_state,explicit_user,0.95,1,1,0,1,1,conflicting evidence,C-education-000,0
PB-004513,conflict,education,conflict_ood_test,personal_state,The connected record lists the exam room as 9:00.,personal_state,tool_verified,0.95,1,1,0,1,1,conflicting evidence,C-education-000,1
PB-004514,conflict,education,conflict_ood_test,personal_state,The primary source lists the exam room as 10:00.,personal_state,external_verified,0.95,0,1,0,1,0,conflicting evidence,C-education-000,0
PB-004515,conflict,education,conflict_ood_test,personal_state,A third-party message says the exam room is 11:00.,personal_state,third_party,0.8,1,1,0,1,0,conflicting evidence,C-education-000,0
PB-004516,conflict,education,conflict_ood_test,personal_state,I remember the assignment deadline as 9:00.,personal_state,explicit_user,0.95,1,1,0,1,1,conflicting evidence,C-education-001,0
PB-004517,conflict,education,conflict_ood_test,personal_state,The connected record lists the assignment deadline as 10:00.,personal_state,tool_verified,0.95,1,1,0,1,1,conflicting evidence,C-education-001,0
PB-004518,conflict,education,conflict_ood_test,personal_state,The primary source lists the assignment deadline as 11:00.,personal_state,external_verified,0.95,1,1,0,1,1,conflicting evidence,C-education-001,1
PB-004519,conflict,education,conflict_ood_test,personal_state,A third-party message says the assignment deadline is 12:00.,personal_state,third_party,0.8,1,1,0,1,0,conflicting evidence,C-education-001,0
PB-004520,conflict,education,conflict_ood_test,personal_state,I remember the office hour as 10:00.,personal_state,explicit_user,0.95,1,1,0,1,1,conflicting evidence,C-education-002,0
PB-004521,conflict,education,conflict_ood_test,personal_state,The connected record lists the office hour as 11:00.,personal_state,tool_verified,0.95,1,1,0,1,1,conflicting evidence,C-education-002,0
PB-004522,conflict,education,conflict_ood_test,personal_state,The primary source lists the office hour as 12:00.,personal_state,external_verified,0.95,1,1,0,1,1,conflicting evidence,C-education-002,1
PB-004523,conflict,education,conflict_ood_test,personal_state,A third-party message says the office hour is 13:00.,personal_state,third_party,0.8,1,1,0,1,0,conflicting evidence,C-education-002,0
PB-004524,conflict,education,conflict_ood_test,personal_state,I remember the course preference as 11:00.,personal_state,explicit_user,0.95,1,1,0,1,1,conflicting evidence,C-education-003,0
PB-004525,conflict,education,conflict_ood_test,personal_state,The connected record lists the course preference as 12:00.,personal_state,tool_verified,0.95,1,1,0,1,1,conflicting evidence,C-education-003,0
PB-004526,conflict,education,conflict_ood_test,personal_state,The primary source lists the course preference as 13:00.,personal_state,external_verified,0.95,1,1,0,1,1,conflicting evidence,C-education-003,1
PB-004527,conflict,education,conflict_ood_test,personal_state,A third-party message says the course preference is 14:00.,personal_state,third_party,0.8,1,1,0,1,0,conflicting evidence,C-education-003,0
PB-004528,conflict,education,conflict_ood_test,personal_state,I remember the exam room as 8:00.,personal_state,explicit_user,0.95,1,1,0,1,1,conflicting evidence,C-education-004,0
PB-004529,conflict,education,conflict_ood_test,personal_state,The connected record lists the exam room as 9:00.,personal_state,tool_verified,0.95,1,1,0,1,1,conflicting evidence,C-education-004,1
PB-004530,conflict,education,conflict_ood_test,personal_state,The primary source lists the exam room as 10:00.,personal_state,external_verified,0.95,0,1,0,1,0,conflicting evidence,C-education-004,0
PB-004531,conflict,education,conflict_ood_test,personal_state,A third-party message says the exam room is 11:00.,personal_state,third_party,0.8,1,1,0,1,0,conflicting evidence,C-education-004,0
PB-004532,conflict,education,conflict_ood_test,personal_state,I remember the assignment deadline as 9:00.,personal_state,explicit_user,0.95,1,1,0,1,1,conflicting evidence,C-education-005,0
PB-004533,conflict,education,conflict_ood_test,personal_state,The connected record lists the assignment deadline as 10:00.,personal_state,tool_verified,0.95,1,1,0,1,1,conflicting evidence,C-education-005,0
PB-004534,conflict,education,conflict_ood_test,personal_state,The primary source lists the assignment deadline as 11:00.,personal_state,external_verified,0.95,1,1,0,1,1,conflicting evidence,C-education-005,1
PB-004535,conflict,education,conflict_ood_test,personal_state,A third-party message says the assignment deadline is 12:00.,personal_state,third_party,0.8,1,1,0,1,0,conflicting evidence,C-education-005,0
PB-004536,conflict,education,conflict_ood_test,personal_state,I remember the office hour as 10:00.,personal_state,explicit_user,0.95,1,1,0,1,1,conflicting evidence,C-education-006,0
PB-004537,conflict,education,conflict_ood_test,personal_state,The connected record lists the office hour as 11:00.,personal_state,tool_verified,0.95,1,1,0,1,1,conflicting evidence,C-education-006,0
PB-004538,conflict,education,conflict_ood_test,personal_state,The primary source lists the office hour as 12:00.,personal_state,external_verified,0.95,1,1,0,1,1,conflicting evidence,C-education-006,1
PB-004539,conflict,education,conflict_ood_test,personal_state,A third-party message says the office hour is 13:00.,personal_state,third_party,0.8,1,1,0,1,0,conflicting evidence,C-education-006,0
PB-004540,conflict,education,conflict_ood_test,personal_state,I remember the course preference as 11:00.,personal_state,explicit_user,0.95,1,1,0,1,1,conflicting evidence,C-education-007,0
PB-004541,conflict,education,conflict_ood_test,personal_state,The connected record lists the course preference as 12:00.,personal_state,tool_verified,0.95,1,1,0,1,1,conflicting evidence,C-education-007,0
PB-004542,conflict,education,conflict_ood_test,personal_state,The primary source lists the course preference as 13:00.,personal_state,external_verified,0.95,1,1,0,1,1,conflicting evidence,C-education-007,1
PB-004543,conflict,education,conflict_ood_test,personal_state,A third-party message says the course preference is 14:00.,personal_state,third_party,0.8,1,1,0,1,0,conflicting evidence,C-education-007,0
PB-004544,conflict,education,conflict_ood_test,personal_state,I remember the exam room as 8:00.,personal_state,explicit_user,0.95,1,1,0,1,1,conflicting evidence,C-education-008,0
PB-004545,conflict,education,conflict_ood_test,personal_state,The connected record lists the exam room as 9:00.,personal_state,tool_verified,0.95,1,1,0,1,1,conflicting evidence,C-education-008,1
PB-004546,conflict,education,conflict_ood_test,personal_state,The primary source lists the exam room as 10:00.,personal_state,external_verified,0.95,0,1,0,1,0,conflicting evidence,C-education-008,0
PB-004547,conflict,education,conflict_ood_test,personal_state,A third-party message says the exam room is 11:00.,personal_state,third_party,0.8,1,1,0,1,0,conflicting evidence,C-education-008,0
PB-004548,conflict,education,conflict_ood_test,personal_state,I remember the assignment deadline as 9:00.,personal_state,explicit_user,0.95,1,1,0,1,1,conflicting evidence,C-education-009,0
PB-004549,conflict,education,conflict_ood_test,personal_state,The connected record lists the assignment deadline as 10:00.,personal_state,tool_verified,0.95,1,1,0,1,1,conflicting evidence,C-education-009,0
PB-004550,conflict,education,conflict_ood_test,personal_state,The primary source lists the assignment deadline as 11:00.,personal_state,external_verified,0.95,1,1,0,1,1,conflicting evidence,C-education-009,1
PB-004551,conflict,education,conflict_ood_test,personal_state,A third-party message says the assignment deadline is 12:00.,personal_state,third_party,0.8,1,1,0,1,0,conflicting evidence,C-education-009,0
PB-004552,conflict,education,conflict_ood_test,personal_state,I remember the office hour as 10:00.,personal_state,explicit_user,0.95,1,1,0,1,1,conflicting evidence,C-education-010,0
PB-004553,conflict,education,conflict_ood_test,personal_state,The connected record lists the office hour as 11:00.,personal_state,tool_verified,0.95,1,1,0,1,1,conflicting evidence,C-education-010,0
PB-004554,conflict,education,conflict_ood_test,personal_state,The primary source lists the office hour as 12:00.,personal_state,external_verified,0.95,1,1,0,1,1,conflicting evidence,C-education-010,1
PB-004555,conflict,education,conflict_ood_test,personal_state,A third-party message says the office hour is 13:00.,personal_state,third_party,0.8,1,1,0,1,0,conflicting evidence,C-education-010,0
PB-004556,conflict,education,conflict_ood_test,personal_state,I remember the course preference as 11:00.,personal_state,explicit_user,0.95,1,1,0,1,1,conflicting evidence,C-education-011,0
PB-004557,conflict,education,conflict_ood_test,personal_state,The connected record lists the course preference as 12:00.,personal_state,tool_verified,0.95,1,1,0,1,1,conflicting evidence,C-education-011,0
PB-004558,conflict,education,conflict_ood_test,personal_state,The primary source lists the course preference as 13:00.,personal_state,external_verified,0.95,1,1,0,1,1,conflicting evidence,C-education-011,1
PB-004559,conflict,education,conflict_ood_test,personal_state,A third-party message says the course preference is 14:00.,personal_state,third_party,0.8,1,1,0,1,0,conflicting evidence,C-education-011,0
PB-004560,conflict,education,conflict_ood_test,personal_state,I remember the exam room as 8:00.,personal_state,explicit_user,0.95,1,1,0,1,1,conflicting evidence,C-education-012,0
PB-004561,conflict,education,conflict_ood_test,personal_state,The connected record lists the exam room as 9:00.,personal_state,tool_verified,0.95,1,1,0,1,1,conflicting evidence,C-education-012,1
PB-004562,conflict,education,conflict_ood_test,personal_state,The primary source lists the exam room as 10:00.,personal_state,external_verified,0.95,0,1,0,1,0,conflicting evidence,C-education-012,0
PB-004563,conflict,education,conflict_ood_test,personal_state,A third-party message says the exam room is 11:00.,personal_state,third_party,0.8,1,1,0,1,0,conflicting evidence,C-education-012,0
PB-004564,conflict,education,conflict_ood_test,personal_state,I remember the assignment deadline as 9:00.,personal_state,explicit_user,0.95,1,1,0,1,1,conflicting evidence,C-education-013,0
PB-004565,conflict,education,conflict_ood_test,personal_state,The connected record lists the assignment deadline as 10:00.,personal_state,tool_verified,0.95,1,1,0,1,1,conflicting evidence,C-education-013,0
PB-004566,conflict,education,conflict_ood_test,personal_state,The primary source lists the assignment deadline as 11:00.,personal_state,external_verified,0.95,1,1,0,1,1,conflicting evidence,C-education-013,1
PB-004567,conflict,education,conflict_ood_test,personal_state,A third-party message says the assignment deadline is 12:00.,personal_state,third_party,0.8,1,1,0,1,0,conflicting evidence,C-education-013,0
PB-004568,conflict,education,conflict_ood_test,personal_state,I remember the office hour as 10:00.,personal_state,explicit_user,0.95,1,1,0,1,1,conflicting evidence,C-education-014,0
PB-004569,conflict,education,conflict_ood_test,personal_state,The connected record lists the office hour as 11:00.,personal_state,tool_verified,0.95,1,1,0,1,1,conflicting evidence,C-education-014,0
PB-004570,conflict,education,conflict_ood_test,personal_state,The primary source lists the office hour as 12:00.,personal_state,external_verified,0.95,1,1,0,1,1,conflicting evidence,C-education-014,1
PB-004571,conflict,education,conflict_ood_test,personal_state,A third-party message says the office hour is 13:00.,personal_state,third_party,0.8,1,1,0,1,0,conflicting evidence,C-education-014,0
PB-004572,conflict,education,conflict_ood_test,personal_state,I remember the course preference as 11:00.,personal_state,explicit_user,0.95,1,1,0,1,1,conflicting evidence,C-education-015,0
PB-004573,conflict,education,conflict_ood_test,personal_state,The connected record lists the course preference as 12:00.,personal_state,tool_verified,0.95,1,1,0,1,1,conflicting evidence,C-education-015,0
PB-004574,conflict,education,conflict_ood_test,personal_state,The primary source lists the course preference as 13:00.,personal_state,external_verified,0.95,1,1,0,1,1,conflicting evidence,C-education-015,1
PB-004575,conflict,education,conflict_ood_test,personal_state,A third-party message says the course preference is 14:00.,personal_state,third_party,0.8,1,1,0,1,0,conflicting evidence,C-education-015,0
PB-004576,conflict,education,conflict_ood_test,personal_state,I remember the exam room as 8:00.,personal_state,explicit_user,0.95,1,1,0,1,1,conflicting evidence,C-education-016,0
PB-004577,conflict,education,conflict_ood_test,personal_state,The connected record lists the exam room as 9:00.,personal_state,tool_verified,0.95,1,1,0,1,1,conflicting evidence,C-education-016,1
PB-004578,conflict,education,conflict_ood_test,personal_state,The primary source lists the exam room as 10:00.,personal_state,external_verified,0.95,0,1,0,1,0,conflicting evidence,C-education-016,0
PB-004579,conflict,education,conflict_ood_test,personal_state,A third-party message says the exam room is 11:00.,personal_state,third_party,0.8,1,1,0,1,0,conflicting evidence,C-education-016,0
PB-004580,conflict,education,conflict_ood_test,personal_state,I remember the assignment deadline as 9:00.,personal_state,explicit_user,0.95,1,1,0,1,1,conflicting evidence,C-education-017,0
PB-004581,conflict,education,conflict_ood_test,personal_state,The connected record lists the assignment deadline as 10:00.,personal_state,tool_verified,0.95,1,1,0,1,1,conflicting evidence,C-education-017,0
PB-004582,conflict,education,conflict_ood_test,personal_state,The primary source lists the assignment deadline as 11:00.,personal_state,external_verified,0.95,1,1,0,1,1,conflicting evidence,C-education-017,1
PB-004583,conflict,education,conflict_ood_test,personal_state,A third-party message says the assignment deadline is 12:00.,personal_state,third_party,0.8,1,1,0,1,0,conflicting evidence,C-education-017,0
PB-004584,conflict,education,conflict_ood_test,personal_state,I remember the office hour as 10:00.,personal_state,explicit_user,0.95,1,1,0,1,1,conflicting evidence,C-education-018,0
PB-004585,conflict,education,conflict_ood_test,personal_state,The connected record lists the office hour as 11:00.,personal_state,tool_verified,0.95,1,1,0,1,1,conflicting evidence,C-education-018,0
PB-004586,conflict,education,conflict_ood_test,personal_state,The primary source lists the office hour as 12:00.,personal_state,external_verified,0.95,1,1,0,1,1,conflicting evidence,C-education-018,1
PB-004587,conflict,education,conflict_ood_test,personal_state,A third-party message says the office hour is 13:00.,personal_state,third_party,0.8,1,1,0,1,0,conflicting evidence,C-education-018,0
PB-004588,conflict,education,conflict_ood_test,personal_state,I remember the course preference as 11:00.,personal_state,explicit_user,0.95,1,1,0,1,1,conflicting evidence,C-education-019,0
PB-004589,conflict,education,conflict_ood_test,personal_state,The connected record lists the course preference as 12:00.,personal_state,tool_verified,0.95,1,1,0,1,1,conflicting evidence,C-education-019,0
PB-004590,conflict,education,conflict_ood_test,personal_state,The primary source lists the course preference as 13:00.,personal_state,external_verified,0.95,1,1,0,1,1,conflicting evidence,C-education-019,1
PB-004591,conflict,education,conflict_ood_test,personal_state,A third-party message says the course preference is 14:00.,personal_state,third_party,0.8,1,1,0,1,0,conflicting evidence,C-education-019,0
PB-004592,conflict,education,conflict_ood_test,personal_state,I remember the exam room as 8:00.,personal_state,explicit_user,0.95,1,1,0,1,1,conflicting evidence,C-education-020,0
PB-004593,conflict,education,conflict_ood_test,personal_state,The connected record lists the exam room as 9:00.,personal_state,tool_verified,0.95,1,1,0,1,1,conflicting evidence,C-education-020,1
PB-004594,conflict,education,conflict_ood_test,personal_state,The primary source lists the exam room as 10:00.,personal_state,external_verified,0.95,0,1,0,1,0,conflicting evidence,C-education-020,0
PB-004595,conflict,education,conflict_ood_test,personal_state,A third-party message says the exam room is 11:00.,personal_state,third_party,0.8,1,1,0,1,0,conflicting evidence,C-education-020,0
PB-004596,conflict,education,conflict_ood_test,personal_state,I remember the assignment deadline as 9:00.,personal_state,explicit_user,0.95,1,1,0,1,1,conflicting evidence,C-education-021,0
PB-004597,conflict,education,conflict_ood_test,personal_state,The connected record lists the assignment deadline as 10:00.,personal_state,tool_verified,0.95,1,1,0,1,1,conflicting evidence,C-education-021,0
PB-004598,conflict,education,conflict_ood_test,personal_state,The primary source lists the assignment deadline as 11:00.,personal_state,external_verified,0.95,1,1,0,1,1,conflicting evidence,C-education-021,1
PB-004599,conflict,education,conflict_ood_test,personal_state,A third-party message says the assignment deadline is 12:00.,personal_state,third_party,0.8,1,1,0,1,0,conflicting evidence,C-education-021,0
PB-004600,conflict,education,conflict_ood_test,personal_state,I remember the office hour as 10:00.,personal_state,explicit_user,0.95,1,1,0,1,1,conflicting evidence,C-education-022,0
PB-004601,conflict,education,conflict_ood_test,personal_state,The connected record lists the office hour as 11:00.,personal_state,tool_verified,0.95,1,1,0,1,1,conflicting evidence,C-education-022,0
PB-004602,conflict,education,conflict_ood_test,personal_state,The primary source lists the office hour as 12:00.,personal_state,external_verified,0.95,1,1,0,1,1,conflicting evidence,C-education-022,1
PB-004603,conflict,education,conflict_ood_test,personal_state,A third-party message says the office hour is 13:00.,personal_state,third_party,0.8,1,1,0,1,0,conflicting evidence,C-education-022,0
PB-004604,conflict,education,conflict_ood_test,personal_state,I remember the course preference as 11:00.,personal_state,explicit_user,0.95,1,1,0,1,1,conflicting evidence,C-education-023,0
PB-004605,conflict,education,conflict_ood_test,personal_state,The connected record lists the course preference as 12:00.,personal_state,tool_verified,0.95,1,1,0,1,1,conflicting evidence,C-education-023,0
PB-004606,conflict,education,conflict_ood_test,personal_state,The primary source lists the course preference as 13:00.,personal_state,external_verified,0.95,1,1,0,1,1,conflicting evidence,C-education-023,1
PB-004607,conflict,education,conflict_ood_test,personal_state,A third-party message says the course preference is 14:00.,personal_state,third_party,0.8,1,1,0,1,0,conflicting evidence,C-education-023,0
PB-004608,conflict,education,conflict_ood_test,personal_state,I remember the exam room as 8:00.,personal_state,explicit_user,0.95,1,1,0,1,1,conflicting evidence,C-education-024,0
PB-004609,conflict,education,conflict_ood_test,personal_state,The connected record lists the exam room as 9:00.,personal_state,tool_verified,0.95,1,1,0,1,1,conflicting evidence,C-education-024,1
PB-004610,conflict,education,conflict_ood_test,personal_state,The primary source lists the exam room as 10:00.,personal_state,external_verified,0.95,0,1,0,1,0,conflicting evidence,C-education-024,0
PB-004611,conflict,education,conflict_ood_test,personal_state,A third-party message says the exam room is 11:00.,personal_state,third_party,0.8,1,1,0,1,0,conflicting evidence,C-education-024,0
PB-004612,conflict,education,conflict_ood_test,personal_state,I remember the assignment deadline as 9:00.,personal_state,explicit_user,0.95,1,1,0,1,1,conflicting evidence,C-education-025,0
PB-004613,conflict,education,conflict_ood_test,personal_state,The connected record lists the assignment deadline as 10:00.,personal_state,tool_verified,0.95,1,1,0,1,1,conflicting evidence,C-education-025,0
PB-004614,conflict,education,conflict_ood_test,personal_state,The primary source lists the assignment deadline as 11:00.,personal_state,external_verified,0.95,1,1,0,1,1,conflicting evidence,C-education-025,1
PB-004615,conflict,education,conflict_ood_test,personal_state,A third-party message says the assignment deadline is 12:00.,personal_state,third_party,0.8,1,1,0,1,0,conflicting evidence,C-education-025,0
PB-004616,conflict,education,conflict_ood_test,personal_state,I remember the office hour as 10:00.,personal_state,explicit_user,0.95,1,1,0,1,1,conflicting evidence,C-education-026,0
PB-004617,conflict,education,conflict_ood_test,personal_state,The connected record lists the office hour as 11:00.,personal_state,tool_verified,0.95,1,1,0,1,1,conflicting evidence,C-education-026,0
PB-004618,conflict,education,conflict_ood_test,personal_state,The primary source lists the office hour as 12:00.,personal_state,external_verified,0.95,1,1,0,1,1,conflicting evidence,C-education-026,1
PB-004619,conflict,education,conflict_ood_test,personal_state,A third-party message says the office hour is 13:00.,personal_state,third_party,0.8,1,1,0,1,0,conflicting evidence,C-education-026,0
PB-004620,conflict,education,conflict_ood_test,personal_state,I remember the course preference as 11:00.,personal_state,explicit_user,0.95,1,1,0,1,1,conflicting evidence,C-education-027,0
PB-004621,conflict,education,conflict_ood_test,personal_state,The connected record lists the course preference as 12:00.,personal_state,tool_verified,0.95,1,1,0,1,1,conflicting evidence,C-education-027,0
PB-004622,conflict,education,conflict_ood_test,personal_state,The primary source lists the course preference as 13:00.,personal_state,external_verified,0.95,1,1,0,1,1,conflicting evidence,C-education-027,1
PB-004623,conflict,education,conflict_ood_test,personal_state,A third-party message says the course preference is 14:00.,personal_state,third_party,0.8,1,1,0,1,0,conflicting evidence,C-education-027,0
PB-004624,conflict,education,conflict_ood_test,personal_state,I remember the exam room as 8:00.,personal_state,explicit_user,0.95,1,1,0,1,1,conflicting evidence,C-education-028,0
PB-004625,conflict,education,conflict_ood_test,personal_state,The connected record lists the exam room as 9:00.,personal_state,tool_verified,0.95,1,1,0,1,1,conflicting evidence,C-education-028,1
PB-004626,conflict,education,conflict_ood_test,personal_state,The primary source lists the exam room as 10:00.,personal_state,external_verified,0.95,0,1,0,1,0,conflicting evidence,C-education-028,0
PB-004627,conflict,education,conflict_ood_test,personal_state,A third-party message says the exam room is 11:00.,personal_state,third_party,0.8,1,1,0,1,0,conflicting evidence,C-education-028,0
PB-004628,conflict,education,conflict_ood_test,personal_state,I remember the assignment deadline as 9:00.,personal_state,explicit_user,0.95,1,1,0,1,1,conflicting evidence,C-education-029,0
PB-004629,conflict,education,conflict_ood_test,personal_state,The connected record lists the assignment deadline as 10:00.,personal_state,tool_verified,0.95,1,1,0,1,1,conflicting evidence,C-education-029,0
PB-004630,conflict,education,conflict_ood_test,personal_state,The primary source lists the assignment deadline as 11:00.,personal_state,external_verified,0.95,1,1,0,1,1,conflicting evidence,C-education-029,1
PB-004631,conflict,education,conflict_ood_test,personal_state,A third-party message says the assignment deadline is 12:00.,personal_state,third_party,0.8,1,1,0,1,0,conflicting evidence,C-education-029,0
PB-004632,conflict,education,conflict_ood_test,personal_state,I remember the office hour as 10:00.,personal_state,explicit_user,0.95,1,1,0,1,1,conflicting evidence,C-education-030,0
PB-004633,conflict,education,conflict_ood_test,personal_state,The connected record lists the office hour as 11:00.,personal_state,tool_verified,0.95,1,1,0,1,1,conflicting evidence,C-education-030,0
PB-004634,conflict,education,conflict_ood_test,personal_state,The primary source lists the office hour as 12:00.,personal_state,external_verified,0.95,1,1,0,1,1,conflicting evidence,C-education-030,1
PB-004635,conflict,education,conflict_ood_test,personal_state,A third-party message says the office hour is 13:00.,personal_state,third_party,0.8,1,1,0,1,0,conflicting evidence,C-education-030,0
PB-004636,conflict,education,conflict_ood_test,personal_state,I remember the course preference as 11:00.,personal_state,explicit_user,0.95,1,1,0,1,1,conflicting evidence,C-education-031,0
PB-004637,conflict,education,conflict_ood_test,personal_state,The connected record lists the course preference as 12:00.,personal_state,tool_verified,0.95,1,1,0,1,1,conflicting evidence,C-education-031,0
PB-004638,conflict,education,conflict_ood_test,personal_state,The primary source lists the course preference as 13:00.,personal_state,external_verified,0.95,1,1,0,1,1,conflicting evidence,C-education-031,1
PB-004639,conflict,education,conflict_ood_test,personal_state,A third-party message says the course preference is 14:00.,personal_state,third_party,0.8,1,1,0,1,0,conflicting evidence,C-education-031,0
PB-004640,conflict,education,conflict_ood_test,personal_state,I remember the exam room as 8:00.,personal_state,explicit_user,0.95,1,1,0,1,1,conflicting evidence,C-education-032,0
PB-004641,conflict,education,conflict_ood_test,personal_state,The connected record lists the exam room as 9:00.,personal_state,tool_verified,0.95,1,1,0,1,1,conflicting evidence,C-education-032,1
PB-004642,conflict,education,conflict_ood_test,personal_state,The primary source lists the exam room as 10:00.,personal_state,external_verified,0.95,0,1,0,1,0,conflicting evidence,C-education-032,0
PB-004643,conflict,education,conflict_ood_test,personal_state,A third-party message says the exam room is 11:00.,personal_state,third_party,0.8,1,1,0,1,0,conflicting evidence,C-education-032,0
PB-004644,conflict,education,conflict_ood_test,personal_state,I remember the assignment deadline as 9:00.,personal_state,explicit_user,0.95,1,1,0,1,1,conflicting evidence,C-education-033,0
PB-004645,conflict,education,conflict_ood_test,personal_state,The connected record lists the assignment deadline as 10:00.,personal_state,tool_verified,0.95,1,1,0,1,1,conflicting evidence,C-education-033,0
PB-004646,conflict,education,conflict_ood_test,personal_state,The primary source lists the assignment deadline as 11:00.,personal_state,external_verified,0.95,1,1,0,1,1,conflicting evidence,C-education-033,1
PB-004647,conflict,education,conflict_ood_test,personal_state,A third-party message says the assignment deadline is 12:00.,personal_state,third_party,0.8,1,1,0,1,0,conflicting evidence,C-education-033,0
PB-004648,conflict,education,conflict_ood_test,personal_state,I remember the office hour as 10:00.,personal_state,explicit_user,0.95,1,1,0,1,1,conflicting evidence,C-education-034,0
PB-004649,conflict,education,conflict_ood_test,personal_state,The connected record lists the office hour as 11:00.,personal_state,tool_verified,0.95,1,1,0,1,1,conflicting evidence,C-education-034,0
PB-004650,conflict,education,conflict_ood_test,personal_state,The primary source lists the office hour as 12:00.,personal_state,external_verified,0.95,1,1,0,1,1,conflicting evidence,C-education-034,1
PB-004651,conflict,education,conflict_ood_test,personal_state,A third-party message says the office hour is 13:00.,personal_state,third_party,0.8,1,1,0,1,0,conflicting evidence,C-education-034,0
PB-004652,conflict,education,conflict_ood_test,personal_state,I remember the course preference as 11:00.,personal_state,explicit_user,0.95,1,1,0,1,1,conflicting evidence,C-education-035,0
PB-004653,conflict,education,conflict_ood_test,personal_state,The connected record lists the course preference as 12:00.,personal_state,tool_verified,0.95,1,1,0,1,1,conflicting evidence,C-education-035,0
PB-004654,conflict,education,conflict_ood_test,personal_state,The primary source lists the course preference as 13:00.,personal_state,external_verified,0.95,1,1,0,1,1,conflicting evidence,C-education-035,1
PB-004655,conflict,education,conflict_ood_test,personal_state,A third-party message says the course preference is 14:00.,personal_state,third_party,0.8,1,1,0,1,0,conflicting evidence,C-education-035,0
PB-004656,conflict,local_life,conflict_test,personal_state,I remember the restaurant preference as 8:00.,personal_state,explicit_user,0.95,1,1,0,1,1,conflicting evidence,C-local_life-000,0
PB-004657,conflict,local_life,conflict_test,personal_state,The connected record lists the restaurant preference as 9:00.,personal_state,tool_verified,0.95,1,1,0,1,1,conflicting evidence,C-local_life-000,1
PB-004658,conflict,local_life,conflict_test,personal_state,The primary source lists the restaurant preference as 10:00.,personal_state,external_verified,0.95,0,1,0,1,0,conflicting evidence,C-local_life-000,0
PB-004659,conflict,local_life,conflict_test,personal_state,A third-party message says the restaurant preference is 11:00.,personal_state,third_party,0.8,1,1,0,1,0,conflicting evidence,C-local_life-000,0
PB-004660,conflict,local_life,conflict_train,personal_state,I remember the commute route as 9:00.,personal_state,explicit_user,0.95,1,1,0,1,1,conflicting evidence,C-local_life-001,0
PB-004661,conflict,local_life,conflict_train,personal_state,The connected record lists the commute route as 10:00.,personal_state,tool_verified,0.95,1,1,0,1,1,conflicting evidence,C-local_life-001,0
PB-004662,conflict,local_life,conflict_train,personal_state,The primary source lists the commute route as 11:00.,personal_state,external_verified,0.95,1,1,0,1,1,conflicting evidence,C-local_life-001,1
PB-004663,conflict,local_life,conflict_train,personal_state,A third-party message says the commute route is 12:00.,personal_state,third_party,0.8,1,1,0,1,0,conflicting evidence,C-local_life-001,0
PB-004664,conflict,local_life,conflict_train,personal_state,I remember the pickup location as 10:00.,personal_state,explicit_user,0.95,1,1,0,1,1,conflicting evidence,C-local_life-002,0
PB-004665,conflict,local_life,conflict_train,personal_state,The connected record lists the pickup location as 11:00.,personal_state,tool_verified,0.95,1,1,0,1,1,conflicting evidence,C-local_life-002,0
PB-004666,conflict,local_life,conflict_train,personal_state,The primary source lists the pickup location as 12:00.,personal_state,external_verified,0.95,1,1,0,1,1,conflicting evidence,C-local_life-002,1
PB-004667,conflict,local_life,conflict_train,personal_state,A third-party message says the pickup location is 13:00.,personal_state,third_party,0.8,1,1,0,1,0,conflicting evidence,C-local_life-002,0
PB-004668,conflict,local_life,conflict_train,personal_state,I remember the event time as 11:00.,personal_state,explicit_user,0.95,1,1,0,1,1,conflicting evidence,C-local_life-003,0
PB-004669,conflict,local_life,conflict_train,personal_state,The connected record lists the event time as 12:00.,personal_state,tool_verified,0.95,1,1,0,1,1,conflicting evidence,C-local_life-003,0
PB-004670,conflict,local_life,conflict_train,personal_state,The primary source lists the event time as 13:00.,personal_state,external_verified,0.95,1,1,0,1,1,conflicting evidence,C-local_life-003,1
PB-004671,conflict,local_life,conflict_train,personal_state,A third-party message says the event time is 14:00.,personal_state,third_party,0.8,1,1,0,1,0,conflicting evidence,C-local_life-003,0
PB-004672,conflict,local_life,conflict_train,personal_state,I remember the restaurant preference as 8:00.,personal_state,explicit_user,0.95,1,1,0,1,1,conflicting evidence,C-local_life-004,0
PB-004673,conflict,local_life,conflict_train,personal_state,The connected record lists the restaurant preference as 9:00.,personal_state,tool_verified,0.95,1,1,0,1,1,conflicting evidence,C-local_life-004,1
PB-004674,conflict,local_life,conflict_train,personal_state,The primary source lists the restaurant preference as 10:00.,personal_state,external_verified,0.95,0,1,0,1,0,conflicting evidence,C-local_life-004,0
PB-004675,conflict,local_life,conflict_train,personal_state,A third-party message says the restaurant preference is 11:00.,personal_state,third_party,0.8,1,1,0,1,0,conflicting evidence,C-local_life-004,0
PB-004676,conflict,local_life,conflict_test,personal_state,I remember the commute route as 9:00.,personal_state,explicit_user,0.95,1,1,0,1,1,conflicting evidence,C-local_life-005,0
PB-004677,conflict,local_life,conflict_test,personal_state,The connected record lists the commute route as 10:00.,personal_state,tool_verified,0.95,1,1,0,1,1,conflicting evidence,C-local_life-005,0
PB-004678,conflict,local_life,conflict_test,personal_state,The primary source lists the commute route as 11:00.,personal_state,external_verified,0.95,1,1,0,1,1,conflicting evidence,C-local_life-005,1
PB-004679,conflict,local_life,conflict_test,personal_state,A third-party message says the commute route is 12:00.,personal_state,third_party,0.8,1,1,0,1,0,conflicting evidence,C-local_life-005,0
PB-004680,conflict,local_life,conflict_train,personal_state,I remember the pickup location as 10:00.,personal_state,explicit_user,0.95,1,1,0,1,1,conflicting evidence,C-local_life-006,0
PB-004681,conflict,local_life,conflict_train,personal_state,The connected record lists the pickup location as 11:00.,personal_state,tool_verified,0.95,1,1,0,1,1,conflicting evidence,C-local_life-006,0
PB-004682,conflict,local_life,conflict_train,personal_state,The primary source lists the pickup location as 12:00.,personal_state,external_verified,0.95,1,1,0,1,1,conflicting evidence,C-local_life-006,1
PB-004683,conflict,local_life,conflict_train,personal_state,A third-party message says the pickup location is 13:00.,personal_state,third_party,0.8,1,1,0,1,0,conflicting evidence,C-local_life-006,0
PB-004684,conflict,local_life,conflict_train,personal_state,I remember the event time as 11:00.,personal_state,explicit_user,0.95,1,1,0,1,1,conflicting evidence,C-local_life-007,0
PB-004685,conflict,local_life,conflict_train,personal_state,The connected record lists the event time as 12:00.,personal_state,tool_verified,0.95,1,1,0,1,1,conflicting evidence,C-local_life-007,0
PB-004686,conflict,local_life,conflict_train,personal_state,The primary source lists the event time as 13:00.,personal_state,external_verified,0.95,1,1,0,1,1,conflicting evidence,C-local_life-007,1
PB-004687,conflict,local_life,conflict_train,personal_state,A third-party message says the event time is 14:00.,personal_state,third_party,0.8,1,1,0,1,0,conflicting evidence,C-local_life-007,0
PB-004688,conflict,local_life,conflict_train,personal_state,I remember the restaurant preference as 8:00.,personal_state,explicit_user,0.95,1,1,0,1,1,conflicting evidence,C-local_life-008,0
PB-004689,conflict,local_life,conflict_train,personal_state,The connected record lists the restaurant preference as 9:00.,personal_state,tool_verified,0.95,1,1,0,1,1,conflicting evidence,C-local_life-008,1
PB-004690,conflict,local_life,conflict_train,personal_state,The primary source lists the restaurant preference as 10:00.,personal_state,external_verified,0.95,0,1,0,1,0,conflicting evidence,C-local_life-008,0
PB-004691,conflict,local_life,conflict_train,personal_state,A third-party message says the restaurant preference is 11:00.,personal_state,third_party,0.8,1,1,0,1,0,conflicting evidence,C-local_life-008,0
PB-004692,conflict,local_life,conflict_train,personal_state,I remember the commute route as 9:00.,personal_state,explicit_user,0.95,1,1,0,1,1,conflicting evidence,C-local_life-009,0
PB-004693,conflict,local_life,conflict_train,personal_state,The connected record lists the commute route as 10:00.,personal_state,tool_verified,0.95,1,1,0,1,1,conflicting evidence,C-local_life-009,0
PB-004694,conflict,local_life,conflict_train,personal_state,The primary source lists the commute route as 11:00.,personal_state,external_verified,0.95,1,1,0,1,1,conflicting evidence,C-local_life-009,1
PB-004695,conflict,local_life,conflict_train,personal_state,A third-party message says the commute route is 12:00.,personal_state,third_party,0.8,1,1,0,1,0,conflicting evidence,C-local_life-009,0
PB-004696,conflict,local_life,conflict_test,personal_state,I remember the pickup location as 10:00.,personal_state,explicit_user,0.95,1,1,0,1,1,conflicting evidence,C-local_life-010,0
PB-004697,conflict,local_life,conflict_test,personal_state,The connected record lists the pickup location as 11:00.,personal_state,tool_verified,0.95,1,1,0,1,1,conflicting evidence,C-local_life-010,0
PB-004698,conflict,local_life,conflict_test,personal_state,The primary source lists the pickup location as 12:00.,personal_state,external_verified,0.95,1,1,0,1,1,conflicting evidence,C-local_life-010,1
PB-004699,conflict,local_life,conflict_test,personal_state,A third-party message says the pickup location is 13:00.,personal_state,third_party,0.8,1,1,0,1,0,conflicting evidence,C-local_life-010,0
PB-004700,conflict,local_life,conflict_train,personal_state,I remember the event time as 11:00.,personal_state,explicit_user,0.95,1,1,0,1,1,conflicting evidence,C-local_life-011,0
PB-004701,conflict,local_life,conflict_train,personal_state,The connected record lists the event time as 12:00.,personal_state,tool_verified,0.95,1,1,0,1,1,conflicting evidence,C-local_life-011,0
PB-004702,conflict,local_life,conflict_train,personal_state,The primary source lists the event time as 13:00.,personal_state,external_verified,0.95,1,1,0,1,1,conflicting evidence,C-local_life-011,1
PB-004703,conflict,local_life,conflict_train,personal_state,A third-party message says the event time is 14:00.,personal_state,third_party,0.8,1,1,0,1,0,conflicting evidence,C-local_life-011,0
PB-004704,conflict,local_life,conflict_train,personal_state,I remember the restaurant preference as 8:00.,personal_state,explicit_user,0.95,1,1,0,1,1,conflicting evidence,C-local_life-012,0
PB-004705,conflict,local_life,conflict_train,personal_state,The connected record lists the restaurant preference as 9:00.,personal_state,tool_verified,0.95,1,1,0,1,1,conflicting evidence,C-local_life-012,1
PB-004706,conflict,local_life,conflict_train,personal_state,The primary source lists the restaurant preference as 10:00.,personal_state,external_verified,0.95,0,1,0,1,0,conflicting evidence,C-local_life-012,0
PB-004707,conflict,local_life,conflict_train,personal_state,A third-party message says the restaurant preference is 11:00.,personal_state,third_party,0.8,1,1,0,1,0,conflicting evidence,C-local_life-012,0
PB-004708,conflict,local_life,conflict_train,personal_state,I remember the commute route as 9:00.,personal_state,explicit_user,0.95,1,1,0,1,1,conflicting evidence,C-local_life-013,0
PB-004709,conflict,local_life,conflict_train,personal_state,The connected record lists the commute route as 10:00.,personal_state,tool_verified,0.95,1,1,0,1,1,conflicting evidence,C-local_life-013,0
PB-004710,conflict,local_life,conflict_train,personal_state,The primary source lists the commute route as 11:00.,personal_state,external_verified,0.95,1,1,0,1,1,conflicting evidence,C-local_life-013,1
PB-004711,conflict,local_life,conflict_train,personal_state,A third-party message says the commute route is 12:00.,personal_state,third_party,0.8,1,1,0,1,0,conflicting evidence,C-local_life-013,0
PB-004712,conflict,local_life,conflict_train,personal_state,I remember the pickup location as 10:00.,personal_state,explicit_user,0.95,1,1,0,1,1,conflicting evidence,C-local_life-014,0
PB-004713,conflict,local_life,conflict_train,personal_state,The connected record lists the pickup location as 11:00.,personal_state,tool_verified,0.95,1,1,0,1,1,conflicting evidence,C-local_life-014,0
PB-004714,conflict,local_life,conflict_train,personal_state,The primary source lists the pickup location as 12:00.,personal_state,external_verified,0.95,1,1,0,1,1,conflicting evidence,C-local_life-014,1
PB-004715,conflict,local_life,conflict_train,personal_state,A third-party message says the pickup location is 13:00.,personal_state,third_party,0.8,1,1,0,1,0,conflicting evidence,C-local_life-014,0
PB-004716,conflict,local_life,conflict_test,personal_state,I remember the event time as 11:00.,personal_state,explicit_user,0.95,1,1,0,1,1,conflicting evidence,C-local_life-015,0
PB-004717,conflict,local_life,conflict_test,personal_state,The connected record lists the event time as 12:00.,personal_state,tool_verified,0.95,1,1,0,1,1,conflicting evidence,C-local_life-015,0
PB-004718,conflict,local_life,conflict_test,personal_state,The primary source lists the event time as 13:00.,personal_state,external_verified,0.95,1,1,0,1,1,conflicting evidence,C-local_life-015,1
PB-004719,conflict,local_life,conflict_test,personal_state,A third-party message says the event time is 14:00.,personal_state,third_party,0.8,1,1,0,1,0,conflicting evidence,C-local_life-015,0
PB-004720,conflict,local_life,conflict_train,personal_state,I remember the restaurant preference as 8:00.,personal_state,explicit_user,0.95,1,1,0,1,1,conflicting evidence,C-local_life-016,0
PB-004721,conflict,local_life,conflict_train,personal_state,The connected record lists the restaurant preference as 9:00.,personal_state,tool_verified,0.95,1,1,0,1,1,conflicting evidence,C-local_life-016,1
PB-004722,conflict,local_life,conflict_train,personal_state,The primary source lists the restaurant preference as 10:00.,personal_state,external_verified,0.95,0,1,0,1,0,conflicting evidence,C-local_life-016,0
PB-004723,conflict,local_life,conflict_train,personal_state,A third-party message says the restaurant preference is 11:00.,personal_state,third_party,0.8,1,1,0,1,0,conflicting evidence,C-local_life-016,0
PB-004724,conflict,local_life,conflict_train,personal_state,I remember the commute route as 9:00.,personal_state,explicit_user,0.95,1,1,0,1,1,conflicting evidence,C-local_life-017,0
PB-004725,conflict,local_life,conflict_train,personal_state,The connected record lists the commute route as 10:00.,personal_state,tool_verified,0.95,1,1,0,1,1,conflicting evidence,C-local_life-017,0
PB-004726,conflict,local_life,conflict_train,personal_state,The primary source lists the commute route as 11:00.,personal_state,external_verified,0.95,1,1,0,1,1,conflicting evidence,C-local_life-017,1
PB-004727,conflict,local_life,conflict_train,personal_state,A third-party message says the commute route is 12:00.,personal_state,third_party,0.8,1,1,0,1,0,conflicting evidence,C-local_life-017,0
PB-004728,conflict,local_life,conflict_train,personal_state,I remember the pickup location as 10:00.,personal_state,explicit_user,0.95,1,1,0,1,1,conflicting evidence,C-local_life-018,0
PB-004729,conflict,local_life,conflict_train,personal_state,The connected record lists the pickup location as 11:00.,personal_state,tool_verified,0.95,1,1,0,1,1,conflicting evidence,C-local_life-018,0
PB-004730,conflict,local_life,conflict_train,personal_state,The primary source lists the pickup location as 12:00.,personal_state,external_verified,0.95,1,1,0,1,1,conflicting evidence,C-local_life-018,1
PB-004731,conflict,local_life,conflict_train,personal_state,A third-party message says the pickup location is 13:00.,personal_state,third_party,0.8,1,1,0,1,0,conflicting evidence,C-local_life-018,0
PB-004732,conflict,local_life,conflict_train,personal_state,I remember the event time as 11:00.,personal_state,explicit_user,0.95,1,1,0,1,1,conflicting evidence,C-local_life-019,0
PB-004733,conflict,local_life,conflict_train,personal_state,The connected record lists the event time as 12:00.,personal_state,tool_verified,0.95,1,1,0,1,1,conflicting evidence,C-local_life-019,0
PB-004734,conflict,local_life,conflict_train,personal_state,The primary source lists the event time as 13:00.,personal_state,external_verified,0.95,1,1,0,1,1,conflicting evidence,C-local_life-019,1
PB-004735,conflict,local_life,conflict_train,personal_state,A third-party message says the event time is 14:00.,personal_state,third_party,0.8,1,1,0,1,0,conflicting evidence,C-local_life-019,0
PB-004736,conflict,local_life,conflict_test,personal_state,I remember the restaurant preference as 8:00.,personal_state,explicit_user,0.95,1,1,0,1,1,conflicting evidence,C-local_life-020,0
PB-004737,conflict,local_life,conflict_test,personal_state,The connected record lists the restaurant preference as 9:00.,personal_state,tool_verified,0.95,1,1,0,1,1,conflicting evidence,C-local_life-020,1
PB-004738,conflict,local_life,conflict_test,personal_state,The primary source lists the restaurant preference as 10:00.,personal_state,external_verified,0.95,0,1,0,1,0,conflicting evidence,C-local_life-020,0
PB-004739,conflict,local_life,conflict_test,personal_state,A third-party message says the restaurant preference is 11:00.,personal_state,third_party,0.8,1,1,0,1,0,conflicting evidence,C-local_life-020,0
PB-004740,conflict,local_life,conflict_train,personal_state,I remember the commute route as 9:00.,personal_state,explicit_user,0.95,1,1,0,1,1,conflicting evidence,C-local_life-021,0
PB-004741,conflict,local_life,conflict_train,personal_state,The connected record lists the commute route as 10:00.,personal_state,tool_verified,0.95,1,1,0,1,1,conflicting evidence,C-local_life-021,0
PB-004742,conflict,local_life,conflict_train,personal_state,The primary source lists the commute route as 11:00.,personal_state,external_verified,0.95,1,1,0,1,1,conflicting evidence,C-local_life-021,1
PB-004743,conflict,local_life,conflict_train,personal_state,A third-party message says the commute route is 12:00.,personal_state,third_party,0.8,1,1,0,1,0,conflicting evidence,C-local_life-021,0
PB-004744,conflict,local_life,conflict_train,personal_state,I remember the pickup location as 10:00.,personal_state,explicit_user,0.95,1,1,0,1,1,conflicting evidence,C-local_life-022,0
PB-004745,conflict,local_life,conflict_train,personal_state,The connected record lists the pickup location as 11:00.,personal_state,tool_verified,0.95,1,1,0,1,1,conflicting evidence,C-local_life-022,0
PB-004746,conflict,local_life,conflict_train,personal_state,The primary source lists the pickup location as 12:00.,personal_state,external_verified,0.95,1,1,0,1,1,conflicting evidence,C-local_life-022,1
PB-004747,conflict,local_life,conflict_train,personal_state,A third-party message says the pickup location is 13:00.,personal_state,third_party,0.8,1,1,0,1,0,conflicting evidence,C-local_life-022,0
PB-004748,conflict,local_life,conflict_train,personal_state,I remember the event time as 11:00.,personal_state,explicit_user,0.95,1,1,0,1,1,conflicting evidence,C-local_life-023,0
PB-004749,conflict,local_life,conflict_train,personal_state,The connected record lists the event time as 12:00.,personal_state,tool_verified,0.95,1,1,0,1,1,conflicting evidence,C-local_life-023,0
PB-004750,conflict,local_life,conflict_train,personal_state,The primary source lists the event time as 13:00.,personal_state,external_verified,0.95,1,1,0,1,1,conflicting evidence,C-local_life-023,1
PB-004751,conflict,local_life,conflict_train,personal_state,A third-party message says the event time is 14:00.,personal_state,third_party,0.8,1,1,0,1,0,conflicting evidence,C-local_life-023,0
PB-004752,conflict,local_life,conflict_train,personal_state,I remember the restaurant preference as 8:00.,personal_state,explicit_user,0.95,1,1,0,1,1,conflicting evidence,C-local_life-024,0
PB-004753,conflict,local_life,conflict_train,personal_state,The connected record lists the restaurant preference as 9:00.,personal_state,tool_verified,0.95,1,1,0,1,1,conflicting evidence,C-local_life-024,1
PB-004754,conflict,local_life,conflict_train,personal_state,The primary source lists the restaurant preference as 10:00.,personal_state,external_verified,0.95,0,1,0,1,0,conflicting evidence,C-local_life-024,0
PB-004755,conflict,local_life,conflict_train,personal_state,A third-party message says the restaurant preference is 11:00.,personal_state,third_party,0.8,1,1,0,1,0,conflicting evidence,C-local_life-024,0
PB-004756,conflict,local_life,conflict_test,personal_state,I remember the commute route as 9:00.,personal_state,explicit_user,0.95,1,1,0,1,1,conflicting evidence,C-local_life-025,0
PB-004757,conflict,local_life,conflict_test,personal_state,The connected record lists the commute route as 10:00.,personal_state,tool_verified,0.95,1,1,0,1,1,conflicting evidence,C-local_life-025,0
PB-004758,conflict,local_life,conflict_test,personal_state,The primary source lists the commute route as 11:00.,personal_state,external_verified,0.95,1,1,0,1,1,conflicting evidence,C-local_life-025,1
PB-004759,conflict,local_life,conflict_test,personal_state,A third-party message says the commute route is 12:00.,personal_state,third_party,0.8,1,1,0,1,0,conflicting evidence,C-local_life-025,0
PB-004760,conflict,local_life,conflict_train,personal_state,I remember the pickup location as 10:00.,personal_state,explicit_user,0.95,1,1,0,1,1,conflicting evidence,C-local_life-026,0
PB-004761,conflict,local_life,conflict_train,personal_state,The connected record lists the pickup location as 11:00.,personal_state,tool_verified,0.95,1,1,0,1,1,conflicting evidence,C-local_life-026,0
PB-004762,conflict,local_life,conflict_train,personal_state,The primary source lists the pickup location as 12:00.,personal_state,external_verified,0.95,1,1,0,1,1,conflicting evidence,C-local_life-026,1
PB-004763,conflict,local_life,conflict_train,personal_state,A third-party message says the pickup location is 13:00.,personal_state,third_party,0.8,1,1,0,1,0,conflicting evidence,C-local_life-026,0
PB-004764,conflict,local_life,conflict_train,personal_state,I remember the event time as 11:00.,personal_state,explicit_user,0.95,1,1,0,1,1,conflicting evidence,C-local_life-027,0
PB-004765,conflict,local_life,conflict_train,personal_state,The connected record lists the event time as 12:00.,personal_state,tool_verified,0.95,1,1,0,1,1,conflicting evidence,C-local_life-027,0
PB-004766,conflict,local_life,conflict_train,personal_state,The primary source lists the event time as 13:00.,personal_state,external_verified,0.95,1,1,0,1,1,conflicting evidence,C-local_life-027,1
PB-004767,conflict,local_life,conflict_train,personal_state,A third-party message says the event time is 14:00.,personal_state,third_party,0.8,1,1,0,1,0,conflicting evidence,C-local_life-027,0
PB-004768,conflict,local_life,conflict_train,personal_state,I remember the restaurant preference as 8:00.,personal_state,explicit_user,0.95,1,1,0,1,1,conflicting evidence,C-local_life-028,0
PB-004769,conflict,local_life,conflict_train,personal_state,The connected record lists the restaurant preference as 9:00.,personal_state,tool_verified,0.95,1,1,0,1,1,conflicting evidence,C-local_life-028,1
PB-004770,conflict,local_life,conflict_train,personal_state,The primary source lists the restaurant preference as 10:00.,personal_state,external_verified,0.95,0,1,0,1,0,conflicting evidence,C-local_life-028,0
PB-004771,conflict,local_life,conflict_train,personal_state,A third-party message says the restaurant preference is 11:00.,personal_state,third_party,0.8,1,1,0,1,0,conflicting evidence,C-local_life-028,0
PB-004772,conflict,local_life,conflict_train,personal_state,I remember the commute route as 9:00.,personal_state,explicit_user,0.95,1,1,0,1,1,conflicting evidence,C-local_life-029,0
PB-004773,conflict,local_life,conflict_train,personal_state,The connected record lists the commute route as 10:00.,personal_state,tool_verified,0.95,1,1,0,1,1,conflicting evidence,C-local_life-029,0
PB-004774,conflict,local_life,conflict_train,personal_state,The primary source lists the commute route as 11:00.,personal_state,external_verified,0.95,1,1,0,1,1,conflicting evidence,C-local_life-029,1
PB-004775,conflict,local_life,conflict_train,personal_state,A third-party message says the commute route is 12:00.,personal_state,third_party,0.8,1,1,0,1,0,conflicting evidence,C-local_life-029,0
PB-004776,conflict,local_life,conflict_test,personal_state,I remember the pickup location as 10:00.,personal_state,explicit_user,0.95,1,1,0,1,1,conflicting evidence,C-local_life-030,0
PB-004777,conflict,local_life,conflict_test,personal_state,The connected record lists the pickup location as 11:00.,personal_state,tool_verified,0.95,1,1,0,1,1,conflicting evidence,C-local_life-030,0
PB-004778,conflict,local_life,conflict_test,personal_state,The primary source lists the pickup location as 12:00.,personal_state,external_verified,0.95,1,1,0,1,1,conflicting evidence,C-local_life-030,1
PB-004779,conflict,local_life,conflict_test,personal_state,A third-party message says the pickup location is 13:00.,personal_state,third_party,0.8,1,1,0,1,0,conflicting evidence,C-local_life-030,0
PB-004780,conflict,local_life,conflict_train,personal_state,I remember the event time as 11:00.,personal_state,explicit_user,0.95,1,1,0,1,1,conflicting evidence,C-local_life-031,0
PB-004781,conflict,local_life,conflict_train,personal_state,The connected record lists the event time as 12:00.,personal_state,tool_verified,0.95,1,1,0,1,1,conflicting evidence,C-local_life-031,0
PB-004782,conflict,local_life,conflict_train,personal_state,The primary source lists the event time as 13:00.,personal_state,external_verified,0.95,1,1,0,1,1,conflicting evidence,C-local_life-031,1
PB-004783,conflict,local_life,conflict_train,personal_state,A third-party message says the event time is 14:00.,personal_state,third_party,0.8,1,1,0,1,0,conflicting evidence,C-local_life-031,0
PB-004784,conflict,local_life,conflict_train,personal_state,I remember the restaurant preference as 8:00.,personal_state,explicit_user,0.95,1,1,0,1,1,conflicting evidence,C-local_life-032,0
PB-004785,conflict,local_life,conflict_train,personal_state,The connected record lists the restaurant preference as 9:00.,personal_state,tool_verified,0.95,1,1,0,1,1,conflicting evidence,C-local_life-032,1
PB-004786,conflict,local_life,conflict_train,personal_state,The primary source lists the restaurant preference as 10:00.,personal_state,external_verified,0.95,0,1,0,1,0,conflicting evidence,C-local_life-032,0
PB-004787,conflict,local_life,conflict_train,personal_state,A third-party message says the restaurant preference is 11:00.,personal_state,third_party,0.8,1,1,0,1,0,conflicting evidence,C-local_life-032,0
PB-004788,conflict,local_life,conflict_train,personal_state,I remember the commute route as 9:00.,personal_state,explicit_user,0.95,1,1,0,1,1,conflicting evidence,C-local_life-033,0
PB-004789,conflict,local_life,conflict_train,personal_state,The connected record lists the commute route as 10:00.,personal_state,tool_verified,0.95,1,1,0,1,1,conflicting evidence,C-local_life-033,0
PB-004790,conflict,local_life,conflict_train,personal_state,The primary source lists the commute route as 11:00.,personal_state,external_verified,0.95,1,1,0,1,1,conflicting evidence,C-local_life-033,1
PB-004791,conflict,local_life,conflict_train,personal_state,A third-party message says the commute route is 12:00.,personal_state,third_party,0.8,1,1,0,1,0,conflicting evidence,C-local_life-033,0
PB-004792,conflict,local_life,conflict_train,personal_state,I remember the pickup location as 10:00.,personal_state,explicit_user,0.95,1,1,0,1,1,conflicting evidence,C-local_life-034,0
PB-004793,conflict,local_life,conflict_train,personal_state,The connected record lists the pickup location as 11:00.,personal_state,tool_verified,0.95,1,1,0,1,1,conflicting evidence,C-local_life-034,0
PB-004794,conflict,local_life,conflict_train,personal_state,The primary source lists the pickup location as 12:00.,personal_state,external_verified,0.95,1,1,0,1,1,conflicting evidence,C-local_life-034,1
PB-004795,conflict,local_life,conflict_train,personal_state,A third-party message says the pickup location is 13:00.,personal_state,third_party,0.8,1,1,0,1,0,conflicting evidence,C-local_life-034,0
PB-004796,conflict,local_life,conflict_test,personal_state,I remember the event time as 11:00.,personal_state,explicit_user,0.95,1,1,0,1,1,conflicting evidence,C-local_life-035,0
PB-004797,conflict,local_life,conflict_test,personal_state,The connected record lists the event time as 12:00.,personal_state,tool_verified,0.95,1,1,0,1,1,conflicting evidence,C-local_life-035,0
PB-004798,conflict,local_life,conflict_test,personal_state,The primary source lists the event time as 13:00.,personal_state,external_verified,0.95,1,1,0,1,1,conflicting evidence,C-local_life-035,1
PB-004799,conflict,local_life,conflict_test,personal_state,A third-party message says the event time is 14:00.,personal_state,third_party,0.8,1,1,0,1,0,conflicting evidence,C-local_life-035,0
