case_id,tier,domain,split,task_kind,signal_content,scope,provenance,confidence,current,relevant,presentation_license,personalization_license,evidence_license,contract_type,conflict_group,selected,presentation_license_prob,personalization_license_prob,evidence_license_prob,learned_presentation_license,learned_personalization_license,learned_evidence_license,hybrid_presentation_license,hybrid_personalization_license,hybrid_evidence_license,split_eval,pair_id
PB-000000,naturalistic,travel,test,factual_world,I remember the flight departure as 8:00.,world_claim,explicit_user,0.95,1,1,0,0,0,unsupported user world belief,,,0.005237465758651534,0.02911485272794278,0.016903884991475614,0,0,0,0,0,0,test,
PB-000001,naturalistic,travel,test,factual_world,Past behavior suggests the hotel check-in may be 9:30.,world_claim,inferred,0.85,1,1,0,0,0,inferred world belief,,,0.0019420243947980502,0.001853097718573633,0.013935726434547902,0,0,0,0,0,0,test,
PB-000002,naturalistic,travel,test,factual_world,A third-party message says the gate change is 10:00.,world_claim,third_party,0.85,1,1,0,0,0,third-party unsupported world claim,,,0.0018921574195802494,0.0017999344107322568,0.014259442211982417,0,0,0,0,0,0,test,
PB-000004,naturalistic,travel,test,factual_world,The primary source lists the flight departure as 12:00.,world_claim,external_verified,0.95,1,1,0,0,1,external evidence for world claim,,,0.002383053989661012,0.005446587370961641,0.9843864800973958,0,0,1,0,0,1,test,
PB-000005,naturalistic,travel,test,personal_state,I remember the hotel check-in as 8:30.,personal_state,explicit_user,0.95,1,1,0,1,1,explicit personal-state evidence,,,0.007283754692292184,0.998648863893197,0.9823635350566803,0,1,1,0,1,1,test,
PB-000006,naturalistic,travel,test,personal_state,The connected record lists the gate change as 9:00.,personal_state,tool_verified,0.95,1,1,0,1,1,tool personal-state evidence,,,0.0030658003750651044,0.997551632346969,0.9990787376864817,0,1,1,0,1,1,test,
PB-000008,naturalistic,travel,test,factual_world,I remember the flight departure as 11:00.,personal_state,explicit_user,0.95,1,1,0,1,0,personal state irrelevant as world evidence,,,0.0044867342142202405,0.9806767626572079,0.04236522729099117,0,1,0,0,1,0,test,
PB-000009,naturalistic,travel,test,recommendation,I prefer options related to hotel check-in.,preference,explicit_user,0.95,1,1,0,1,0,preference personalization,,,0.009148199686638632,0.9906598995761934,0.008811647558375277,0,1,0,0,1,0,test,
PB-000010,naturalistic,travel,test,planning,Any plan has to respect my constraint about gate change.,constraint,explicit_user,0.95,1,1,0,1,0,constraint personalization,,,0.007475993344593332,0.9953946658211312,0.007118901983325911,0,1,0,0,1,0,test,
PB-000011,naturalistic,travel,test,planning,My current goal is to optimize around visa appointment.,goal,explicit_user,0.95,1,1,0,1,0,goal personalization,,,0.007027119268681701,0.9927831974124244,0.007229118761221988,0,1,0,0,1,0,test,
PB-000012,naturalistic,travel,test,style,Please keep the answer concise.,presentation,explicit_user,0.95,1,1,1,1,0,presentation personalization,,,0.9957879855572869,0.9943915007900522,0.010098470353457558,1,1,0,1,1,0,test,
PB-000016,naturalistic,travel,test,recommendation,I prefer options related to flight departure.,preference,explicit_user,0.95,0,1,0,0,0,stale preference,,,0.0015405290709579469,0.005372994530603388,0.0015745382535608424,0,0,0,0,0,0,test,
PB-000017,naturalistic,travel,test,planning,My current goal is to optimize around hotel check-in.,goal,explicit_user,0.35,1,1,0,0,0,low-confidence goal,,,0.0010295093404843894,0.0048691030870545125,3.201668810054563e-05,0,0,0,0,0,0,test,
PB-000018,naturalistic,travel,test,factual_world,I remember the gate change as 11:00.,world_claim,explicit_user,0.95,1,0,0,0,0,irrelevant unsupported claim,,,0.0012583515647507965,0.0014819883492477978,0.0018499789714062963,0,0,0,0,0,0,test,
PB-000228,naturalistic,travel,test,factual_world,I remember the flight departure as 10:00.,world_claim,explicit_user,0.95,1,1,0,0,0,unsupported user world belief,,,0.00515728751626332,0.028734032819755288,0.01717887034681158,0,0,0,0,0,0,test,
PB-000229,naturalistic,travel,test,factual_world,Past behavior suggests the hotel check-in may be 11:30.,world_claim,inferred,0.85,1,1,0,0,0,inferred world belief,,,0.0019011446358851724,0.001816845620465051,0.014587432164631408,0,0,0,0,0,0,test,
PB-000230,naturalistic,travel,test,factual_world,A third-party message says the gate change is 12:00.,world_claim,third_party,0.85,1,1,0,0,0,third-party unsupported world claim,,,0.001892087982448356,0.0017983725512497428,0.014251159282404979,0,0,0,0,0,0,test,
PB-000232,naturalistic,travel,test,factual_world,The primary source lists the flight departure as 9:00.,world_claim,external_verified,0.95,1,1,0,0,1,external evidence for world claim,,,0.002427843478587059,0.00549192738441986,0.9854033042028718,0,0,1,0,0,1,test,
PB-000233,naturalistic,travel,test,personal_state,I remember the hotel check-in as 10:30.,personal_state,explicit_user,0.95,1,1,0,1,1,explicit personal-state evidence,,,0.007162340147556444,0.9986255428695747,0.9827638180565399,0,1,1,0,1,1,test,
PB-000234,naturalistic,travel,test,personal_state,The connected record lists the gate change as 11:00.,personal_state,tool_verified,0.95,1,1,0,1,1,tool personal-state evidence,,,0.0030117875276155577,0.9974977505948852,0.9990786710955981,0,1,1,0,1,1,test,
PB-000236,naturalistic,travel,test,factual_world,I remember the flight departure as 8:00.,personal_state,explicit_user,0.95,1,1,0,1,0,personal state irrelevant as world evidence,,,0.004557246549941968,0.9809637330113679,0.04175573269201539,0,1,0,0,1,0,test,
PB-000237,naturalistic,travel,test,recommendation,I prefer options related to hotel check-in.,preference,explicit_user,0.95,1,1,0,1,0,preference personalization,,,0.009148199686638632,0.9906598995761934,0.008811647558375277,0,1,0,0,1,0,test,
PB-000238,naturalistic,travel,test,planning,Any plan has to respect my constraint about gate change.,constraint,explicit_user,0.95,1,1,0,1,0,constraint personalization,,,0.007475993344593332,0.9953946658211312,0.007118901983325911,0,1,0,0,1,0,test,
PB-000239,naturalistic,travel,test,planning,My current goal is to optimize around visa appointment.,goal,explicit_user,0.95,1,1,0,1,0,goal personalization,,,0.007027119268681701,0.9927831974124244,0.007229118761221988,0,1,0,0,1,0,test,
PB-000240,naturalistic,travel,test,style,Please keep the answer concise.,presentation,explicit_user,0.95,1,1,1,1,0,presentation personalization,,,0.9957879855572869,0.9943915007900522,0.010098470353457558,1,1,0,1,1,0,test,
PB-000244,naturalistic,travel,test,recommendation,I prefer options related to flight departure.,preference,explicit_user,0.95,0,1,0,0,0,stale preference,,,0.0015405290709579469,0.005372994530603388,0.0015745382535608424,0,0,0,0,0,0,test,
PB-000245,naturalistic,travel,test,planning,My current goal is to optimize around hotel check-in.,goal,explicit_user,0.35,1,1,0,0,0,low-confidence goal,,,0.0010295093404843894,0.0048691030870545125,3.201668810054563e-05,0,0,0,0,0,0,test,
PB-000246,naturalistic,travel,test,factual_world,I remember the gate change as 8:00.,world_claim,explicit_user,0.95,1,0,0,0,0,irrelevant unsupported claim,,,0.0012787928206654954,0.0015029965980351307,0.0018163976825582625,0,0,0,0,0,0,test,
PB-000456,naturalistic,calendar,test,factual_world,I remember the meeting time as 8:00.,world_claim,explicit_user,0.95,1,1,0,0,0,unsupported user world belief,,,0.004965339663272541,0.02830206725601705,0.01742911719119183,0,0,0,0,0,0,test,
PB-000457,naturalistic,calendar,test,factual_world,Past behavior suggests the doctor appointment may be 9:30.,world_claim,inferred,0.85,1,1,0,0,0,inferred world belief,,,0.0019462275361160643,0.0018318551416237605,0.01308013924772515,0,0,0,0,0,0,test,
PB-000458,naturalistic,calendar,test,factual_world,A third-party message says the interview slot is 10:00.,world_claim,third_party,0.85,1,1,0,0,0,third-party unsupported world claim,,,0.0018974098194648108,0.0018053003944066678,0.014091230735081247,0,0,0,0,0,0,test,
PB-000460,naturalistic,calendar,test,factual_world,The primary source lists the meeting time as 12:00.,world_claim,external_verified,0.95,1,1,0,0,1,external evidence for world claim,,,0.0023097312570154517,0.005324053786596808,0.9856955941181805,0,0,1,0,0,1,test,
PB-000461,naturalistic,calendar,test,personal_state,I remember the doctor appointment as 8:30.,personal_state,explicit_user,0.95,1,1,0,1,1,explicit personal-state evidence,,,0.007064675805746838,0.9985959369406598,0.9830153125332637,0,1,1,0,1,1,test,
PB-000462,naturalistic,calendar,test,personal_state,The connected record lists the interview slot as 9:00.,personal_state,tool_verified,0.95,1,1,0,1,1,tool personal-state evidence,,,0.0030741690782970185,0.9975585156376693,0.999068821332156,0,1,1,0,1,1,test,
PB-000464,naturalistic,calendar,test,factual_world,I remember the meeting time as 11:00.,personal_state,explicit_user,0.95,1,1,0,1,0,personal state irrelevant as world evidence,,,0.004279700778398192,0.9801863177529956,0.04339065616429933,0,1,0,0,1,0,test,
PB-000465,naturalistic,calendar,test,recommendation,I prefer options related to doctor appointment.,preference,explicit_user,0.95,1,1,0,1,0,preference personalization,,,0.008921209385969554,0.9908979569832848,0.00825281189367446,0,1,0,0,1,0,test,
PB-000466,naturalistic,calendar,test,planning,Any plan has to respect my constraint about interview slot.,constraint,explicit_user,0.95,1,1,0,1,0,constraint personalization,,,0.007496729407215321,0.9954086301490083,0.007029102362799774,0,1,0,0,1,0,test,
PB-000467,naturalistic,calendar,test,planning,My current goal is to optimize around class schedule.,goal,explicit_user,0.95,1,1,0,1,0,goal personalization,,,0.007123726997982163,0.9927799588444355,0.007214787974226645,0,1,0,0,1,0,test,
PB-000468,naturalistic,calendar,test,style,Please keep the answer concise.,presentation,explicit_user,0.95,1,1,1,1,0,presentation personalization,,,0.9958001141686973,0.9944101235241091,0.009950526092989413,1,1,0,1,1,0,test,
PB-000472,naturalistic,calendar,test,recommendation,I prefer options related to meeting time.,preference,explicit_user,0.95,0,1,0,0,0,stale preference,,,0.001491058690494764,0.005430578270677085,0.001519111480708257,0,0,0,0,0,0,test,
PB-000473,naturalistic,calendar,test,planning,My current goal is to optimize around doctor appointment.,goal,explicit_user,0.35,1,1,0,0,0,low-confidence goal,,,0.0010075166838750375,0.004972868401978368,3.012173384151843e-05,0,0,0,0,0,0,test,
PB-000474,naturalistic,calendar,test,factual_world,I remember the interview slot as 11:00.,world_claim,explicit_user,0.95,1,0,0,0,0,irrelevant unsupported claim,,,0.0012617604884590738,0.0014860477424012129,0.0018315095404950411,0,0,0,0,0,0,test,
PB-000684,naturalistic,calendar,test,factual_world,I remember the meeting time as 10:00.,world_claim,explicit_user,0.95,1,1,0,0,0,unsupported user world belief,,,0.004919526493698767,0.028032781607073176,0.017607660720451692,0,0,0,0,0,0,test,
PB-000685,naturalistic,calendar,test,factual_world,Past behavior suggests the doctor appointment may be 11:30.,world_claim,inferred,0.85,1,1,0,0,0,inferred world belief,,,0.001902650162428849,0.0017949559507418257,0.013794546823348986,0,0,0,0,0,0,test,
PB-000686,naturalistic,calendar,test,factual_world,A third-party message says the interview slot is 12:00.,world_claim,third_party,0.85,1,1,0,0,0,third-party unsupported world claim,,,0.0018973401899502506,0.0018037338871057474,0.014083044119109751,0,0,0,0,0,0,test,
PB-000688,naturalistic,calendar,test,factual_world,The primary source lists the meeting time as 9:00.,world_claim,external_verified,0.95,1,1,0,0,1,external evidence for world claim,,,0.002348898275323728,0.005356029675509313,0.9868467269610356,0,0,1,0,0,1,test,
PB-000689,naturalistic,calendar,test,personal_state,I remember the doctor appointment as 10:30.,personal_state,explicit_user,0.95,1,1,0,1,1,explicit personal-state evidence,,,0.0069696513065392,0.9985764620354822,0.9833207976660637,0,1,1,0,1,1,test,
PB-000690,naturalistic,calendar,test,personal_state,The connected record lists the interview slot as 11:00.,personal_state,tool_verified,0.95,1,1,0,1,1,tool personal-state evidence,,,0.0030200351181996713,0.9975048542012803,0.9990685464329833,0,1,1,0,1,1,test,
PB-000692,naturalistic,calendar,test,factual_world,I remember the meeting time as 8:00.,personal_state,explicit_user,0.95,1,1,0,1,0,personal state irrelevant as world evidence,,,0.004320309510230861,0.9804116807662305,0.04301936343266535,0,1,0,0,1,0,test,
PB-000693,naturalistic,calendar,test,recommendation,I prefer options related to doctor appointment.,preference,explicit_user,0.95,1,1,0,1,0,preference personalization,,,0.008921209385969554,0.9908979569832848,0.00825281189367446,0,1,0,0,1,0,test,
PB-000694,naturalistic,calendar,test,planning,Any plan has to respect my constraint about interview slot.,constraint,explicit_user,0.95,1,1,0,1,0,constraint personalization,,,0.007496729407215321,0.9954086301490083,0.007029102362799774,0,1,0,0,1,0,test,
PB-000695,naturalistic,calendar,test,planning,My current goal is to optimize around class schedule.,goal,explicit_user,0.95,1,1,0,1,0,goal personalization,,,0.007123726997982163,0.9927799588444355,0.007214787974226645,0,1,0,0,1,0,test,
PB-000696,naturalistic,calendar,test,style,Please keep the answer concise.,presentation,explicit_user,0.95,1,1,1,1,0,presentation personalization,,,0.9958001141686973,0.9944101235241091,0.009950526092989413,1,1,0,1,1,0,test,
PB-000700,naturalistic,calendar,test,recommendation,I prefer options related to meeting time.,preference,explicit_user,0.95,0,1,0,0,0,stale preference,,,0.001491058690494764,0.005430578270677085,0.001519111480708257,0,0,0,0,0,0,test,
PB-000701,naturalistic,calendar,test,planning,My current goal is to optimize around doctor appointment.,goal,explicit_user,0.35,1,1,0,0,0,low-confidence goal,,,0.0010075166838750375,0.004972868401978368,3.012173384151843e-05,0,0,0,0,0,0,test,
PB-000702,naturalistic,calendar,test,factual_world,I remember the interview slot as 8:00.,world_claim,explicit_user,0.95,1,0,0,0,0,irrelevant unsupported claim,,,0.001282235983943821,0.0015070333648232626,0.00179902950618443,0,0,0,0,0,0,test,
PB-000912,naturalistic,commerce,test,factual_world,I remember the return deadline as 8:00.,world_claim,explicit_user,0.95,1,1,0,0,0,unsupported user world belief,,,0.005110285073699408,0.02876424292895143,0.0172280210304535,0,0,0,0,0,0,test,
PB-000913,naturalistic,commerce,test,factual_world,Past behavior suggests the order status may be 9:30.,world_claim,inferred,0.85,1,1,0,0,0,inferred world belief,,,0.0019436034469948974,0.0018297493569509934,0.01311292943397155,0,0,0,0,0,0,test,
PB-000914,naturalistic,commerce,test,factual_world,A third-party message says the delivery address is 10:00.,world_claim,third_party,0.85,1,1,0,0,0,third-party unsupported world claim,,,0.0018948937500668347,0.0018033357268252054,0.01412009648969708,0,0,0,0,0,0,test,
PB-000916,naturalistic,commerce,test,factual_world,The primary source lists the return deadline as 12:00.,world_claim,external_verified,0.95,1,1,0,0,1,external evidence for world claim,,,0.0023484826693006785,0.005392028003546527,0.9850841210698889,0,0,1,0,0,1,test,
PB-000917,naturalistic,commerce,test,personal_state,I remember the order status as 8:30.,personal_state,explicit_user,0.95,1,1,0,1,1,explicit personal-state evidence,,,0.0070552472234417345,0.998594333994571,0.9830683214468561,0,1,1,0,1,1,test,
PB-000918,naturalistic,commerce,test,personal_state,The connected record lists the delivery address as 9:00.,personal_state,tool_verified,0.95,1,1,0,1,1,tool personal-state evidence,,,0.0030701609066535055,0.9975560062571038,0.9990705397531331,0,1,1,0,1,1,test,
PB-000920,naturalistic,commerce,test,factual_world,I remember the return deadline as 11:00.,personal_state,explicit_user,0.95,1,1,0,1,0,personal state irrelevant as world evidence,,,0.004389252969760729,0.9804673409938917,0.04300794496198699,0,1,0,0,1,0,test,
PB-000921,naturalistic,commerce,test,recommendation,I prefer options related to order status.,preference,explicit_user,0.95,1,1,0,1,0,preference personalization,,,0.008909334446763414,0.9908876149792447,0.008274708253645967,0,1,0,0,1,0,test,
PB-000922,naturalistic,commerce,test,planning,Any plan has to respect my constraint about delivery address.,constraint,explicit_user,0.95,1,1,0,1,0,constraint personalization,,,0.007486795648787521,0.99540352204379,0.007044503973842049,0,1,0,0,1,0,test,
PB-000923,naturalistic,commerce,test,planning,My current goal is to optimize around subscription renewal.,goal,explicit_user,0.95,1,1,0,1,0,goal personalization,,,0.007114385206132868,0.9927721697997045,0.007229844093395688,0,1,0,0,1,0,test,
PB-000924,naturalistic,commerce,test,style,Please keep the answer concise.,presentation,explicit_user,0.95,1,1,1,1,0,presentation personalization,,,0.9957943101836336,0.9944032865012185,0.009975863658539303,1,1,0,1,1,0,test,
PB-000928,naturalistic,commerce,test,recommendation,I prefer options related to return deadline.,preference,explicit_user,0.95,0,1,0,0,0,stale preference,,,0.0015211452645981377,0.005402800274653421,0.0015448223594457886,0,0,0,0,0,0,test,
PB-000929,naturalistic,commerce,test,planning,My current goal is to optimize around order status.,goal,explicit_user,0.35,1,1,0,0,0,low-confidence goal,,,0.001006158847401848,0.004967142993722969,3.020199440678107e-05,0,0,0,0,0,0,test,
PB-000930,naturalistic,commerce,test,factual_world,I remember the delivery address as 11:00.,world_claim,explicit_user,0.95,1,0,0,0,0,irrelevant unsupported claim,,,0.0012601279640127806,0.0014845673058898033,0.0018346837939909309,0,0,0,0,0,0,test,
PB-001140,naturalistic,commerce,test,factual_world,I remember the return deadline as 10:00.,world_claim,explicit_user,0.95,1,1,0,0,0,unsupported user world belief,,,0.0050453420421622385,0.028430648694195173,0.017447313253357716,0,0,0,0,0,0,test,
PB-001141,naturalistic,commerce,test,factual_world,Past behavior suggests the order status may be 11:30.,world_claim,inferred,0.85,1,1,0,0,0,inferred world belief,,,0.0019000817714415648,0.0017928863943885392,0.013829122066482012,0,0,0,0,0,0,test,
PB-001142,naturalistic,commerce,test,factual_world,A third-party message says the delivery address is 12:00.,world_claim,third_party,0.85,1,1,0,0,0,third-party unsupported world claim,,,0.0018948242127095406,0.001801770921241537,0.014111893343561043,0,0,0,0,0,0,test,
PB-001144,naturalistic,commerce,test,factual_world,The primary source lists the return deadline as 9:00.,world_claim,external_verified,0.95,1,1,0,0,1,external evidence for world claim,,,0.0023907549787247394,0.005431260550276354,0.9861724051840297,0,0,1,0,0,1,test,
PB-001145,naturalistic,commerce,test,personal_state,I remember the order status as 10:30.,personal_state,explicit_user,0.95,1,1,0,1,1,explicit personal-state evidence,,,0.006960323306053662,0.9985748260742902,0.9833719929632628,0,1,1,0,1,1,test,
PB-001146,naturalistic,commerce,test,personal_state,The connected record lists the delivery address as 11:00.,personal_state,tool_verified,0.95,1,1,0,1,1,tool personal-state evidence,,,0.003016084811415147,0.9975022633577753,0.9990703009491341,0,1,1,0,1,1,test,
PB-001148,naturalistic,commerce,test,factual_world,I remember the return deadline as 8:00.,personal_state,explicit_user,0.95,1,1,0,1,0,personal state irrelevant as world evidence,,,0.0044465097049451365,0.9807293456432719,0.04253579031211793,0,1,0,0,1,0,test,
PB-001149,naturalistic,commerce,test,recommendation,I prefer options related to order status.,preference,explicit_user,0.95,1,1,0,1,0,preference personalization,,,0.008909334446763414,0.9908876149792447,0.008274708253645967,0,1,0,0,1,0,test,
PB-001150,naturalistic,commerce,test,planning,Any plan has to respect my constraint about delivery address.,constraint,explicit_user,0.95,1,1,0,1,0,constraint personalization,,,0.007486795648787521,0.99540352204379,0.007044503973842049,0,1,0,0,1,0,test,
PB-001151,naturalistic,commerce,test,planning,My current goal is to optimize around subscription renewal.,goal,explicit_user,0.95,1,1,0,1,0,goal personalization,,,0.007114385206132868,0.9927721697997045,0.007229844093395688,0,1,0,0,1,0,test,
PB-001152,naturalistic,commerce,test,style,Please keep the answer concise.,presentation,explicit_user,0.95,1,1,1,1,0,presentation personalization,,,0.9957943101836336,0.9944032865012185,0.009975863658539303,1,1,0,1,1,0,test,
PB-001156,naturalistic,commerce,test,recommendation,I prefer options related to return deadline.,preference,explicit_user,0.95,0,1,0,0,0,stale preference,,,0.0015211452645981377,0.005402800274653421,0.0015448223594457886,0,0,0,0,0,0,test,
PB-001157,naturalistic,commerce,test,planning,My current goal is to optimize around order status.,goal,explicit_user,0.35,1,1,0,0,0,low-confidence goal,,,0.001006158847401848,0.004967142993722969,3.020199440678107e-05,0,0,0,0,0,0,test,
PB-001158,naturalistic,commerce,test,factual_world,I remember the delivery address as 8:00.,world_claim,explicit_user,0.95,1,0,0,0,0,irrelevant unsupported claim,,,0.0012805871783728013,0.0015055625930627005,0.0018020156667376984,0,0,0,0,0,0,test,
PB-001368,naturalistic,work,test,factual_world,I remember the project deadline as 8:00.,world_claim,explicit_user,0.95,1,1,0,0,0,unsupported user world belief,,,0.005113733971905734,0.028761587273145445,0.017216619204460135,0,0,0,0,0,0,test,
PB-001369,naturalistic,work,test,factual_world,Past behavior suggests the review meeting may be 9:30.,world_claim,inferred,0.85,1,1,0,0,0,inferred world belief,,,0.0019516372670720131,0.0018393142631694173,0.013308142372537288,0,0,0,0,0,0,test,
PB-001370,naturalistic,work,test,factual_world,A third-party message says the launch owner is 10:00.,world_claim,third_party,0.85,1,1,0,0,0,third-party unsupported world claim,,,0.0018961877759823813,0.0018031635031371099,0.014109894736184068,0,0,0,0,0,0,test,
PB-001372,naturalistic,work,test,factual_world,The primary source lists the project deadline as 12:00.,world_claim,external_verified,0.95,1,1,0,0,1,external evidence for world claim,,,0.002350094362380338,0.005391471495984236,0.985073058431628,0,0,1,0,0,1,test,
PB-001373,naturalistic,work,test,personal_state,I remember the review meeting as 8:30.,personal_state,explicit_user,0.95,1,1,0,1,1,explicit personal-state evidence,,,0.007164456013262566,0.9986138864235969,0.9827041091954115,0,1,1,0,1,1,test,
PB-001374,naturalistic,work,test,personal_state,The connected record lists the launch owner as 9:00.,personal_state,tool_verified,0.95,1,1,0,1,1,tool personal-state evidence,,,0.0030722221398229743,0.9975558072692361,0.999069959013461,0,1,1,0,1,1,test,
PB-001376,naturalistic,work,test,factual_world,I remember the project deadline as 11:00.,personal_state,explicit_user,0.95,1,1,0,1,0,personal state irrelevant as world evidence,,,0.004392231285066437,0.9804654646639287,0.042979143523800285,0,1,0,0,1,0,test,
PB-001377,naturalistic,work,test,recommendation,I prefer options related to review meeting.,preference,explicit_user,0.95,1,1,0,1,0,preference personalization,,,0.00891833927575293,0.9909064402330601,0.008287673969130747,0,1,0,0,1,0,test,
PB-001378,naturalistic,work,test,planning,Any plan has to respect my constraint about launch owner.,constraint,explicit_user,0.95,1,1,0,1,0,constraint personalization,,,0.00749190472537881,0.9954030567512268,0.007038949556205082,0,1,0,0,1,0,test,
PB-001379,naturalistic,work,test,planning,My current goal is to optimize around incident status.,goal,explicit_user,0.95,1,1,0,1,0,goal personalization,,,0.0070420529705207255,0.9927962354033045,0.007150321644451912,0,1,0,0,1,0,test,
PB-001380,naturalistic,work,test,style,Please keep the answer concise.,presentation,explicit_user,0.95,1,1,1,1,0,presentation personalization,,,0.9957972978250543,0.9944025765638619,0.009966305368788288,1,1,0,1,1,0,test,
PB-001384,naturalistic,work,test,recommendation,I prefer options related to project deadline.,preference,explicit_user,0.95,0,1,0,0,0,stale preference,,,0.001522182650567632,0.005402255397730725,0.001543615433306275,0,0,0,0,0,0,test,
PB-001385,naturalistic,work,test,planning,My current goal is to optimize around review meeting.,goal,explicit_user,0.35,1,1,0,0,0,low-confidence goal,,,0.001007145369158981,0.0049761073939517475,3.023998482491659e-05,0,0,0,0,0,0,test,
PB-001386,naturalistic,work,test,factual_world,I remember the launch owner as 11:00.,world_claim,explicit_user,0.95,1,0,0,0,0,irrelevant unsupported claim,,,0.0012609674581931156,0.0014844571142586045,0.0018336386734953654,0,0,0,0,0,0,test,
PB-001596,naturalistic,work,test,factual_world,I remember the project deadline as 10:00.,world_claim,explicit_user,0.95,1,1,0,0,0,unsupported user world belief,,,0.0050487632873151425,0.028427942650646645,0.017435317327050007,0,0,0,0,0,0,test,
PB-001597,naturalistic,work,test,factual_world,Past behavior suggests the review meeting may be 11:30.,world_claim,inferred,0.85,1,1,0,0,0,inferred world belief,,,0.0019082127074765121,0.0018022733662971368,0.014008328457491786,0,0,0,0,0,0,test,
PB-001598,naturalistic,work,test,factual_world,A third-party message says the launch owner is 12:00.,world_claim,third_party,0.85,1,1,0,0,0,third-party unsupported world claim,,,0.0018961181912281288,0.0018015988467271025,0.01410169743203725,0,0,0,0,0,0,test,
PB-001600,naturalistic,work,test,factual_world,The primary source lists the project deadline as 9:00.,world_claim,external_verified,0.95,1,1,0,0,1,external evidence for world claim,,,0.00239239187555773,0.005430707755587927,0.9861623156697588,0,0,1,0,0,1,test,
PB-001601,naturalistic,work,test,personal_state,I remember the review meeting as 10:30.,personal_state,explicit_user,0.95,1,1,0,1,1,explicit personal-state evidence,,,0.007057598919321815,0.9985927541767183,0.9830487869525351,0,1,1,0,1,1,test,
PB-001602,naturalistic,work,test,personal_state,The connected record lists the launch owner as 11:00.,personal_state,tool_verified,0.95,1,1,0,1,1,tool personal-state evidence,,,0.0030181163216742436,0.9975020539126549,0.9990697030900482,0,1,1,0,1,1,test,
PB-001604,naturalistic,work,test,factual_world,I remember the project deadline as 8:00.,personal_state,explicit_user,0.95,1,1,0,1,0,personal state irrelevant as world evidence,,,0.004449512628987064,0.9807275489286167,0.0425083637920332,0,1,0,0,1,0,test,
PB-001605,naturalistic,work,test,recommendation,I prefer options related to review meeting.,preference,explicit_user,0.95,1,1,0,1,0,preference personalization,,,0.00891833927575293,0.9909064402330601,0.008287673969130747,0,1,0,0,1,0,test,
PB-001606,naturalistic,work,test,planning,Any plan has to respect my constraint about launch owner.,constraint,explicit_user,0.95,1,1,0,1,0,constraint personalization,,,0.00749190472537881,0.9954030567512268,0.007038949556205082,0,1,0,0,1,0,test,
PB-001607,naturalistic,work,test,planning,My current goal is to optimize around incident status.,goal,explicit_user,0.95,1,1,0,1,0,goal personalization,,,0.0070420529705207255,0.9927962354033045,0.007150321644451912,0,1,0,0,1,0,test,
PB-001608,naturalistic,work,test,style,Please keep the answer concise.,presentation,explicit_user,0.95,1,1,1,1,0,presentation personalization,,,0.9957972978250543,0.9944025765638619,0.009966305368788288,1,1,0,1,1,0,test,
PB-001612,naturalistic,work,test,recommendation,I prefer options related to project deadline.,preference,explicit_user,0.95,0,1,0,0,0,stale preference,,,0.001522182650567632,0.005402255397730725,0.001543615433306275,0,0,0,0,0,0,test,
PB-001613,naturalistic,work,test,planning,My current goal is to optimize around review meeting.,goal,explicit_user,0.35,1,1,0,0,0,low-confidence goal,,,0.001007145369158981,0.0049761073939517475,3.023998482491659e-05,0,0,0,0,0,0,test,
PB-001614,naturalistic,work,test,factual_world,I remember the launch owner as 8:00.,world_claim,explicit_user,0.95,1,0,0,0,0,irrelevant unsupported claim,,,0.0012814350163365858,0.0015054578795892077,0.0018010519441547291,0,0,0,0,0,0,test,
PB-002280,naturalistic,health_wellness,test,factual_world,I remember the sleep duration as 8:00.,world_claim,explicit_user,0.95,1,1,0,0,0,unsupported user world belief,,,0.005247850911395577,0.02918293280773486,0.016727164754521955,0,0,0,0,0,0,test,
PB-002281,naturalistic,health_wellness,test,factual_world,Past behavior suggests the workout time may be 9:30.,world_claim,inferred,0.85,1,1,0,0,0,inferred world belief,,,0.0019329481214221357,0.0018258146897394457,0.012903591990743993,0,0,0,0,0,0,test,
PB-002282,naturalistic,health_wellness,test,factual_world,A third-party message says the step count is 10:00.,world_claim,third_party,0.85,1,1,0,0,0,third-party unsupported world claim,,,0.0018960507483189184,0.001804506045305384,0.01407631116467843,0,0,0,0,0,0,test,
PB-002284,naturalistic,health_wellness,test,factual_world,The primary source lists the sleep duration as 12:00.,world_claim,external_verified,0.95,1,1,0,0,1,external evidence for world claim,,,0.002387886969584533,0.005460220052653755,0.9841993878590858,0,0,1,0,0,1,test,
PB-002285,naturalistic,health_wellness,test,personal_state,I remember the workout time as 8:30.,personal_state,explicit_user,0.95,1,1,0,1,1,explicit personal-state evidence,,,0.006943799575568026,0.9985844397829238,0.9833063792828559,0,1,1,0,1,1,test,
PB-002286,naturalistic,health_wellness,test,personal_state,The connected record lists the step count as 9:00.,personal_state,tool_verified,0.95,1,1,0,1,1,tool personal-state evidence,,,0.00307200325978333,0.9975575183138128,0.999067947839647,0,1,1,0,1,1,test,
PB-002288,naturalistic,health_wellness,test,factual_world,I remember the sleep duration as 11:00.,personal_state,explicit_user,0.95,1,1,0,1,0,personal state irrelevant as world evidence,,,0.004495695278673259,0.9807229640922567,0.041915144032741054,0,1,0,0,1,0,test,
PB-002289,naturalistic,health_wellness,test,recommendation,I prefer options related to workout time.,preference,explicit_user,0.95,1,1,0,1,0,preference personalization,,,0.00884238070760397,0.9909151844004658,0.008203419411723294,0,1,0,0,1,0,test,
PB-002290,naturalistic,health_wellness,test,planning,Any plan has to respect my constraint about step count.,constraint,explicit_user,0.95,1,1,0,1,0,constraint personalization,,,0.007491364275597008,0.9954065529076993,0.007021070816901858,0,1,0,0,1,0,test,
PB-002291,naturalistic,health_wellness,test,planning,My current goal is to optimize around meal preference.,goal,explicit_user,0.95,1,1,0,1,0,goal personalization,,,0.0070355620257131195,0.9928013985354265,0.007141149364963713,0,1,0,0,1,0,test,
PB-002292,naturalistic,health_wellness,test,style,Please keep the answer concise.,presentation,explicit_user,0.95,1,1,1,1,0,presentation personalization,,,0.9957969840026689,0.9944072751272779,0.00993704152730349,1,1,0,1,1,0,test,
PB-002296,naturalistic,health_wellness,test,recommendation,I prefer options related to sleep duration.,preference,explicit_user,0.95,0,1,0,0,0,stale preference,,,0.001543648675503658,0.005386525317251906,0.001554102560941613,0,0,0,0,0,0,test,
PB-002297,naturalistic,health_wellness,test,planning,My current goal is to optimize around workout time.,goal,explicit_user,0.35,1,1,0,0,0,low-confidence goal,,,0.0009997105447330924,0.004979690505357726,2.9959083958371602e-05,0,0,0,0,0,0,test,
PB-002298,naturalistic,health_wellness,test,factual_world,I remember the step count as 11:00.,world_claim,explicit_user,0.95,1,0,0,0,0,irrelevant unsupported claim,,,0.001260878159129102,0.0014854645478149882,0.0018299194155413415,0,0,0,0,0,0,test,
PB-002508,naturalistic,health_wellness,test,factual_world,I remember the sleep duration as 10:00.,world_claim,explicit_user,0.95,1,1,0,0,0,unsupported user world belief,,,0.005167580881627792,0.02880223426570404,0.01699161631979328,0,0,0,0,0,0,test,
PB-002509,naturalistic,health_wellness,test,factual_world,Past behavior suggests the workout time may be 11:30.,world_claim,inferred,0.85,1,1,0,0,0,inferred world belief,,,0.00188975206020344,0.001788926510705117,0.013629695026743726,0,0,0,0,0,0,test,
PB-002510,naturalistic,health_wellness,test,factual_world,A third-party message says the step count is 12:00.,world_claim,third_party,0.85,1,1,0,0,0,third-party unsupported world claim,,,0.0018959811685836435,0.0018029402260373872,0.014068133092881959,0,0,0,0,0,0,test,
PB-002512,naturalistic,health_wellness,test,factual_world,The primary source lists the sleep duration as 9:00.,world_claim,external_verified,0.95,1,1,0,0,1,external evidence for world claim,,,0.0024327508948661604,0.005505573322333963,0.9852316805155343,0,0,1,0,0,1,test,
PB-002513,naturalistic,health_wellness,test,personal_state,I remember the workout time as 10:30.,personal_state,explicit_user,0.95,1,1,0,1,1,explicit personal-state evidence,,,0.0068626104659428415,0.998566066824309,0.9835729376526339,0,1,1,0,1,1,test,
PB-002514,naturalistic,health_wellness,test,personal_state,The connected record lists the step count as 11:00.,personal_state,tool_verified,0.95,1,1,0,1,1,tool personal-state evidence,,,0.0030179007215107305,0.9975038213763148,0.9990676513044402,0,1,1,0,1,1,test,
PB-002516,naturalistic,health_wellness,test,factual_world,I remember the sleep duration as 8:00.,personal_state,explicit_user,0.95,1,1,0,1,0,personal state irrelevant as world evidence,,,0.0045662891156828655,0.9810086052635626,0.04133012359253665,0,1,0,0,1,0,test,
PB-002517,naturalistic,health_wellness,test,recommendation,I prefer options related to workout time.,preference,explicit_user,0.95,1,1,0,1,0,preference personalization,,,0.00884238070760397,0.9909151844004658,0.008203419411723294,0,1,0,0,1,0,test,
PB-002518,naturalistic,health_wellness,test,planning,Any plan has to respect my constraint about step count.,constraint,explicit_user,0.95,1,1,0,1,0,constraint personalization,,,0.007491364275597008,0.9954065529076993,0.007021070816901858,0,1,0,0,1,0,test,
PB-002519,naturalistic,health_wellness,test,planning,My current goal is to optimize around meal preference.,goal,explicit_user,0.95,1,1,0,1,0,goal personalization,,,0.0070355620257131195,0.9928013985354265,0.007141149364963713,0,1,0,0,1,0,test,
PB-002520,naturalistic,health_wellness,test,style,Please keep the answer concise.,presentation,explicit_user,0.95,1,1,1,1,0,presentation personalization,,,0.9957969840026689,0.9944072751272779,0.00993704152730349,1,1,0,1,1,0,test,
PB-002524,naturalistic,health_wellness,test,recommendation,I prefer options related to sleep duration.,preference,explicit_user,0.95,0,1,0,0,0,stale preference,,,0.001543648675503658,0.005386525317251906,0.001554102560941613,0,0,0,0,0,0,test,
PB-002525,naturalistic,health_wellness,test,planning,My current goal is to optimize around workout time.,goal,explicit_user,0.35,1,1,0,0,0,low-confidence goal,,,0.0009997105447330924,0.004979690505357726,2.9959083958371602e-05,0,0,0,0,0,0,test,
PB-002526,naturalistic,health_wellness,test,factual_world,I remember the step count as 8:00.,world_claim,explicit_user,0.95,1,0,0,0,0,irrelevant unsupported claim,,,0.0012813447281128845,0.0015064577117924062,0.0017975463425100012,0,0,0,0,0,0,test,
PB-003192,naturalistic,local_life,test,factual_world,I remember the restaurant preference as 8:00.,world_claim,explicit_user,0.95,1,1,0,0,0,unsupported user world belief,,,0.005106635630890785,0.0286599427816331,0.017159057135409043,0,0,0,0,0,0,test,
PB-003193,naturalistic,local_life,test,factual_world,Past behavior suggests the commute route may be 9:30.,world_claim,inferred,0.85,1,1,0,0,0,inferred world belief,,,0.001965103858383366,0.0018442392953246201,0.013333516366434954,0,0,0,0,0,0,test,
PB-003194,naturalistic,local_life,test,factual_world,A third-party message says the pickup location is 10:00.,world_claim,third_party,0.85,1,1,0,0,0,third-party unsupported world claim,,,0.0018962626767911725,0.0018048620901394607,0.014085178708649074,0,0,0,0,0,0,test,
PB-003196,naturalistic,local_life,test,factual_world,The primary source lists the restaurant preference as 12:00.,world_claim,external_verified,0.95,1,1,0,0,1,external evidence for world claim,,,0.002347932859482042,0.005378564784722336,0.9850404629278536,0,0,1,0,0,1,test,
PB-003197,naturalistic,local_life,test,personal_state,I remember the commute route as 8:30.,personal_state,explicit_user,0.95,1,1,0,1,1,explicit personal-state evidence,,,0.0072607681826885135,0.9986218574219873,0.9825612751073074,0,1,1,0,1,1,test,
PB-003198,naturalistic,local_life,test,personal_state,The connected record lists the pickup location as 9:00.,personal_state,tool_verified,0.95,1,1,0,1,1,tool personal-state evidence,,,0.0030723420901572285,0.9975579680164683,0.9990684874761157,0,1,1,0,1,1,test,
PB-003200,naturalistic,local_life,test,factual_world,I remember the restaurant preference as 11:00.,personal_state,explicit_user,0.95,1,1,0,1,0,personal state irrelevant as world evidence,,,0.0043867510282624665,0.9804038096844195,0.04284253286447033,0,1,0,0,1,0,test,
PB-003201,naturalistic,local_life,test,recommendation,I prefer options related to commute route.,preference,explicit_user,0.95,1,1,0,1,0,preference personalization,,,0.009046958576531932,0.9908829055349441,0.008320150373197062,0,1,0,0,1,0,test,
PB-003202,naturalistic,local_life,test,planning,Any plan has to respect my constraint about pickup location.,constraint,explicit_user,0.95,1,1,0,1,0,constraint personalization,,,0.0074922000820134595,0.9954074821478606,0.007025756045127081,0,1,0,0,1,0,test,
PB-003203,naturalistic,local_life,test,planning,My current goal is to optimize around event time.,goal,explicit_user,0.95,1,1,0,1,0,goal personalization,,,0.00699258343699253,0.9928165410798205,0.007099380151526166,0,1,0,0,1,0,test,
PB-003204,naturalistic,local_life,test,style,Please keep the answer concise.,presentation,explicit_user,0.95,1,1,1,1,0,presentation personalization,,,0.9957974683165458,0.9944085388948741,0.009944580255542564,1,1,0,1,1,0,test,
PB-003208,naturalistic,local_life,test,recommendation,I prefer options related to restaurant preference.,preference,explicit_user,0.95,0,1,0,0,0,stale preference,,,0.0015218967925481014,0.005395684626626442,0.0015415001088078027,0,0,0,0,0,0,test,
PB-003209,naturalistic,local_life,test,planning,My current goal is to optimize around commute route.,goal,explicit_user,0.35,1,1,0,0,0,low-confidence goal,,,0.0010197788895078969,0.004967616363452333,3.0335198220620924e-05,0,0,0,0,0,0,test,
PB-003210,naturalistic,local_life,test,factual_world,I remember the pickup location as 11:00.,world_claim,explicit_user,0.95,1,0,0,0,0,irrelevant unsupported claim,,,0.001261016465795425,0.0014857283302175275,0.0018309246217352796,0,0,0,0,0,0,test,
PB-003420,naturalistic,local_life,test,factual_world,I remember the restaurant preference as 10:00.,world_claim,explicit_user,0.95,1,1,0,0,0,unsupported user world belief,,,0.005042468794738397,0.028339350144694173,0.017378446078795816,0,0,0,0,0,0,test,
PB-003421,naturalistic,local_life,test,factual_world,Past behavior suggests the commute route may be 11:30.,world_claim,inferred,0.85,1,1,0,0,0,inferred world belief,,,0.001921141179396136,0.0018072216408707097,0.014023574684984335,0,0,0,0,0,0,test,
PB-003422,naturalistic,local_life,test,factual_world,A third-party message says the pickup location is 12:00.,world_claim,third_party,0.85,1,1,0,0,0,third-party unsupported world claim,,,0.0018961930892934925,0.0018032959624797549,0.014076995558534844,0,0,0,0,0,0,test,
PB-003424,naturalistic,local_life,test,factual_world,The primary source lists the restaurant preference as 9:00.,world_claim,external_verified,0.95,1,1,0,0,1,external evidence for world claim,,,0.0023900606816760067,0.005416526874201421,0.9861338420225522,0,0,1,0,0,1,test,
PB-003425,naturalistic,local_life,test,personal_state,I remember the commute route as 10:30.,personal_state,explicit_user,0.95,1,1,0,1,1,explicit personal-state evidence,,,0.007143870839403262,0.9986002234427981,0.9829200126047724,0,1,1,0,1,1,test,
PB-003426,naturalistic,local_life,test,personal_state,The connected record lists the pickup location as 11:00.,personal_state,tool_verified,0.95,1,1,0,1,1,tool personal-state evidence,,,0.0030182344183473852,0.997504286595674,0.999068200342948,0,1,1,0,1,1,test,
PB-003428,naturalistic,local_life,test,factual_world,I remember the restaurant preference as 8:00.,personal_state,explicit_user,0.95,1,1,0,1,0,personal state irrelevant as world evidence,,,0.00444333217150173,0.9806585348900406,0.04236988684976535,0,1,0,0,1,0,test,
PB-003429,naturalistic,local_life,test,recommendation,I prefer options related to commute route.,preference,explicit_user,0.95,1,1,0,1,0,preference personalization,,,0.009046958576531932,0.9908829055349441,0.008320150373197062,0,1,0,0,1,0,test,
PB-003430,naturalistic,local_life,test,planning,Any plan has to respect my constraint about pickup location.,constraint,explicit_user,0.95,1,1,0,1,0,constraint personalization,,,0.0074922000820134595,0.9954074821478606,0.007025756045127081,0,1,0,0,1,0,test,
PB-003431,naturalistic,local_life,test,planning,My current goal is to optimize around event time.,goal,explicit_user,0.95,1,1,0,1,0,goal personalization,,,0.00699258343699253,0.9928165410798205,0.007099380151526166,0,1,0,0,1,0,test,
PB-003432,naturalistic,local_life,test,style,Please keep the answer concise.,presentation,explicit_user,0.95,1,1,1,1,0,presentation personalization,,,0.9957974683165458,0.9944085388948741,0.009944580255542564,1,1,0,1,1,0,test,
PB-003436,naturalistic,local_life,test,recommendation,I prefer options related to restaurant preference.,preference,explicit_user,0.95,0,1,0,0,0,stale preference,,,0.0015218967925481014,0.005395684626626442,0.0015415001088078027,0,0,0,0,0,0,test,
PB-003437,naturalistic,local_life,test,planning,My current goal is to optimize around commute route.,goal,explicit_user,0.35,1,1,0,0,0,low-confidence goal,,,0.0010197788895078969,0.004967616363452333,3.0335198220620924e-05,0,0,0,0,0,0,test,
PB-003438,naturalistic,local_life,test,factual_world,I remember the pickup location as 8:00.,world_claim,explicit_user,0.95,1,0,0,0,0,irrelevant unsupported claim,,,0.001281484612921841,0.0015067186761936941,0.0017984997302692358,0,0,0,0,0,0,test,
PB-001824,naturalistic,finance,ood_test,factual_world,I remember the invoice amount as 8:00.,world_claim,explicit_user,0.95,1,1,0,0,0,unsupported user world belief,,,0.004771925118610746,0.024059547002630074,0.021547651445504808,0,0,0,0,0,0,ood_test,
PB-001825,naturalistic,finance,ood_test,factual_world,Past behavior suggests the payment due date may be 9:30.,world_claim,inferred,0.85,1,1,0,0,0,inferred world belief,,,0.0020032780619738777,0.0017308304771495762,0.012016744611472664,0,0,0,0,0,0,ood_test,
PB-001826,naturalistic,finance,ood_test,factual_world,A third-party message says the expense category is 10:00.,world_claim,third_party,0.85,1,1,0,0,0,third-party unsupported world claim,,,0.0019153398724760544,0.0017115807668020369,0.013056211915727646,0,0,0,0,0,0,ood_test,
PB-001827,naturalistic,finance,ood_test,factual_world,The connected record lists the budget limit as 11:30.,world_claim,tool_verified,0.95,1,1,0,0,1,tool evidence for world claim,,,0.00219828497369674,0.015980115598247403,0.2774680205631194,0,0,0,0,0,0,ood_test,
PB-001828,naturalistic,finance,ood_test,factual_world,The primary source lists the invoice amount as 12:00.,world_claim,external_verified,0.95,1,1,0,0,1,external evidence for world claim,,,0.0024096056021176188,0.004864973251564613,0.990856474453404,0,0,1,0,0,1,ood_test,
PB-001829,naturalistic,finance,ood_test,personal_state,I remember the payment due date as 8:30.,personal_state,explicit_user,0.95,1,1,0,1,1,explicit personal-state evidence,,,0.006545943711352152,0.9983170723271991,0.9868846179539458,0,1,1,0,1,1,ood_test,
PB-001830,naturalistic,finance,ood_test,personal_state,The connected record lists the expense category as 9:00.,personal_state,tool_verified,0.95,1,1,0,1,1,tool personal-state evidence,,,0.003072482633303792,0.9975098974416032,0.9992766982432085,0,1,1,0,1,1,ood_test,
PB-001831,naturalistic,finance,ood_test,personal_state,The primary source lists the budget limit as 10:30.,personal_state,external_verified,0.9,1,1,0,1,1,external personal-state evidence,,,0.0028122167821909433,0.9804121909129764,0.9999957734027531,0,1,1,0,1,1,ood_test,
PB-001832,naturalistic,finance,ood_test,factual_world,I remember the invoice amount as 11:00.,personal_state,explicit_user,0.95,1,1,0,1,0,personal state irrelevant as world evidence,,,0.004258569368620562,0.9778185297851704,0.04933376844528708,0,1,0,0,1,0,ood_test,
PB-001833,naturalistic,finance,ood_test,recommendation,I prefer options related to payment due date.,preference,explicit_user,0.95,1,1,0,1,0,preference personalization,,,0.007974114008684694,0.9916786327868493,0.007005896851868464,0,1,0,0,1,0,ood_test,
PB-001834,naturalistic,finance,ood_test,planning,Any plan has to respect my constraint about expense category.,constraint,explicit_user,0.95,1,1,0,1,0,constraint personalization,,,0.007140225320407475,0.9957310951415115,0.006555234462364997,0,1,0,0,1,0,ood_test,
PB-001835,naturalistic,finance,ood_test,planning,My current goal is to optimize around budget limit.,goal,explicit_user,0.95,1,1,0,1,0,goal personalization,,,0.006628833769692117,0.9931503253015883,0.006400387651834291,0,1,0,0,1,0,ood_test,
PB-001836,naturalistic,finance,ood_test,style,Please keep the answer concise.,presentation,explicit_user,0.95,1,1,1,1,0,presentation personalization,,,0.9958049765073445,0.9942443898404192,0.010249667982878751,1,1,0,1,1,0,ood_test,
PB-001837,naturalistic,finance,ood_test,personal_state,The connected record lists the payment due date as 11:30.,personal_state,tool_verified,0.95,0,1,0,0,0,stale evidence,,,0.0005178496501840475,0.018932027699197367,0.9959263856486975,0,0,1,0,0,0,ood_test,
PB-001838,naturalistic,finance,ood_test,factual_world,The primary source lists the expense category as 12:00.,world_claim,external_verified,0.35,1,1,0,0,0,low-confidence evidence,,,0.00034221069319489446,1.7508781739807847e-07,0.3143775604236985,0,0,0,0,0,0,ood_test,
PB-001839,naturalistic,finance,ood_test,factual_world,The primary source lists the budget limit as 8:30.,world_claim,external_verified,0.95,1,0,0,0,0,irrelevant evidence,,,0.0005963311650742168,0.0002476072075727838,0.9353350987530202,0,0,1,0,0,0,ood_test,
PB-001840,naturalistic,finance,ood_test,recommendation,I prefer options related to invoice amount.,preference,explicit_user,0.95,0,1,0,0,0,stale preference,,,0.0013739459262612382,0.005866719231799788,0.0012991662257460276,0,0,0,0,0,0,ood_test,
PB-001841,naturalistic,finance,ood_test,planning,My current goal is to optimize around payment due date.,goal,explicit_user,0.35,1,1,0,0,0,low-confidence goal,,,0.0009448515000387143,0.0051659860506831435,2.7255394708792112e-05,0,0,0,0,0,0,ood_test,
PB-001842,naturalistic,finance,ood_test,factual_world,I remember the expense category as 11:00.,world_claim,explicit_user,0.95,1,0,0,0,0,irrelevant unsupported claim,,,0.0011887635601368588,0.001305124484310842,0.002245270694627555,0,0,0,0,0,0,ood_test,
PB-001843,naturalistic,finance,ood_test,factual_world,I remember the payment due date as 9:30.,world_claim,explicit_user,0.95,1,1,0,0,0,unsupported user world belief,,,0.0047727113316291874,0.02412404314820741,0.021327675130616383,0,0,0,0,0,0,ood_test,
PB-001844,naturalistic,finance,ood_test,factual_world,Past behavior suggests the expense category may be 10:00.,world_claim,inferred,0.85,1,1,0,0,0,inferred world belief,,,0.0019466545644054253,0.0016957867607895224,0.013083025566676152,0,0,0,0,0,0,ood_test,
PB-001845,naturalistic,finance,ood_test,factual_world,A third-party message says the budget limit is 11:30.,world_claim,third_party,0.85,1,1,0,0,0,third-party unsupported world claim,,,0.0019153198602636153,0.0017098037467987224,0.013018180180153768,0,0,0,0,0,0,ood_test,
PB-001846,naturalistic,finance,ood_test,factual_world,The connected record lists the invoice amount as 12:00.,world_claim,tool_verified,0.95,1,1,0,0,1,tool evidence for world claim,,,0.0021983962352517196,0.01598048283781316,0.27809149232144054,0,0,0,0,0,0,ood_test,
PB-001847,naturalistic,finance,ood_test,factual_world,The primary source lists the payment due date as 8:30.,world_claim,external_verified,0.95,1,1,0,0,1,external evidence for world claim,,,0.002459787579337576,0.004838256597118283,0.9924596369037042,0,0,1,0,0,1,ood_test,
PB-001848,naturalistic,finance,ood_test,personal_state,I remember the expense category as 9:00.,personal_state,explicit_user,0.95,1,1,0,1,1,explicit personal-state evidence,,,0.006544867313137611,0.9983124572003871,0.9870196526648923,0,1,1,0,1,1,ood_test,
PB-001849,naturalistic,finance,ood_test,personal_state,The connected record lists the budget limit as 10:30.,personal_state,tool_verified,0.95,1,1,0,1,1,tool personal-state evidence,,,0.0030181428673477697,0.9974438715034778,0.9992465357235677,0,1,1,0,1,1,ood_test,
PB-001850,naturalistic,finance,ood_test,personal_state,The primary source lists the invoice amount as 11:00.,personal_state,external_verified,0.9,1,1,0,1,1,external personal-state evidence,,,0.0028117037494229287,0.9803862194485395,0.999995782001909,0,1,1,0,1,1,ood_test,
PB-001851,naturalistic,finance,ood_test,factual_world,I remember the payment due date as 12:30.,personal_state,explicit_user,0.95,1,1,0,1,0,personal state irrelevant as world evidence,,,0.004260496864762082,0.9778293407572772,0.04925751659429835,0,1,0,0,1,0,ood_test,
PB-001852,naturalistic,finance,ood_test,recommendation,I prefer options related to expense category.,preference,explicit_user,0.95,1,1,0,1,0,preference personalization,,,0.007974114008684694,0.9916786327868493,0.007005896851868464,0,1,0,0,1,0,ood_test,
PB-001853,naturalistic,finance,ood_test,planning,Any plan has to respect my constraint about budget limit.,constraint,explicit_user,0.95,1,1,0,1,0,constraint personalization,,,0.007140225320407475,0.9957310951415115,0.006555234462364997,0,1,0,0,1,0,ood_test,
PB-001854,naturalistic,finance,ood_test,planning,My current goal is to optimize around invoice amount.,goal,explicit_user,0.95,1,1,0,1,0,goal personalization,,,0.006628833769692117,0.9931503253015883,0.006400387651834291,0,1,0,0,1,0,ood_test,
PB-001855,naturalistic,finance,ood_test,style,Use a technical but plain style.,presentation,explicit_user,0.95,1,1,1,1,0,presentation personalization,,,0.9953924054507183,0.9941594830338857,0.010016937534676534,1,1,0,1,1,0,ood_test,
PB-001856,naturalistic,finance,ood_test,personal_state,The connected record lists the expense category as 12:00.,personal_state,tool_verified,0.95,0,1,0,0,0,stale evidence,,,0.0005178759041945502,0.018932461471555508,0.9959389744578441,0,0,1,0,0,0,ood_test,
PB-001857,naturalistic,finance,ood_test,factual_world,The primary source lists the budget limit as 8:30.,world_claim,external_verified,0.35,1,1,0,0,0,low-confidence evidence,,,0.00034935258424146905,1.7412162459637145e-07,0.35770477353094665,0,0,0,0,0,0,ood_test,
PB-001858,naturalistic,finance,ood_test,factual_world,The primary source lists the invoice amount as 9:00.,world_claim,external_verified,0.95,1,0,0,0,0,irrelevant evidence,,,0.0005962779440828854,0.0002472411276187585,0.9356764218266029,0,0,1,0,0,0,ood_test,
PB-001859,naturalistic,finance,ood_test,recommendation,I prefer options related to payment due date.,preference,explicit_user,0.95,0,1,0,0,0,stale preference,,,0.0013739459262612382,0.005866719231799788,0.0012991662257460276,0,0,0,0,0,0,ood_test,
PB-001860,naturalistic,finance,ood_test,planning,My current goal is to optimize around expense category.,goal,explicit_user,0.35,1,1,0,0,0,low-confidence goal,,,0.0009448515000387143,0.0051659860506831435,2.7255394708792112e-05,0,0,0,0,0,0,ood_test,
PB-001861,naturalistic,finance,ood_test,factual_world,I remember the budget limit as 12:30.,world_claim,explicit_user,0.95,1,0,0,0,0,irrelevant unsupported claim,,,0.0011893032729433063,0.0013057744828084451,0.002241628716887052,0,0,0,0,0,0,ood_test,
PB-001862,naturalistic,finance,ood_test,factual_world,I remember the expense category as 10:00.,world_claim,explicit_user,0.95,1,1,0,0,0,unsupported user world belief,,,0.00489568825592525,0.02508011063957411,0.020108038544180525,0,0,0,0,0,0,ood_test,
PB-001863,naturalistic,finance,ood_test,factual_world,Past behavior suggests the budget limit may be 11:30.,world_claim,inferred,0.85,1,1,0,0,0,inferred world belief,,,0.0019466097309200842,0.0016940401089971344,0.01304387262140053,0,0,0,0,0,0,ood_test,
PB-001864,naturalistic,finance,ood_test,factual_world,A third-party message says the invoice amount is 12:00.,world_claim,third_party,0.85,1,1,0,0,0,third-party unsupported world claim,,,0.0019152475380020868,0.001709629762819204,0.013046237554126554,0,0,0,0,0,0,ood_test,
PB-001865,naturalistic,finance,ood_test,factual_world,The connected record lists the payment due date as 8:30.,world_claim,tool_verified,0.95,1,1,0,0,1,tool evidence for world claim,,,0.0022382567273582675,0.016443506961044064,0.28462071185183524,0,0,0,0,0,0,ood_test,
PB-001866,naturalistic,finance,ood_test,factual_world,The primary source lists the expense category as 9:00.,world_claim,external_verified,0.95,1,1,0,0,1,external evidence for world claim,,,0.002459568459043609,0.004831136175145368,0.9925018546387054,0,0,1,0,0,1,ood_test,
PB-001867,naturalistic,finance,ood_test,personal_state,I remember the budget limit as 10:30.,personal_state,explicit_user,0.95,1,1,0,1,1,explicit personal-state evidence,,,0.006714459712128175,0.9983815502186812,0.9860105363360655,0,1,1,0,1,1,ood_test,
PB-001868,naturalistic,finance,ood_test,personal_state,The connected record lists the invoice amount as 11:00.,personal_state,tool_verified,0.95,1,1,0,1,1,tool personal-state evidence,,,0.0030175923811615072,0.9974404233782899,0.9992480675260474,0,1,1,0,1,1,ood_test,
PB-001869,naturalistic,finance,ood_test,personal_state,The primary source lists the payment due date as 12:30.,personal_state,external_verified,0.9,1,1,0,1,1,external personal-state evidence,,,0.002812529134780895,0.9803924277365548,0.9999957775546651,0,1,1,0,1,1,ood_test,
PB-001870,naturalistic,finance,ood_test,factual_world,I remember the expense category as 8:00.,personal_state,explicit_user,0.95,1,1,0,1,0,personal state irrelevant as world evidence,,,0.004151915941241462,0.9769389604943443,0.05285960929422446,0,1,0,0,1,0,ood_test,
PB-001871,naturalistic,finance,ood_test,recommendation,I prefer options related to budget limit.,preference,explicit_user,0.95,1,1,0,1,0,preference personalization,,,0.007974114008684694,0.9916786327868493,0.007005896851868464,0,1,0,0,1,0,ood_test,
PB-001872,naturalistic,finance,ood_test,planning,Any plan has to respect my constraint about invoice amount.,constraint,explicit_user,0.95,1,1,0,1,0,constraint personalization,,,0.007140225320407475,0.9957310951415115,0.006555234462364997,0,1,0,0,1,0,ood_test,
PB-001873,naturalistic,finance,ood_test,planning,My current goal is to optimize around payment due date.,goal,explicit_user,0.95,1,1,0,1,0,goal personalization,,,0.006628833769692117,0.9931503253015883,0.006400387651834291,0,1,0,0,1,0,ood_test,
PB-001874,naturalistic,finance,ood_test,style,"Give me the answer first, then the rationale.",presentation,explicit_user,0.95,1,1,1,1,0,presentation personalization,,,0.9963705637368209,0.994432367111807,0.010125644873073313,1,1,0,1,1,0,ood_test,
PB-001875,naturalistic,finance,ood_test,personal_state,The connected record lists the budget limit as 8:30.,personal_state,tool_verified,0.95,0,1,0,0,0,stale evidence,,,0.0005272819369111557,0.019479324104167188,0.9960675141062751,0,0,1,0,0,0,ood_test,
PB-001876,naturalistic,finance,ood_test,factual_world,The primary source lists the invoice amount as 9:00.,world_claim,external_verified,0.35,1,1,0,0,0,low-confidence evidence,,,0.0003493213977358459,1.7386412729039213e-07,0.35900556361208585,0,0,0,0,0,0,ood_test,
PB-001877,naturalistic,finance,ood_test,factual_world,The primary source lists the payment due date as 10:30.,world_claim,external_verified,0.95,1,0,0,0,0,irrelevant evidence,,,0.0005841555243970456,0.0002493089063067033,0.9223246019936774,0,0,1,0,0,0,ood_test,
PB-001878,naturalistic,finance,ood_test,recommendation,I prefer options related to expense category.,preference,explicit_user,0.95,0,1,0,0,0,stale preference,,,0.0013739459262612382,0.005866719231799788,0.0012991662257460276,0,0,0,0,0,0,ood_test,
PB-001879,naturalistic,finance,ood_test,planning,My current goal is to optimize around budget limit.,goal,explicit_user,0.35,1,1,0,0,0,low-confidence goal,,,0.0009448515000387143,0.0051659860506831435,2.7255394708792112e-05,0,0,0,0,0,0,ood_test,
PB-001880,naturalistic,finance,ood_test,factual_world,I remember the invoice amount as 8:00.,world_claim,explicit_user,0.95,1,0,0,0,0,irrelevant unsupported claim,,,0.0011589021793548654,0.0012542804757109498,0.0024142848137020455,0,0,0,0,0,0,ood_test,
PB-001881,naturalistic,finance,ood_test,factual_world,I remember the budget limit as 11:30.,world_claim,explicit_user,0.95,1,1,0,0,0,unsupported user world belief,,,0.0048952624912469165,0.02501209779363837,0.019999174383790154,0,0,0,0,0,0,ood_test,
PB-001882,naturalistic,finance,ood_test,factual_world,Past behavior suggests the invoice amount may be 12:00.,world_claim,inferred,0.85,1,1,0,0,0,inferred world belief,,,0.0019465620309295256,0.0016938928883735882,0.013073272095879699,0,0,0,0,0,0,ood_test,
PB-001883,naturalistic,finance,ood_test,factual_world,A third-party message says the payment due date is 8:30.,world_claim,third_party,0.85,1,1,0,0,0,third-party unsupported world claim,,,0.0019690988338956503,0.0017487618077524514,0.011959943241382978,0,0,0,0,0,0,ood_test,
PB-001884,naturalistic,finance,ood_test,factual_world,The connected record lists the expense category as 9:00.,world_claim,tool_verified,0.95,1,1,0,0,1,tool evidence for world claim,,,0.002238057296975072,0.016419588988013514,0.28577398024334594,0,0,0,0,0,0,ood_test,
PB-001885,naturalistic,finance,ood_test,factual_world,The primary source lists the budget limit as 10:30.,world_claim,external_verified,0.95,1,1,0,0,1,external evidence for world claim,,,0.002409656399410568,0.004871354143989791,0.9908298425651997,0,0,1,0,0,1,ood_test,
PB-001886,naturalistic,finance,ood_test,personal_state,I remember the invoice amount as 11:00.,personal_state,explicit_user,0.95,1,1,0,1,1,explicit personal-state evidence,,,0.006712575965740215,0.9983781749661559,0.9860538442149235,0,1,1,0,1,1,ood_test,
PB-001887,naturalistic,finance,ood_test,personal_state,The connected record lists the payment due date as 12:30.,personal_state,tool_verified,0.95,1,1,0,1,1,tool personal-state evidence,,,0.0030184780228900863,0.9974412476417637,0.9992472753198735,0,1,1,0,1,1,ood_test,
PB-001888,naturalistic,finance,ood_test,personal_state,The primary source lists the expense category as 8:00.,personal_state,external_verified,0.9,1,1,0,1,1,external personal-state evidence,,,0.002870443223826947,0.9802515652130507,0.9999965498655604,0,1,1,0,1,1,ood_test,
PB-001889,naturalistic,finance,ood_test,factual_world,I remember the budget limit as 9:30.,personal_state,explicit_user,0.95,1,1,0,1,0,personal state irrelevant as world evidence,,,0.004152600428992777,0.9770006816559526,0.052337072937284644,0,1,0,0,1,0,ood_test,
PB-001890,naturalistic,finance,ood_test,recommendation,I prefer options related to invoice amount.,preference,explicit_user,0.95,1,1,0,1,0,preference personalization,,,0.007974114008684694,0.9916786327868493,0.007005896851868464,0,1,0,0,1,0,ood_test,
PB-001891,naturalistic,finance,ood_test,planning,Any plan has to respect my constraint about payment due date.,constraint,explicit_user,0.95,1,1,0,1,0,constraint personalization,,,0.007140225320407475,0.9957310951415115,0.006555234462364997,0,1,0,0,1,0,ood_test,
PB-001892,naturalistic,finance,ood_test,planning,My current goal is to optimize around expense category.,goal,explicit_user,0.95,1,1,0,1,0,goal personalization,,,0.006628833769692117,0.9931503253015883,0.006400387651834291,0,1,0,0,1,0,ood_test,
PB-001893,naturalistic,finance,ood_test,style,Please keep the answer concise.,presentation,explicit_user,0.95,1,1,1,1,0,presentation personalization,,,0.9958049765073445,0.9942443898404192,0.010249667982878751,1,1,0,1,1,0,ood_test,
PB-001894,naturalistic,finance,ood_test,personal_state,The connected record lists the invoice amount as 9:00.,personal_state,tool_verified,0.95,0,1,0,0,0,stale evidence,,,0.0005272348751312055,0.019451077697663216,0.9960896112900395,0,0,1,0,0,0,ood_test,
PB-001895,naturalistic,finance,ood_test,factual_world,The primary source lists the payment due date as 10:30.,world_claim,external_verified,0.35,1,1,0,0,0,low-confidence evidence,,,0.0003422179223458768,1.7531858646333045e-07,0.31374521942889216,0,0,0,0,0,0,ood_test,
PB-001896,naturalistic,finance,ood_test,factual_world,The primary source lists the expense category as 11:00.,world_claim,external_verified,0.95,1,0,0,0,0,irrelevant evidence,,,0.0005840487188271687,0.00024897227378015016,0.9224703835908682,0,0,1,0,0,0,ood_test,
PB-001897,naturalistic,finance,ood_test,recommendation,I prefer options related to budget limit.,preference,explicit_user,0.95,0,1,0,0,0,stale preference,,,0.0013739459262612382,0.005866719231799788,0.0012991662257460276,0,0,0,0,0,0,ood_test,
PB-001898,naturalistic,finance,ood_test,planning,My current goal is to optimize around invoice amount.,goal,explicit_user,0.35,1,1,0,0,0,low-confidence goal,,,0.0009448515000387143,0.0051659860506831435,2.7255394708792112e-05,0,0,0,0,0,0,ood_test,
PB-001899,naturalistic,finance,ood_test,factual_world,I remember the payment due date as 9:30.,world_claim,explicit_user,0.95,1,0,0,0,0,irrelevant unsupported claim,,,0.00115909381109117,0.0012577215955185002,0.0023891608397253374,0,0,0,0,0,0,ood_test,
PB-001900,naturalistic,finance,ood_test,factual_world,I remember the invoice amount as 12:00.,world_claim,explicit_user,0.95,1,1,0,0,0,unsupported user world belief,,,0.004895644001695825,0.0250129771328619,0.020093433780821145,0,0,0,0,0,0,ood_test,
PB-001901,naturalistic,finance,ood_test,factual_world,Past behavior suggests the payment due date may be 8:30.,world_claim,inferred,0.85,1,1,0,0,0,inferred world belief,,,0.0020032780619738777,0.0017308304771495762,0.012016744611472664,0,0,0,0,0,0,ood_test,
PB-001902,naturalistic,finance,ood_test,factual_world,A third-party message says the expense category is 9:00.,world_claim,third_party,0.85,1,1,0,0,0,third-party unsupported world claim,,,0.0019689785121628023,0.0017484242002186704,0.011979849738304675,0,0,0,0,0,0,ood_test,
PB-001903,naturalistic,finance,ood_test,factual_world,The connected record lists the budget limit as 10:30.,world_claim,tool_verified,0.95,1,1,0,0,1,tool evidence for world claim,,,0.002198442589817482,0.016001208394297743,0.27750259658635157,0,0,0,0,0,0,ood_test,
PB-001904,naturalistic,finance,ood_test,factual_world,The primary source lists the invoice amount as 11:00.,world_claim,external_verified,0.95,1,1,0,0,1,external evidence for world claim,,,0.0024092166283121654,0.0048648069047149915,0.9908483288976129,0,0,1,0,0,1,ood_test,
PB-001905,naturalistic,finance,ood_test,personal_state,I remember the payment due date as 12:30.,personal_state,explicit_user,0.95,1,1,0,1,1,explicit personal-state evidence,,,0.00671560669317245,0.9983789820353737,0.9860314521012167,0,1,1,0,1,1,ood_test,
PB-001906,naturalistic,finance,ood_test,personal_state,The connected record lists the expense category as 8:00.,personal_state,tool_verified,0.95,1,1,0,1,1,tool personal-state evidence,,,0.003072482633303792,0.9975098974416032,0.9992766982432085,0,1,1,0,1,1,ood_test,
PB-001907,naturalistic,finance,ood_test,personal_state,The primary source lists the budget limit as 9:30.,personal_state,external_verified,0.9,1,1,0,1,1,external personal-state evidence,,,0.0028706988431700755,0.9802801940010711,0.99999653029232,0,1,1,0,1,1,ood_test,
PB-001908,naturalistic,finance,ood_test,factual_world,I remember the invoice amount as 10:00.,personal_state,explicit_user,0.95,1,1,0,1,0,personal state irrelevant as world evidence,,,0.004259667542480352,0.9778792279895713,0.04943371508029425,0,1,0,0,1,0,ood_test,
PB-001909,naturalistic,finance,ood_test,recommendation,I prefer options related to payment due date.,preference,explicit_user,0.95,1,1,0,1,0,preference personalization,,,0.007974114008684694,0.9916786327868493,0.007005896851868464,0,1,0,0,1,0,ood_test,
PB-001910,naturalistic,finance,ood_test,planning,Any plan has to respect my constraint about expense category.,constraint,explicit_user,0.95,1,1,0,1,0,constraint personalization,,,0.007140225320407475,0.9957310951415115,0.006555234462364997,0,1,0,0,1,0,ood_test,
PB-001911,naturalistic,finance,ood_test,planning,My current goal is to optimize around budget limit.,goal,explicit_user,0.95,1,1,0,1,0,goal personalization,,,0.006628833769692117,0.9931503253015883,0.006400387651834291,0,1,0,0,1,0,ood_test,
PB-001912,naturalistic,finance,ood_test,style,Use a technical but plain style.,presentation,explicit_user,0.95,1,1,1,1,0,presentation personalization,,,0.9953924054507183,0.9941594830338857,0.010016937534676534,1,1,0,1,1,0,ood_test,
PB-001913,naturalistic,finance,ood_test,personal_state,The connected record lists the payment due date as 10:30.,personal_state,tool_verified,0.95,0,1,0,0,0,stale evidence,,,0.0005178868423250089,0.018956941780191857,0.9959270852625047,0,0,1,0,0,0,ood_test,
PB-001914,naturalistic,finance,ood_test,factual_world,The primary source lists the expense category as 11:00.,world_claim,external_verified,0.35,1,1,0,0,0,low-confidence evidence,,,0.00034215533691228927,1.7508180139719897e-07,0.3141838875525332,0,0,0,0,0,0,ood_test,
PB-001915,naturalistic,finance,ood_test,factual_world,The primary source lists the budget limit as 12:30.,world_claim,external_verified,0.95,1,0,0,0,0,irrelevant evidence,,,0.0005842205514680821,0.00024905266222814205,0.9223949836550029,0,0,1,0,0,0,ood_test,
PB-001916,naturalistic,finance,ood_test,recommendation,I prefer options related to invoice amount.,preference,explicit_user,0.95,0,1,0,0,0,stale preference,,,0.0013739459262612382,0.005866719231799788,0.0012991662257460276,0,0,0,0,0,0,ood_test,
PB-001917,naturalistic,finance,ood_test,planning,My current goal is to optimize around payment due date.,goal,explicit_user,0.35,1,1,0,0,0,low-confidence goal,,,0.0009448515000387143,0.0051659860506831435,2.7255394708792112e-05,0,0,0,0,0,0,ood_test,
PB-001918,naturalistic,finance,ood_test,factual_world,I remember the expense category as 10:00.,world_claim,explicit_user,0.95,1,0,0,0,0,irrelevant unsupported claim,,,0.0011890710565448785,0.0013087821201925288,0.0022500452386730358,0,0,0,0,0,0,ood_test,
PB-001919,naturalistic,finance,ood_test,factual_world,I remember the payment due date as 8:30.,world_claim,explicit_user,0.95,1,1,0,0,0,unsupported user world belief,,,0.0047727113316291874,0.02412404314820741,0.021327675130616383,0,0,0,0,0,0,ood_test,
PB-001920,naturalistic,finance,ood_test,factual_world,Past behavior suggests the expense category may be 9:00.,world_claim,inferred,0.85,1,1,0,0,0,inferred world belief,,,0.0020031771161055736,0.0017305111945185364,0.012037859261727752,0,0,0,0,0,0,ood_test,
PB-001921,naturalistic,finance,ood_test,factual_world,A third-party message says the budget limit is 10:30.,world_claim,third_party,0.85,1,1,0,0,0,third-party unsupported world claim,,,0.0019153659701488478,0.0017108719441032403,0.013016867367964598,0,0,0,0,0,0,ood_test,
PB-001922,naturalistic,finance,ood_test,factual_world,The connected record lists the invoice amount as 11:00.,world_claim,tool_verified,0.95,1,1,0,0,1,tool evidence for world claim,,,0.0021980412810779595,0.015979942524229424,0.2779111125088036,0,0,0,0,0,0,ood_test,
PB-001923,naturalistic,finance,ood_test,factual_world,The primary source lists the payment due date as 12:30.,world_claim,external_verified,0.95,1,1,0,0,1,external evidence for world claim,,,0.0024099241477229805,0.004866370404565448,0.9908387681951376,0,0,1,0,0,1,ood_test,
PB-001924,naturalistic,finance,ood_test,personal_state,I remember the expense category as 8:00.,personal_state,explicit_user,0.95,1,1,0,1,1,explicit personal-state evidence,,,0.006544867313137611,0.9983124572003871,0.9870196526648923,0,1,1,0,1,1,ood_test,
PB-001925,naturalistic,finance,ood_test,personal_state,The connected record lists the budget limit as 9:30.,personal_state,tool_verified,0.95,1,1,0,1,1,tool personal-state evidence,,,0.003072756189260621,0.9975135707390919,0.9992725977913345,0,1,1,0,1,1,ood_test,
PB-001926,naturalistic,finance,ood_test,personal_state,The primary source lists the invoice amount as 10:00.,personal_state,external_verified,0.9,1,1,0,1,1,external personal-state evidence,,,0.002812174021395699,0.9804210892647426,0.9999957878141731,0,1,1,0,1,1,ood_test,
PB-001927,naturalistic,finance,ood_test,factual_world,I remember the payment due date as 11:30.,personal_state,explicit_user,0.95,1,1,0,1,0,personal state irrelevant as world evidence,,,0.0042592968540382855,0.977818898367373,0.049174050297093035,0,1,0,0,1,0,ood_test,
PB-001928,naturalistic,finance,ood_test,recommendation,I prefer options related to expense category.,preference,explicit_user,0.95,1,1,0,1,0,preference personalization,,,0.007974114008684694,0.9916786327868493,0.007005896851868464,0,1,0,0,1,0,ood_test,
PB-001929,naturalistic,finance,ood_test,planning,Any plan has to respect my constraint about budget limit.,constraint,explicit_user,0.95,1,1,0,1,0,constraint personalization,,,0.007140225320407475,0.9957310951415115,0.006555234462364997,0,1,0,0,1,0,ood_test,
PB-001930,naturalistic,finance,ood_test,planning,My current goal is to optimize around invoice amount.,goal,explicit_user,0.95,1,1,0,1,0,goal personalization,,,0.006628833769692117,0.9931503253015883,0.006400387651834291,0,1,0,0,1,0,ood_test,
PB-001931,naturalistic,finance,ood_test,style,"Give me the answer first, then the rationale.",presentation,explicit_user,0.95,1,1,1,1,0,presentation personalization,,,0.9963705637368209,0.994432367111807,0.010125644873073313,1,1,0,1,1,0,ood_test,
PB-001932,naturalistic,finance,ood_test,personal_state,The connected record lists the expense category as 11:00.,personal_state,tool_verified,0.95,0,1,0,0,0,stale evidence,,,0.0005177921468817224,0.018931823269338666,0.9959353380990975,0,0,1,0,0,0,ood_test,
PB-001933,naturalistic,finance,ood_test,factual_world,The primary source lists the budget limit as 12:30.,world_claim,external_verified,0.35,1,1,0,0,0,low-confidence evidence,,,0.0003422560266107596,1.751383460790024e-07,0.31395686757293473,0,0,0,0,0,0,ood_test,
PB-001934,naturalistic,finance,ood_test,factual_world,The primary source lists the invoice amount as 8:00.,world_claim,external_verified,0.95,1,0,0,0,0,irrelevant evidence,,,0.0005962779440828854,0.0002472411276187585,0.9356764218266029,0,0,1,0,0,0,ood_test,
PB-001935,naturalistic,finance,ood_test,recommendation,I prefer options related to payment due date.,preference,explicit_user,0.95,0,1,0,0,0,stale preference,,,0.0013739459262612382,0.005866719231799788,0.0012991662257460276,0,0,0,0,0,0,ood_test,
PB-001936,naturalistic,finance,ood_test,planning,My current goal is to optimize around expense category.,goal,explicit_user,0.35,1,1,0,0,0,low-confidence goal,,,0.0009448515000387143,0.0051659860506831435,2.7255394708792112e-05,0,0,0,0,0,0,ood_test,
PB-001937,naturalistic,finance,ood_test,factual_world,I remember the budget limit as 11:30.,world_claim,explicit_user,0.95,1,0,0,0,0,irrelevant unsupported claim,,,0.0011889672611180946,0.0013051466345150955,0.0022376427984643057,0,0,0,0,0,0,ood_test,
PB-001938,naturalistic,finance,ood_test,factual_world,I remember the expense category as 9:00.,world_claim,explicit_user,0.95,1,1,0,0,0,unsupported user world belief,,,0.004771925118610746,0.024059547002630074,0.021547651445504808,0,0,0,0,0,0,ood_test,
PB-001939,naturalistic,finance,ood_test,factual_world,Past behavior suggests the budget limit may be 10:30.,world_claim,inferred,0.85,1,1,0,0,0,inferred world belief,,,0.0019466805803520684,0.0016950979046439843,0.013044354633318178,0,0,0,0,0,0,ood_test,
PB-001940,naturalistic,finance,ood_test,factual_world,A third-party message says the invoice amount is 11:00.,world_claim,third_party,0.85,1,1,0,0,0,third-party unsupported world claim,,,0.001915129714077391,0.0017097869272780929,0.01304361628029492,0,0,0,0,0,0,ood_test,
PB-001941,naturalistic,finance,ood_test,factual_world,The connected record lists the payment due date as 12:30.,world_claim,tool_verified,0.95,1,1,0,0,1,tool evidence for world claim,,,0.0021986869208906975,0.01598502093418664,0.27769968939521217,0,0,0,0,0,0,ood_test,
PB-001942,naturalistic,finance,ood_test,factual_world,The primary source lists the expense category as 8:00.,world_claim,external_verified,0.95,1,1,0,0,1,external evidence for world claim,,,0.002459568459043609,0.004831136175145368,0.9925018546387054,0,0,1,0,0,1,ood_test,
PB-001943,naturalistic,finance,ood_test,personal_state,I remember the budget limit as 9:30.,personal_state,explicit_user,0.95,1,1,0,1,1,explicit personal-state evidence,,,0.006545943711352152,0.9983170723271991,0.9868846179539458,0,1,1,0,1,1,ood_test,
PB-001944,naturalistic,finance,ood_test,personal_state,The connected record lists the invoice amount as 10:00.,personal_state,tool_verified,0.95,1,1,0,1,1,tool personal-state evidence,,,0.003018096984847177,0.9974450528647395,0.9992491028908644,0,1,1,0,1,1,ood_test,
PB-001945,naturalistic,finance,ood_test,personal_state,The primary source lists the payment due date as 11:30.,personal_state,external_verified,0.9,1,1,0,1,1,external personal-state evidence,,,0.002812015285883412,0.980386431092857,0.9999957726737745,0,1,1,0,1,1,ood_test,
PB-001946,naturalistic,finance,ood_test,factual_world,I remember the expense category as 12:00.,personal_state,explicit_user,0.95,1,1,0,1,0,personal state irrelevant as world evidence,,,0.004259629012905184,0.9778196804159288,0.04939888441921302,0,1,0,0,1,0,ood_test,
PB-001947,naturalistic,finance,ood_test,recommendation,I prefer options related to budget limit.,preference,explicit_user,0.95,1,1,0,1,0,preference personalization,,,0.007974114008684694,0.9916786327868493,0.007005896851868464,0,1,0,0,1,0,ood_test,
PB-001948,naturalistic,finance,ood_test,planning,Any plan has to respect my constraint about invoice amount.,constraint,explicit_user,0.95,1,1,0,1,0,constraint personalization,,,0.007140225320407475,0.9957310951415115,0.006555234462364997,0,1,0,0,1,0,ood_test,
PB-001949,naturalistic,finance,ood_test,planning,My current goal is to optimize around payment due date.,goal,explicit_user,0.95,1,1,0,1,0,goal personalization,,,0.006628833769692117,0.9931503253015883,0.006400387651834291,0,1,0,0,1,0,ood_test,
PB-001950,naturalistic,finance,ood_test,style,Please keep the answer concise.,presentation,explicit_user,0.95,1,1,1,1,0,presentation personalization,,,0.9958049765073445,0.9942443898404192,0.010249667982878751,1,1,0,1,1,0,ood_test,
PB-001951,naturalistic,finance,ood_test,personal_state,The connected record lists the budget limit as 12:30.,personal_state,tool_verified,0.95,0,1,0,0,0,stale evidence,,,0.0005179444963166931,0.018937821729916544,0.9959310699447447,0,0,1,0,0,0,ood_test,
PB-001952,naturalistic,finance,ood_test,factual_world,The primary source lists the invoice amount as 8:00.,world_claim,external_verified,0.35,1,1,0,0,0,low-confidence evidence,,,0.0003493213977358459,1.7386412729039213e-07,0.35900556361208585,0,0,0,0,0,0,ood_test,
PB-001953,naturalistic,finance,ood_test,factual_world,The primary source lists the payment due date as 9:30.,world_claim,external_verified,0.95,1,0,0,0,0,irrelevant evidence,,,0.0005963311650742168,0.0002476072075727838,0.9353350987530202,0,0,1,0,0,0,ood_test,
PB-001954,naturalistic,finance,ood_test,recommendation,I prefer options related to expense category.,preference,explicit_user,0.95,0,1,0,0,0,stale preference,,,0.0013739459262612382,0.005866719231799788,0.0012991662257460276,0,0,0,0,0,0,ood_test,
PB-001955,naturalistic,finance,ood_test,planning,My current goal is to optimize around budget limit.,goal,explicit_user,0.35,1,1,0,0,0,low-confidence goal,,,0.0009448515000387143,0.0051659860506831435,2.7255394708792112e-05,0,0,0,0,0,0,ood_test,
PB-001956,naturalistic,finance,ood_test,factual_world,I remember the invoice amount as 12:00.,world_claim,explicit_user,0.95,1,0,0,0,0,irrelevant unsupported claim,,,0.0011890602679844428,0.0013051936347027047,0.0022483812366931814,0,0,0,0,0,0,ood_test,
PB-001957,naturalistic,finance,ood_test,factual_world,I remember the budget limit as 10:30.,world_claim,explicit_user,0.95,1,1,0,0,0,unsupported user world belief,,,0.004895802952287586,0.025062620173142328,0.02000439379218922,0,0,0,0,0,0,ood_test,
PB-001958,naturalistic,finance,ood_test,factual_world,Past behavior suggests the invoice amount may be 11:00.,world_claim,inferred,0.85,1,1,0,0,0,inferred world belief,,,0.0019464201823613356,0.0016940237631878226,0.013068870085579082,0,0,0,0,0,0,ood_test,
PB-001959,naturalistic,finance,ood_test,factual_world,A third-party message says the payment due date is 12:30.,world_claim,third_party,0.85,1,1,0,0,0,third-party unsupported world claim,,,0.0019154743285930663,0.0017100707201667593,0.013023749037234742,0,0,0,0,0,0,ood_test,
PB-001960,naturalistic,finance,ood_test,factual_world,The connected record lists the expense category as 8:00.,world_claim,tool_verified,0.95,1,1,0,0,1,tool evidence for world claim,,,0.002238057296975072,0.016419588988013514,0.28577398024334594,0,0,0,0,0,0,ood_test,
PB-001961,naturalistic,finance,ood_test,factual_world,The primary source lists the budget limit as 9:30.,world_claim,external_verified,0.95,1,1,0,0,1,external evidence for world claim,,,0.002459787579337576,0.004838256597118283,0.9924596369037042,0,0,1,0,0,1,ood_test,
PB-001962,naturalistic,finance,ood_test,personal_state,I remember the invoice amount as 10:00.,personal_state,explicit_user,0.95,1,1,0,1,1,explicit personal-state evidence,,,0.0067143026966881595,0.9983827060421255,0.986083091454541,0,1,1,0,1,1,ood_test,
PB-001963,naturalistic,finance,ood_test,personal_state,The connected record lists the payment due date as 11:30.,personal_state,tool_verified,0.95,1,1,0,1,1,tool personal-state evidence,,,0.003017926661018941,0.9974404514780828,0.9992464058678503,0,1,1,0,1,1,ood_test,
PB-001964,naturalistic,finance,ood_test,personal_state,The primary source lists the expense category as 12:00.,personal_state,external_verified,0.9,1,1,0,1,1,external personal-state evidence,,,0.002812157522557451,0.9803868801584799,0.9999957857908176,0,1,1,0,1,1,ood_test,
PB-001965,naturalistic,finance,ood_test,factual_world,I remember the budget limit as 8:30.,personal_state,explicit_user,0.95,1,1,0,1,0,personal state irrelevant as world evidence,,,0.004152600428992777,0.9770006816559526,0.052337072937284644,0,1,0,0,1,0,ood_test,
PB-001966,naturalistic,finance,ood_test,recommendation,I prefer options related to invoice amount.,preference,explicit_user,0.95,1,1,0,1,0,preference personalization,,,0.007974114008684694,0.9916786327868493,0.007005896851868464,0,1,0,0,1,0,ood_test,
PB-001967,naturalistic,finance,ood_test,planning,Any plan has to respect my constraint about payment due date.,constraint,explicit_user,0.95,1,1,0,1,0,constraint personalization,,,0.007140225320407475,0.9957310951415115,0.006555234462364997,0,1,0,0,1,0,ood_test,
PB-001968,naturalistic,finance,ood_test,planning,My current goal is to optimize around expense category.,goal,explicit_user,0.95,1,1,0,1,0,goal personalization,,,0.006628833769692117,0.9931503253015883,0.006400387651834291,0,1,0,0,1,0,ood_test,
PB-001969,naturalistic,finance,ood_test,style,Use a technical but plain style.,presentation,explicit_user,0.95,1,1,1,1,0,presentation personalization,,,0.9953924054507183,0.9941594830338857,0.010016937534676534,1,1,0,1,1,0,ood_test,
PB-001970,naturalistic,finance,ood_test,personal_state,The connected record lists the invoice amount as 8:00.,personal_state,tool_verified,0.95,0,1,0,0,0,stale evidence,,,0.0005272348751312055,0.019451077697663216,0.9960896112900395,0,0,1,0,0,0,ood_test,
PB-001971,naturalistic,finance,ood_test,factual_world,The primary source lists the payment due date as 9:30.,world_claim,external_verified,0.35,1,1,0,0,0,low-confidence evidence,,,0.00034935258424146905,1.7412162459637145e-07,0.35770477353094665,0,0,0,0,0,0,ood_test,
PB-001972,naturalistic,finance,ood_test,factual_world,The primary source lists the expense category as 10:00.,world_claim,external_verified,0.95,1,0,0,0,0,irrelevant evidence,,,0.0005841466222506417,0.00024942444881657607,0.9225689450811356,0,0,1,0,0,0,ood_test,
PB-001973,naturalistic,finance,ood_test,recommendation,I prefer options related to budget limit.,preference,explicit_user,0.95,0,1,0,0,0,stale preference,,,0.0013739459262612382,0.005866719231799788,0.0012991662257460276,0,0,0,0,0,0,ood_test,
PB-001974,naturalistic,finance,ood_test,planning,My current goal is to optimize around invoice amount.,goal,explicit_user,0.35,1,1,0,0,0,low-confidence goal,,,0.0009448515000387143,0.0051659860506831435,2.7255394708792112e-05,0,0,0,0,0,0,ood_test,
PB-001975,naturalistic,finance,ood_test,factual_world,I remember the payment due date as 8:30.,world_claim,explicit_user,0.95,1,0,0,0,0,irrelevant unsupported claim,,,0.00115909381109117,0.0012577215955185002,0.0023891608397253374,0,0,0,0,0,0,ood_test,
PB-001976,naturalistic,finance,ood_test,factual_world,I remember the invoice amount as 11:00.,world_claim,explicit_user,0.95,1,1,0,0,0,unsupported user world belief,,,0.004894426917188693,0.025011683378954153,0.02006613185644051,0,0,0,0,0,0,ood_test,
PB-001977,naturalistic,finance,ood_test,factual_world,Past behavior suggests the payment due date may be 12:30.,world_claim,inferred,0.85,1,1,0,0,0,inferred world belief,,,0.0019467881112398956,0.0016943214316916541,0.01305116847001531,0,0,0,0,0,0,ood_test,
PB-001978,naturalistic,finance,ood_test,factual_world,A third-party message says the expense category is 8:00.,world_claim,third_party,0.85,1,1,0,0,0,third-party unsupported world claim,,,0.0019689785121628023,0.0017484242002186704,0.011979849738304675,0,0,0,0,0,0,ood_test,
PB-001979,naturalistic,finance,ood_test,factual_world,The connected record lists the budget limit as 9:30.,world_claim,tool_verified,0.95,1,1,0,0,1,tool evidence for world claim,,,0.0022382567273582675,0.016443506961044064,0.28462071185183524,0,0,0,0,0,0,ood_test,
PB-001980,naturalistic,finance,ood_test,factual_world,The primary source lists the invoice amount as 10:00.,world_claim,external_verified,0.95,1,1,0,0,1,external evidence for world claim,,,0.0024096197449036145,0.004873601336568184,0.9908608244038773,0,0,1,0,0,1,ood_test,
PB-001981,naturalistic,finance,ood_test,personal_state,I remember the payment due date as 11:30.,personal_state,explicit_user,0.95,1,1,0,1,1,explicit personal-state evidence,,,0.006713719839128963,0.9983782024821177,0.9860068629541239,0,1,1,0,1,1,ood_test,
PB-001982,naturalistic,finance,ood_test,personal_state,The connected record lists the expense category as 12:00.,personal_state,tool_verified,0.95,1,1,0,1,1,tool personal-state evidence,,,0.00301807928152911,0.9974405111000174,0.9992487424611548,0,1,1,0,1,1,ood_test,
PB-001983,naturalistic,finance,ood_test,personal_state,The primary source lists the budget limit as 8:30.,personal_state,external_verified,0.9,1,1,0,1,1,external personal-state evidence,,,0.0028706988431700755,0.9802801940010711,0.99999653029232,0,1,1,0,1,1,ood_test,
PB-001984,naturalistic,finance,ood_test,factual_world,I remember the invoice amount as 9:00.,personal_state,explicit_user,0.95,1,1,0,1,0,personal state irrelevant as world evidence,,,0.004151915941241462,0.9769389604943443,0.05285960929422446,0,1,0,0,1,0,ood_test,
PB-001985,naturalistic,finance,ood_test,recommendation,I prefer options related to payment due date.,preference,explicit_user,0.95,1,1,0,1,0,preference personalization,,,0.007974114008684694,0.9916786327868493,0.007005896851868464,0,1,0,0,1,0,ood_test,
PB-001986,naturalistic,finance,ood_test,planning,Any plan has to respect my constraint about expense category.,constraint,explicit_user,0.95,1,1,0,1,0,constraint personalization,,,0.007140225320407475,0.9957310951415115,0.006555234462364997,0,1,0,0,1,0,ood_test,
PB-001987,naturalistic,finance,ood_test,planning,My current goal is to optimize around budget limit.,goal,explicit_user,0.95,1,1,0,1,0,goal personalization,,,0.006628833769692117,0.9931503253015883,0.006400387651834291,0,1,0,0,1,0,ood_test,
PB-001988,naturalistic,finance,ood_test,style,"Give me the answer first, then the rationale.",presentation,explicit_user,0.95,1,1,1,1,0,presentation personalization,,,0.9963705637368209,0.994432367111807,0.010125644873073313,1,1,0,1,1,0,ood_test,
PB-001989,naturalistic,finance,ood_test,personal_state,The connected record lists the payment due date as 9:30.,personal_state,tool_verified,0.95,0,1,0,0,0,stale evidence,,,0.0005272819369111557,0.019479324104167188,0.9960675141062751,0,0,1,0,0,0,ood_test,
PB-001990,naturalistic,finance,ood_test,factual_world,The primary source lists the expense category as 10:00.,world_claim,external_verified,0.35,1,1,0,0,0,low-confidence evidence,,,0.00034221270590710994,1.7539985832819354e-07,0.31448108358410853,0,0,0,0,0,0,ood_test,
PB-001991,naturalistic,finance,ood_test,factual_world,The primary source lists the budget limit as 11:30.,world_claim,external_verified,0.95,1,0,0,0,0,irrelevant evidence,,,0.0005841135759395146,0.00024897501343361183,0.9223122457268835,0,0,1,0,0,0,ood_test,
PB-001992,naturalistic,finance,ood_test,recommendation,I prefer options related to invoice amount.,preference,explicit_user,0.95,0,1,0,0,0,stale preference,,,0.0013739459262612382,0.005866719231799788,0.0012991662257460276,0,0,0,0,0,0,ood_test,
PB-001993,naturalistic,finance,ood_test,planning,My current goal is to optimize around payment due date.,goal,explicit_user,0.35,1,1,0,0,0,low-confidence goal,,,0.0009448515000387143,0.0051659860506831435,2.7255394708792112e-05,0,0,0,0,0,0,ood_test,
PB-001994,naturalistic,finance,ood_test,factual_world,I remember the expense category as 9:00.,world_claim,explicit_user,0.95,1,0,0,0,0,irrelevant unsupported claim,,,0.0011589021793548654,0.0012542804757109498,0.0024142848137020455,0,0,0,0,0,0,ood_test,
PB-001995,naturalistic,finance,ood_test,factual_world,I remember the payment due date as 12:30.,world_claim,explicit_user,0.95,1,1,0,0,0,unsupported user world belief,,,0.0048966407972804915,0.025023844253097026,0.02003416368496198,0,0,0,0,0,0,ood_test,
PB-001996,naturalistic,finance,ood_test,factual_world,Past behavior suggests the expense category may be 8:00.,world_claim,inferred,0.85,1,1,0,0,0,inferred world belief,,,0.0020031771161055736,0.0017305111945185364,0.012037859261727752,0,0,0,0,0,0,ood_test,
PB-001997,naturalistic,finance,ood_test,factual_world,A third-party message says the budget limit is 9:30.,world_claim,third_party,0.85,1,1,0,0,0,third-party unsupported world claim,,,0.0019690988338956503,0.0017487618077524514,0.011959943241382978,0,0,0,0,0,0,ood_test,
PB-001998,naturalistic,finance,ood_test,factual_world,The connected record lists the invoice amount as 10:00.,world_claim,tool_verified,0.95,1,1,0,0,1,tool evidence for world claim,,,0.002198409141110738,0.01600850727837224,0.27818791482218086,0,0,0,0,0,0,ood_test,
PB-001999,naturalistic,finance,ood_test,factual_world,The primary source lists the payment due date as 11:30.,world_claim,external_verified,0.95,1,1,0,0,1,external evidence for world claim,,,0.002409483676999887,0.004864860189161356,0.9908282754497282,0,0,1,0,0,1,ood_test,
PB-002000,naturalistic,finance,ood_test,personal_state,I remember the expense category as 12:00.,personal_state,explicit_user,0.95,1,1,0,1,1,explicit personal-state evidence,,,0.006714242114141537,0.9983782608647377,0.9860729122469423,0,1,1,0,1,1,ood_test,
PB-002001,naturalistic,finance,ood_test,personal_state,The connected record lists the budget limit as 8:30.,personal_state,tool_verified,0.95,1,1,0,1,1,tool personal-state evidence,,,0.003072756189260621,0.9975135707390919,0.9992725977913345,0,1,1,0,1,1,ood_test,
PB-002002,naturalistic,finance,ood_test,personal_state,The primary source lists the invoice amount as 9:00.,personal_state,external_verified,0.9,1,1,0,1,1,external personal-state evidence,,,0.002870443223826947,0.9802515652130507,0.9999965498655604,0,1,1,0,1,1,ood_test,
PB-002003,naturalistic,finance,ood_test,factual_world,I remember the payment due date as 10:30.,personal_state,explicit_user,0.95,1,1,0,1,0,personal state irrelevant as world evidence,,,0.004259767401912166,0.977863743937888,0.049186501646030965,0,1,0,0,1,0,ood_test,
PB-002004,naturalistic,finance,ood_test,recommendation,I prefer options related to expense category.,preference,explicit_user,0.95,1,1,0,1,0,preference personalization,,,0.007974114008684694,0.9916786327868493,0.007005896851868464,0,1,0,0,1,0,ood_test,
PB-002005,naturalistic,finance,ood_test,planning,Any plan has to respect my constraint about budget limit.,constraint,explicit_user,0.95,1,1,0,1,0,constraint personalization,,,0.007140225320407475,0.9957310951415115,0.006555234462364997,0,1,0,0,1,0,ood_test,
PB-002006,naturalistic,finance,ood_test,planning,My current goal is to optimize around invoice amount.,goal,explicit_user,0.95,1,1,0,1,0,goal personalization,,,0.006628833769692117,0.9931503253015883,0.006400387651834291,0,1,0,0,1,0,ood_test,
PB-002007,naturalistic,finance,ood_test,style,Please keep the answer concise.,presentation,explicit_user,0.95,1,1,1,1,0,presentation personalization,,,0.9958049765073445,0.9942443898404192,0.010249667982878751,1,1,0,1,1,0,ood_test,
PB-002008,naturalistic,finance,ood_test,personal_state,The connected record lists the expense category as 10:00.,personal_state,tool_verified,0.95,0,1,0,0,0,stale evidence,,,0.0005178789495464744,0.01896556292360856,0.9959409163596585,0,0,1,0,0,0,ood_test,
PB-002009,naturalistic,finance,ood_test,factual_world,The primary source lists the budget limit as 11:30.,world_claim,external_verified,0.35,1,1,0,0,0,low-confidence evidence,,,0.00034219334158219105,1.7508372845046454e-07,0.31370808840595216,0,0,0,0,0,0,ood_test,
PB-002010,naturalistic,finance,ood_test,factual_world,The primary source lists the invoice amount as 12:00.,world_claim,external_verified,0.95,1,0,0,0,0,irrelevant evidence,,,0.0005841431874439256,0.0002489808266094017,0.9225346316305212,0,0,1,0,0,0,ood_test,
PB-002011,naturalistic,finance,ood_test,recommendation,I prefer options related to payment due date.,preference,explicit_user,0.95,0,1,0,0,0,stale preference,,,0.0013739459262612382,0.005866719231799788,0.0012991662257460276,0,0,0,0,0,0,ood_test,
PB-002012,naturalistic,finance,ood_test,planning,My current goal is to optimize around expense category.,goal,explicit_user,0.35,1,1,0,0,0,low-confidence goal,,,0.0009448515000387143,0.0051659860506831435,2.7255394708792112e-05,0,0,0,0,0,0,ood_test,
PB-002013,naturalistic,finance,ood_test,factual_world,I remember the budget limit as 10:30.,world_claim,explicit_user,0.95,1,0,0,0,0,irrelevant unsupported claim,,,0.0011890990179126975,0.0013078471576498313,0.002238237368064959,0,0,0,0,0,0,ood_test,
PB-002014,naturalistic,finance,ood_test,factual_world,I remember the expense category as 8:00.,world_claim,explicit_user,0.95,1,1,0,0,0,unsupported user world belief,,,0.004771925118610746,0.024059547002630074,0.021547651445504808,0,0,0,0,0,0,ood_test,
PB-002015,naturalistic,finance,ood_test,factual_world,Past behavior suggests the budget limit may be 9:30.,world_claim,inferred,0.85,1,1,0,0,0,inferred world belief,,,0.0020032780619738777,0.0017308304771495762,0.012016744611472664,0,0,0,0,0,0,ood_test,
PB-002016,naturalistic,finance,ood_test,factual_world,A third-party message says the invoice amount is 10:00.,world_claim,third_party,0.85,1,1,0,0,0,third-party unsupported world claim,,,0.0019153398724760544,0.0017115807668020369,0.013056211915727646,0,0,0,0,0,0,ood_test,
PB-002017,naturalistic,finance,ood_test,factual_world,The connected record lists the payment due date as 11:30.,world_claim,tool_verified,0.95,1,1,0,0,1,tool evidence for world claim,,,0.00219828497369674,0.015980115598247403,0.2774680205631194,0,0,0,0,0,0,ood_test,
PB-002018,naturalistic,finance,ood_test,factual_world,The primary source lists the expense category as 12:00.,world_claim,external_verified,0.95,1,1,0,0,1,external evidence for world claim,,,0.0024096056021176188,0.004864973251564613,0.990856474453404,0,0,1,0,0,1,ood_test,
PB-002019,naturalistic,finance,ood_test,personal_state,I remember the budget limit as 8:30.,personal_state,explicit_user,0.95,1,1,0,1,1,explicit personal-state evidence,,,0.006545943711352152,0.9983170723271991,0.9868846179539458,0,1,1,0,1,1,ood_test,
PB-002020,naturalistic,finance,ood_test,personal_state,The connected record lists the invoice amount as 9:00.,personal_state,tool_verified,0.95,1,1,0,1,1,tool personal-state evidence,,,0.003072482633303792,0.9975098974416032,0.9992766982432085,0,1,1,0,1,1,ood_test,
PB-002021,naturalistic,finance,ood_test,personal_state,The primary source lists the payment due date as 10:30.,personal_state,external_verified,0.9,1,1,0,1,1,external personal-state evidence,,,0.0028122167821909433,0.9804121909129764,0.9999957734027531,0,1,1,0,1,1,ood_test,
PB-002022,naturalistic,finance,ood_test,factual_world,I remember the expense category as 11:00.,personal_state,explicit_user,0.95,1,1,0,1,0,personal state irrelevant as world evidence,,,0.004258569368620562,0.9778185297851704,0.04933376844528708,0,1,0,0,1,0,ood_test,
PB-002023,naturalistic,finance,ood_test,recommendation,I prefer options related to budget limit.,preference,explicit_user,0.95,1,1,0,1,0,preference personalization,,,0.007974114008684694,0.9916786327868493,0.007005896851868464,0,1,0,0,1,0,ood_test,
PB-002024,naturalistic,finance,ood_test,planning,Any plan has to respect my constraint about invoice amount.,constraint,explicit_user,0.95,1,1,0,1,0,constraint personalization,,,0.007140225320407475,0.9957310951415115,0.006555234462364997,0,1,0,0,1,0,ood_test,
PB-002025,naturalistic,finance,ood_test,planning,My current goal is to optimize around payment due date.,goal,explicit_user,0.95,1,1,0,1,0,goal personalization,,,0.006628833769692117,0.9931503253015883,0.006400387651834291,0,1,0,0,1,0,ood_test,
PB-002026,naturalistic,finance,ood_test,style,Use a technical but plain style.,presentation,explicit_user,0.95,1,1,1,1,0,presentation personalization,,,0.9953924054507183,0.9941594830338857,0.010016937534676534,1,1,0,1,1,0,ood_test,
PB-002027,naturalistic,finance,ood_test,personal_state,The connected record lists the budget limit as 11:30.,personal_state,tool_verified,0.95,0,1,0,0,0,stale evidence,,,0.0005178496501840475,0.018932027699197367,0.9959263856486975,0,0,1,0,0,0,ood_test,
PB-002028,naturalistic,finance,ood_test,factual_world,The primary source lists the invoice amount as 12:00.,world_claim,external_verified,0.35,1,1,0,0,0,low-confidence evidence,,,0.00034221069319489446,1.7508781739807847e-07,0.3143775604236985,0,0,0,0,0,0,ood_test,
PB-002029,naturalistic,finance,ood_test,factual_world,The primary source lists the payment due date as 8:30.,world_claim,external_verified,0.95,1,0,0,0,0,irrelevant evidence,,,0.0005963311650742168,0.0002476072075727838,0.9353350987530202,0,0,1,0,0,0,ood_test,
PB-002030,naturalistic,finance,ood_test,recommendation,I prefer options related to expense category.,preference,explicit_user,0.95,0,1,0,0,0,stale preference,,,0.0013739459262612382,0.005866719231799788,0.0012991662257460276,0,0,0,0,0,0,ood_test,
PB-002031,naturalistic,finance,ood_test,planning,My current goal is to optimize around budget limit.,goal,explicit_user,0.35,1,1,0,0,0,low-confidence goal,,,0.0009448515000387143,0.0051659860506831435,2.7255394708792112e-05,0,0,0,0,0,0,ood_test,
PB-002032,naturalistic,finance,ood_test,factual_world,I remember the invoice amount as 11:00.,world_claim,explicit_user,0.95,1,0,0,0,0,irrelevant unsupported claim,,,0.0011887635601368588,0.001305124484310842,0.002245270694627555,0,0,0,0,0,0,ood_test,
PB-002033,naturalistic,finance,ood_test,factual_world,I remember the budget limit as 9:30.,world_claim,explicit_user,0.95,1,1,0,0,0,unsupported user world belief,,,0.0047727113316291874,0.02412404314820741,0.021327675130616383,0,0,0,0,0,0,ood_test,
PB-002034,naturalistic,finance,ood_test,factual_world,Past behavior suggests the invoice amount may be 10:00.,world_claim,inferred,0.85,1,1,0,0,0,inferred world belief,,,0.0019466545644054253,0.0016957867607895224,0.013083025566676152,0,0,0,0,0,0,ood_test,
PB-002035,naturalistic,finance,ood_test,factual_world,A third-party message says the payment due date is 11:30.,world_claim,third_party,0.85,1,1,0,0,0,third-party unsupported world claim,,,0.0019153198602636153,0.0017098037467987224,0.013018180180153768,0,0,0,0,0,0,ood_test,
PB-002036,naturalistic,finance,ood_test,factual_world,The connected record lists the expense category as 12:00.,world_claim,tool_verified,0.95,1,1,0,0,1,tool evidence for world claim,,,0.0021983962352517196,0.01598048283781316,0.27809149232144054,0,0,0,0,0,0,ood_test,
PB-002037,naturalistic,finance,ood_test,factual_world,The primary source lists the budget limit as 8:30.,world_claim,external_verified,0.95,1,1,0,0,1,external evidence for world claim,,,0.002459787579337576,0.004838256597118283,0.9924596369037042,0,0,1,0,0,1,ood_test,
PB-002038,naturalistic,finance,ood_test,personal_state,I remember the invoice amount as 9:00.,personal_state,explicit_user,0.95,1,1,0,1,1,explicit personal-state evidence,,,0.006544867313137611,0.9983124572003871,0.9870196526648923,0,1,1,0,1,1,ood_test,
PB-002039,naturalistic,finance,ood_test,personal_state,The connected record lists the payment due date as 10:30.,personal_state,tool_verified,0.95,1,1,0,1,1,tool personal-state evidence,,,0.0030181428673477697,0.9974438715034778,0.9992465357235677,0,1,1,0,1,1,ood_test,
PB-002040,naturalistic,finance,ood_test,personal_state,The primary source lists the expense category as 11:00.,personal_state,external_verified,0.9,1,1,0,1,1,external personal-state evidence,,,0.0028117037494229287,0.9803862194485395,0.999995782001909,0,1,1,0,1,1,ood_test,
PB-002041,naturalistic,finance,ood_test,factual_world,I remember the budget limit as 12:30.,personal_state,explicit_user,0.95,1,1,0,1,0,personal state irrelevant as world evidence,,,0.004260496864762082,0.9778293407572772,0.04925751659429835,0,1,0,0,1,0,ood_test,
PB-002042,naturalistic,finance,ood_test,recommendation,I prefer options related to invoice amount.,preference,explicit_user,0.95,1,1,0,1,0,preference personalization,,,0.007974114008684694,0.9916786327868493,0.007005896851868464,0,1,0,0,1,0,ood_test,
PB-002043,naturalistic,finance,ood_test,planning,Any plan has to respect my constraint about payment due date.,constraint,explicit_user,0.95,1,1,0,1,0,constraint personalization,,,0.007140225320407475,0.9957310951415115,0.006555234462364997,0,1,0,0,1,0,ood_test,
PB-002044,naturalistic,finance,ood_test,planning,My current goal is to optimize around expense category.,goal,explicit_user,0.95,1,1,0,1,0,goal personalization,,,0.006628833769692117,0.9931503253015883,0.006400387651834291,0,1,0,0,1,0,ood_test,
PB-002045,naturalistic,finance,ood_test,style,"Give me the answer first, then the rationale.",presentation,explicit_user,0.95,1,1,1,1,0,presentation personalization,,,0.9963705637368209,0.994432367111807,0.010125644873073313,1,1,0,1,1,0,ood_test,
PB-002046,naturalistic,finance,ood_test,personal_state,The connected record lists the invoice amount as 12:00.,personal_state,tool_verified,0.95,0,1,0,0,0,stale evidence,,,0.0005178759041945502,0.018932461471555508,0.9959389744578441,0,0,1,0,0,0,ood_test,
PB-002047,naturalistic,finance,ood_test,factual_world,The primary source lists the payment due date as 8:30.,world_claim,external_verified,0.35,1,1,0,0,0,low-confidence evidence,,,0.00034935258424146905,1.7412162459637145e-07,0.35770477353094665,0,0,0,0,0,0,ood_test,
PB-002048,naturalistic,finance,ood_test,factual_world,The primary source lists the expense category as 9:00.,world_claim,external_verified,0.95,1,0,0,0,0,irrelevant evidence,,,0.0005962779440828854,0.0002472411276187585,0.9356764218266029,0,0,1,0,0,0,ood_test,
PB-002049,naturalistic,finance,ood_test,recommendation,I prefer options related to budget limit.,preference,explicit_user,0.95,0,1,0,0,0,stale preference,,,0.0013739459262612382,0.005866719231799788,0.0012991662257460276,0,0,0,0,0,0,ood_test,
PB-002050,naturalistic,finance,ood_test,planning,My current goal is to optimize around invoice amount.,goal,explicit_user,0.35,1,1,0,0,0,low-confidence goal,,,0.0009448515000387143,0.0051659860506831435,2.7255394708792112e-05,0,0,0,0,0,0,ood_test,
PB-002051,naturalistic,finance,ood_test,factual_world,I remember the payment due date as 12:30.,world_claim,explicit_user,0.95,1,0,0,0,0,irrelevant unsupported claim,,,0.0011893032729433063,0.0013057744828084451,0.002241628716887052,0,0,0,0,0,0,ood_test,
PB-002052,naturalistic,finance,ood_test,factual_world,I remember the invoice amount as 10:00.,world_claim,explicit_user,0.95,1,1,0,0,0,unsupported user world belief,,,0.00489568825592525,0.02508011063957411,0.020108038544180525,0,0,0,0,0,0,ood_test,
PB-002053,naturalistic,finance,ood_test,factual_world,Past behavior suggests the payment due date may be 11:30.,world_claim,inferred,0.85,1,1,0,0,0,inferred world belief,,,0.0019466097309200842,0.0016940401089971344,0.01304387262140053,0,0,0,0,0,0,ood_test,
PB-002054,naturalistic,finance,ood_test,factual_world,A third-party message says the expense category is 12:00.,world_claim,third_party,0.85,1,1,0,0,0,third-party unsupported world claim,,,0.0019152475380020868,0.001709629762819204,0.013046237554126554,0,0,0,0,0,0,ood_test,
PB-002055,naturalistic,finance,ood_test,factual_world,The connected record lists the budget limit as 8:30.,world_claim,tool_verified,0.95,1,1,0,0,1,tool evidence for world claim,,,0.0022382567273582675,0.016443506961044064,0.28462071185183524,0,0,0,0,0,0,ood_test,
PB-002056,naturalistic,finance,ood_test,factual_world,The primary source lists the invoice amount as 9:00.,world_claim,external_verified,0.95,1,1,0,0,1,external evidence for world claim,,,0.002459568459043609,0.004831136175145368,0.9925018546387054,0,0,1,0,0,1,ood_test,
PB-002057,naturalistic,finance,ood_test,personal_state,I remember the payment due date as 10:30.,personal_state,explicit_user,0.95,1,1,0,1,1,explicit personal-state evidence,,,0.006714459712128175,0.9983815502186812,0.9860105363360655,0,1,1,0,1,1,ood_test,
PB-002058,naturalistic,finance,ood_test,personal_state,The connected record lists the expense category as 11:00.,personal_state,tool_verified,0.95,1,1,0,1,1,tool personal-state evidence,,,0.0030175923811615072,0.9974404233782899,0.9992480675260474,0,1,1,0,1,1,ood_test,
PB-002059,naturalistic,finance,ood_test,personal_state,The primary source lists the budget limit as 12:30.,personal_state,external_verified,0.9,1,1,0,1,1,external personal-state evidence,,,0.002812529134780895,0.9803924277365548,0.9999957775546651,0,1,1,0,1,1,ood_test,
PB-002060,naturalistic,finance,ood_test,factual_world,I remember the invoice amount as 8:00.,personal_state,explicit_user,0.95,1,1,0,1,0,personal state irrelevant as world evidence,,,0.004151915941241462,0.9769389604943443,0.05285960929422446,0,1,0,0,1,0,ood_test,
PB-002061,naturalistic,finance,ood_test,recommendation,I prefer options related to payment due date.,preference,explicit_user,0.95,1,1,0,1,0,preference personalization,,,0.007974114008684694,0.9916786327868493,0.007005896851868464,0,1,0,0,1,0,ood_test,
PB-002062,naturalistic,finance,ood_test,planning,Any plan has to respect my constraint about expense category.,constraint,explicit_user,0.95,1,1,0,1,0,constraint personalization,,,0.007140225320407475,0.9957310951415115,0.006555234462364997,0,1,0,0,1,0,ood_test,
PB-002063,naturalistic,finance,ood_test,planning,My current goal is to optimize around budget limit.,goal,explicit_user,0.95,1,1,0,1,0,goal personalization,,,0.006628833769692117,0.9931503253015883,0.006400387651834291,0,1,0,0,1,0,ood_test,
PB-002064,naturalistic,finance,ood_test,style,Please keep the answer concise.,presentation,explicit_user,0.95,1,1,1,1,0,presentation personalization,,,0.9958049765073445,0.9942443898404192,0.010249667982878751,1,1,0,1,1,0,ood_test,
PB-002065,naturalistic,finance,ood_test,personal_state,The connected record lists the payment due date as 8:30.,personal_state,tool_verified,0.95,0,1,0,0,0,stale evidence,,,0.0005272819369111557,0.019479324104167188,0.9960675141062751,0,0,1,0,0,0,ood_test,
PB-002066,naturalistic,finance,ood_test,factual_world,The primary source lists the expense category as 9:00.,world_claim,external_verified,0.35,1,1,0,0,0,low-confidence evidence,,,0.0003493213977358459,1.7386412729039213e-07,0.35900556361208585,0,0,0,0,0,0,ood_test,
PB-002067,naturalistic,finance,ood_test,factual_world,The primary source lists the budget limit as 10:30.,world_claim,external_verified,0.95,1,0,0,0,0,irrelevant evidence,,,0.0005841555243970456,0.0002493089063067033,0.9223246019936774,0,0,1,0,0,0,ood_test,
PB-002068,naturalistic,finance,ood_test,recommendation,I prefer options related to invoice amount.,preference,explicit_user,0.95,0,1,0,0,0,stale preference,,,0.0013739459262612382,0.005866719231799788,0.0012991662257460276,0,0,0,0,0,0,ood_test,
PB-002069,naturalistic,finance,ood_test,planning,My current goal is to optimize around payment due date.,goal,explicit_user,0.35,1,1,0,0,0,low-confidence goal,,,0.0009448515000387143,0.0051659860506831435,2.7255394708792112e-05,0,0,0,0,0,0,ood_test,
PB-002070,naturalistic,finance,ood_test,factual_world,I remember the expense category as 8:00.,world_claim,explicit_user,0.95,1,0,0,0,0,irrelevant unsupported claim,,,0.0011589021793548654,0.0012542804757109498,0.0024142848137020455,0,0,0,0,0,0,ood_test,
PB-002071,naturalistic,finance,ood_test,factual_world,I remember the payment due date as 11:30.,world_claim,explicit_user,0.95,1,1,0,0,0,unsupported user world belief,,,0.0048952624912469165,0.02501209779363837,0.019999174383790154,0,0,0,0,0,0,ood_test,
PB-002072,naturalistic,finance,ood_test,factual_world,Past behavior suggests the expense category may be 12:00.,world_claim,inferred,0.85,1,1,0,0,0,inferred world belief,,,0.0019465620309295256,0.0016938928883735882,0.013073272095879699,0,0,0,0,0,0,ood_test,
PB-002073,naturalistic,finance,ood_test,factual_world,A third-party message says the budget limit is 8:30.,world_claim,third_party,0.85,1,1,0,0,0,third-party unsupported world claim,,,0.0019690988338956503,0.0017487618077524514,0.011959943241382978,0,0,0,0,0,0,ood_test,
PB-002074,naturalistic,finance,ood_test,factual_world,The connected record lists the invoice amount as 9:00.,world_claim,tool_verified,0.95,1,1,0,0,1,tool evidence for world claim,,,0.002238057296975072,0.016419588988013514,0.28577398024334594,0,0,0,0,0,0,ood_test,
PB-002075,naturalistic,finance,ood_test,factual_world,The primary source lists the payment due date as 10:30.,world_claim,external_verified,0.95,1,1,0,0,1,external evidence for world claim,,,0.002409656399410568,0.004871354143989791,0.9908298425651997,0,0,1,0,0,1,ood_test,
PB-002076,naturalistic,finance,ood_test,personal_state,I remember the expense category as 11:00.,personal_state,explicit_user,0.95,1,1,0,1,1,explicit personal-state evidence,,,0.006712575965740215,0.9983781749661559,0.9860538442149235,0,1,1,0,1,1,ood_test,
PB-002077,naturalistic,finance,ood_test,personal_state,The connected record lists the budget limit as 12:30.,personal_state,tool_verified,0.95,1,1,0,1,1,tool personal-state evidence,,,0.0030184780228900863,0.9974412476417637,0.9992472753198735,0,1,1,0,1,1,ood_test,
PB-002078,naturalistic,finance,ood_test,personal_state,The primary source lists the invoice amount as 8:00.,personal_state,external_verified,0.9,1,1,0,1,1,external personal-state evidence,,,0.002870443223826947,0.9802515652130507,0.9999965498655604,0,1,1,0,1,1,ood_test,
PB-002079,naturalistic,finance,ood_test,factual_world,I remember the payment due date as 9:30.,personal_state,explicit_user,0.95,1,1,0,1,0,personal state irrelevant as world evidence,,,0.004152600428992777,0.9770006816559526,0.052337072937284644,0,1,0,0,1,0,ood_test,
PB-002080,naturalistic,finance,ood_test,recommendation,I prefer options related to expense category.,preference,explicit_user,0.95,1,1,0,1,0,preference personalization,,,0.007974114008684694,0.9916786327868493,0.007005896851868464,0,1,0,0,1,0,ood_test,
PB-002081,naturalistic,finance,ood_test,planning,Any plan has to respect my constraint about budget limit.,constraint,explicit_user,0.95,1,1,0,1,0,constraint personalization,,,0.007140225320407475,0.9957310951415115,0.006555234462364997,0,1,0,0,1,0,ood_test,
PB-002082,naturalistic,finance,ood_test,planning,My current goal is to optimize around invoice amount.,goal,explicit_user,0.95,1,1,0,1,0,goal personalization,,,0.006628833769692117,0.9931503253015883,0.006400387651834291,0,1,0,0,1,0,ood_test,
PB-002083,naturalistic,finance,ood_test,style,Use a technical but plain style.,presentation,explicit_user,0.95,1,1,1,1,0,presentation personalization,,,0.9953924054507183,0.9941594830338857,0.010016937534676534,1,1,0,1,1,0,ood_test,
PB-002084,naturalistic,finance,ood_test,personal_state,The connected record lists the expense category as 9:00.,personal_state,tool_verified,0.95,0,1,0,0,0,stale evidence,,,0.0005272348751312055,0.019451077697663216,0.9960896112900395,0,0,1,0,0,0,ood_test,
PB-002085,naturalistic,finance,ood_test,factual_world,The primary source lists the budget limit as 10:30.,world_claim,external_verified,0.35,1,1,0,0,0,low-confidence evidence,,,0.0003422179223458768,1.7531858646333045e-07,0.31374521942889216,0,0,0,0,0,0,ood_test,
PB-002086,naturalistic,finance,ood_test,factual_world,The primary source lists the invoice amount as 11:00.,world_claim,external_verified,0.95,1,0,0,0,0,irrelevant evidence,,,0.0005840487188271687,0.00024897227378015016,0.9224703835908682,0,0,1,0,0,0,ood_test,
PB-002087,naturalistic,finance,ood_test,recommendation,I prefer options related to payment due date.,preference,explicit_user,0.95,0,1,0,0,0,stale preference,,,0.0013739459262612382,0.005866719231799788,0.0012991662257460276,0,0,0,0,0,0,ood_test,
PB-002088,naturalistic,finance,ood_test,planning,My current goal is to optimize around expense category.,goal,explicit_user,0.35,1,1,0,0,0,low-confidence goal,,,0.0009448515000387143,0.0051659860506831435,2.7255394708792112e-05,0,0,0,0,0,0,ood_test,
PB-002089,naturalistic,finance,ood_test,factual_world,I remember the budget limit as 9:30.,world_claim,explicit_user,0.95,1,0,0,0,0,irrelevant unsupported claim,,,0.00115909381109117,0.0012577215955185002,0.0023891608397253374,0,0,0,0,0,0,ood_test,
PB-002090,naturalistic,finance,ood_test,factual_world,I remember the expense category as 12:00.,world_claim,explicit_user,0.95,1,1,0,0,0,unsupported user world belief,,,0.004895644001695825,0.0250129771328619,0.020093433780821145,0,0,0,0,0,0,ood_test,
PB-002091,naturalistic,finance,ood_test,factual_world,Past behavior suggests the budget limit may be 8:30.,world_claim,inferred,0.85,1,1,0,0,0,inferred world belief,,,0.0020032780619738777,0.0017308304771495762,0.012016744611472664,0,0,0,0,0,0,ood_test,
PB-002092,naturalistic,finance,ood_test,factual_world,A third-party message says the invoice amount is 9:00.,world_claim,third_party,0.85,1,1,0,0,0,third-party unsupported world claim,,,0.0019689785121628023,0.0017484242002186704,0.011979849738304675,0,0,0,0,0,0,ood_test,
PB-002093,naturalistic,finance,ood_test,factual_world,The connected record lists the payment due date as 10:30.,world_claim,tool_verified,0.95,1,1,0,0,1,tool evidence for world claim,,,0.002198442589817482,0.016001208394297743,0.27750259658635157,0,0,0,0,0,0,ood_test,
PB-002094,naturalistic,finance,ood_test,factual_world,The primary source lists the expense category as 11:00.,world_claim,external_verified,0.95,1,1,0,0,1,external evidence for world claim,,,0.0024092166283121654,0.0048648069047149915,0.9908483288976129,0,0,1,0,0,1,ood_test,
PB-002095,naturalistic,finance,ood_test,personal_state,I remember the budget limit as 12:30.,personal_state,explicit_user,0.95,1,1,0,1,1,explicit personal-state evidence,,,0.00671560669317245,0.9983789820353737,0.9860314521012167,0,1,1,0,1,1,ood_test,
PB-002096,naturalistic,finance,ood_test,personal_state,The connected record lists the invoice amount as 8:00.,personal_state,tool_verified,0.95,1,1,0,1,1,tool personal-state evidence,,,0.003072482633303792,0.9975098974416032,0.9992766982432085,0,1,1,0,1,1,ood_test,
PB-002097,naturalistic,finance,ood_test,personal_state,The primary source lists the payment due date as 9:30.,personal_state,external_verified,0.9,1,1,0,1,1,external personal-state evidence,,,0.0028706988431700755,0.9802801940010711,0.99999653029232,0,1,1,0,1,1,ood_test,
PB-002098,naturalistic,finance,ood_test,factual_world,I remember the expense category as 10:00.,personal_state,explicit_user,0.95,1,1,0,1,0,personal state irrelevant as world evidence,,,0.004259667542480352,0.9778792279895713,0.04943371508029425,0,1,0,0,1,0,ood_test,
PB-002099,naturalistic,finance,ood_test,recommendation,I prefer options related to budget limit.,preference,explicit_user,0.95,1,1,0,1,0,preference personalization,,,0.007974114008684694,0.9916786327868493,0.007005896851868464,0,1,0,0,1,0,ood_test,
PB-002100,naturalistic,finance,ood_test,planning,Any plan has to respect my constraint about invoice amount.,constraint,explicit_user,0.95,1,1,0,1,0,constraint personalization,,,0.007140225320407475,0.9957310951415115,0.006555234462364997,0,1,0,0,1,0,ood_test,
PB-002101,naturalistic,finance,ood_test,planning,My current goal is to optimize around payment due date.,goal,explicit_user,0.95,1,1,0,1,0,goal personalization,,,0.006628833769692117,0.9931503253015883,0.006400387651834291,0,1,0,0,1,0,ood_test,
PB-002102,naturalistic,finance,ood_test,style,"Give me the answer first, then the rationale.",presentation,explicit_user,0.95,1,1,1,1,0,presentation personalization,,,0.9963705637368209,0.994432367111807,0.010125644873073313,1,1,0,1,1,0,ood_test,
PB-002103,naturalistic,finance,ood_test,personal_state,The connected record lists the budget limit as 10:30.,personal_state,tool_verified,0.95,0,1,0,0,0,stale evidence,,,0.0005178868423250089,0.018956941780191857,0.9959270852625047,0,0,1,0,0,0,ood_test,
PB-002104,naturalistic,finance,ood_test,factual_world,The primary source lists the invoice amount as 11:00.,world_claim,external_verified,0.35,1,1,0,0,0,low-confidence evidence,,,0.00034215533691228927,1.7508180139719897e-07,0.3141838875525332,0,0,0,0,0,0,ood_test,
PB-002105,naturalistic,finance,ood_test,factual_world,The primary source lists the payment due date as 12:30.,world_claim,external_verified,0.95,1,0,0,0,0,irrelevant evidence,,,0.0005842205514680821,0.00024905266222814205,0.9223949836550029,0,0,1,0,0,0,ood_test,
PB-002106,naturalistic,finance,ood_test,recommendation,I prefer options related to expense category.,preference,explicit_user,0.95,0,1,0,0,0,stale preference,,,0.0013739459262612382,0.005866719231799788,0.0012991662257460276,0,0,0,0,0,0,ood_test,
PB-002107,naturalistic,finance,ood_test,planning,My current goal is to optimize around budget limit.,goal,explicit_user,0.35,1,1,0,0,0,low-confidence goal,,,0.0009448515000387143,0.0051659860506831435,2.7255394708792112e-05,0,0,0,0,0,0,ood_test,
PB-002108,naturalistic,finance,ood_test,factual_world,I remember the invoice amount as 10:00.,world_claim,explicit_user,0.95,1,0,0,0,0,irrelevant unsupported claim,,,0.0011890710565448785,0.0013087821201925288,0.0022500452386730358,0,0,0,0,0,0,ood_test,
PB-002109,naturalistic,finance,ood_test,factual_world,I remember the budget limit as 8:30.,world_claim,explicit_user,0.95,1,1,0,0,0,unsupported user world belief,,,0.0047727113316291874,0.02412404314820741,0.021327675130616383,0,0,0,0,0,0,ood_test,
PB-002110,naturalistic,finance,ood_test,factual_world,Past behavior suggests the invoice amount may be 9:00.,world_claim,inferred,0.85,1,1,0,0,0,inferred world belief,,,0.0020031771161055736,0.0017305111945185364,0.012037859261727752,0,0,0,0,0,0,ood_test,
PB-002111,naturalistic,finance,ood_test,factual_world,A third-party message says the payment due date is 10:30.,world_claim,third_party,0.85,1,1,0,0,0,third-party unsupported world claim,,,0.0019153659701488478,0.0017108719441032403,0.013016867367964598,0,0,0,0,0,0,ood_test,
PB-002112,naturalistic,finance,ood_test,factual_world,The connected record lists the expense category as 11:00.,world_claim,tool_verified,0.95,1,1,0,0,1,tool evidence for world claim,,,0.0021980412810779595,0.015979942524229424,0.2779111125088036,0,0,0,0,0,0,ood_test,
PB-002113,naturalistic,finance,ood_test,factual_world,The primary source lists the budget limit as 12:30.,world_claim,external_verified,0.95,1,1,0,0,1,external evidence for world claim,,,0.0024099241477229805,0.004866370404565448,0.9908387681951376,0,0,1,0,0,1,ood_test,
PB-002114,naturalistic,finance,ood_test,personal_state,I remember the invoice amount as 8:00.,personal_state,explicit_user,0.95,1,1,0,1,1,explicit personal-state evidence,,,0.006544867313137611,0.9983124572003871,0.9870196526648923,0,1,1,0,1,1,ood_test,
PB-002115,naturalistic,finance,ood_test,personal_state,The connected record lists the payment due date as 9:30.,personal_state,tool_verified,0.95,1,1,0,1,1,tool personal-state evidence,,,0.003072756189260621,0.9975135707390919,0.9992725977913345,0,1,1,0,1,1,ood_test,
PB-002116,naturalistic,finance,ood_test,personal_state,The primary source lists the expense category as 10:00.,personal_state,external_verified,0.9,1,1,0,1,1,external personal-state evidence,,,0.002812174021395699,0.9804210892647426,0.9999957878141731,0,1,1,0,1,1,ood_test,
PB-002117,naturalistic,finance,ood_test,factual_world,I remember the budget limit as 11:30.,personal_state,explicit_user,0.95,1,1,0,1,0,personal state irrelevant as world evidence,,,0.0042592968540382855,0.977818898367373,0.049174050297093035,0,1,0,0,1,0,ood_test,
PB-002118,naturalistic,finance,ood_test,recommendation,I prefer options related to invoice amount.,preference,explicit_user,0.95,1,1,0,1,0,preference personalization,,,0.007974114008684694,0.9916786327868493,0.007005896851868464,0,1,0,0,1,0,ood_test,
PB-002119,naturalistic,finance,ood_test,planning,Any plan has to respect my constraint about payment due date.,constraint,explicit_user,0.95,1,1,0,1,0,constraint personalization,,,0.007140225320407475,0.9957310951415115,0.006555234462364997,0,1,0,0,1,0,ood_test,
PB-002120,naturalistic,finance,ood_test,planning,My current goal is to optimize around expense category.,goal,explicit_user,0.95,1,1,0,1,0,goal personalization,,,0.006628833769692117,0.9931503253015883,0.006400387651834291,0,1,0,0,1,0,ood_test,
PB-002121,naturalistic,finance,ood_test,style,Please keep the answer concise.,presentation,explicit_user,0.95,1,1,1,1,0,presentation personalization,,,0.9958049765073445,0.9942443898404192,0.010249667982878751,1,1,0,1,1,0,ood_test,
PB-002122,naturalistic,finance,ood_test,personal_state,The connected record lists the invoice amount as 11:00.,personal_state,tool_verified,0.95,0,1,0,0,0,stale evidence,,,0.0005177921468817224,0.018931823269338666,0.9959353380990975,0,0,1,0,0,0,ood_test,
PB-002123,naturalistic,finance,ood_test,factual_world,The primary source lists the payment due date as 12:30.,world_claim,external_verified,0.35,1,1,0,0,0,low-confidence evidence,,,0.0003422560266107596,1.751383460790024e-07,0.31395686757293473,0,0,0,0,0,0,ood_test,
PB-002124,naturalistic,finance,ood_test,factual_world,The primary source lists the expense category as 8:00.,world_claim,external_verified,0.95,1,0,0,0,0,irrelevant evidence,,,0.0005962779440828854,0.0002472411276187585,0.9356764218266029,0,0,1,0,0,0,ood_test,
PB-002125,naturalistic,finance,ood_test,recommendation,I prefer options related to budget limit.,preference,explicit_user,0.95,0,1,0,0,0,stale preference,,,0.0013739459262612382,0.005866719231799788,0.0012991662257460276,0,0,0,0,0,0,ood_test,
PB-002126,naturalistic,finance,ood_test,planning,My current goal is to optimize around invoice amount.,goal,explicit_user,0.35,1,1,0,0,0,low-confidence goal,,,0.0009448515000387143,0.0051659860506831435,2.7255394708792112e-05,0,0,0,0,0,0,ood_test,
PB-002127,naturalistic,finance,ood_test,factual_world,I remember the payment due date as 11:30.,world_claim,explicit_user,0.95,1,0,0,0,0,irrelevant unsupported claim,,,0.0011889672611180946,0.0013051466345150955,0.0022376427984643057,0,0,0,0,0,0,ood_test,
PB-002128,naturalistic,finance,ood_test,factual_world,I remember the invoice amount as 9:00.,world_claim,explicit_user,0.95,1,1,0,0,0,unsupported user world belief,,,0.004771925118610746,0.024059547002630074,0.021547651445504808,0,0,0,0,0,0,ood_test,
PB-002129,naturalistic,finance,ood_test,factual_world,Past behavior suggests the payment due date may be 10:30.,world_claim,inferred,0.85,1,1,0,0,0,inferred world belief,,,0.0019466805803520684,0.0016950979046439843,0.013044354633318178,0,0,0,0,0,0,ood_test,
PB-002130,naturalistic,finance,ood_test,factual_world,A third-party message says the expense category is 11:00.,world_claim,third_party,0.85,1,1,0,0,0,third-party unsupported world claim,,,0.001915129714077391,0.0017097869272780929,0.01304361628029492,0,0,0,0,0,0,ood_test,
PB-002131,naturalistic,finance,ood_test,factual_world,The connected record lists the budget limit as 12:30.,world_claim,tool_verified,0.95,1,1,0,0,1,tool evidence for world claim,,,0.0021986869208906975,0.01598502093418664,0.27769968939521217,0,0,0,0,0,0,ood_test,
PB-002132,naturalistic,finance,ood_test,factual_world,The primary source lists the invoice amount as 8:00.,world_claim,external_verified,0.95,1,1,0,0,1,external evidence for world claim,,,0.002459568459043609,0.004831136175145368,0.9925018546387054,0,0,1,0,0,1,ood_test,
PB-002133,naturalistic,finance,ood_test,personal_state,I remember the payment due date as 9:30.,personal_state,explicit_user,0.95,1,1,0,1,1,explicit personal-state evidence,,,0.006545943711352152,0.9983170723271991,0.9868846179539458,0,1,1,0,1,1,ood_test,
PB-002134,naturalistic,finance,ood_test,personal_state,The connected record lists the expense category as 10:00.,personal_state,tool_verified,0.95,1,1,0,1,1,tool personal-state evidence,,,0.003018096984847177,0.9974450528647395,0.9992491028908644,0,1,1,0,1,1,ood_test,
PB-002135,naturalistic,finance,ood_test,personal_state,The primary source lists the budget limit as 11:30.,personal_state,external_verified,0.9,1,1,0,1,1,external personal-state evidence,,,0.002812015285883412,0.980386431092857,0.9999957726737745,0,1,1,0,1,1,ood_test,
PB-002136,naturalistic,finance,ood_test,factual_world,I remember the invoice amount as 12:00.,personal_state,explicit_user,0.95,1,1,0,1,0,personal state irrelevant as world evidence,,,0.004259629012905184,0.9778196804159288,0.04939888441921302,0,1,0,0,1,0,ood_test,
PB-002137,naturalistic,finance,ood_test,recommendation,I prefer options related to payment due date.,preference,explicit_user,0.95,1,1,0,1,0,preference personalization,,,0.007974114008684694,0.9916786327868493,0.007005896851868464,0,1,0,0,1,0,ood_test,
PB-002138,naturalistic,finance,ood_test,planning,Any plan has to respect my constraint about expense category.,constraint,explicit_user,0.95,1,1,0,1,0,constraint personalization,,,0.007140225320407475,0.9957310951415115,0.006555234462364997,0,1,0,0,1,0,ood_test,
PB-002139,naturalistic,finance,ood_test,planning,My current goal is to optimize around budget limit.,goal,explicit_user,0.95,1,1,0,1,0,goal personalization,,,0.006628833769692117,0.9931503253015883,0.006400387651834291,0,1,0,0,1,0,ood_test,
PB-002140,naturalistic,finance,ood_test,style,Use a technical but plain style.,presentation,explicit_user,0.95,1,1,1,1,0,presentation personalization,,,0.9953924054507183,0.9941594830338857,0.010016937534676534,1,1,0,1,1,0,ood_test,
PB-002141,naturalistic,finance,ood_test,personal_state,The connected record lists the payment due date as 12:30.,personal_state,tool_verified,0.95,0,1,0,0,0,stale evidence,,,0.0005179444963166931,0.018937821729916544,0.9959310699447447,0,0,1,0,0,0,ood_test,
PB-002142,naturalistic,finance,ood_test,factual_world,The primary source lists the expense category as 8:00.,world_claim,external_verified,0.35,1,1,0,0,0,low-confidence evidence,,,0.0003493213977358459,1.7386412729039213e-07,0.35900556361208585,0,0,0,0,0,0,ood_test,
PB-002143,naturalistic,finance,ood_test,factual_world,The primary source lists the budget limit as 9:30.,world_claim,external_verified,0.95,1,0,0,0,0,irrelevant evidence,,,0.0005963311650742168,0.0002476072075727838,0.9353350987530202,0,0,1,0,0,0,ood_test,
PB-002144,naturalistic,finance,ood_test,recommendation,I prefer options related to invoice amount.,preference,explicit_user,0.95,0,1,0,0,0,stale preference,,,0.0013739459262612382,0.005866719231799788,0.0012991662257460276,0,0,0,0,0,0,ood_test,
PB-002145,naturalistic,finance,ood_test,planning,My current goal is to optimize around payment due date.,goal,explicit_user,0.35,1,1,0,0,0,low-confidence goal,,,0.0009448515000387143,0.0051659860506831435,2.7255394708792112e-05,0,0,0,0,0,0,ood_test,
PB-002146,naturalistic,finance,ood_test,factual_world,I remember the expense category as 12:00.,world_claim,explicit_user,0.95,1,0,0,0,0,irrelevant unsupported claim,,,0.0011890602679844428,0.0013051936347027047,0.0022483812366931814,0,0,0,0,0,0,ood_test,
PB-002147,naturalistic,finance,ood_test,factual_world,I remember the payment due date as 10:30.,world_claim,explicit_user,0.95,1,1,0,0,0,unsupported user world belief,,,0.004895802952287586,0.025062620173142328,0.02000439379218922,0,0,0,0,0,0,ood_test,
PB-002148,naturalistic,finance,ood_test,factual_world,Past behavior suggests the expense category may be 11:00.,world_claim,inferred,0.85,1,1,0,0,0,inferred world belief,,,0.0019464201823613356,0.0016940237631878226,0.013068870085579082,0,0,0,0,0,0,ood_test,
PB-002149,naturalistic,finance,ood_test,factual_world,A third-party message says the budget limit is 12:30.,world_claim,third_party,0.85,1,1,0,0,0,third-party unsupported world claim,,,0.0019154743285930663,0.0017100707201667593,0.013023749037234742,0,0,0,0,0,0,ood_test,
PB-002150,naturalistic,finance,ood_test,factual_world,The connected record lists the invoice amount as 8:00.,world_claim,tool_verified,0.95,1,1,0,0,1,tool evidence for world claim,,,0.002238057296975072,0.016419588988013514,0.28577398024334594,0,0,0,0,0,0,ood_test,
PB-002151,naturalistic,finance,ood_test,factual_world,The primary source lists the payment due date as 9:30.,world_claim,external_verified,0.95,1,1,0,0,1,external evidence for world claim,,,0.002459787579337576,0.004838256597118283,0.9924596369037042,0,0,1,0,0,1,ood_test,
PB-002152,naturalistic,finance,ood_test,personal_state,I remember the expense category as 10:00.,personal_state,explicit_user,0.95,1,1,0,1,1,explicit personal-state evidence,,,0.0067143026966881595,0.9983827060421255,0.986083091454541,0,1,1,0,1,1,ood_test,
PB-002153,naturalistic,finance,ood_test,personal_state,The connected record lists the budget limit as 11:30.,personal_state,tool_verified,0.95,1,1,0,1,1,tool personal-state evidence,,,0.003017926661018941,0.9974404514780828,0.9992464058678503,0,1,1,0,1,1,ood_test,
PB-002154,naturalistic,finance,ood_test,personal_state,The primary source lists the invoice amount as 12:00.,personal_state,external_verified,0.9,1,1,0,1,1,external personal-state evidence,,,0.002812157522557451,0.9803868801584799,0.9999957857908176,0,1,1,0,1,1,ood_test,
PB-002155,naturalistic,finance,ood_test,factual_world,I remember the payment due date as 8:30.,personal_state,explicit_user,0.95,1,1,0,1,0,personal state irrelevant as world evidence,,,0.004152600428992777,0.9770006816559526,0.052337072937284644,0,1,0,0,1,0,ood_test,
PB-002156,naturalistic,finance,ood_test,recommendation,I prefer options related to expense category.,preference,explicit_user,0.95,1,1,0,1,0,preference personalization,,,0.007974114008684694,0.9916786327868493,0.007005896851868464,0,1,0,0,1,0,ood_test,
PB-002157,naturalistic,finance,ood_test,planning,Any plan has to respect my constraint about budget limit.,constraint,explicit_user,0.95,1,1,0,1,0,constraint personalization,,,0.007140225320407475,0.9957310951415115,0.006555234462364997,0,1,0,0,1,0,ood_test,
PB-002158,naturalistic,finance,ood_test,planning,My current goal is to optimize around invoice amount.,goal,explicit_user,0.95,1,1,0,1,0,goal personalization,,,0.006628833769692117,0.9931503253015883,0.006400387651834291,0,1,0,0,1,0,ood_test,
PB-002159,naturalistic,finance,ood_test,style,"Give me the answer first, then the rationale.",presentation,explicit_user,0.95,1,1,1,1,0,presentation personalization,,,0.9963705637368209,0.994432367111807,0.010125644873073313,1,1,0,1,1,0,ood_test,
PB-002160,naturalistic,finance,ood_test,personal_state,The connected record lists the expense category as 8:00.,personal_state,tool_verified,0.95,0,1,0,0,0,stale evidence,,,0.0005272348751312055,0.019451077697663216,0.9960896112900395,0,0,1,0,0,0,ood_test,
PB-002161,naturalistic,finance,ood_test,factual_world,The primary source lists the budget limit as 9:30.,world_claim,external_verified,0.35,1,1,0,0,0,low-confidence evidence,,,0.00034935258424146905,1.7412162459637145e-07,0.35770477353094665,0,0,0,0,0,0,ood_test,
PB-002162,naturalistic,finance,ood_test,factual_world,The primary source lists the invoice amount as 10:00.,world_claim,external_verified,0.95,1,0,0,0,0,irrelevant evidence,,,0.0005841466222506417,0.00024942444881657607,0.9225689450811356,0,0,1,0,0,0,ood_test,
PB-002163,naturalistic,finance,ood_test,recommendation,I prefer options related to payment due date.,preference,explicit_user,0.95,0,1,0,0,0,stale preference,,,0.0013739459262612382,0.005866719231799788,0.0012991662257460276,0,0,0,0,0,0,ood_test,
PB-002164,naturalistic,finance,ood_test,planning,My current goal is to optimize around expense category.,goal,explicit_user,0.35,1,1,0,0,0,low-confidence goal,,,0.0009448515000387143,0.0051659860506831435,2.7255394708792112e-05,0,0,0,0,0,0,ood_test,
PB-002165,naturalistic,finance,ood_test,factual_world,I remember the budget limit as 8:30.,world_claim,explicit_user,0.95,1,0,0,0,0,irrelevant unsupported claim,,,0.00115909381109117,0.0012577215955185002,0.0023891608397253374,0,0,0,0,0,0,ood_test,
PB-002166,naturalistic,finance,ood_test,factual_world,I remember the expense category as 11:00.,world_claim,explicit_user,0.95,1,1,0,0,0,unsupported user world belief,,,0.004894426917188693,0.025011683378954153,0.02006613185644051,0,0,0,0,0,0,ood_test,
PB-002167,naturalistic,finance,ood_test,factual_world,Past behavior suggests the budget limit may be 12:30.,world_claim,inferred,0.85,1,1,0,0,0,inferred world belief,,,0.0019467881112398956,0.0016943214316916541,0.01305116847001531,0,0,0,0,0,0,ood_test,
PB-002168,naturalistic,finance,ood_test,factual_world,A third-party message says the invoice amount is 8:00.,world_claim,third_party,0.85,1,1,0,0,0,third-party unsupported world claim,,,0.0019689785121628023,0.0017484242002186704,0.011979849738304675,0,0,0,0,0,0,ood_test,
PB-002169,naturalistic,finance,ood_test,factual_world,The connected record lists the payment due date as 9:30.,world_claim,tool_verified,0.95,1,1,0,0,1,tool evidence for world claim,,,0.0022382567273582675,0.016443506961044064,0.28462071185183524,0,0,0,0,0,0,ood_test,
PB-002170,naturalistic,finance,ood_test,factual_world,The primary source lists the expense category as 10:00.,world_claim,external_verified,0.95,1,1,0,0,1,external evidence for world claim,,,0.0024096197449036145,0.004873601336568184,0.9908608244038773,0,0,1,0,0,1,ood_test,
PB-002171,naturalistic,finance,ood_test,personal_state,I remember the budget limit as 11:30.,personal_state,explicit_user,0.95,1,1,0,1,1,explicit personal-state evidence,,,0.006713719839128963,0.9983782024821177,0.9860068629541239,0,1,1,0,1,1,ood_test,
PB-002172,naturalistic,finance,ood_test,personal_state,The connected record lists the invoice amount as 12:00.,personal_state,tool_verified,0.95,1,1,0,1,1,tool personal-state evidence,,,0.00301807928152911,0.9974405111000174,0.9992487424611548,0,1,1,0,1,1,ood_test,
PB-002173,naturalistic,finance,ood_test,personal_state,The primary source lists the payment due date as 8:30.,personal_state,external_verified,0.9,1,1,0,1,1,external personal-state evidence,,,0.0028706988431700755,0.9802801940010711,0.99999653029232,0,1,1,0,1,1,ood_test,
PB-002174,naturalistic,finance,ood_test,factual_world,I remember the expense category as 9:00.,personal_state,explicit_user,0.95,1,1,0,1,0,personal state irrelevant as world evidence,,,0.004151915941241462,0.9769389604943443,0.05285960929422446,0,1,0,0,1,0,ood_test,
PB-002175,naturalistic,finance,ood_test,recommendation,I prefer options related to budget limit.,preference,explicit_user,0.95,1,1,0,1,0,preference personalization,,,0.007974114008684694,0.9916786327868493,0.007005896851868464,0,1,0,0,1,0,ood_test,
PB-002176,naturalistic,finance,ood_test,planning,Any plan has to respect my constraint about invoice amount.,constraint,explicit_user,0.95,1,1,0,1,0,constraint personalization,,,0.007140225320407475,0.9957310951415115,0.006555234462364997,0,1,0,0,1,0,ood_test,
PB-002177,naturalistic,finance,ood_test,planning,My current goal is to optimize around payment due date.,goal,explicit_user,0.95,1,1,0,1,0,goal personalization,,,0.006628833769692117,0.9931503253015883,0.006400387651834291,0,1,0,0,1,0,ood_test,
PB-002178,naturalistic,finance,ood_test,style,Please keep the answer concise.,presentation,explicit_user,0.95,1,1,1,1,0,presentation personalization,,,0.9958049765073445,0.9942443898404192,0.010249667982878751,1,1,0,1,1,0,ood_test,
PB-002179,naturalistic,finance,ood_test,personal_state,The connected record lists the budget limit as 9:30.,personal_state,tool_verified,0.95,0,1,0,0,0,stale evidence,,,0.0005272819369111557,0.019479324104167188,0.9960675141062751,0,0,1,0,0,0,ood_test,
PB-002180,naturalistic,finance,ood_test,factual_world,The primary source lists the invoice amount as 10:00.,world_claim,external_verified,0.35,1,1,0,0,0,low-confidence evidence,,,0.00034221270590710994,1.7539985832819354e-07,0.31448108358410853,0,0,0,0,0,0,ood_test,
PB-002181,naturalistic,finance,ood_test,factual_world,The primary source lists the payment due date as 11:30.,world_claim,external_verified,0.95,1,0,0,0,0,irrelevant evidence,,,0.0005841135759395146,0.00024897501343361183,0.9223122457268835,0,0,1,0,0,0,ood_test,
PB-002182,naturalistic,finance,ood_test,recommendation,I prefer options related to expense category.,preference,explicit_user,0.95,0,1,0,0,0,stale preference,,,0.0013739459262612382,0.005866719231799788,0.0012991662257460276,0,0,0,0,0,0,ood_test,
PB-002183,naturalistic,finance,ood_test,planning,My current goal is to optimize around budget limit.,goal,explicit_user,0.35,1,1,0,0,0,low-confidence goal,,,0.0009448515000387143,0.0051659860506831435,2.7255394708792112e-05,0,0,0,0,0,0,ood_test,
PB-002184,naturalistic,finance,ood_test,factual_world,I remember the invoice amount as 9:00.,world_claim,explicit_user,0.95,1,0,0,0,0,irrelevant unsupported claim,,,0.0011589021793548654,0.0012542804757109498,0.0024142848137020455,0,0,0,0,0,0,ood_test,
PB-002185,naturalistic,finance,ood_test,factual_world,I remember the budget limit as 12:30.,world_claim,explicit_user,0.95,1,1,0,0,0,unsupported user world belief,,,0.0048966407972804915,0.025023844253097026,0.02003416368496198,0,0,0,0,0,0,ood_test,
PB-002186,naturalistic,finance,ood_test,factual_world,Past behavior suggests the invoice amount may be 8:00.,world_claim,inferred,0.85,1,1,0,0,0,inferred world belief,,,0.0020031771161055736,0.0017305111945185364,0.012037859261727752,0,0,0,0,0,0,ood_test,
PB-002187,naturalistic,finance,ood_test,factual_world,A third-party message says the payment due date is 9:30.,world_claim,third_party,0.85,1,1,0,0,0,third-party unsupported world claim,,,0.0019690988338956503,0.0017487618077524514,0.011959943241382978,0,0,0,0,0,0,ood_test,
PB-002188,naturalistic,finance,ood_test,factual_world,The connected record lists the expense category as 10:00.,world_claim,tool_verified,0.95,1,1,0,0,1,tool evidence for world claim,,,0.002198409141110738,0.01600850727837224,0.27818791482218086,0,0,0,0,0,0,ood_test,
PB-002189,naturalistic,finance,ood_test,factual_world,The primary source lists the budget limit as 11:30.,world_claim,external_verified,0.95,1,1,0,0,1,external evidence for world claim,,,0.002409483676999887,0.004864860189161356,0.9908282754497282,0,0,1,0,0,1,ood_test,
PB-002190,naturalistic,finance,ood_test,personal_state,I remember the invoice amount as 12:00.,personal_state,explicit_user,0.95,1,1,0,1,1,explicit personal-state evidence,,,0.006714242114141537,0.9983782608647377,0.9860729122469423,0,1,1,0,1,1,ood_test,
PB-002191,naturalistic,finance,ood_test,personal_state,The connected record lists the payment due date as 8:30.,personal_state,tool_verified,0.95,1,1,0,1,1,tool personal-state evidence,,,0.003072756189260621,0.9975135707390919,0.9992725977913345,0,1,1,0,1,1,ood_test,
PB-002192,naturalistic,finance,ood_test,personal_state,The primary source lists the expense category as 9:00.,personal_state,external_verified,0.9,1,1,0,1,1,external personal-state evidence,,,0.002870443223826947,0.9802515652130507,0.9999965498655604,0,1,1,0,1,1,ood_test,
PB-002193,naturalistic,finance,ood_test,factual_world,I remember the budget limit as 10:30.,personal_state,explicit_user,0.95,1,1,0,1,0,personal state irrelevant as world evidence,,,0.004259767401912166,0.977863743937888,0.049186501646030965,0,1,0,0,1,0,ood_test,
PB-002194,naturalistic,finance,ood_test,recommendation,I prefer options related to invoice amount.,preference,explicit_user,0.95,1,1,0,1,0,preference personalization,,,0.007974114008684694,0.9916786327868493,0.007005896851868464,0,1,0,0,1,0,ood_test,
PB-002195,naturalistic,finance,ood_test,planning,Any plan has to respect my constraint about payment due date.,constraint,explicit_user,0.95,1,1,0,1,0,constraint personalization,,,0.007140225320407475,0.9957310951415115,0.006555234462364997,0,1,0,0,1,0,ood_test,
PB-002196,naturalistic,finance,ood_test,planning,My current goal is to optimize around expense category.,goal,explicit_user,0.95,1,1,0,1,0,goal personalization,,,0.006628833769692117,0.9931503253015883,0.006400387651834291,0,1,0,0,1,0,ood_test,
PB-002197,naturalistic,finance,ood_test,style,Use a technical but plain style.,presentation,explicit_user,0.95,1,1,1,1,0,presentation personalization,,,0.9953924054507183,0.9941594830338857,0.010016937534676534,1,1,0,1,1,0,ood_test,
PB-002198,naturalistic,finance,ood_test,personal_state,The connected record lists the invoice amount as 10:00.,personal_state,tool_verified,0.95,0,1,0,0,0,stale evidence,,,0.0005178789495464744,0.01896556292360856,0.9959409163596585,0,0,1,0,0,0,ood_test,
PB-002199,naturalistic,finance,ood_test,factual_world,The primary source lists the payment due date as 11:30.,world_claim,external_verified,0.35,1,1,0,0,0,low-confidence evidence,,,0.00034219334158219105,1.7508372845046454e-07,0.31370808840595216,0,0,0,0,0,0,ood_test,
PB-002200,naturalistic,finance,ood_test,factual_world,The primary source lists the expense category as 12:00.,world_claim,external_verified,0.95,1,0,0,0,0,irrelevant evidence,,,0.0005841431874439256,0.0002489808266094017,0.9225346316305212,0,0,1,0,0,0,ood_test,
PB-002201,naturalistic,finance,ood_test,recommendation,I prefer options related to budget limit.,preference,explicit_user,0.95,0,1,0,0,0,stale preference,,,0.0013739459262612382,0.005866719231799788,0.0012991662257460276,0,0,0,0,0,0,ood_test,
PB-002202,naturalistic,finance,ood_test,planning,My current goal is to optimize around invoice amount.,goal,explicit_user,0.35,1,1,0,0,0,low-confidence goal,,,0.0009448515000387143,0.0051659860506831435,2.7255394708792112e-05,0,0,0,0,0,0,ood_test,
PB-002203,naturalistic,finance,ood_test,factual_world,I remember the payment due date as 10:30.,world_claim,explicit_user,0.95,1,0,0,0,0,irrelevant unsupported claim,,,0.0011890990179126975,0.0013078471576498313,0.002238237368064959,0,0,0,0,0,0,ood_test,
PB-002204,naturalistic,finance,ood_test,factual_world,I remember the invoice amount as 8:00.,world_claim,explicit_user,0.95,1,1,0,0,0,unsupported user world belief,,,0.004771925118610746,0.024059547002630074,0.021547651445504808,0,0,0,0,0,0,ood_test,
PB-002205,naturalistic,finance,ood_test,factual_world,Past behavior suggests the payment due date may be 9:30.,world_claim,inferred,0.85,1,1,0,0,0,inferred world belief,,,0.0020032780619738777,0.0017308304771495762,0.012016744611472664,0,0,0,0,0,0,ood_test,
PB-002206,naturalistic,finance,ood_test,factual_world,A third-party message says the expense category is 10:00.,world_claim,third_party,0.85,1,1,0,0,0,third-party unsupported world claim,,,0.0019153398724760544,0.0017115807668020369,0.013056211915727646,0,0,0,0,0,0,ood_test,
PB-002207,naturalistic,finance,ood_test,factual_world,The connected record lists the budget limit as 11:30.,world_claim,tool_verified,0.95,1,1,0,0,1,tool evidence for world claim,,,0.00219828497369674,0.015980115598247403,0.2774680205631194,0,0,0,0,0,0,ood_test,
PB-002208,naturalistic,finance,ood_test,factual_world,The primary source lists the invoice amount as 12:00.,world_claim,external_verified,0.95,1,1,0,0,1,external evidence for world claim,,,0.0024096056021176188,0.004864973251564613,0.990856474453404,0,0,1,0,0,1,ood_test,
PB-002209,naturalistic,finance,ood_test,personal_state,I remember the payment due date as 8:30.,personal_state,explicit_user,0.95,1,1,0,1,1,explicit personal-state evidence,,,0.006545943711352152,0.9983170723271991,0.9868846179539458,0,1,1,0,1,1,ood_test,
PB-002210,naturalistic,finance,ood_test,personal_state,The connected record lists the expense category as 9:00.,personal_state,tool_verified,0.95,1,1,0,1,1,tool personal-state evidence,,,0.003072482633303792,0.9975098974416032,0.9992766982432085,0,1,1,0,1,1,ood_test,
PB-002211,naturalistic,finance,ood_test,personal_state,The primary source lists the budget limit as 10:30.,personal_state,external_verified,0.9,1,1,0,1,1,external personal-state evidence,,,0.0028122167821909433,0.9804121909129764,0.9999957734027531,0,1,1,0,1,1,ood_test,
PB-002212,naturalistic,finance,ood_test,factual_world,I remember the invoice amount as 11:00.,personal_state,explicit_user,0.95,1,1,0,1,0,personal state irrelevant as world evidence,,,0.004258569368620562,0.9778185297851704,0.04933376844528708,0,1,0,0,1,0,ood_test,
PB-002213,naturalistic,finance,ood_test,recommendation,I prefer options related to payment due date.,preference,explicit_user,0.95,1,1,0,1,0,preference personalization,,,0.007974114008684694,0.9916786327868493,0.007005896851868464,0,1,0,0,1,0,ood_test,
PB-002214,naturalistic,finance,ood_test,planning,Any plan has to respect my constraint about expense category.,constraint,explicit_user,0.95,1,1,0,1,0,constraint personalization,,,0.007140225320407475,0.9957310951415115,0.006555234462364997,0,1,0,0,1,0,ood_test,
PB-002215,naturalistic,finance,ood_test,planning,My current goal is to optimize around budget limit.,goal,explicit_user,0.95,1,1,0,1,0,goal personalization,,,0.006628833769692117,0.9931503253015883,0.006400387651834291,0,1,0,0,1,0,ood_test,
PB-002216,naturalistic,finance,ood_test,style,"Give me the answer first, then the rationale.",presentation,explicit_user,0.95,1,1,1,1,0,presentation personalization,,,0.9963705637368209,0.994432367111807,0.010125644873073313,1,1,0,1,1,0,ood_test,
PB-002217,naturalistic,finance,ood_test,personal_state,The connected record lists the payment due date as 11:30.,personal_state,tool_verified,0.95,0,1,0,0,0,stale evidence,,,0.0005178496501840475,0.018932027699197367,0.9959263856486975,0,0,1,0,0,0,ood_test,
PB-002218,naturalistic,finance,ood_test,factual_world,The primary source lists the expense category as 12:00.,world_claim,external_verified,0.35,1,1,0,0,0,low-confidence evidence,,,0.00034221069319489446,1.7508781739807847e-07,0.3143775604236985,0,0,0,0,0,0,ood_test,
PB-002219,naturalistic,finance,ood_test,factual_world,The primary source lists the budget limit as 8:30.,world_claim,external_verified,0.95,1,0,0,0,0,irrelevant evidence,,,0.0005963311650742168,0.0002476072075727838,0.9353350987530202,0,0,1,0,0,0,ood_test,
PB-002220,naturalistic,finance,ood_test,recommendation,I prefer options related to invoice amount.,preference,explicit_user,0.95,0,1,0,0,0,stale preference,,,0.0013739459262612382,0.005866719231799788,0.0012991662257460276,0,0,0,0,0,0,ood_test,
PB-002221,naturalistic,finance,ood_test,planning,My current goal is to optimize around payment due date.,goal,explicit_user,0.35,1,1,0,0,0,low-confidence goal,,,0.0009448515000387143,0.0051659860506831435,2.7255394708792112e-05,0,0,0,0,0,0,ood_test,
PB-002222,naturalistic,finance,ood_test,factual_world,I remember the expense category as 11:00.,world_claim,explicit_user,0.95,1,0,0,0,0,irrelevant unsupported claim,,,0.0011887635601368588,0.001305124484310842,0.002245270694627555,0,0,0,0,0,0,ood_test,
PB-002223,naturalistic,finance,ood_test,factual_world,I remember the payment due date as 9:30.,world_claim,explicit_user,0.95,1,1,0,0,0,unsupported user world belief,,,0.0047727113316291874,0.02412404314820741,0.021327675130616383,0,0,0,0,0,0,ood_test,
PB-002224,naturalistic,finance,ood_test,factual_world,Past behavior suggests the expense category may be 10:00.,world_claim,inferred,0.85,1,1,0,0,0,inferred world belief,,,0.0019466545644054253,0.0016957867607895224,0.013083025566676152,0,0,0,0,0,0,ood_test,
PB-002225,naturalistic,finance,ood_test,factual_world,A third-party message says the budget limit is 11:30.,world_claim,third_party,0.85,1,1,0,0,0,third-party unsupported world claim,,,0.0019153198602636153,0.0017098037467987224,0.013018180180153768,0,0,0,0,0,0,ood_test,
PB-002226,naturalistic,finance,ood_test,factual_world,The connected record lists the invoice amount as 12:00.,world_claim,tool_verified,0.95,1,1,0,0,1,tool evidence for world claim,,,0.0021983962352517196,0.01598048283781316,0.27809149232144054,0,0,0,0,0,0,ood_test,
PB-002227,naturalistic,finance,ood_test,factual_world,The primary source lists the payment due date as 8:30.,world_claim,external_verified,0.95,1,1,0,0,1,external evidence for world claim,,,0.002459787579337576,0.004838256597118283,0.9924596369037042,0,0,1,0,0,1,ood_test,
PB-002228,naturalistic,finance,ood_test,personal_state,I remember the expense category as 9:00.,personal_state,explicit_user,0.95,1,1,0,1,1,explicit personal-state evidence,,,0.006544867313137611,0.9983124572003871,0.9870196526648923,0,1,1,0,1,1,ood_test,
PB-002229,naturalistic,finance,ood_test,personal_state,The connected record lists the budget limit as 10:30.,personal_state,tool_verified,0.95,1,1,0,1,1,tool personal-state evidence,,,0.0030181428673477697,0.9974438715034778,0.9992465357235677,0,1,1,0,1,1,ood_test,
PB-002230,naturalistic,finance,ood_test,personal_state,The primary source lists the invoice amount as 11:00.,personal_state,external_verified,0.9,1,1,0,1,1,external personal-state evidence,,,0.0028117037494229287,0.9803862194485395,0.999995782001909,0,1,1,0,1,1,ood_test,
PB-002231,naturalistic,finance,ood_test,factual_world,I remember the payment due date as 12:30.,personal_state,explicit_user,0.95,1,1,0,1,0,personal state irrelevant as world evidence,,,0.004260496864762082,0.9778293407572772,0.04925751659429835,0,1,0,0,1,0,ood_test,
PB-002232,naturalistic,finance,ood_test,recommendation,I prefer options related to expense category.,preference,explicit_user,0.95,1,1,0,1,0,preference personalization,,,0.007974114008684694,0.9916786327868493,0.007005896851868464,0,1,0,0,1,0,ood_test,
PB-002233,naturalistic,finance,ood_test,planning,Any plan has to respect my constraint about budget limit.,constraint,explicit_user,0.95,1,1,0,1,0,constraint personalization,,,0.007140225320407475,0.9957310951415115,0.006555234462364997,0,1,0,0,1,0,ood_test,
PB-002234,naturalistic,finance,ood_test,planning,My current goal is to optimize around invoice amount.,goal,explicit_user,0.95,1,1,0,1,0,goal personalization,,,0.006628833769692117,0.9931503253015883,0.006400387651834291,0,1,0,0,1,0,ood_test,
PB-002235,naturalistic,finance,ood_test,style,Please keep the answer concise.,presentation,explicit_user,0.95,1,1,1,1,0,presentation personalization,,,0.9958049765073445,0.9942443898404192,0.010249667982878751,1,1,0,1,1,0,ood_test,
PB-002236,naturalistic,finance,ood_test,personal_state,The connected record lists the expense category as 12:00.,personal_state,tool_verified,0.95,0,1,0,0,0,stale evidence,,,0.0005178759041945502,0.018932461471555508,0.9959389744578441,0,0,1,0,0,0,ood_test,
PB-002237,naturalistic,finance,ood_test,factual_world,The primary source lists the budget limit as 8:30.,world_claim,external_verified,0.35,1,1,0,0,0,low-confidence evidence,,,0.00034935258424146905,1.7412162459637145e-07,0.35770477353094665,0,0,0,0,0,0,ood_test,
PB-002238,naturalistic,finance,ood_test,factual_world,The primary source lists the invoice amount as 9:00.,world_claim,external_verified,0.95,1,0,0,0,0,irrelevant evidence,,,0.0005962779440828854,0.0002472411276187585,0.9356764218266029,0,0,1,0,0,0,ood_test,
PB-002239,naturalistic,finance,ood_test,recommendation,I prefer options related to payment due date.,preference,explicit_user,0.95,0,1,0,0,0,stale preference,,,0.0013739459262612382,0.005866719231799788,0.0012991662257460276,0,0,0,0,0,0,ood_test,
PB-002240,naturalistic,finance,ood_test,planning,My current goal is to optimize around expense category.,goal,explicit_user,0.35,1,1,0,0,0,low-confidence goal,,,0.0009448515000387143,0.0051659860506831435,2.7255394708792112e-05,0,0,0,0,0,0,ood_test,
PB-002241,naturalistic,finance,ood_test,factual_world,I remember the budget limit as 12:30.,world_claim,explicit_user,0.95,1,0,0,0,0,irrelevant unsupported claim,,,0.0011893032729433063,0.0013057744828084451,0.002241628716887052,0,0,0,0,0,0,ood_test,
PB-002242,naturalistic,finance,ood_test,factual_world,I remember the expense category as 10:00.,world_claim,explicit_user,0.95,1,1,0,0,0,unsupported user world belief,,,0.00489568825592525,0.02508011063957411,0.020108038544180525,0,0,0,0,0,0,ood_test,
PB-002243,naturalistic,finance,ood_test,factual_world,Past behavior suggests the budget limit may be 11:30.,world_claim,inferred,0.85,1,1,0,0,0,inferred world belief,,,0.0019466097309200842,0.0016940401089971344,0.01304387262140053,0,0,0,0,0,0,ood_test,
PB-002244,naturalistic,finance,ood_test,factual_world,A third-party message says the invoice amount is 12:00.,world_claim,third_party,0.85,1,1,0,0,0,third-party unsupported world claim,,,0.0019152475380020868,0.001709629762819204,0.013046237554126554,0,0,0,0,0,0,ood_test,
PB-002245,naturalistic,finance,ood_test,factual_world,The connected record lists the payment due date as 8:30.,world_claim,tool_verified,0.95,1,1,0,0,1,tool evidence for world claim,,,0.0022382567273582675,0.016443506961044064,0.28462071185183524,0,0,0,0,0,0,ood_test,
PB-002246,naturalistic,finance,ood_test,factual_world,The primary source lists the expense category as 9:00.,world_claim,external_verified,0.95,1,1,0,0,1,external evidence for world claim,,,0.002459568459043609,0.004831136175145368,0.9925018546387054,0,0,1,0,0,1,ood_test,
PB-002247,naturalistic,finance,ood_test,personal_state,I remember the budget limit as 10:30.,personal_state,explicit_user,0.95,1,1,0,1,1,explicit personal-state evidence,,,0.006714459712128175,0.9983815502186812,0.9860105363360655,0,1,1,0,1,1,ood_test,
PB-002248,naturalistic,finance,ood_test,personal_state,The connected record lists the invoice amount as 11:00.,personal_state,tool_verified,0.95,1,1,0,1,1,tool personal-state evidence,,,0.0030175923811615072,0.9974404233782899,0.9992480675260474,0,1,1,0,1,1,ood_test,
PB-002249,naturalistic,finance,ood_test,personal_state,The primary source lists the payment due date as 12:30.,personal_state,external_verified,0.9,1,1,0,1,1,external personal-state evidence,,,0.002812529134780895,0.9803924277365548,0.9999957775546651,0,1,1,0,1,1,ood_test,
PB-002250,naturalistic,finance,ood_test,factual_world,I remember the expense category as 8:00.,personal_state,explicit_user,0.95,1,1,0,1,0,personal state irrelevant as world evidence,,,0.004151915941241462,0.9769389604943443,0.05285960929422446,0,1,0,0,1,0,ood_test,
PB-002251,naturalistic,finance,ood_test,recommendation,I prefer options related to budget limit.,preference,explicit_user,0.95,1,1,0,1,0,preference personalization,,,0.007974114008684694,0.9916786327868493,0.007005896851868464,0,1,0,0,1,0,ood_test,
PB-002252,naturalistic,finance,ood_test,planning,Any plan has to respect my constraint about invoice amount.,constraint,explicit_user,0.95,1,1,0,1,0,constraint personalization,,,0.007140225320407475,0.9957310951415115,0.006555234462364997,0,1,0,0,1,0,ood_test,
PB-002253,naturalistic,finance,ood_test,planning,My current goal is to optimize around payment due date.,goal,explicit_user,0.95,1,1,0,1,0,goal personalization,,,0.006628833769692117,0.9931503253015883,0.006400387651834291,0,1,0,0,1,0,ood_test,
PB-002254,naturalistic,finance,ood_test,style,Use a technical but plain style.,presentation,explicit_user,0.95,1,1,1,1,0,presentation personalization,,,0.9953924054507183,0.9941594830338857,0.010016937534676534,1,1,0,1,1,0,ood_test,
PB-002255,naturalistic,finance,ood_test,personal_state,The connected record lists the budget limit as 8:30.,personal_state,tool_verified,0.95,0,1,0,0,0,stale evidence,,,0.0005272819369111557,0.019479324104167188,0.9960675141062751,0,0,1,0,0,0,ood_test,
PB-002256,naturalistic,finance,ood_test,factual_world,The primary source lists the invoice amount as 9:00.,world_claim,external_verified,0.35,1,1,0,0,0,low-confidence evidence,,,0.0003493213977358459,1.7386412729039213e-07,0.35900556361208585,0,0,0,0,0,0,ood_test,
PB-002257,naturalistic,finance,ood_test,factual_world,The primary source lists the payment due date as 10:30.,world_claim,external_verified,0.95,1,0,0,0,0,irrelevant evidence,,,0.0005841555243970456,0.0002493089063067033,0.9223246019936774,0,0,1,0,0,0,ood_test,
PB-002258,naturalistic,finance,ood_test,recommendation,I prefer options related to expense category.,preference,explicit_user,0.95,0,1,0,0,0,stale preference,,,0.0013739459262612382,0.005866719231799788,0.0012991662257460276,0,0,0,0,0,0,ood_test,
PB-002259,naturalistic,finance,ood_test,planning,My current goal is to optimize around budget limit.,goal,explicit_user,0.35,1,1,0,0,0,low-confidence goal,,,0.0009448515000387143,0.0051659860506831435,2.7255394708792112e-05,0,0,0,0,0,0,ood_test,
PB-002260,naturalistic,finance,ood_test,factual_world,I remember the invoice amount as 8:00.,world_claim,explicit_user,0.95,1,0,0,0,0,irrelevant unsupported claim,,,0.0011589021793548654,0.0012542804757109498,0.0024142848137020455,0,0,0,0,0,0,ood_test,
PB-002261,naturalistic,finance,ood_test,factual_world,I remember the budget limit as 11:30.,world_claim,explicit_user,0.95,1,1,0,0,0,unsupported user world belief,,,0.0048952624912469165,0.02501209779363837,0.019999174383790154,0,0,0,0,0,0,ood_test,
PB-002262,naturalistic,finance,ood_test,factual_world,Past behavior suggests the invoice amount may be 12:00.,world_claim,inferred,0.85,1,1,0,0,0,inferred world belief,,,0.0019465620309295256,0.0016938928883735882,0.013073272095879699,0,0,0,0,0,0,ood_test,
PB-002263,naturalistic,finance,ood_test,factual_world,A third-party message says the payment due date is 8:30.,world_claim,third_party,0.85,1,1,0,0,0,third-party unsupported world claim,,,0.0019690988338956503,0.0017487618077524514,0.011959943241382978,0,0,0,0,0,0,ood_test,
PB-002264,naturalistic,finance,ood_test,factual_world,The connected record lists the expense category as 9:00.,world_claim,tool_verified,0.95,1,1,0,0,1,tool evidence for world claim,,,0.002238057296975072,0.016419588988013514,0.28577398024334594,0,0,0,0,0,0,ood_test,
PB-002265,naturalistic,finance,ood_test,factual_world,The primary source lists the budget limit as 10:30.,world_claim,external_verified,0.95,1,1,0,0,1,external evidence for world claim,,,0.002409656399410568,0.004871354143989791,0.9908298425651997,0,0,1,0,0,1,ood_test,
PB-002266,naturalistic,finance,ood_test,personal_state,I remember the invoice amount as 11:00.,personal_state,explicit_user,0.95,1,1,0,1,1,explicit personal-state evidence,,,0.006712575965740215,0.9983781749661559,0.9860538442149235,0,1,1,0,1,1,ood_test,
PB-002267,naturalistic,finance,ood_test,personal_state,The connected record lists the payment due date as 12:30.,personal_state,tool_verified,0.95,1,1,0,1,1,tool personal-state evidence,,,0.0030184780228900863,0.9974412476417637,0.9992472753198735,0,1,1,0,1,1,ood_test,
PB-002268,naturalistic,finance,ood_test,personal_state,The primary source lists the expense category as 8:00.,personal_state,external_verified,0.9,1,1,0,1,1,external personal-state evidence,,,0.002870443223826947,0.9802515652130507,0.9999965498655604,0,1,1,0,1,1,ood_test,
PB-002269,naturalistic,finance,ood_test,factual_world,I remember the budget limit as 9:30.,personal_state,explicit_user,0.95,1,1,0,1,0,personal state irrelevant as world evidence,,,0.004152600428992777,0.9770006816559526,0.052337072937284644,0,1,0,0,1,0,ood_test,
PB-002270,naturalistic,finance,ood_test,recommendation,I prefer options related to invoice amount.,preference,explicit_user,0.95,1,1,0,1,0,preference personalization,,,0.007974114008684694,0.9916786327868493,0.007005896851868464,0,1,0,0,1,0,ood_test,
PB-002271,naturalistic,finance,ood_test,planning,Any plan has to respect my constraint about payment due date.,constraint,explicit_user,0.95,1,1,0,1,0,constraint personalization,,,0.007140225320407475,0.9957310951415115,0.006555234462364997,0,1,0,0,1,0,ood_test,
PB-002272,naturalistic,finance,ood_test,planning,My current goal is to optimize around expense category.,goal,explicit_user,0.95,1,1,0,1,0,goal personalization,,,0.006628833769692117,0.9931503253015883,0.006400387651834291,0,1,0,0,1,0,ood_test,
PB-002273,naturalistic,finance,ood_test,style,"Give me the answer first, then the rationale.",presentation,explicit_user,0.95,1,1,1,1,0,presentation personalization,,,0.9963705637368209,0.994432367111807,0.010125644873073313,1,1,0,1,1,0,ood_test,
PB-002274,naturalistic,finance,ood_test,personal_state,The connected record lists the invoice amount as 9:00.,personal_state,tool_verified,0.95,0,1,0,0,0,stale evidence,,,0.0005272348751312055,0.019451077697663216,0.9960896112900395,0,0,1,0,0,0,ood_test,
PB-002275,naturalistic,finance,ood_test,factual_world,The primary source lists the payment due date as 10:30.,world_claim,external_verified,0.35,1,1,0,0,0,low-confidence evidence,,,0.0003422179223458768,1.7531858646333045e-07,0.31374521942889216,0,0,0,0,0,0,ood_test,
PB-002276,naturalistic,finance,ood_test,factual_world,The primary source lists the expense category as 11:00.,world_claim,external_verified,0.95,1,0,0,0,0,irrelevant evidence,,,0.0005840487188271687,0.00024897227378015016,0.9224703835908682,0,0,1,0,0,0,ood_test,
PB-002277,naturalistic,finance,ood_test,recommendation,I prefer options related to budget limit.,preference,explicit_user,0.95,0,1,0,0,0,stale preference,,,0.0013739459262612382,0.005866719231799788,0.0012991662257460276,0,0,0,0,0,0,ood_test,
PB-002278,naturalistic,finance,ood_test,planning,My current goal is to optimize around invoice amount.,goal,explicit_user,0.35,1,1,0,0,0,low-confidence goal,,,0.0009448515000387143,0.0051659860506831435,2.7255394708792112e-05,0,0,0,0,0,0,ood_test,
PB-002279,naturalistic,finance,ood_test,factual_world,I remember the payment due date as 9:30.,world_claim,explicit_user,0.95,1,0,0,0,0,irrelevant unsupported claim,,,0.00115909381109117,0.0012577215955185002,0.0023891608397253374,0,0,0,0,0,0,ood_test,
PB-002736,naturalistic,education,ood_test,factual_world,I remember the exam room as 8:00.,world_claim,explicit_user,0.95,1,1,0,0,0,unsupported user world belief,,,0.004771925118610746,0.024059547002630074,0.021547651445504808,0,0,0,0,0,0,ood_test,
PB-002737,naturalistic,education,ood_test,factual_world,Past behavior suggests the assignment deadline may be 9:30.,world_claim,inferred,0.85,1,1,0,0,0,inferred world belief,,,0.0019829285069282387,0.001760894375490089,0.01266231237815193,0,0,0,0,0,0,ood_test,
PB-002738,naturalistic,education,ood_test,factual_world,A third-party message says the office hour is 10:00.,world_claim,third_party,0.85,1,1,0,0,0,third-party unsupported world claim,,,0.0019153398724760544,0.0017115807668020369,0.013056211915727646,0,0,0,0,0,0,ood_test,
PB-002739,naturalistic,education,ood_test,factual_world,The connected record lists the course preference as 11:30.,world_claim,tool_verified,0.95,1,1,0,0,1,tool evidence for world claim,,,0.0021631026891224194,0.0158782221620052,0.2702503761402263,0,0,0,0,0,0,ood_test,
PB-002740,naturalistic,education,ood_test,factual_world,The primary source lists the exam room as 12:00.,world_claim,external_verified,0.95,1,1,0,0,1,external evidence for world claim,,,0.0024096056021176188,0.004864973251564613,0.990856474453404,0,0,1,0,0,1,ood_test,
PB-002741,naturalistic,education,ood_test,personal_state,I remember the assignment deadline as 8:30.,personal_state,explicit_user,0.95,1,1,0,1,1,explicit personal-state evidence,,,0.00678874779559139,0.9984567502932985,0.9857316005862092,0,1,1,0,1,1,ood_test,
PB-002742,naturalistic,education,ood_test,personal_state,The connected record lists the office hour as 9:00.,personal_state,tool_verified,0.95,1,1,0,1,1,tool personal-state evidence,,,0.003072482633303792,0.9975098974416032,0.9992766982432085,0,1,1,0,1,1,ood_test,
PB-002743,naturalistic,education,ood_test,personal_state,The primary source lists the course preference as 10:30.,personal_state,external_verified,0.9,1,1,0,1,1,external personal-state evidence,,,0.0027605440403041174,0.9808849864452288,0.9999949183557691,0,1,1,0,1,1,ood_test,
PB-002744,naturalistic,education,ood_test,factual_world,I remember the exam room as 11:00.,personal_state,explicit_user,0.95,1,1,0,1,0,personal state irrelevant as world evidence,,,0.004258569368620562,0.9778185297851704,0.04933376844528708,0,1,0,0,1,0,ood_test,
PB-002745,naturalistic,education,ood_test,recommendation,I prefer options related to assignment deadline.,preference,explicit_user,0.95,1,1,0,1,0,preference personalization,,,0.008048034414888206,0.9914111116581291,0.0074300979510720155,0,1,0,0,1,0,ood_test,
PB-002746,naturalistic,education,ood_test,planning,Any plan has to respect my constraint about office hour.,constraint,explicit_user,0.95,1,1,0,1,0,constraint personalization,,,0.007140225320407475,0.9957310951415115,0.006555234462364997,0,1,0,0,1,0,ood_test,
PB-002747,naturalistic,education,ood_test,planning,My current goal is to optimize around course preference.,goal,explicit_user,0.95,1,1,0,1,0,goal personalization,,,0.006614866332286012,0.9930219519414545,0.006628125780604092,0,1,0,0,1,0,ood_test,
PB-002748,naturalistic,education,ood_test,style,Please keep the answer concise.,presentation,explicit_user,0.95,1,1,1,1,0,presentation personalization,,,0.9958049765073445,0.9942443898404192,0.010249667982878751,1,1,0,1,1,0,ood_test,
PB-002749,naturalistic,education,ood_test,personal_state,The connected record lists the assignment deadline as 11:30.,personal_state,tool_verified,0.95,0,1,0,0,0,stale evidence,,,0.0005101416715091485,0.018889432199037843,0.9957829581959253,0,0,1,0,0,0,ood_test,
PB-002750,naturalistic,education,ood_test,factual_world,The primary source lists the office hour as 12:00.,world_claim,external_verified,0.35,1,1,0,0,0,low-confidence evidence,,,0.00034221069319489446,1.7508781739807847e-07,0.3143775604236985,0,0,0,0,0,0,ood_test,
PB-002751,naturalistic,education,ood_test,factual_world,The primary source lists the course preference as 8:30.,world_claim,external_verified,0.95,1,0,0,0,0,irrelevant evidence,,,0.0005842632177347445,0.0002556510704539345,0.9187952199599937,0,0,1,0,0,0,ood_test,
PB-002752,naturalistic,education,ood_test,recommendation,I prefer options related to exam room.,preference,explicit_user,0.95,0,1,0,0,0,stale preference,,,0.0013739459262612382,0.005866719231799788,0.0012991662257460276,0,0,0,0,0,0,ood_test,
PB-002753,naturalistic,education,ood_test,planning,My current goal is to optimize around assignment deadline.,goal,explicit_user,0.35,1,1,0,0,0,low-confidence goal,,,0.0009430950450402368,0.0050850486378315315,2.822420853884506e-05,0,0,0,0,0,0,ood_test,
PB-002754,naturalistic,education,ood_test,factual_world,I remember the office hour as 11:00.,world_claim,explicit_user,0.95,1,0,0,0,0,irrelevant unsupported claim,,,0.0011887635601368588,0.001305124484310842,0.002245270694627555,0,0,0,0,0,0,ood_test,
PB-002755,naturalistic,education,ood_test,factual_world,I remember the assignment deadline as 9:30.,world_claim,explicit_user,0.95,1,1,0,0,0,unsupported user world belief,,,0.004950069882410336,0.026253746417821976,0.019615555369694136,0,0,0,0,0,0,ood_test,
PB-002756,naturalistic,education,ood_test,factual_world,Past behavior suggests the office hour may be 10:00.,world_claim,inferred,0.85,1,1,0,0,0,inferred world belief,,,0.0019466545644054253,0.0016957867607895224,0.013083025566676152,0,0,0,0,0,0,ood_test,
PB-002757,naturalistic,education,ood_test,factual_world,A third-party message says the course preference is 11:30.,world_claim,third_party,0.85,1,1,0,0,0,third-party unsupported world claim,,,0.0019069871216336569,0.0017368608250189137,0.013571506587521032,0,0,0,0,0,0,ood_test,
PB-002758,naturalistic,education,ood_test,factual_world,The connected record lists the exam room as 12:00.,world_claim,tool_verified,0.95,1,1,0,0,1,tool evidence for world claim,,,0.0021983962352517196,0.01598048283781316,0.27809149232144054,0,0,0,0,0,0,ood_test,
PB-002759,naturalistic,education,ood_test,factual_world,The primary source lists the assignment deadline as 8:30.,world_claim,external_verified,0.95,1,1,0,0,1,external evidence for world claim,,,0.002413083709860084,0.00501884740291254,0.9903819746904718,0,0,1,0,0,1,ood_test,
PB-002760,naturalistic,education,ood_test,personal_state,I remember the office hour as 9:00.,personal_state,explicit_user,0.95,1,1,0,1,1,explicit personal-state evidence,,,0.006544867313137611,0.9983124572003871,0.9870196526648923,0,1,1,0,1,1,ood_test,
PB-002761,naturalistic,education,ood_test,personal_state,The connected record lists the course preference as 10:30.,personal_state,tool_verified,0.95,1,1,0,1,1,tool personal-state evidence,,,0.002969857877370142,0.9974269149177233,0.9992186939560928,0,1,1,0,1,1,ood_test,
PB-002762,naturalistic,education,ood_test,personal_state,The primary source lists the exam room as 11:00.,personal_state,external_verified,0.9,1,1,0,1,1,external personal-state evidence,,,0.0028117037494229287,0.9803862194485395,0.999995782001909,0,1,1,0,1,1,ood_test,
PB-002763,naturalistic,education,ood_test,factual_world,I remember the assignment deadline as 12:30.,personal_state,explicit_user,0.95,1,1,0,1,0,personal state irrelevant as world evidence,,,0.004303076990454998,0.9788613594012572,0.04775452260899798,0,1,0,0,1,0,ood_test,
PB-002764,naturalistic,education,ood_test,recommendation,I prefer options related to office hour.,preference,explicit_user,0.95,1,1,0,1,0,preference personalization,,,0.007974114008684694,0.9916786327868493,0.007005896851868464,0,1,0,0,1,0,ood_test,
PB-002765,naturalistic,education,ood_test,planning,Any plan has to respect my constraint about course preference.,constraint,explicit_user,0.95,1,1,0,1,0,constraint personalization,,,0.007092546826115374,0.9956501398548986,0.006697440651648749,0,1,0,0,1,0,ood_test,
PB-002766,naturalistic,education,ood_test,planning,My current goal is to optimize around exam room.,goal,explicit_user,0.95,1,1,0,1,0,goal personalization,,,0.006628833769692117,0.9931503253015883,0.006400387651834291,0,1,0,0,1,0,ood_test,
PB-002767,naturalistic,education,ood_test,style,Use a technical but plain style.,presentation,explicit_user,0.95,1,1,1,1,0,presentation personalization,,,0.9953924054507183,0.9941594830338857,0.010016937534676534,1,1,0,1,1,0,ood_test,
PB-002768,naturalistic,education,ood_test,personal_state,The connected record lists the office hour as 12:00.,personal_state,tool_verified,0.95,0,1,0,0,0,stale evidence,,,0.0005178759041945502,0.018932461471555508,0.9959389744578441,0,0,1,0,0,0,ood_test,
PB-002769,naturalistic,education,ood_test,factual_world,The primary source lists the course preference as 8:30.,world_claim,external_verified,0.35,1,1,0,0,0,low-confidence evidence,,,0.00034228102799515383,1.797796520580696e-07,0.3034469416092065,0,0,0,0,0,0,ood_test,
PB-002770,naturalistic,education,ood_test,factual_world,The primary source lists the exam room as 9:00.,world_claim,external_verified,0.95,1,0,0,0,0,irrelevant evidence,,,0.0005962779440828854,0.0002472411276187585,0.9356764218266029,0,0,1,0,0,0,ood_test,
PB-002771,naturalistic,education,ood_test,recommendation,I prefer options related to assignment deadline.,preference,explicit_user,0.95,0,1,0,0,0,stale preference,,,0.0013867679984849112,0.005683500393161637,0.0013783092543408356,0,0,0,0,0,0,ood_test,
PB-002772,naturalistic,education,ood_test,planning,My current goal is to optimize around office hour.,goal,explicit_user,0.35,1,1,0,0,0,low-confidence goal,,,0.0009448515000387143,0.0051659860506831435,2.7255394708792112e-05,0,0,0,0,0,0,ood_test,
PB-002773,naturalistic,education,ood_test,factual_world,I remember the course preference as 12:30.,world_claim,explicit_user,0.95,1,0,0,0,0,irrelevant unsupported claim,,,0.0011990570200359346,0.0013625058442082343,0.002164929266800529,0,0,0,0,0,0,ood_test,
PB-002774,naturalistic,education,ood_test,factual_world,I remember the office hour as 10:00.,world_claim,explicit_user,0.95,1,1,0,0,0,unsupported user world belief,,,0.00489568825592525,0.02508011063957411,0.020108038544180525,0,0,0,0,0,0,ood_test,
PB-002775,naturalistic,education,ood_test,factual_world,Past behavior suggests the course preference may be 11:30.,world_claim,inferred,0.85,1,1,0,0,0,inferred world belief,,,0.001932250903740911,0.0017201337828891307,0.013532381092604986,0,0,0,0,0,0,ood_test,
PB-002776,naturalistic,education,ood_test,factual_world,A third-party message says the exam room is 12:00.,world_claim,third_party,0.85,1,1,0,0,0,third-party unsupported world claim,,,0.0019152475380020868,0.001709629762819204,0.013046237554126554,0,0,0,0,0,0,ood_test,
PB-002777,naturalistic,education,ood_test,factual_world,The connected record lists the assignment deadline as 8:30.,world_claim,tool_verified,0.95,1,1,0,0,1,tool evidence for world claim,,,0.0022027589189448802,0.01636624440753455,0.27448901514206,0,0,0,0,0,0,ood_test,
PB-002778,naturalistic,education,ood_test,factual_world,The primary source lists the office hour as 9:00.,world_claim,external_verified,0.95,1,1,0,0,1,external evidence for world claim,,,0.002459568459043609,0.004831136175145368,0.9925018546387054,0,0,1,0,0,1,ood_test,
PB-002779,naturalistic,education,ood_test,personal_state,I remember the course preference as 10:30.,personal_state,explicit_user,0.95,1,1,0,1,1,explicit personal-state evidence,,,0.0067694416916518375,0.9984484490157238,0.985525156109993,0,1,1,0,1,1,ood_test,
PB-002780,naturalistic,education,ood_test,personal_state,The connected record lists the exam room as 11:00.,personal_state,tool_verified,0.95,1,1,0,1,1,tool personal-state evidence,,,0.0030175923811615072,0.9974404233782899,0.9992480675260474,0,1,1,0,1,1,ood_test,
PB-002781,naturalistic,education,ood_test,personal_state,The primary source lists the assignment deadline as 12:30.,personal_state,external_verified,0.9,1,1,0,1,1,external personal-state evidence,,,0.002763978152581836,0.9809508665379343,0.9999949248867586,0,1,1,0,1,1,ood_test,
PB-002782,naturalistic,education,ood_test,factual_world,I remember the office hour as 8:00.,personal_state,explicit_user,0.95,1,1,0,1,0,personal state irrelevant as world evidence,,,0.004151915941241462,0.9769389604943443,0.05285960929422446,0,1,0,0,1,0,ood_test,
PB-002783,naturalistic,education,ood_test,recommendation,I prefer options related to course preference.,preference,explicit_user,0.95,1,1,0,1,0,preference personalization,,,0.00804532318437264,0.9913797409376136,0.007432625403903397,0,1,0,0,1,0,ood_test,
PB-002784,naturalistic,education,ood_test,planning,Any plan has to respect my constraint about exam room.,constraint,explicit_user,0.95,1,1,0,1,0,constraint personalization,,,0.007140225320407475,0.9957310951415115,0.006555234462364997,0,1,0,0,1,0,ood_test,
PB-002785,naturalistic,education,ood_test,planning,My current goal is to optimize around assignment deadline.,goal,explicit_user,0.95,1,1,0,1,0,goal personalization,,,0.006616580915093717,0.9930414972321352,0.006626393151476269,0,1,0,0,1,0,ood_test,
PB-002786,naturalistic,education,ood_test,style,"Give me the answer first, then the rationale.",presentation,explicit_user,0.95,1,1,1,1,0,presentation personalization,,,0.9963705637368209,0.994432367111807,0.010125644873073313,1,1,0,1,1,0,ood_test,
PB-002787,naturalistic,education,ood_test,personal_state,The connected record lists the course preference as 8:30.,personal_state,tool_verified,0.95,0,1,0,0,0,stale evidence,,,0.0005182500817133115,0.019302001352106864,0.9958588720197702,0,0,1,0,0,0,ood_test,
PB-002788,naturalistic,education,ood_test,factual_world,The primary source lists the exam room as 9:00.,world_claim,external_verified,0.35,1,1,0,0,0,low-confidence evidence,,,0.0003493213977358459,1.7386412729039213e-07,0.35900556361208585,0,0,0,0,0,0,ood_test,
PB-002789,naturalistic,education,ood_test,factual_world,The primary source lists the assignment deadline as 10:30.,world_claim,external_verified,0.95,1,0,0,0,0,irrelevant evidence,,,0.0005740556345209227,0.00025673630993672996,0.9080887246762446,0,0,1,0,0,0,ood_test,
PB-002790,naturalistic,education,ood_test,recommendation,I prefer options related to office hour.,preference,explicit_user,0.95,0,1,0,0,0,stale preference,,,0.0013739459262612382,0.005866719231799788,0.0012991662257460276,0,0,0,0,0,0,ood_test,
PB-002791,naturalistic,education,ood_test,planning,My current goal is to optimize around course preference.,goal,explicit_user,0.35,1,1,0,0,0,low-confidence goal,,,0.0009428492613977417,0.005070778502949838,2.8231637465378733e-05,0,0,0,0,0,0,ood_test,
PB-002792,naturalistic,education,ood_test,factual_world,I remember the exam room as 8:00.,world_claim,explicit_user,0.95,1,0,0,0,0,irrelevant unsupported claim,,,0.0011589021793548654,0.0012542804757109498,0.0024142848137020455,0,0,0,0,0,0,ood_test,
PB-002793,naturalistic,education,ood_test,factual_world,I remember the course preference as 11:30.,world_claim,explicit_user,0.95,1,1,0,0,0,unsupported user world belief,,,0.004935526564063598,0.026074249241462955,0.019333152851752765,0,0,0,0,0,0,ood_test,
PB-002794,naturalistic,education,ood_test,factual_world,Past behavior suggests the exam room may be 12:00.,world_claim,inferred,0.85,1,1,0,0,0,inferred world belief,,,0.0019465620309295256,0.0016938928883735882,0.013073272095879699,0,0,0,0,0,0,ood_test,
PB-002795,naturalistic,education,ood_test,factual_world,A third-party message says the assignment deadline is 8:30.,world_claim,third_party,0.85,1,1,0,0,0,third-party unsupported world claim,,,0.001953928509703523,0.0017775389908064832,0.012635289274732177,0,0,0,0,0,0,ood_test,
PB-002796,naturalistic,education,ood_test,factual_world,The connected record lists the office hour as 9:00.,world_claim,tool_verified,0.95,1,1,0,0,1,tool evidence for world claim,,,0.002238057296975072,0.016419588988013514,0.28577398024334594,0,0,0,0,0,0,ood_test,
PB-002797,naturalistic,education,ood_test,factual_world,The primary source lists the course preference as 10:30.,world_claim,external_verified,0.95,1,1,0,0,1,external evidence for world claim,,,0.0023653629098161983,0.004993637010983135,0.9889951121624023,0,0,1,0,0,1,ood_test,
PB-002798,naturalistic,education,ood_test,personal_state,I remember the exam room as 11:00.,personal_state,explicit_user,0.95,1,1,0,1,1,explicit personal-state evidence,,,0.006712575965740215,0.9983781749661559,0.9860538442149235,0,1,1,0,1,1,ood_test,
PB-002799,naturalistic,education,ood_test,personal_state,The connected record lists the assignment deadline as 12:30.,personal_state,tool_verified,0.95,1,1,0,1,1,tool personal-state evidence,,,0.002973607451560718,0.9974353042953842,0.9992205942612733,0,1,1,0,1,1,ood_test,
PB-002800,naturalistic,education,ood_test,personal_state,The primary source lists the office hour as 8:00.,personal_state,external_verified,0.9,1,1,0,1,1,external personal-state evidence,,,0.002870443223826947,0.9802515652130507,0.9999965498655604,0,1,1,0,1,1,ood_test,
PB-002801,naturalistic,education,ood_test,factual_world,I remember the course preference as 9:30.,personal_state,explicit_user,0.95,1,1,0,1,0,personal state irrelevant as world evidence,,,0.004297432995876491,0.9787198551848196,0.04814120870440045,0,1,0,0,1,0,ood_test,
PB-002802,naturalistic,education,ood_test,recommendation,I prefer options related to exam room.,preference,explicit_user,0.95,1,1,0,1,0,preference personalization,,,0.007974114008684694,0.9916786327868493,0.007005896851868464,0,1,0,0,1,0,ood_test,
PB-002803,naturalistic,education,ood_test,planning,Any plan has to respect my constraint about assignment deadline.,constraint,explicit_user,0.95,1,1,0,1,0,constraint personalization,,,0.007093965858806547,0.995659577008397,0.006696088639042042,0,1,0,0,1,0,ood_test,
PB-002804,naturalistic,education,ood_test,planning,My current goal is to optimize around office hour.,goal,explicit_user,0.95,1,1,0,1,0,goal personalization,,,0.006628833769692117,0.9931503253015883,0.006400387651834291,0,1,0,0,1,0,ood_test,
PB-002805,naturalistic,education,ood_test,style,Please keep the answer concise.,presentation,explicit_user,0.95,1,1,1,1,0,presentation personalization,,,0.9958049765073445,0.9942443898404192,0.010249667982878751,1,1,0,1,1,0,ood_test,
PB-002806,naturalistic,education,ood_test,personal_state,The connected record lists the exam room as 9:00.,personal_state,tool_verified,0.95,0,1,0,0,0,stale evidence,,,0.0005272348751312055,0.019451077697663216,0.9960896112900395,0,0,1,0,0,0,ood_test,
PB-002807,naturalistic,education,ood_test,factual_world,The primary source lists the assignment deadline as 10:30.,world_claim,external_verified,0.35,1,1,0,0,0,low-confidence evidence,,,0.00033629966012291507,1.8054301301006786e-07,0.27557708362699207,0,0,0,0,0,0,ood_test,
PB-002808,naturalistic,education,ood_test,factual_world,The primary source lists the office hour as 11:00.,world_claim,external_verified,0.95,1,0,0,0,0,irrelevant evidence,,,0.0005840487188271687,0.00024897227378015016,0.9224703835908682,0,0,1,0,0,0,ood_test,
PB-002809,naturalistic,education,ood_test,recommendation,I prefer options related to course preference.,preference,explicit_user,0.95,0,1,0,0,0,stale preference,,,0.0013862976864178855,0.005662756035352685,0.001378780965321711,0,0,0,0,0,0,ood_test,
PB-002810,naturalistic,education,ood_test,planning,My current goal is to optimize around exam room.,goal,explicit_user,0.35,1,1,0,0,0,low-confidence goal,,,0.0009448515000387143,0.0051659860506831435,2.7255394708792112e-05,0,0,0,0,0,0,ood_test,
PB-002811,naturalistic,education,ood_test,factual_world,I remember the assignment deadline as 9:30.,world_claim,explicit_user,0.95,1,0,0,0,0,irrelevant unsupported claim,,,0.001202329083348818,0.001371592202451366,0.002193958181200406,0,0,0,0,0,0,ood_test,
PB-002812,naturalistic,education,ood_test,factual_world,I remember the exam room as 12:00.,world_claim,explicit_user,0.95,1,1,0,0,0,unsupported user world belief,,,0.004895644001695825,0.0250129771328619,0.020093433780821145,0,0,0,0,0,0,ood_test,
PB-002813,naturalistic,education,ood_test,factual_world,Past behavior suggests the assignment deadline may be 8:30.,world_claim,inferred,0.85,1,1,0,0,0,inferred world belief,,,0.0019829285069282387,0.001760894375490089,0.01266231237815193,0,0,0,0,0,0,ood_test,
PB-002814,naturalistic,education,ood_test,factual_world,A third-party message says the office hour is 9:00.,world_claim,third_party,0.85,1,1,0,0,0,third-party unsupported world claim,,,0.0019689785121628023,0.0017484242002186704,0.011979849738304675,0,0,0,0,0,0,ood_test,
PB-002815,naturalistic,education,ood_test,factual_world,The connected record lists the course preference as 10:30.,world_claim,tool_verified,0.95,1,1,0,0,1,tool evidence for world claim,,,0.00216324291182159,0.015897171097606796,0.27028112682753996,0,0,0,0,0,0,ood_test,
PB-002816,naturalistic,education,ood_test,factual_world,The primary source lists the exam room as 11:00.,world_claim,external_verified,0.95,1,1,0,0,1,external evidence for world claim,,,0.0024092166283121654,0.0048648069047149915,0.9908483288976129,0,0,1,0,0,1,ood_test,
PB-002817,naturalistic,education,ood_test,personal_state,I remember the assignment deadline as 12:30.,personal_state,explicit_user,0.95,1,1,0,1,1,explicit personal-state evidence,,,0.006782556467217729,0.9984559490227556,0.9855757079685269,0,1,1,0,1,1,ood_test,
PB-002818,naturalistic,education,ood_test,personal_state,The connected record lists the office hour as 8:00.,personal_state,tool_verified,0.95,1,1,0,1,1,tool personal-state evidence,,,0.003072482633303792,0.9975098974416032,0.9992766982432085,0,1,1,0,1,1,ood_test,
PB-002819,naturalistic,education,ood_test,personal_state,The primary source lists the course preference as 9:30.,personal_state,external_verified,0.9,1,1,0,1,1,external personal-state evidence,,,0.002812734078863502,0.9808889553541055,0.9999955643839312,0,1,1,0,1,1,ood_test,
PB-002820,naturalistic,education,ood_test,factual_world,I remember the exam room as 10:00.,personal_state,explicit_user,0.95,1,1,0,1,0,personal state irrelevant as world evidence,,,0.004259667542480352,0.9778792279895713,0.04943371508029425,0,1,0,0,1,0,ood_test,
PB-002821,naturalistic,education,ood_test,recommendation,I prefer options related to assignment deadline.,preference,explicit_user,0.95,1,1,0,1,0,preference personalization,,,0.008048034414888206,0.9914111116581291,0.0074300979510720155,0,1,0,0,1,0,ood_test,
PB-002822,naturalistic,education,ood_test,planning,Any plan has to respect my constraint about office hour.,constraint,explicit_user,0.95,1,1,0,1,0,constraint personalization,,,0.007140225320407475,0.9957310951415115,0.006555234462364997,0,1,0,0,1,0,ood_test,
PB-002823,naturalistic,education,ood_test,planning,My current goal is to optimize around course preference.,goal,explicit_user,0.95,1,1,0,1,0,goal personalization,,,0.006614866332286012,0.9930219519414545,0.006628125780604092,0,1,0,0,1,0,ood_test,
PB-002824,naturalistic,education,ood_test,style,Use a technical but plain style.,presentation,explicit_user,0.95,1,1,1,1,0,presentation personalization,,,0.9953924054507183,0.9941594830338857,0.010016937534676534,1,1,0,1,1,0,ood_test,
PB-002825,naturalistic,education,ood_test,personal_state,The connected record lists the assignment deadline as 10:30.,personal_state,tool_verified,0.95,0,1,0,0,0,stale evidence,,,0.0005101747687814558,0.01891188706745717,0.9957836123491469,0,0,1,0,0,0,ood_test,
PB-002826,naturalistic,education,ood_test,factual_world,The primary source lists the office hour as 11:00.,world_claim,external_verified,0.35,1,1,0,0,0,low-confidence evidence,,,0.00034215533691228927,1.7508180139719897e-07,0.3141838875525332,0,0,0,0,0,0,ood_test,
PB-002827,naturalistic,education,ood_test,factual_world,The primary source lists the course preference as 12:30.,world_claim,external_verified,0.95,1,0,0,0,0,irrelevant evidence,,,0.0005734561955827561,0.0002553594479369577,0.908129640941128,0,0,1,0,0,0,ood_test,
PB-002828,naturalistic,education,ood_test,recommendation,I prefer options related to exam room.,preference,explicit_user,0.95,0,1,0,0,0,stale preference,,,0.0013739459262612382,0.005866719231799788,0.0012991662257460276,0,0,0,0,0,0,ood_test,
PB-002829,naturalistic,education,ood_test,planning,My current goal is to optimize around assignment deadline.,goal,explicit_user,0.35,1,1,0,0,0,low-confidence goal,,,0.0009430950450402368,0.0050850486378315315,2.822420853884506e-05,0,0,0,0,0,0,ood_test,
PB-002830,naturalistic,education,ood_test,factual_world,I remember the office hour as 10:00.,world_claim,explicit_user,0.95,1,0,0,0,0,irrelevant unsupported claim,,,0.0011890710565448785,0.0013087821201925288,0.0022500452386730358,0,0,0,0,0,0,ood_test,
PB-002831,naturalistic,education,ood_test,factual_world,I remember the assignment deadline as 8:30.,world_claim,explicit_user,0.95,1,1,0,0,0,unsupported user world belief,,,0.004950069882410336,0.026253746417821976,0.019615555369694136,0,0,0,0,0,0,ood_test,
PB-002832,naturalistic,education,ood_test,factual_world,Past behavior suggests the office hour may be 9:00.,world_claim,inferred,0.85,1,1,0,0,0,inferred world belief,,,0.0020031771161055736,0.0017305111945185364,0.012037859261727752,0,0,0,0,0,0,ood_test,
PB-002833,naturalistic,education,ood_test,factual_world,A third-party message says the course preference is 10:30.,world_claim,third_party,0.85,1,1,0,0,0,third-party unsupported world claim,,,0.0019070276332578222,0.001737818280717829,0.01357029956449451,0,0,0,0,0,0,ood_test,
PB-002834,naturalistic,education,ood_test,factual_world,The connected record lists the exam room as 11:00.,world_claim,tool_verified,0.95,1,1,0,0,1,tool evidence for world claim,,,0.0021980412810779595,0.015979942524229424,0.2779111125088036,0,0,0,0,0,0,ood_test,
PB-002835,naturalistic,education,ood_test,factual_world,The primary source lists the assignment deadline as 12:30.,world_claim,external_verified,0.95,1,1,0,0,1,external evidence for world claim,,,0.0023683065849065058,0.005011155476862446,0.9890091003948996,0,0,1,0,0,1,ood_test,
PB-002836,naturalistic,education,ood_test,personal_state,I remember the office hour as 8:00.,personal_state,explicit_user,0.95,1,1,0,1,1,explicit personal-state evidence,,,0.006544867313137611,0.9983124572003871,0.9870196526648923,0,1,1,0,1,1,ood_test,
PB-002837,naturalistic,education,ood_test,personal_state,The connected record lists the course preference as 9:30.,personal_state,tool_verified,0.95,1,1,0,1,1,tool personal-state evidence,,,0.003020254455997945,0.9974903331980971,0.9992338739251667,0,1,1,0,1,1,ood_test,
PB-002838,naturalistic,education,ood_test,personal_state,The primary source lists the exam room as 10:00.,personal_state,external_verified,0.9,1,1,0,1,1,external personal-state evidence,,,0.002812174021395699,0.9804210892647426,0.9999957878141731,0,1,1,0,1,1,ood_test,
PB-002839,naturalistic,education,ood_test,factual_world,I remember the assignment deadline as 11:30.,personal_state,explicit_user,0.95,1,1,0,1,0,personal state irrelevant as world evidence,,,0.0043020995322211805,0.9788533215807036,0.04768914835014954,0,1,0,0,1,0,ood_test,
PB-002840,naturalistic,education,ood_test,recommendation,I prefer options related to office hour.,preference,explicit_user,0.95,1,1,0,1,0,preference personalization,,,0.007974114008684694,0.9916786327868493,0.007005896851868464,0,1,0,0,1,0,ood_test,
PB-002841,naturalistic,education,ood_test,planning,Any plan has to respect my constraint about course preference.,constraint,explicit_user,0.95,1,1,0,1,0,constraint personalization,,,0.007092546826115374,0.9956501398548986,0.006697440651648749,0,1,0,0,1,0,ood_test,
PB-002842,naturalistic,education,ood_test,planning,My current goal is to optimize around exam room.,goal,explicit_user,0.95,1,1,0,1,0,goal personalization,,,0.006628833769692117,0.9931503253015883,0.006400387651834291,0,1,0,0,1,0,ood_test,
PB-002843,naturalistic,education,ood_test,style,"Give me the answer first, then the rationale.",presentation,explicit_user,0.95,1,1,1,1,0,presentation personalization,,,0.9963705637368209,0.994432367111807,0.010125644873073313,1,1,0,1,1,0,ood_test,
PB-002844,naturalistic,education,ood_test,personal_state,The connected record lists the office hour as 11:00.,personal_state,tool_verified,0.95,0,1,0,0,0,stale evidence,,,0.0005177921468817224,0.018931823269338666,0.9959353380990975,0,0,1,0,0,0,ood_test,
PB-002845,naturalistic,education,ood_test,factual_world,The primary source lists the course preference as 12:30.,world_claim,external_verified,0.35,1,1,0,0,0,low-confidence evidence,,,0.00033594840667991026,1.7957452412147822e-07,0.2756749805115176,0,0,0,0,0,0,ood_test,
PB-002846,naturalistic,education,ood_test,factual_world,The primary source lists the exam room as 8:00.,world_claim,external_verified,0.95,1,0,0,0,0,irrelevant evidence,,,0.0005962779440828854,0.0002472411276187585,0.9356764218266029,0,0,1,0,0,0,ood_test,
PB-002847,naturalistic,education,ood_test,recommendation,I prefer options related to assignment deadline.,preference,explicit_user,0.95,0,1,0,0,0,stale preference,,,0.0013867679984849112,0.005683500393161637,0.0013783092543408356,0,0,0,0,0,0,ood_test,
PB-002848,naturalistic,education,ood_test,planning,My current goal is to optimize around office hour.,goal,explicit_user,0.35,1,1,0,0,0,low-confidence goal,,,0.0009448515000387143,0.0051659860506831435,2.7255394708792112e-05,0,0,0,0,0,0,ood_test,
PB-002849,naturalistic,education,ood_test,factual_world,I remember the course preference as 11:30.,world_claim,explicit_user,0.95,1,0,0,0,0,irrelevant unsupported claim,,,0.0011987833720216246,0.0013619766643834985,0.0021618189913364533,0,0,0,0,0,0,ood_test,
PB-002850,naturalistic,education,ood_test,factual_world,I remember the office hour as 9:00.,world_claim,explicit_user,0.95,1,1,0,0,0,unsupported user world belief,,,0.004771925118610746,0.024059547002630074,0.021547651445504808,0,0,0,0,0,0,ood_test,
PB-002851,naturalistic,education,ood_test,factual_world,Past behavior suggests the course preference may be 10:30.,world_claim,inferred,0.85,1,1,0,0,0,inferred world belief,,,0.0019323134994396578,0.0017210897263002668,0.013532825957016695,0,0,0,0,0,0,ood_test,
PB-002852,naturalistic,education,ood_test,factual_world,A third-party message says the exam room is 11:00.,world_claim,third_party,0.85,1,1,0,0,0,third-party unsupported world claim,,,0.001915129714077391,0.0017097869272780929,0.01304361628029492,0,0,0,0,0,0,ood_test,
PB-002853,naturalistic,education,ood_test,factual_world,The connected record lists the assignment deadline as 12:30.,world_claim,tool_verified,0.95,1,1,0,0,1,tool evidence for world claim,,,0.002165976312055885,0.01594847501230486,0.2707620593863292,0,0,0,0,0,0,ood_test,
PB-002854,naturalistic,education,ood_test,factual_world,The primary source lists the office hour as 8:00.,world_claim,external_verified,0.95,1,1,0,0,1,external evidence for world claim,,,0.002459568459043609,0.004831136175145368,0.9925018546387054,0,0,1,0,0,1,ood_test,
PB-002855,naturalistic,education,ood_test,personal_state,I remember the course preference as 9:30.,personal_state,explicit_user,0.95,1,1,0,1,1,explicit personal-state evidence,,,0.00677368246605566,0.998445404671031,0.9856956385635515,0,1,1,0,1,1,ood_test,
PB-002856,naturalistic,education,ood_test,personal_state,The connected record lists the exam room as 10:00.,personal_state,tool_verified,0.95,1,1,0,1,1,tool personal-state evidence,,,0.003018096984847177,0.9974450528647395,0.9992491028908644,0,1,1,0,1,1,ood_test,
PB-002857,naturalistic,education,ood_test,personal_state,The primary source lists the assignment deadline as 11:30.,personal_state,external_verified,0.9,1,1,0,1,1,external personal-state evidence,,,0.002763521958089744,0.9809456008781217,0.9999949195875841,0,1,1,0,1,1,ood_test,
PB-002858,naturalistic,education,ood_test,factual_world,I remember the office hour as 12:00.,personal_state,explicit_user,0.95,1,1,0,1,0,personal state irrelevant as world evidence,,,0.004259629012905184,0.9778196804159288,0.04939888441921302,0,1,0,0,1,0,ood_test,
PB-002859,naturalistic,education,ood_test,recommendation,I prefer options related to course preference.,preference,explicit_user,0.95,1,1,0,1,0,preference personalization,,,0.00804532318437264,0.9913797409376136,0.007432625403903397,0,1,0,0,1,0,ood_test,
PB-002860,naturalistic,education,ood_test,planning,Any plan has to respect my constraint about exam room.,constraint,explicit_user,0.95,1,1,0,1,0,constraint personalization,,,0.007140225320407475,0.9957310951415115,0.006555234462364997,0,1,0,0,1,0,ood_test,
PB-002861,naturalistic,education,ood_test,planning,My current goal is to optimize around assignment deadline.,goal,explicit_user,0.95,1,1,0,1,0,goal personalization,,,0.006616580915093717,0.9930414972321352,0.006626393151476269,0,1,0,0,1,0,ood_test,
PB-002862,naturalistic,education,ood_test,style,Please keep the answer concise.,presentation,explicit_user,0.95,1,1,1,1,0,presentation personalization,,,0.9958049765073445,0.9942443898404192,0.010249667982878751,1,1,0,1,1,0,ood_test,
PB-002863,naturalistic,education,ood_test,personal_state,The connected record lists the course preference as 12:30.,personal_state,tool_verified,0.95,0,1,0,0,0,stale evidence,,,0.0005096324052573957,0.018816877494886624,0.9957808373827544,0,0,1,0,0,0,ood_test,
PB-002864,naturalistic,education,ood_test,factual_world,The primary source lists the exam room as 8:00.,world_claim,external_verified,0.35,1,1,0,0,0,low-confidence evidence,,,0.0003493213977358459,1.7386412729039213e-07,0.35900556361208585,0,0,0,0,0,0,ood_test,
PB-002865,naturalistic,education,ood_test,factual_world,The primary source lists the assignment deadline as 9:30.,world_claim,external_verified,0.95,1,0,0,0,0,irrelevant evidence,,,0.0005849879049741924,0.00025689352628279096,0.9188051317950876,0,0,1,0,0,0,ood_test,
PB-002866,naturalistic,education,ood_test,recommendation,I prefer options related to office hour.,preference,explicit_user,0.95,0,1,0,0,0,stale preference,,,0.0013739459262612382,0.005866719231799788,0.0012991662257460276,0,0,0,0,0,0,ood_test,
PB-002867,naturalistic,education,ood_test,planning,My current goal is to optimize around course preference.,goal,explicit_user,0.35,1,1,0,0,0,low-confidence goal,,,0.0009428492613977417,0.005070778502949838,2.8231637465378733e-05,0,0,0,0,0,0,ood_test,
PB-002868,naturalistic,education,ood_test,factual_world,I remember the exam room as 12:00.,world_claim,explicit_user,0.95,1,0,0,0,0,irrelevant unsupported claim,,,0.0011890602679844428,0.0013051936347027047,0.0022483812366931814,0,0,0,0,0,0,ood_test,
PB-002869,naturalistic,education,ood_test,factual_world,I remember the course preference as 10:30.,world_claim,explicit_user,0.95,1,1,0,0,0,unsupported user world belief,,,0.00493596669583397,0.026116737822054432,0.019337231153139456,0,0,0,0,0,0,ood_test,
PB-002870,naturalistic,education,ood_test,factual_world,Past behavior suggests the exam room may be 11:00.,world_claim,inferred,0.85,1,1,0,0,0,inferred world belief,,,0.0019464201823613356,0.0016940237631878226,0.013068870085579082,0,0,0,0,0,0,ood_test,
PB-002871,naturalistic,education,ood_test,factual_world,A third-party message says the assignment deadline is 12:30.,world_claim,third_party,0.85,1,1,0,0,0,third-party unsupported world claim,,,0.001905744330768958,0.0017387026816501894,0.013526878259863486,0,0,0,0,0,0,ood_test,
PB-002872,naturalistic,education,ood_test,factual_world,The connected record lists the office hour as 8:00.,world_claim,tool_verified,0.95,1,1,0,0,1,tool evidence for world claim,,,0.002238057296975072,0.016419588988013514,0.28577398024334594,0,0,0,0,0,0,ood_test,
PB-002873,naturalistic,education,ood_test,factual_world,The primary source lists the course preference as 9:30.,world_claim,external_verified,0.95,1,1,0,0,1,external evidence for world claim,,,0.0024100998255886254,0.004994688999459905,0.9903807090951883,0,0,1,0,0,1,ood_test,
PB-002874,naturalistic,education,ood_test,personal_state,I remember the exam room as 10:00.,personal_state,explicit_user,0.95,1,1,0,1,1,explicit personal-state evidence,,,0.0067143026966881595,0.9983827060421255,0.986083091454541,0,1,1,0,1,1,ood_test,
PB-002875,naturalistic,education,ood_test,personal_state,The connected record lists the assignment deadline as 11:30.,personal_state,tool_verified,0.95,1,1,0,1,1,tool personal-state evidence,,,0.00297311676091346,0.9974345834320831,0.9992197810763677,0,1,1,0,1,1,ood_test,
PB-002876,naturalistic,education,ood_test,personal_state,The primary source lists the office hour as 12:00.,personal_state,external_verified,0.9,1,1,0,1,1,external personal-state evidence,,,0.002812157522557451,0.9803868801584799,0.9999957857908176,0,1,1,0,1,1,ood_test,
PB-002877,naturalistic,education,ood_test,factual_world,I remember the course preference as 8:30.,personal_state,explicit_user,0.95,1,1,0,1,0,personal state irrelevant as world evidence,,,0.004297432995876491,0.9787198551848196,0.04814120870440045,0,1,0,0,1,0,ood_test,
PB-002878,naturalistic,education,ood_test,recommendation,I prefer options related to exam room.,preference,explicit_user,0.95,1,1,0,1,0,preference personalization,,,0.007974114008684694,0.9916786327868493,0.007005896851868464,0,1,0,0,1,0,ood_test,
PB-002879,naturalistic,education,ood_test,planning,Any plan has to respect my constraint about assignment deadline.,constraint,explicit_user,0.95,1,1,0,1,0,constraint personalization,,,0.007093965858806547,0.995659577008397,0.006696088639042042,0,1,0,0,1,0,ood_test,
PB-002880,naturalistic,education,ood_test,planning,My current goal is to optimize around office hour.,goal,explicit_user,0.95,1,1,0,1,0,goal personalization,,,0.006628833769692117,0.9931503253015883,0.006400387651834291,0,1,0,0,1,0,ood_test,
PB-002881,naturalistic,education,ood_test,style,Use a technical but plain style.,presentation,explicit_user,0.95,1,1,1,1,0,presentation personalization,,,0.9953924054507183,0.9941594830338857,0.010016937534676534,1,1,0,1,1,0,ood_test,
PB-002882,naturalistic,education,ood_test,personal_state,The connected record lists the exam room as 8:00.,personal_state,tool_verified,0.95,0,1,0,0,0,stale evidence,,,0.0005272348751312055,0.019451077697663216,0.9960896112900395,0,0,1,0,0,0,ood_test,
PB-002883,naturalistic,education,ood_test,factual_world,The primary source lists the assignment deadline as 9:30.,world_claim,external_verified,0.35,1,1,0,0,0,low-confidence evidence,,,0.000342705677054421,1.8065359963223397e-07,0.30347502349175487,0,0,0,0,0,0,ood_test,
PB-002884,naturalistic,education,ood_test,factual_world,The primary source lists the office hour as 10:00.,world_claim,external_verified,0.95,1,0,0,0,0,irrelevant evidence,,,0.0005841466222506417,0.00024942444881657607,0.9225689450811356,0,0,1,0,0,0,ood_test,
PB-002885,naturalistic,education,ood_test,recommendation,I prefer options related to course preference.,preference,explicit_user,0.95,0,1,0,0,0,stale preference,,,0.0013862976864178855,0.005662756035352685,0.001378780965321711,0,0,0,0,0,0,ood_test,
PB-002886,naturalistic,education,ood_test,planning,My current goal is to optimize around exam room.,goal,explicit_user,0.35,1,1,0,0,0,low-confidence goal,,,0.0009448515000387143,0.0051659860506831435,2.7255394708792112e-05,0,0,0,0,0,0,ood_test,
PB-002887,naturalistic,education,ood_test,factual_world,I remember the assignment deadline as 8:30.,world_claim,explicit_user,0.95,1,0,0,0,0,irrelevant unsupported claim,,,0.001202329083348818,0.001371592202451366,0.002193958181200406,0,0,0,0,0,0,ood_test,
PB-002888,naturalistic,education,ood_test,factual_world,I remember the exam room as 11:00.,world_claim,explicit_user,0.95,1,1,0,0,0,unsupported user world belief,,,0.004894426917188693,0.025011683378954153,0.02006613185644051,0,0,0,0,0,0,ood_test,
PB-002889,naturalistic,education,ood_test,factual_world,Past behavior suggests the assignment deadline may be 12:30.,world_claim,inferred,0.85,1,1,0,0,0,inferred world belief,,,0.0019327691630356327,0.0017238570967878853,0.013535889429588409,0,0,0,0,0,0,ood_test,
PB-002890,naturalistic,education,ood_test,factual_world,A third-party message says the office hour is 8:00.,world_claim,third_party,0.85,1,1,0,0,0,third-party unsupported world claim,,,0.0019689785121628023,0.0017484242002186704,0.011979849738304675,0,0,0,0,0,0,ood_test,
PB-002891,naturalistic,education,ood_test,factual_world,The connected record lists the course preference as 9:30.,world_claim,tool_verified,0.95,1,1,0,0,1,tool evidence for world claim,,,0.00219998195559133,0.01629336041730014,0.2741712199528414,0,0,0,0,0,0,ood_test,
PB-002892,naturalistic,education,ood_test,factual_world,The primary source lists the exam room as 10:00.,world_claim,external_verified,0.95,1,1,0,0,1,external evidence for world claim,,,0.0024096197449036145,0.004873601336568184,0.9908608244038773,0,0,1,0,0,1,ood_test,
PB-002893,naturalistic,education,ood_test,personal_state,I remember the assignment deadline as 11:30.,personal_state,explicit_user,0.95,1,1,0,1,1,explicit personal-state evidence,,,0.006781019622708428,0.9984553501508835,0.9855552428732007,0,1,1,0,1,1,ood_test,
PB-002894,naturalistic,education,ood_test,personal_state,The connected record lists the office hour as 12:00.,personal_state,tool_verified,0.95,1,1,0,1,1,tool personal-state evidence,,,0.00301807928152911,0.9974405111000174,0.9992487424611548,0,1,1,0,1,1,ood_test,
PB-002895,naturalistic,education,ood_test,personal_state,The primary source lists the course preference as 8:30.,personal_state,external_verified,0.9,1,1,0,1,1,external personal-state evidence,,,0.002812734078863502,0.9808889553541055,0.9999955643839312,0,1,1,0,1,1,ood_test,
PB-002896,naturalistic,education,ood_test,factual_world,I remember the exam room as 9:00.,personal_state,explicit_user,0.95,1,1,0,1,0,personal state irrelevant as world evidence,,,0.004151915941241462,0.9769389604943443,0.05285960929422446,0,1,0,0,1,0,ood_test,
PB-002897,naturalistic,education,ood_test,recommendation,I prefer options related to assignment deadline.,preference,explicit_user,0.95,1,1,0,1,0,preference personalization,,,0.008048034414888206,0.9914111116581291,0.0074300979510720155,0,1,0,0,1,0,ood_test,
PB-002898,naturalistic,education,ood_test,planning,Any plan has to respect my constraint about office hour.,constraint,explicit_user,0.95,1,1,0,1,0,constraint personalization,,,0.007140225320407475,0.9957310951415115,0.006555234462364997,0,1,0,0,1,0,ood_test,
PB-002899,naturalistic,education,ood_test,planning,My current goal is to optimize around course preference.,goal,explicit_user,0.95,1,1,0,1,0,goal personalization,,,0.006614866332286012,0.9930219519414545,0.006628125780604092,0,1,0,0,1,0,ood_test,
PB-002900,naturalistic,education,ood_test,style,"Give me the answer first, then the rationale.",presentation,explicit_user,0.95,1,1,1,1,0,presentation personalization,,,0.9963705637368209,0.994432367111807,0.010125644873073313,1,1,0,1,1,0,ood_test,
PB-002901,naturalistic,education,ood_test,personal_state,The connected record lists the assignment deadline as 9:30.,personal_state,tool_verified,0.95,0,1,0,0,0,stale evidence,,,0.000518905355347822,0.019388078439488206,0.9958654502259753,0,0,1,0,0,0,ood_test,
PB-002902,naturalistic,education,ood_test,factual_world,The primary source lists the office hour as 10:00.,world_claim,external_verified,0.35,1,1,0,0,0,low-confidence evidence,,,0.00034221270590710994,1.7539985832819354e-07,0.31448108358410853,0,0,0,0,0,0,ood_test,
PB-002903,naturalistic,education,ood_test,factual_world,The primary source lists the course preference as 11:30.,world_claim,external_verified,0.95,1,0,0,0,0,irrelevant evidence,,,0.0005733612604271112,0.00025528746825354963,0.9080424633034007,0,0,1,0,0,0,ood_test,
PB-002904,naturalistic,education,ood_test,recommendation,I prefer options related to exam room.,preference,explicit_user,0.95,0,1,0,0,0,stale preference,,,0.0013739459262612382,0.005866719231799788,0.0012991662257460276,0,0,0,0,0,0,ood_test,
PB-002905,naturalistic,education,ood_test,planning,My current goal is to optimize around assignment deadline.,goal,explicit_user,0.35,1,1,0,0,0,low-confidence goal,,,0.0009430950450402368,0.0050850486378315315,2.822420853884506e-05,0,0,0,0,0,0,ood_test,
PB-002906,naturalistic,education,ood_test,factual_world,I remember the office hour as 9:00.,world_claim,explicit_user,0.95,1,0,0,0,0,irrelevant unsupported claim,,,0.0011589021793548654,0.0012542804757109498,0.0024142848137020455,0,0,0,0,0,0,ood_test,
PB-002907,naturalistic,education,ood_test,factual_world,I remember the assignment deadline as 12:30.,world_claim,explicit_user,0.95,1,1,0,0,0,unsupported user world belief,,,0.00494554707595718,0.026240459284367555,0.01940466206289132,0,0,0,0,0,0,ood_test,
PB-002908,naturalistic,education,ood_test,factual_world,Past behavior suggests the office hour may be 8:00.,world_claim,inferred,0.85,1,1,0,0,0,inferred world belief,,,0.0020031771161055736,0.0017305111945185364,0.012037859261727752,0,0,0,0,0,0,ood_test,
PB-002909,naturalistic,education,ood_test,factual_world,A third-party message says the course preference is 9:30.,world_claim,third_party,0.85,1,1,0,0,0,third-party unsupported world claim,,,0.001955267335417503,0.0017756872223249301,0.0126905442195618,0,0,0,0,0,0,ood_test,
PB-002910,naturalistic,education,ood_test,factual_world,The connected record lists the exam room as 10:00.,world_claim,tool_verified,0.95,1,1,0,0,1,tool evidence for world claim,,,0.002198409141110738,0.01600850727837224,0.27818791482218086,0,0,0,0,0,0,ood_test,
PB-002911,naturalistic,education,ood_test,factual_world,The primary source lists the assignment deadline as 11:30.,world_claim,external_verified,0.95,1,1,0,0,1,external evidence for world claim,,,0.002367915540925367,0.005009750830537691,0.9889977504636414,0,0,1,0,0,1,ood_test,
PB-002912,naturalistic,education,ood_test,personal_state,I remember the office hour as 12:00.,personal_state,explicit_user,0.95,1,1,0,1,1,explicit personal-state evidence,,,0.006714242114141537,0.9983782608647377,0.9860729122469423,0,1,1,0,1,1,ood_test,
PB-002913,naturalistic,education,ood_test,personal_state,The connected record lists the course preference as 8:30.,personal_state,tool_verified,0.95,1,1,0,1,1,tool personal-state evidence,,,0.003020254455997945,0.9974903331980971,0.9992338739251667,0,1,1,0,1,1,ood_test,
PB-002914,naturalistic,education,ood_test,personal_state,The primary source lists the exam room as 9:00.,personal_state,external_verified,0.9,1,1,0,1,1,external personal-state evidence,,,0.002870443223826947,0.9802515652130507,0.9999965498655604,0,1,1,0,1,1,ood_test,
PB-002915,naturalistic,education,ood_test,factual_world,I remember the assignment deadline as 10:30.,personal_state,explicit_user,0.95,1,1,0,1,0,personal state irrelevant as world evidence,,,0.0043024828191994624,0.9788878455826603,0.04769890203557457,0,1,0,0,1,0,ood_test,
PB-002916,naturalistic,education,ood_test,recommendation,I prefer options related to office hour.,preference,explicit_user,0.95,1,1,0,1,0,preference personalization,,,0.007974114008684694,0.9916786327868493,0.007005896851868464,0,1,0,0,1,0,ood_test,
PB-002917,naturalistic,education,ood_test,planning,Any plan has to respect my constraint about course preference.,constraint,explicit_user,0.95,1,1,0,1,0,constraint personalization,,,0.007092546826115374,0.9956501398548986,0.006697440651648749,0,1,0,0,1,0,ood_test,
PB-002918,naturalistic,education,ood_test,planning,My current goal is to optimize around exam room.,goal,explicit_user,0.95,1,1,0,1,0,goal personalization,,,0.006628833769692117,0.9931503253015883,0.006400387651834291,0,1,0,0,1,0,ood_test,
PB-002919,naturalistic,education,ood_test,style,Please keep the answer concise.,presentation,explicit_user,0.95,1,1,1,1,0,presentation personalization,,,0.9958049765073445,0.9942443898404192,0.010249667982878751,1,1,0,1,1,0,ood_test,
PB-002920,naturalistic,education,ood_test,personal_state,The connected record lists the office hour as 10:00.,personal_state,tool_verified,0.95,0,1,0,0,0,stale evidence,,,0.0005178789495464744,0.01896556292360856,0.9959409163596585,0,0,1,0,0,0,ood_test,
PB-002921,naturalistic,education,ood_test,factual_world,The primary source lists the course preference as 11:30.,world_claim,external_verified,0.35,1,1,0,0,0,low-confidence evidence,,,0.0003358927775097587,1.7952389346812244e-07,0.2754664710546902,0,0,0,0,0,0,ood_test,
PB-002922,naturalistic,education,ood_test,factual_world,The primary source lists the exam room as 12:00.,world_claim,external_verified,0.95,1,0,0,0,0,irrelevant evidence,,,0.0005841431874439256,0.0002489808266094017,0.9225346316305212,0,0,1,0,0,0,ood_test,
PB-002923,naturalistic,education,ood_test,recommendation,I prefer options related to assignment deadline.,preference,explicit_user,0.95,0,1,0,0,0,stale preference,,,0.0013867679984849112,0.005683500393161637,0.0013783092543408356,0,0,0,0,0,0,ood_test,
PB-002924,naturalistic,education,ood_test,planning,My current goal is to optimize around office hour.,goal,explicit_user,0.35,1,1,0,0,0,low-confidence goal,,,0.0009448515000387143,0.0051659860506831435,2.7255394708792112e-05,0,0,0,0,0,0,ood_test,
PB-002925,naturalistic,education,ood_test,factual_world,I remember the course preference as 10:30.,world_claim,explicit_user,0.95,1,0,0,0,0,irrelevant unsupported claim,,,0.0011988906765184693,0.0013642524444194087,0.002162283010790097,0,0,0,0,0,0,ood_test,
PB-002926,naturalistic,education,ood_test,factual_world,I remember the office hour as 8:00.,world_claim,explicit_user,0.95,1,1,0,0,0,unsupported user world belief,,,0.004771925118610746,0.024059547002630074,0.021547651445504808,0,0,0,0,0,0,ood_test,
PB-002927,naturalistic,education,ood_test,factual_world,Past behavior suggests the course preference may be 9:30.,world_claim,inferred,0.85,1,1,0,0,0,inferred world belief,,,0.001982536159061827,0.0017571370979945669,0.01266551436827082,0,0,0,0,0,0,ood_test,
PB-002928,naturalistic,education,ood_test,factual_world,A third-party message says the exam room is 10:00.,world_claim,third_party,0.85,1,1,0,0,0,third-party unsupported world claim,,,0.0019153398724760544,0.0017115807668020369,0.013056211915727646,0,0,0,0,0,0,ood_test,
PB-002929,naturalistic,education,ood_test,factual_world,The connected record lists the assignment deadline as 11:30.,world_claim,tool_verified,0.95,1,1,0,0,1,tool evidence for world claim,,,0.0021656186034061243,0.015944053719908962,0.2705560480168699,0,0,0,0,0,0,ood_test,
PB-002930,naturalistic,education,ood_test,factual_world,The primary source lists the office hour as 12:00.,world_claim,external_verified,0.95,1,1,0,0,1,external evidence for world claim,,,0.0024096056021176188,0.004864973251564613,0.990856474453404,0,0,1,0,0,1,ood_test,
PB-002931,naturalistic,education,ood_test,personal_state,I remember the course preference as 8:30.,personal_state,explicit_user,0.95,1,1,0,1,1,explicit personal-state evidence,,,0.00677368246605566,0.998445404671031,0.9856956385635515,0,1,1,0,1,1,ood_test,
PB-002932,naturalistic,education,ood_test,personal_state,The connected record lists the exam room as 9:00.,personal_state,tool_verified,0.95,1,1,0,1,1,tool personal-state evidence,,,0.003072482633303792,0.9975098974416032,0.9992766982432085,0,1,1,0,1,1,ood_test,
PB-002933,naturalistic,education,ood_test,personal_state,The primary source lists the assignment deadline as 10:30.,personal_state,external_verified,0.9,1,1,0,1,1,external personal-state evidence,,,0.002763700847248995,0.9809682216745643,0.9999949203789975,0,1,1,0,1,1,ood_test,
PB-002934,naturalistic,education,ood_test,factual_world,I remember the office hour as 11:00.,personal_state,explicit_user,0.95,1,1,0,1,0,personal state irrelevant as world evidence,,,0.004258569368620562,0.9778185297851704,0.04933376844528708,0,1,0,0,1,0,ood_test,
PB-002935,naturalistic,education,ood_test,recommendation,I prefer options related to course preference.,preference,explicit_user,0.95,1,1,0,1,0,preference personalization,,,0.00804532318437264,0.9913797409376136,0.007432625403903397,0,1,0,0,1,0,ood_test,
PB-002936,naturalistic,education,ood_test,planning,Any plan has to respect my constraint about exam room.,constraint,explicit_user,0.95,1,1,0,1,0,constraint personalization,,,0.007140225320407475,0.9957310951415115,0.006555234462364997,0,1,0,0,1,0,ood_test,
PB-002937,naturalistic,education,ood_test,planning,My current goal is to optimize around assignment deadline.,goal,explicit_user,0.95,1,1,0,1,0,goal personalization,,,0.006616580915093717,0.9930414972321352,0.006626393151476269,0,1,0,0,1,0,ood_test,
PB-002938,naturalistic,education,ood_test,style,Use a technical but plain style.,presentation,explicit_user,0.95,1,1,1,1,0,presentation personalization,,,0.9953924054507183,0.9941594830338857,0.010016937534676534,1,1,0,1,1,0,ood_test,
PB-002939,naturalistic,education,ood_test,personal_state,The connected record lists the course preference as 11:30.,personal_state,tool_verified,0.95,0,1,0,0,0,stale evidence,,,0.0005095480306856807,0.018811671918588742,0.9957764469064357,0,0,1,0,0,0,ood_test,
PB-002940,naturalistic,education,ood_test,factual_world,The primary source lists the exam room as 12:00.,world_claim,external_verified,0.35,1,1,0,0,0,low-confidence evidence,,,0.00034221069319489446,1.7508781739807847e-07,0.3143775604236985,0,0,0,0,0,0,ood_test,
PB-002941,naturalistic,education,ood_test,factual_world,The primary source lists the assignment deadline as 8:30.,world_claim,external_verified,0.95,1,0,0,0,0,irrelevant evidence,,,0.0005849879049741924,0.00025689352628279096,0.9188051317950876,0,0,1,0,0,0,ood_test,
PB-002942,naturalistic,education,ood_test,recommendation,I prefer options related to office hour.,preference,explicit_user,0.95,0,1,0,0,0,stale preference,,,0.0013739459262612382,0.005866719231799788,0.0012991662257460276,0,0,0,0,0,0,ood_test,
PB-002943,naturalistic,education,ood_test,planning,My current goal is to optimize around course preference.,goal,explicit_user,0.35,1,1,0,0,0,low-confidence goal,,,0.0009428492613977417,0.005070778502949838,2.8231637465378733e-05,0,0,0,0,0,0,ood_test,
PB-002944,naturalistic,education,ood_test,factual_world,I remember the exam room as 11:00.,world_claim,explicit_user,0.95,1,0,0,0,0,irrelevant unsupported claim,,,0.0011887635601368588,0.001305124484310842,0.002245270694627555,0,0,0,0,0,0,ood_test,
PB-002945,naturalistic,education,ood_test,factual_world,I remember the course preference as 9:30.,world_claim,explicit_user,0.95,1,1,0,0,0,unsupported user world belief,,,0.0049390645858654264,0.026066849500112982,0.019566505743274183,0,0,0,0,0,0,ood_test,
PB-002946,naturalistic,education,ood_test,factual_world,Past behavior suggests the exam room may be 10:00.,world_claim,inferred,0.85,1,1,0,0,0,inferred world belief,,,0.0019466545644054253,0.0016957867607895224,0.013083025566676152,0,0,0,0,0,0,ood_test,
PB-002947,naturalistic,education,ood_test,factual_world,A third-party message says the assignment deadline is 11:30.,world_claim,third_party,0.85,1,1,0,0,0,third-party unsupported world claim,,,0.001905608098041719,0.0017384620692172507,0.013521753610427928,0,0,0,0,0,0,ood_test,
PB-002948,naturalistic,education,ood_test,factual_world,The connected record lists the office hour as 12:00.,world_claim,tool_verified,0.95,1,1,0,0,1,tool evidence for world claim,,,0.0021983962352517196,0.01598048283781316,0.27809149232144054,0,0,0,0,0,0,ood_test,
PB-002949,naturalistic,education,ood_test,factual_world,The primary source lists the course preference as 8:30.,world_claim,external_verified,0.95,1,1,0,0,1,external evidence for world claim,,,0.0024100998255886254,0.004994688999459905,0.9903807090951883,0,0,1,0,0,1,ood_test,
PB-002950,naturalistic,education,ood_test,personal_state,I remember the exam room as 9:00.,personal_state,explicit_user,0.95,1,1,0,1,1,explicit personal-state evidence,,,0.006544867313137611,0.9983124572003871,0.9870196526648923,0,1,1,0,1,1,ood_test,
PB-002951,naturalistic,education,ood_test,personal_state,The connected record lists the assignment deadline as 10:30.,personal_state,tool_verified,0.95,1,1,0,1,1,tool personal-state evidence,,,0.0029733091771760698,0.9974376801479601,0.9992199025226315,0,1,1,0,1,1,ood_test,
PB-002952,naturalistic,education,ood_test,personal_state,The primary source lists the office hour as 11:00.,personal_state,external_verified,0.9,1,1,0,1,1,external personal-state evidence,,,0.0028117037494229287,0.9803862194485395,0.999995782001909,0,1,1,0,1,1,ood_test,
PB-002953,naturalistic,education,ood_test,factual_world,I remember the course preference as 12:30.,personal_state,explicit_user,0.95,1,1,0,1,0,personal state irrelevant as world evidence,,,0.004295329852497436,0.9787340219985602,0.0476489487511083,0,1,0,0,1,0,ood_test,
PB-002954,naturalistic,education,ood_test,recommendation,I prefer options related to exam room.,preference,explicit_user,0.95,1,1,0,1,0,preference personalization,,,0.007974114008684694,0.9916786327868493,0.007005896851868464,0,1,0,0,1,0,ood_test,
PB-002955,naturalistic,education,ood_test,planning,Any plan has to respect my constraint about assignment deadline.,constraint,explicit_user,0.95,1,1,0,1,0,constraint personalization,,,0.007093965858806547,0.995659577008397,0.006696088639042042,0,1,0,0,1,0,ood_test,
PB-002956,naturalistic,education,ood_test,planning,My current goal is to optimize around office hour.,goal,explicit_user,0.95,1,1,0,1,0,goal personalization,,,0.006628833769692117,0.9931503253015883,0.006400387651834291,0,1,0,0,1,0,ood_test,
PB-002957,naturalistic,education,ood_test,style,"Give me the answer first, then the rationale.",presentation,explicit_user,0.95,1,1,1,1,0,presentation personalization,,,0.9963705637368209,0.994432367111807,0.010125644873073313,1,1,0,1,1,0,ood_test,
PB-002958,naturalistic,education,ood_test,personal_state,The connected record lists the exam room as 12:00.,personal_state,tool_verified,0.95,0,1,0,0,0,stale evidence,,,0.0005178759041945502,0.018932461471555508,0.9959389744578441,0,0,1,0,0,0,ood_test,
PB-002959,naturalistic,education,ood_test,factual_world,The primary source lists the assignment deadline as 8:30.,world_claim,external_verified,0.35,1,1,0,0,0,low-confidence evidence,,,0.000342705677054421,1.8065359963223397e-07,0.30347502349175487,0,0,0,0,0,0,ood_test,
PB-002960,naturalistic,education,ood_test,factual_world,The primary source lists the office hour as 9:00.,world_claim,external_verified,0.95,1,0,0,0,0,irrelevant evidence,,,0.0005962779440828854,0.0002472411276187585,0.9356764218266029,0,0,1,0,0,0,ood_test,
PB-002961,naturalistic,education,ood_test,recommendation,I prefer options related to course preference.,preference,explicit_user,0.95,0,1,0,0,0,stale preference,,,0.0013862976864178855,0.005662756035352685,0.001378780965321711,0,0,0,0,0,0,ood_test,
PB-002962,naturalistic,education,ood_test,planning,My current goal is to optimize around exam room.,goal,explicit_user,0.35,1,1,0,0,0,low-confidence goal,,,0.0009448515000387143,0.0051659860506831435,2.7255394708792112e-05,0,0,0,0,0,0,ood_test,
PB-002963,naturalistic,education,ood_test,factual_world,I remember the assignment deadline as 12:30.,world_claim,explicit_user,0.95,1,0,0,0,0,irrelevant unsupported claim,,,0.0012012263990812118,0.001370880304868558,0.002169955636602043,0,0,0,0,0,0,ood_test,
PB-002964,naturalistic,education,ood_test,factual_world,I remember the exam room as 10:00.,world_claim,explicit_user,0.95,1,1,0,0,0,unsupported user world belief,,,0.00489568825592525,0.02508011063957411,0.020108038544180525,0,0,0,0,0,0,ood_test,
PB-002965,naturalistic,education,ood_test,factual_world,Past behavior suggests the assignment deadline may be 11:30.,world_claim,inferred,0.85,1,1,0,0,0,inferred world belief,,,0.001932611534575638,0.001723602343707334,0.01352915762880066,0,0,0,0,0,0,ood_test,
PB-002966,naturalistic,education,ood_test,factual_world,A third-party message says the office hour is 12:00.,world_claim,third_party,0.85,1,1,0,0,0,third-party unsupported world claim,,,0.0019152475380020868,0.001709629762819204,0.013046237554126554,0,0,0,0,0,0,ood_test,
PB-002967,naturalistic,education,ood_test,factual_world,The connected record lists the course preference as 8:30.,world_claim,tool_verified,0.95,1,1,0,0,1,tool evidence for world claim,,,0.00219998195559133,0.01629336041730014,0.2741712199528414,0,0,0,0,0,0,ood_test,
PB-002968,naturalistic,education,ood_test,factual_world,The primary source lists the exam room as 9:00.,world_claim,external_verified,0.95,1,1,0,0,1,external evidence for world claim,,,0.002459568459043609,0.004831136175145368,0.9925018546387054,0,0,1,0,0,1,ood_test,
PB-002969,naturalistic,education,ood_test,personal_state,I remember the assignment deadline as 10:30.,personal_state,explicit_user,0.95,1,1,0,1,1,explicit personal-state evidence,,,0.006781622259905827,0.9984579223574885,0.9855582997236547,0,1,1,0,1,1,ood_test,
PB-002970,naturalistic,education,ood_test,personal_state,The connected record lists the office hour as 11:00.,personal_state,tool_verified,0.95,1,1,0,1,1,tool personal-state evidence,,,0.0030175923811615072,0.9974404233782899,0.9992480675260474,0,1,1,0,1,1,ood_test,
PB-002971,naturalistic,education,ood_test,personal_state,The primary source lists the course preference as 12:30.,personal_state,external_verified,0.9,1,1,0,1,1,external personal-state evidence,,,0.002760821258615479,0.9808675424803734,0.9999949228690497,0,1,1,0,1,1,ood_test,
PB-002972,naturalistic,education,ood_test,factual_world,I remember the exam room as 8:00.,personal_state,explicit_user,0.95,1,1,0,1,0,personal state irrelevant as world evidence,,,0.004151915941241462,0.9769389604943443,0.05285960929422446,0,1,0,0,1,0,ood_test,
PB-002973,naturalistic,education,ood_test,recommendation,I prefer options related to assignment deadline.,preference,explicit_user,0.95,1,1,0,1,0,preference personalization,,,0.008048034414888206,0.9914111116581291,0.0074300979510720155,0,1,0,0,1,0,ood_test,
PB-002974,naturalistic,education,ood_test,planning,Any plan has to respect my constraint about office hour.,constraint,explicit_user,0.95,1,1,0,1,0,constraint personalization,,,0.007140225320407475,0.9957310951415115,0.006555234462364997,0,1,0,0,1,0,ood_test,
PB-002975,naturalistic,education,ood_test,planning,My current goal is to optimize around course preference.,goal,explicit_user,0.95,1,1,0,1,0,goal personalization,,,0.006614866332286012,0.9930219519414545,0.006628125780604092,0,1,0,0,1,0,ood_test,
PB-002976,naturalistic,education,ood_test,style,Please keep the answer concise.,presentation,explicit_user,0.95,1,1,1,1,0,presentation personalization,,,0.9958049765073445,0.9942443898404192,0.010249667982878751,1,1,0,1,1,0,ood_test,
PB-002977,naturalistic,education,ood_test,personal_state,The connected record lists the assignment deadline as 8:30.,personal_state,tool_verified,0.95,0,1,0,0,0,stale evidence,,,0.000518905355347822,0.019388078439488206,0.9958654502259753,0,0,1,0,0,0,ood_test,
PB-002978,naturalistic,education,ood_test,factual_world,The primary source lists the office hour as 9:00.,world_claim,external_verified,0.35,1,1,0,0,0,low-confidence evidence,,,0.0003493213977358459,1.7386412729039213e-07,0.35900556361208585,0,0,0,0,0,0,ood_test,
PB-002979,naturalistic,education,ood_test,factual_world,The primary source lists the course preference as 10:30.,world_claim,external_verified,0.95,1,0,0,0,0,irrelevant evidence,,,0.0005733984876756277,0.00025559696846015503,0.908055481923091,0,0,1,0,0,0,ood_test,
PB-002980,naturalistic,education,ood_test,recommendation,I prefer options related to exam room.,preference,explicit_user,0.95,0,1,0,0,0,stale preference,,,0.0013739459262612382,0.005866719231799788,0.0012991662257460276,0,0,0,0,0,0,ood_test,
PB-002981,naturalistic,education,ood_test,planning,My current goal is to optimize around assignment deadline.,goal,explicit_user,0.35,1,1,0,0,0,low-confidence goal,,,0.0009430950450402368,0.0050850486378315315,2.822420853884506e-05,0,0,0,0,0,0,ood_test,
PB-002982,naturalistic,education,ood_test,factual_world,I remember the office hour as 8:00.,world_claim,explicit_user,0.95,1,0,0,0,0,irrelevant unsupported claim,,,0.0011589021793548654,0.0012542804757109498,0.0024142848137020455,0,0,0,0,0,0,ood_test,
PB-002983,naturalistic,education,ood_test,factual_world,I remember the assignment deadline as 11:30.,world_claim,explicit_user,0.95,1,1,0,0,0,unsupported user world belief,,,0.004944424403212932,0.026230537208500656,0.01937730801771843,0,0,0,0,0,0,ood_test,
PB-002984,naturalistic,education,ood_test,factual_world,Past behavior suggests the office hour may be 12:00.,world_claim,inferred,0.85,1,1,0,0,0,inferred world belief,,,0.0019465620309295256,0.0016938928883735882,0.013073272095879699,0,0,0,0,0,0,ood_test,
PB-002985,naturalistic,education,ood_test,factual_world,A third-party message says the course preference is 8:30.,world_claim,third_party,0.85,1,1,0,0,0,third-party unsupported world claim,,,0.001955267335417503,0.0017756872223249301,0.0126905442195618,0,0,0,0,0,0,ood_test,
PB-002986,naturalistic,education,ood_test,factual_world,The connected record lists the exam room as 9:00.,world_claim,tool_verified,0.95,1,1,0,0,1,tool evidence for world claim,,,0.002238057296975072,0.016419588988013514,0.28577398024334594,0,0,0,0,0,0,ood_test,
PB-002987,naturalistic,education,ood_test,factual_world,The primary source lists the assignment deadline as 10:30.,world_claim,external_verified,0.95,1,1,0,0,1,external evidence for world claim,,,0.0023680688823782877,0.005015790538109683,0.9889994455199993,0,0,1,0,0,1,ood_test,
PB-002988,naturalistic,education,ood_test,personal_state,I remember the office hour as 11:00.,personal_state,explicit_user,0.95,1,1,0,1,1,explicit personal-state evidence,,,0.006712575965740215,0.9983781749661559,0.9860538442149235,0,1,1,0,1,1,ood_test,
PB-002989,naturalistic,education,ood_test,personal_state,The connected record lists the course preference as 12:30.,personal_state,tool_verified,0.95,1,1,0,1,1,tool personal-state evidence,,,0.0029701560527122008,0.9974245271371229,0.9992193873376952,0,1,1,0,1,1,ood_test,
PB-002990,naturalistic,education,ood_test,personal_state,The primary source lists the exam room as 8:00.,personal_state,external_verified,0.9,1,1,0,1,1,external personal-state evidence,,,0.002870443223826947,0.9802515652130507,0.9999965498655604,0,1,1,0,1,1,ood_test,
PB-002991,naturalistic,education,ood_test,factual_world,I remember the assignment deadline as 9:30.,personal_state,explicit_user,0.95,1,1,0,1,0,personal state irrelevant as world evidence,,,0.004307014787723715,0.9788721139278178,0.04825836404106533,0,1,0,0,1,0,ood_test,
PB-002992,naturalistic,education,ood_test,recommendation,I prefer options related to office hour.,preference,explicit_user,0.95,1,1,0,1,0,preference personalization,,,0.007974114008684694,0.9916786327868493,0.007005896851868464,0,1,0,0,1,0,ood_test,
PB-002993,naturalistic,education,ood_test,planning,Any plan has to respect my constraint about course preference.,constraint,explicit_user,0.95,1,1,0,1,0,constraint personalization,,,0.007092546826115374,0.9956501398548986,0.006697440651648749,0,1,0,0,1,0,ood_test,
PB-002994,naturalistic,education,ood_test,planning,My current goal is to optimize around exam room.,goal,explicit_user,0.95,1,1,0,1,0,goal personalization,,,0.006628833769692117,0.9931503253015883,0.006400387651834291,0,1,0,0,1,0,ood_test,
PB-002995,naturalistic,education,ood_test,style,Use a technical but plain style.,presentation,explicit_user,0.95,1,1,1,1,0,presentation personalization,,,0.9953924054507183,0.9941594830338857,0.010016937534676534,1,1,0,1,1,0,ood_test,
PB-002996,naturalistic,education,ood_test,personal_state,The connected record lists the office hour as 9:00.,personal_state,tool_verified,0.95,0,1,0,0,0,stale evidence,,,0.0005272348751312055,0.019451077697663216,0.9960896112900395,0,0,1,0,0,0,ood_test,
PB-002997,naturalistic,education,ood_test,factual_world,The primary source lists the course preference as 10:30.,world_claim,external_verified,0.35,1,1,0,0,0,low-confidence evidence,,,0.0003359145915667156,1.7974159658450984e-07,0.2754975911931389,0,0,0,0,0,0,ood_test,
PB-002998,naturalistic,education,ood_test,factual_world,The primary source lists the exam room as 11:00.,world_claim,external_verified,0.95,1,0,0,0,0,irrelevant evidence,,,0.0005840487188271687,0.00024897227378015016,0.9224703835908682,0,0,1,0,0,0,ood_test,
PB-002999,naturalistic,education,ood_test,recommendation,I prefer options related to assignment deadline.,preference,explicit_user,0.95,0,1,0,0,0,stale preference,,,0.0013867679984849112,0.005683500393161637,0.0013783092543408356,0,0,0,0,0,0,ood_test,
PB-003000,naturalistic,education,ood_test,planning,My current goal is to optimize around office hour.,goal,explicit_user,0.35,1,1,0,0,0,low-confidence goal,,,0.0009448515000387143,0.0051659860506831435,2.7255394708792112e-05,0,0,0,0,0,0,ood_test,
PB-003001,naturalistic,education,ood_test,factual_world,I remember the course preference as 9:30.,world_claim,explicit_user,0.95,1,0,0,0,0,irrelevant unsupported claim,,,0.0011996459467541953,0.001361580337515325,0.0021883748439607553,0,0,0,0,0,0,ood_test,
PB-003002,naturalistic,education,ood_test,factual_world,I remember the office hour as 12:00.,world_claim,explicit_user,0.95,1,1,0,0,0,unsupported user world belief,,,0.004895644001695825,0.0250129771328619,0.020093433780821145,0,0,0,0,0,0,ood_test,
PB-003003,naturalistic,education,ood_test,factual_world,Past behavior suggests the course preference may be 8:30.,world_claim,inferred,0.85,1,1,0,0,0,inferred world belief,,,0.001982536159061827,0.0017571370979945669,0.01266551436827082,0,0,0,0,0,0,ood_test,
PB-003004,naturalistic,education,ood_test,factual_world,A third-party message says the exam room is 9:00.,world_claim,third_party,0.85,1,1,0,0,0,third-party unsupported world claim,,,0.0019689785121628023,0.0017484242002186704,0.011979849738304675,0,0,0,0,0,0,ood_test,
PB-003005,naturalistic,education,ood_test,factual_world,The connected record lists the assignment deadline as 10:30.,world_claim,tool_verified,0.95,1,1,0,0,1,tool evidence for world claim,,,0.0021657588729553463,0.015963064228953234,0.27058679518553613,0,0,0,0,0,0,ood_test,
PB-003006,naturalistic,education,ood_test,factual_world,The primary source lists the office hour as 11:00.,world_claim,external_verified,0.95,1,1,0,0,1,external evidence for world claim,,,0.0024092166283121654,0.0048648069047149915,0.9908483288976129,0,0,1,0,0,1,ood_test,
PB-003007,naturalistic,education,ood_test,personal_state,I remember the course preference as 12:30.,personal_state,explicit_user,0.95,1,1,0,1,1,explicit personal-state evidence,,,0.0067703756980913654,0.9984464604549915,0.9855426311240555,0,1,1,0,1,1,ood_test,
PB-003008,naturalistic,education,ood_test,personal_state,The connected record lists the exam room as 8:00.,personal_state,tool_verified,0.95,1,1,0,1,1,tool personal-state evidence,,,0.003072482633303792,0.9975098974416032,0.9992766982432085,0,1,1,0,1,1,ood_test,
PB-003009,naturalistic,education,ood_test,personal_state,The primary source lists the assignment deadline as 9:30.,personal_state,external_verified,0.9,1,1,0,1,1,external personal-state evidence,,,0.002816215047275799,0.980979650337404,0.9999955649731833,0,1,1,0,1,1,ood_test,
PB-003010,naturalistic,education,ood_test,factual_world,I remember the office hour as 10:00.,personal_state,explicit_user,0.95,1,1,0,1,0,personal state irrelevant as world evidence,,,0.004259667542480352,0.9778792279895713,0.04943371508029425,0,1,0,0,1,0,ood_test,
PB-003011,naturalistic,education,ood_test,recommendation,I prefer options related to course preference.,preference,explicit_user,0.95,1,1,0,1,0,preference personalization,,,0.00804532318437264,0.9913797409376136,0.007432625403903397,0,1,0,0,1,0,ood_test,
PB-003012,naturalistic,education,ood_test,planning,Any plan has to respect my constraint about exam room.,constraint,explicit_user,0.95,1,1,0,1,0,constraint personalization,,,0.007140225320407475,0.9957310951415115,0.006555234462364997,0,1,0,0,1,0,ood_test,
PB-003013,naturalistic,education,ood_test,planning,My current goal is to optimize around assignment deadline.,goal,explicit_user,0.95,1,1,0,1,0,goal personalization,,,0.006616580915093717,0.9930414972321352,0.006626393151476269,0,1,0,0,1,0,ood_test,
PB-003014,naturalistic,education,ood_test,style,"Give me the answer first, then the rationale.",presentation,explicit_user,0.95,1,1,1,1,0,presentation personalization,,,0.9963705637368209,0.994432367111807,0.010125644873073313,1,1,0,1,1,0,ood_test,
PB-003015,naturalistic,education,ood_test,personal_state,The connected record lists the course preference as 10:30.,personal_state,tool_verified,0.95,0,1,0,0,0,stale evidence,,,0.000509581116775951,0.01883405461105034,0.9957771026066419,0,0,1,0,0,0,ood_test,
PB-003016,naturalistic,education,ood_test,factual_world,The primary source lists the exam room as 11:00.,world_claim,external_verified,0.35,1,1,0,0,0,low-confidence evidence,,,0.00034215533691228927,1.7508180139719897e-07,0.3141838875525332,0,0,0,0,0,0,ood_test,
PB-003017,naturalistic,education,ood_test,factual_world,The primary source lists the assignment deadline as 12:30.,world_claim,external_verified,0.95,1,0,0,0,0,irrelevant evidence,,,0.0005741133608326767,0.0002564979277723189,0.9081627984186375,0,0,1,0,0,0,ood_test,
PB-003018,naturalistic,education,ood_test,recommendation,I prefer options related to office hour.,preference,explicit_user,0.95,0,1,0,0,0,stale preference,,,0.0013739459262612382,0.005866719231799788,0.0012991662257460276,0,0,0,0,0,0,ood_test,
PB-003019,naturalistic,education,ood_test,planning,My current goal is to optimize around course preference.,goal,explicit_user,0.35,1,1,0,0,0,low-confidence goal,,,0.0009428492613977417,0.005070778502949838,2.8231637465378733e-05,0,0,0,0,0,0,ood_test,
PB-003020,naturalistic,education,ood_test,factual_world,I remember the exam room as 10:00.,world_claim,explicit_user,0.95,1,0,0,0,0,irrelevant unsupported claim,,,0.0011890710565448785,0.0013087821201925288,0.0022500452386730358,0,0,0,0,0,0,ood_test,
PB-003021,naturalistic,education,ood_test,factual_world,I remember the course preference as 8:30.,world_claim,explicit_user,0.95,1,1,0,0,0,unsupported user world belief,,,0.0049390645858654264,0.026066849500112982,0.019566505743274183,0,0,0,0,0,0,ood_test,
PB-003022,naturalistic,education,ood_test,factual_world,Past behavior suggests the exam room may be 9:00.,world_claim,inferred,0.85,1,1,0,0,0,inferred world belief,,,0.0020031771161055736,0.0017305111945185364,0.012037859261727752,0,0,0,0,0,0,ood_test,
PB-003023,naturalistic,education,ood_test,factual_world,A third-party message says the assignment deadline is 10:30.,world_claim,third_party,0.85,1,1,0,0,0,third-party unsupported world claim,,,0.0019056487646015052,0.001739424767204128,0.013520545480463343,0,0,0,0,0,0,ood_test,
PB-003024,naturalistic,education,ood_test,factual_world,The connected record lists the office hour as 11:00.,world_claim,tool_verified,0.95,1,1,0,0,1,tool evidence for world claim,,,0.0021980412810779595,0.015979942524229424,0.2779111125088036,0,0,0,0,0,0,ood_test,
PB-003025,naturalistic,education,ood_test,factual_world,The primary source lists the course preference as 12:30.,world_claim,external_verified,0.95,1,1,0,0,1,external evidence for world claim,,,0.002365600537535368,0.004989018508280187,0.9890047787744495,0,0,1,0,0,1,ood_test,
PB-003026,naturalistic,education,ood_test,personal_state,I remember the exam room as 8:00.,personal_state,explicit_user,0.95,1,1,0,1,1,explicit personal-state evidence,,,0.006544867313137611,0.9983124572003871,0.9870196526648923,0,1,1,0,1,1,ood_test,
PB-003027,naturalistic,education,ood_test,personal_state,The connected record lists the assignment deadline as 9:30.,personal_state,tool_verified,0.95,1,1,0,1,1,tool personal-state evidence,,,0.003024063683759894,0.9975016662584544,0.9992350950388214,0,1,1,0,1,1,ood_test,
PB-003028,naturalistic,education,ood_test,personal_state,The primary source lists the office hour as 10:00.,personal_state,external_verified,0.9,1,1,0,1,1,external personal-state evidence,,,0.002812174021395699,0.9804210892647426,0.9999957878141731,0,1,1,0,1,1,ood_test,
PB-003029,naturalistic,education,ood_test,factual_world,I remember the course preference as 11:30.,personal_state,explicit_user,0.95,1,1,0,1,0,personal state irrelevant as world evidence,,,0.0042943526132669975,0.9787259241025404,0.04758360934096559,0,1,0,0,1,0,ood_test,
PB-003030,naturalistic,education,ood_test,recommendation,I prefer options related to exam room.,preference,explicit_user,0.95,1,1,0,1,0,preference personalization,,,0.007974114008684694,0.9916786327868493,0.007005896851868464,0,1,0,0,1,0,ood_test,
PB-003031,naturalistic,education,ood_test,planning,Any plan has to respect my constraint about assignment deadline.,constraint,explicit_user,0.95,1,1,0,1,0,constraint personalization,,,0.007093965858806547,0.995659577008397,0.006696088639042042,0,1,0,0,1,0,ood_test,
PB-003032,naturalistic,education,ood_test,planning,My current goal is to optimize around office hour.,goal,explicit_user,0.95,1,1,0,1,0,goal personalization,,,0.006628833769692117,0.9931503253015883,0.006400387651834291,0,1,0,0,1,0,ood_test,
PB-003033,naturalistic,education,ood_test,style,Please keep the answer concise.,presentation,explicit_user,0.95,1,1,1,1,0,presentation personalization,,,0.9958049765073445,0.9942443898404192,0.010249667982878751,1,1,0,1,1,0,ood_test,
PB-003034,naturalistic,education,ood_test,personal_state,The connected record lists the exam room as 11:00.,personal_state,tool_verified,0.95,0,1,0,0,0,stale evidence,,,0.0005177921468817224,0.018931823269338666,0.9959353380990975,0,0,1,0,0,0,ood_test,
PB-003035,naturalistic,education,ood_test,factual_world,The primary source lists the assignment deadline as 12:30.,world_claim,external_verified,0.35,1,1,0,0,0,low-confidence evidence,,,0.00033633348603909517,1.8037533408492397e-07,0.2757543581609149,0,0,0,0,0,0,ood_test,
PB-003036,naturalistic,education,ood_test,factual_world,The primary source lists the office hour as 8:00.,world_claim,external_verified,0.95,1,0,0,0,0,irrelevant evidence,,,0.0005962779440828854,0.0002472411276187585,0.9356764218266029,0,0,1,0,0,0,ood_test,
PB-003037,naturalistic,education,ood_test,recommendation,I prefer options related to course preference.,preference,explicit_user,0.95,0,1,0,0,0,stale preference,,,0.0013862976864178855,0.005662756035352685,0.001378780965321711,0,0,0,0,0,0,ood_test,
PB-003038,naturalistic,education,ood_test,planning,My current goal is to optimize around exam room.,goal,explicit_user,0.35,1,1,0,0,0,low-confidence goal,,,0.0009448515000387143,0.0051659860506831435,2.7255394708792112e-05,0,0,0,0,0,0,ood_test,
PB-003039,naturalistic,education,ood_test,factual_world,I remember the assignment deadline as 11:30.,world_claim,explicit_user,0.95,1,0,0,0,0,irrelevant unsupported claim,,,0.0012009526866710162,0.0013703487122348839,0.0021668430436962067,0,0,0,0,0,0,ood_test,
PB-003040,naturalistic,education,ood_test,factual_world,I remember the exam room as 9:00.,world_claim,explicit_user,0.95,1,1,0,0,0,unsupported user world belief,,,0.004771925118610746,0.024059547002630074,0.021547651445504808,0,0,0,0,0,0,ood_test,
PB-003041,naturalistic,education,ood_test,factual_world,Past behavior suggests the assignment deadline may be 10:30.,world_claim,inferred,0.85,1,1,0,0,0,inferred world belief,,,0.0019326741419344784,0.0017245602113989146,0.013529602388697364,0,0,0,0,0,0,ood_test,
PB-003042,naturalistic,education,ood_test,factual_world,A third-party message says the office hour is 11:00.,world_claim,third_party,0.85,1,1,0,0,0,third-party unsupported world claim,,,0.001915129714077391,0.0017097869272780929,0.01304361628029492,0,0,0,0,0,0,ood_test,
PB-003043,naturalistic,education,ood_test,factual_world,The connected record lists the course preference as 12:30.,world_claim,tool_verified,0.95,1,1,0,0,1,tool evidence for world claim,,,0.0021634602783123253,0.015882629132298345,0.27045641117586366,0,0,0,0,0,0,ood_test,
PB-003044,naturalistic,education,ood_test,factual_world,The primary source lists the exam room as 8:00.,world_claim,external_verified,0.95,1,1,0,0,1,external evidence for world claim,,,0.002459568459043609,0.004831136175145368,0.9925018546387054,0,0,1,0,0,1,ood_test,
PB-003045,naturalistic,education,ood_test,personal_state,I remember the assignment deadline as 9:30.,personal_state,explicit_user,0.95,1,1,0,1,1,explicit personal-state evidence,,,0.00678874779559139,0.9984567502932985,0.9857316005862092,0,1,1,0,1,1,ood_test,
PB-003046,naturalistic,education,ood_test,personal_state,The connected record lists the office hour as 10:00.,personal_state,tool_verified,0.95,1,1,0,1,1,tool personal-state evidence,,,0.003018096984847177,0.9974450528647395,0.9992491028908644,0,1,1,0,1,1,ood_test,
PB-003047,naturalistic,education,ood_test,personal_state,The primary source lists the course preference as 11:30.,personal_state,external_verified,0.9,1,1,0,1,1,external personal-state evidence,,,0.002760365207294515,0.9808622498674955,0.9999949175633864,0,1,1,0,1,1,ood_test,
PB-003048,naturalistic,education,ood_test,factual_world,I remember the exam room as 12:00.,personal_state,explicit_user,0.95,1,1,0,1,0,personal state irrelevant as world evidence,,,0.004259629012905184,0.9778196804159288,0.04939888441921302,0,1,0,0,1,0,ood_test,
PB-003049,naturalistic,education,ood_test,recommendation,I prefer options related to assignment deadline.,preference,explicit_user,0.95,1,1,0,1,0,preference personalization,,,0.008048034414888206,0.9914111116581291,0.0074300979510720155,0,1,0,0,1,0,ood_test,
PB-003050,naturalistic,education,ood_test,planning,Any plan has to respect my constraint about office hour.,constraint,explicit_user,0.95,1,1,0,1,0,constraint personalization,,,0.007140225320407475,0.9957310951415115,0.006555234462364997,0,1,0,0,1,0,ood_test,
PB-003051,naturalistic,education,ood_test,planning,My current goal is to optimize around course preference.,goal,explicit_user,0.95,1,1,0,1,0,goal personalization,,,0.006614866332286012,0.9930219519414545,0.006628125780604092,0,1,0,0,1,0,ood_test,
PB-003052,naturalistic,education,ood_test,style,Use a technical but plain style.,presentation,explicit_user,0.95,1,1,1,1,0,presentation personalization,,,0.9953924054507183,0.9941594830338857,0.010016937534676534,1,1,0,1,1,0,ood_test,
PB-003053,naturalistic,education,ood_test,personal_state,The connected record lists the assignment deadline as 12:30.,personal_state,tool_verified,0.95,0,1,0,0,0,stale evidence,,,0.0005102260745932524,0.018894654563713358,0.9957873383154203,0,0,1,0,0,0,ood_test,
PB-003054,naturalistic,education,ood_test,factual_world,The primary source lists the office hour as 8:00.,world_claim,external_verified,0.35,1,1,0,0,0,low-confidence evidence,,,0.0003493213977358459,1.7386412729039213e-07,0.35900556361208585,0,0,0,0,0,0,ood_test,
PB-003055,naturalistic,education,ood_test,factual_world,The primary source lists the course preference as 9:30.,world_claim,external_verified,0.95,1,0,0,0,0,irrelevant evidence,,,0.0005842632177347445,0.0002556510704539345,0.9187952199599937,0,0,1,0,0,0,ood_test,
PB-003056,naturalistic,education,ood_test,recommendation,I prefer options related to exam room.,preference,explicit_user,0.95,0,1,0,0,0,stale preference,,,0.0013739459262612382,0.005866719231799788,0.0012991662257460276,0,0,0,0,0,0,ood_test,
PB-003057,naturalistic,education,ood_test,planning,My current goal is to optimize around assignment deadline.,goal,explicit_user,0.35,1,1,0,0,0,low-confidence goal,,,0.0009430950450402368,0.0050850486378315315,2.822420853884506e-05,0,0,0,0,0,0,ood_test,
PB-003058,naturalistic,education,ood_test,factual_world,I remember the office hour as 12:00.,world_claim,explicit_user,0.95,1,0,0,0,0,irrelevant unsupported claim,,,0.0011890602679844428,0.0013051936347027047,0.0022483812366931814,0,0,0,0,0,0,ood_test,
PB-003059,naturalistic,education,ood_test,factual_world,I remember the assignment deadline as 10:30.,world_claim,explicit_user,0.95,1,1,0,0,0,unsupported user world belief,,,0.004944864632643913,0.026273206483674847,0.01938138903531183,0,0,0,0,0,0,ood_test,
PB-003060,naturalistic,education,ood_test,factual_world,Past behavior suggests the office hour may be 11:00.,world_claim,inferred,0.85,1,1,0,0,0,inferred world belief,,,0.0019464201823613356,0.0016940237631878226,0.013068870085579082,0,0,0,0,0,0,ood_test,
PB-003061,naturalistic,education,ood_test,factual_world,A third-party message says the course preference is 12:30.,world_claim,third_party,0.85,1,1,0,0,0,third-party unsupported world claim,,,0.0019071228353121311,0.0017371001274422992,0.013576626536068082,0,0,0,0,0,0,ood_test,
PB-003062,naturalistic,education,ood_test,factual_world,The connected record lists the exam room as 8:00.,world_claim,tool_verified,0.95,1,1,0,0,1,tool evidence for world claim,,,0.002238057296975072,0.016419588988013514,0.28577398024334594,0,0,0,0,0,0,ood_test,
PB-003063,naturalistic,education,ood_test,factual_world,The primary source lists the assignment deadline as 9:30.,world_claim,external_verified,0.95,1,1,0,0,1,external evidence for world claim,,,0.002413083709860084,0.00501884740291254,0.9903819746904718,0,0,1,0,0,1,ood_test,
PB-003064,naturalistic,education,ood_test,personal_state,I remember the office hour as 10:00.,personal_state,explicit_user,0.95,1,1,0,1,1,explicit personal-state evidence,,,0.0067143026966881595,0.9983827060421255,0.986083091454541,0,1,1,0,1,1,ood_test,
PB-003065,naturalistic,education,ood_test,personal_state,The connected record lists the course preference as 11:30.,personal_state,tool_verified,0.95,1,1,0,1,1,tool personal-state evidence,,,0.0029696655250129075,0.9974238026543594,0.9992185722213275,0,1,1,0,1,1,ood_test,
PB-003066,naturalistic,education,ood_test,personal_state,The primary source lists the exam room as 12:00.,personal_state,external_verified,0.9,1,1,0,1,1,external personal-state evidence,,,0.002812157522557451,0.9803868801584799,0.9999957857908176,0,1,1,0,1,1,ood_test,
PB-003067,naturalistic,education,ood_test,factual_world,I remember the assignment deadline as 8:30.,personal_state,explicit_user,0.95,1,1,0,1,0,personal state irrelevant as world evidence,,,0.004307014787723715,0.9788721139278178,0.04825836404106533,0,1,0,0,1,0,ood_test,
PB-003068,naturalistic,education,ood_test,recommendation,I prefer options related to office hour.,preference,explicit_user,0.95,1,1,0,1,0,preference personalization,,,0.007974114008684694,0.9916786327868493,0.007005896851868464,0,1,0,0,1,0,ood_test,
PB-003069,naturalistic,education,ood_test,planning,Any plan has to respect my constraint about course preference.,constraint,explicit_user,0.95,1,1,0,1,0,constraint personalization,,,0.007092546826115374,0.9956501398548986,0.006697440651648749,0,1,0,0,1,0,ood_test,
PB-003070,naturalistic,education,ood_test,planning,My current goal is to optimize around exam room.,goal,explicit_user,0.95,1,1,0,1,0,goal personalization,,,0.006628833769692117,0.9931503253015883,0.006400387651834291,0,1,0,0,1,0,ood_test,
PB-003071,naturalistic,education,ood_test,style,"Give me the answer first, then the rationale.",presentation,explicit_user,0.95,1,1,1,1,0,presentation personalization,,,0.9963705637368209,0.994432367111807,0.010125644873073313,1,1,0,1,1,0,ood_test,
PB-003072,naturalistic,education,ood_test,personal_state,The connected record lists the office hour as 8:00.,personal_state,tool_verified,0.95,0,1,0,0,0,stale evidence,,,0.0005272348751312055,0.019451077697663216,0.9960896112900395,0,0,1,0,0,0,ood_test,
PB-003073,naturalistic,education,ood_test,factual_world,The primary source lists the course preference as 9:30.,world_claim,external_verified,0.35,1,1,0,0,0,low-confidence evidence,,,0.00034228102799515383,1.797796520580696e-07,0.3034469416092065,0,0,0,0,0,0,ood_test,
PB-003074,naturalistic,education,ood_test,factual_world,The primary source lists the exam room as 10:00.,world_claim,external_verified,0.95,1,0,0,0,0,irrelevant evidence,,,0.0005841466222506417,0.00024942444881657607,0.9225689450811356,0,0,1,0,0,0,ood_test,
PB-003075,naturalistic,education,ood_test,recommendation,I prefer options related to assignment deadline.,preference,explicit_user,0.95,0,1,0,0,0,stale preference,,,0.0013867679984849112,0.005683500393161637,0.0013783092543408356,0,0,0,0,0,0,ood_test,
PB-003076,naturalistic,education,ood_test,planning,My current goal is to optimize around office hour.,goal,explicit_user,0.35,1,1,0,0,0,low-confidence goal,,,0.0009448515000387143,0.0051659860506831435,2.7255394708792112e-05,0,0,0,0,0,0,ood_test,
PB-003077,naturalistic,education,ood_test,factual_world,I remember the course preference as 8:30.,world_claim,explicit_user,0.95,1,0,0,0,0,irrelevant unsupported claim,,,0.0011996459467541953,0.001361580337515325,0.0021883748439607553,0,0,0,0,0,0,ood_test,
PB-003078,naturalistic,education,ood_test,factual_world,I remember the office hour as 11:00.,world_claim,explicit_user,0.95,1,1,0,0,0,unsupported user world belief,,,0.004894426917188693,0.025011683378954153,0.02006613185644051,0,0,0,0,0,0,ood_test,
PB-003079,naturalistic,education,ood_test,factual_world,Past behavior suggests the course preference may be 12:30.,world_claim,inferred,0.85,1,1,0,0,0,inferred world belief,,,0.0019324085028439345,0.0017203880241905285,0.01353911447530142,0,0,0,0,0,0,ood_test,
PB-003080,naturalistic,education,ood_test,factual_world,A third-party message says the exam room is 8:00.,world_claim,third_party,0.85,1,1,0,0,0,third-party unsupported world claim,,,0.0019689785121628023,0.0017484242002186704,0.011979849738304675,0,0,0,0,0,0,ood_test,
PB-003081,naturalistic,education,ood_test,factual_world,The connected record lists the assignment deadline as 9:30.,world_claim,tool_verified,0.95,1,1,0,0,1,tool evidence for world claim,,,0.0022027589189448802,0.01636624440753455,0.27448901514206,0,0,0,0,0,0,ood_test,
PB-003082,naturalistic,education,ood_test,factual_world,The primary source lists the office hour as 10:00.,world_claim,external_verified,0.95,1,1,0,0,1,external evidence for world claim,,,0.0024096197449036145,0.004873601336568184,0.9908608244038773,0,0,1,0,0,1,ood_test,
PB-003083,naturalistic,education,ood_test,personal_state,I remember the course preference as 11:30.,personal_state,explicit_user,0.95,1,1,0,1,1,explicit personal-state evidence,,,0.006768839184141151,0.998445856961521,0.9855220875317908,0,1,1,0,1,1,ood_test,
PB-003084,naturalistic,education,ood_test,personal_state,The connected record lists the exam room as 12:00.,personal_state,tool_verified,0.95,1,1,0,1,1,tool personal-state evidence,,,0.00301807928152911,0.9974405111000174,0.9992487424611548,0,1,1,0,1,1,ood_test,
PB-003085,naturalistic,education,ood_test,personal_state,The primary source lists the assignment deadline as 8:30.,personal_state,external_verified,0.9,1,1,0,1,1,external personal-state evidence,,,0.002816215047275799,0.980979650337404,0.9999955649731833,0,1,1,0,1,1,ood_test,
PB-003086,naturalistic,education,ood_test,factual_world,I remember the office hour as 9:00.,personal_state,explicit_user,0.95,1,1,0,1,0,personal state irrelevant as world evidence,,,0.004151915941241462,0.9769389604943443,0.05285960929422446,0,1,0,0,1,0,ood_test,
PB-003087,naturalistic,education,ood_test,recommendation,I prefer options related to course preference.,preference,explicit_user,0.95,1,1,0,1,0,preference personalization,,,0.00804532318437264,0.9913797409376136,0.007432625403903397,0,1,0,0,1,0,ood_test,
PB-003088,naturalistic,education,ood_test,planning,Any plan has to respect my constraint about exam room.,constraint,explicit_user,0.95,1,1,0,1,0,constraint personalization,,,0.007140225320407475,0.9957310951415115,0.006555234462364997,0,1,0,0,1,0,ood_test,
PB-003089,naturalistic,education,ood_test,planning,My current goal is to optimize around assignment deadline.,goal,explicit_user,0.95,1,1,0,1,0,goal personalization,,,0.006616580915093717,0.9930414972321352,0.006626393151476269,0,1,0,0,1,0,ood_test,
PB-003090,naturalistic,education,ood_test,style,Please keep the answer concise.,presentation,explicit_user,0.95,1,1,1,1,0,presentation personalization,,,0.9958049765073445,0.9942443898404192,0.010249667982878751,1,1,0,1,1,0,ood_test,
PB-003091,naturalistic,education,ood_test,personal_state,The connected record lists the course preference as 9:30.,personal_state,tool_verified,0.95,0,1,0,0,0,stale evidence,,,0.0005182500817133115,0.019302001352106864,0.9958588720197702,0,0,1,0,0,0,ood_test,
PB-003092,naturalistic,education,ood_test,factual_world,The primary source lists the exam room as 10:00.,world_claim,external_verified,0.35,1,1,0,0,0,low-confidence evidence,,,0.00034221270590710994,1.7539985832819354e-07,0.31448108358410853,0,0,0,0,0,0,ood_test,
PB-003093,naturalistic,education,ood_test,factual_world,The primary source lists the assignment deadline as 11:30.,world_claim,external_verified,0.95,1,0,0,0,0,irrelevant evidence,,,0.0005740183953970741,0.0002564256869356249,0.908075721030822,0,0,1,0,0,0,ood_test,
PB-003094,naturalistic,education,ood_test,recommendation,I prefer options related to office hour.,preference,explicit_user,0.95,0,1,0,0,0,stale preference,,,0.0013739459262612382,0.005866719231799788,0.0012991662257460276,0,0,0,0,0,0,ood_test,
PB-003095,naturalistic,education,ood_test,planning,My current goal is to optimize around course preference.,goal,explicit_user,0.35,1,1,0,0,0,low-confidence goal,,,0.0009428492613977417,0.005070778502949838,2.8231637465378733e-05,0,0,0,0,0,0,ood_test,
PB-003096,naturalistic,education,ood_test,factual_world,I remember the exam room as 9:00.,world_claim,explicit_user,0.95,1,0,0,0,0,irrelevant unsupported claim,,,0.0011589021793548654,0.0012542804757109498,0.0024142848137020455,0,0,0,0,0,0,ood_test,
PB-003097,naturalistic,education,ood_test,factual_world,I remember the course preference as 12:30.,world_claim,explicit_user,0.95,1,1,0,0,0,unsupported user world belief,,,0.0049366489878763424,0.026084129288209728,0.01936048871762276,0,0,0,0,0,0,ood_test,
PB-003098,naturalistic,education,ood_test,factual_world,Past behavior suggests the exam room may be 8:00.,world_claim,inferred,0.85,1,1,0,0,0,inferred world belief,,,0.0020031771161055736,0.0017305111945185364,0.012037859261727752,0,0,0,0,0,0,ood_test,
PB-003099,naturalistic,education,ood_test,factual_world,A third-party message says the assignment deadline is 9:30.,world_claim,third_party,0.85,1,1,0,0,0,third-party unsupported world claim,,,0.001953928509703523,0.0017775389908064832,0.012635289274732177,0,0,0,0,0,0,ood_test,
PB-003100,naturalistic,education,ood_test,factual_world,The connected record lists the office hour as 10:00.,world_claim,tool_verified,0.95,1,1,0,0,1,tool evidence for world claim,,,0.002198409141110738,0.01600850727837224,0.27818791482218086,0,0,0,0,0,0,ood_test,
PB-003101,naturalistic,education,ood_test,factual_world,The primary source lists the course preference as 11:30.,world_claim,external_verified,0.95,1,1,0,0,1,external evidence for world claim,,,0.002365209616632957,0.004987618880720909,0.9889934150447068,0,0,1,0,0,1,ood_test,
PB-003102,naturalistic,education,ood_test,personal_state,I remember the exam room as 12:00.,personal_state,explicit_user,0.95,1,1,0,1,1,explicit personal-state evidence,,,0.006714242114141537,0.9983782608647377,0.9860729122469423,0,1,1,0,1,1,ood_test,
PB-003103,naturalistic,education,ood_test,personal_state,The connected record lists the assignment deadline as 8:30.,personal_state,tool_verified,0.95,1,1,0,1,1,tool personal-state evidence,,,0.003024063683759894,0.9975016662584544,0.9992350950388214,0,1,1,0,1,1,ood_test,
PB-003104,naturalistic,education,ood_test,personal_state,The primary source lists the office hour as 9:00.,personal_state,external_verified,0.9,1,1,0,1,1,external personal-state evidence,,,0.002870443223826947,0.9802515652130507,0.9999965498655604,0,1,1,0,1,1,ood_test,
PB-003105,naturalistic,education,ood_test,factual_world,I remember the course preference as 10:30.,personal_state,explicit_user,0.95,1,1,0,1,0,personal state irrelevant as world evidence,,,0.004294735814326505,0.9787607061124666,0.04759335781730227,0,1,0,0,1,0,ood_test,
PB-003106,naturalistic,education,ood_test,recommendation,I prefer options related to exam room.,preference,explicit_user,0.95,1,1,0,1,0,preference personalization,,,0.007974114008684694,0.9916786327868493,0.007005896851868464,0,1,0,0,1,0,ood_test,
PB-003107,naturalistic,education,ood_test,planning,Any plan has to respect my constraint about assignment deadline.,constraint,explicit_user,0.95,1,1,0,1,0,constraint personalization,,,0.007093965858806547,0.995659577008397,0.006696088639042042,0,1,0,0,1,0,ood_test,
PB-003108,naturalistic,education,ood_test,planning,My current goal is to optimize around office hour.,goal,explicit_user,0.95,1,1,0,1,0,goal personalization,,,0.006628833769692117,0.9931503253015883,0.006400387651834291,0,1,0,0,1,0,ood_test,
PB-003109,naturalistic,education,ood_test,style,Use a technical but plain style.,presentation,explicit_user,0.95,1,1,1,1,0,presentation personalization,,,0.9953924054507183,0.9941594830338857,0.010016937534676534,1,1,0,1,1,0,ood_test,
PB-003110,naturalistic,education,ood_test,personal_state,The connected record lists the exam room as 10:00.,personal_state,tool_verified,0.95,0,1,0,0,0,stale evidence,,,0.0005178789495464744,0.01896556292360856,0.9959409163596585,0,0,1,0,0,0,ood_test,
PB-003111,naturalistic,education,ood_test,factual_world,The primary source lists the assignment deadline as 11:30.,world_claim,external_verified,0.35,1,1,0,0,0,low-confidence evidence,,,0.0003362778390954824,1.8032451962018688e-07,0.2755459836170552,0,0,0,0,0,0,ood_test,
PB-003112,naturalistic,education,ood_test,factual_world,The primary source lists the office hour as 12:00.,world_claim,external_verified,0.95,1,0,0,0,0,irrelevant evidence,,,0.0005841431874439256,0.0002489808266094017,0.9225346316305212,0,0,1,0,0,0,ood_test,
PB-003113,naturalistic,education,ood_test,recommendation,I prefer options related to course preference.,preference,explicit_user,0.95,0,1,0,0,0,stale preference,,,0.0013862976864178855,0.005662756035352685,0.001378780965321711,0,0,0,0,0,0,ood_test,
PB-003114,naturalistic,education,ood_test,planning,My current goal is to optimize around exam room.,goal,explicit_user,0.35,1,1,0,0,0,low-confidence goal,,,0.0009448515000387143,0.0051659860506831435,2.7255394708792112e-05,0,0,0,0,0,0,ood_test,
PB-003115,naturalistic,education,ood_test,factual_world,I remember the assignment deadline as 10:30.,world_claim,explicit_user,0.95,1,0,0,0,0,irrelevant unsupported claim,,,0.0012010600164308613,0.0013726348664281321,0.002167307409334689,0,0,0,0,0,0,ood_test,
PB-003116,naturalistic,education,ood_test,factual_world,I remember the exam room as 8:00.,world_claim,explicit_user,0.95,1,1,0,0,0,unsupported user world belief,,,0.004771925118610746,0.024059547002630074,0.021547651445504808,0,0,0,0,0,0,ood_test,
PB-003117,naturalistic,education,ood_test,factual_world,Past behavior suggests the assignment deadline may be 9:30.,world_claim,inferred,0.85,1,1,0,0,0,inferred world belief,,,0.0019829285069282387,0.001760894375490089,0.01266231237815193,0,0,0,0,0,0,ood_test,
PB-003118,naturalistic,education,ood_test,factual_world,A third-party message says the office hour is 10:00.,world_claim,third_party,0.85,1,1,0,0,0,third-party unsupported world claim,,,0.0019153398724760544,0.0017115807668020369,0.013056211915727646,0,0,0,0,0,0,ood_test,
PB-003119,naturalistic,education,ood_test,factual_world,The connected record lists the course preference as 11:30.,world_claim,tool_verified,0.95,1,1,0,0,1,tool evidence for world claim,,,0.0021631026891224194,0.0158782221620052,0.2702503761402263,0,0,0,0,0,0,ood_test,
PB-003120,naturalistic,education,ood_test,factual_world,The primary source lists the exam room as 12:00.,world_claim,external_verified,0.95,1,1,0,0,1,external evidence for world claim,,,0.0024096056021176188,0.004864973251564613,0.990856474453404,0,0,1,0,0,1,ood_test,
PB-003121,naturalistic,education,ood_test,personal_state,I remember the assignment deadline as 8:30.,personal_state,explicit_user,0.95,1,1,0,1,1,explicit personal-state evidence,,,0.00678874779559139,0.9984567502932985,0.9857316005862092,0,1,1,0,1,1,ood_test,
PB-003122,naturalistic,education,ood_test,personal_state,The connected record lists the office hour as 9:00.,personal_state,tool_verified,0.95,1,1,0,1,1,tool personal-state evidence,,,0.003072482633303792,0.9975098974416032,0.9992766982432085,0,1,1,0,1,1,ood_test,
PB-003123,naturalistic,education,ood_test,personal_state,The primary source lists the course preference as 10:30.,personal_state,external_verified,0.9,1,1,0,1,1,external personal-state evidence,,,0.0027605440403041174,0.9808849864452288,0.9999949183557691,0,1,1,0,1,1,ood_test,
PB-003124,naturalistic,education,ood_test,factual_world,I remember the exam room as 11:00.,personal_state,explicit_user,0.95,1,1,0,1,0,personal state irrelevant as world evidence,,,0.004258569368620562,0.9778185297851704,0.04933376844528708,0,1,0,0,1,0,ood_test,
PB-003125,naturalistic,education,ood_test,recommendation,I prefer options related to assignment deadline.,preference,explicit_user,0.95,1,1,0,1,0,preference personalization,,,0.008048034414888206,0.9914111116581291,0.0074300979510720155,0,1,0,0,1,0,ood_test,
PB-003126,naturalistic,education,ood_test,planning,Any plan has to respect my constraint about office hour.,constraint,explicit_user,0.95,1,1,0,1,0,constraint personalization,,,0.007140225320407475,0.9957310951415115,0.006555234462364997,0,1,0,0,1,0,ood_test,
PB-003127,naturalistic,education,ood_test,planning,My current goal is to optimize around course preference.,goal,explicit_user,0.95,1,1,0,1,0,goal personalization,,,0.006614866332286012,0.9930219519414545,0.006628125780604092,0,1,0,0,1,0,ood_test,
PB-003128,naturalistic,education,ood_test,style,"Give me the answer first, then the rationale.",presentation,explicit_user,0.95,1,1,1,1,0,presentation personalization,,,0.9963705637368209,0.994432367111807,0.010125644873073313,1,1,0,1,1,0,ood_test,
PB-003129,naturalistic,education,ood_test,personal_state,The connected record lists the assignment deadline as 11:30.,personal_state,tool_verified,0.95,0,1,0,0,0,stale evidence,,,0.0005101416715091485,0.018889432199037843,0.9957829581959253,0,0,1,0,0,0,ood_test,
PB-003130,naturalistic,education,ood_test,factual_world,The primary source lists the office hour as 12:00.,world_claim,external_verified,0.35,1,1,0,0,0,low-confidence evidence,,,0.00034221069319489446,1.7508781739807847e-07,0.3143775604236985,0,0,0,0,0,0,ood_test,
PB-003131,naturalistic,education,ood_test,factual_world,The primary source lists the course preference as 8:30.,world_claim,external_verified,0.95,1,0,0,0,0,irrelevant evidence,,,0.0005842632177347445,0.0002556510704539345,0.9187952199599937,0,0,1,0,0,0,ood_test,
PB-003132,naturalistic,education,ood_test,recommendation,I prefer options related to exam room.,preference,explicit_user,0.95,0,1,0,0,0,stale preference,,,0.0013739459262612382,0.005866719231799788,0.0012991662257460276,0,0,0,0,0,0,ood_test,
PB-003133,naturalistic,education,ood_test,planning,My current goal is to optimize around assignment deadline.,goal,explicit_user,0.35,1,1,0,0,0,low-confidence goal,,,0.0009430950450402368,0.0050850486378315315,2.822420853884506e-05,0,0,0,0,0,0,ood_test,
PB-003134,naturalistic,education,ood_test,factual_world,I remember the office hour as 11:00.,world_claim,explicit_user,0.95,1,0,0,0,0,irrelevant unsupported claim,,,0.0011887635601368588,0.001305124484310842,0.002245270694627555,0,0,0,0,0,0,ood_test,
PB-003135,naturalistic,education,ood_test,factual_world,I remember the assignment deadline as 9:30.,world_claim,explicit_user,0.95,1,1,0,0,0,unsupported user world belief,,,0.004950069882410336,0.026253746417821976,0.019615555369694136,0,0,0,0,0,0,ood_test,
PB-003136,naturalistic,education,ood_test,factual_world,Past behavior suggests the office hour may be 10:00.,world_claim,inferred,0.85,1,1,0,0,0,inferred world belief,,,0.0019466545644054253,0.0016957867607895224,0.013083025566676152,0,0,0,0,0,0,ood_test,
PB-003137,naturalistic,education,ood_test,factual_world,A third-party message says the course preference is 11:30.,world_claim,third_party,0.85,1,1,0,0,0,third-party unsupported world claim,,,0.0019069871216336569,0.0017368608250189137,0.013571506587521032,0,0,0,0,0,0,ood_test,
PB-003138,naturalistic,education,ood_test,factual_world,The connected record lists the exam room as 12:00.,world_claim,tool_verified,0.95,1,1,0,0,1,tool evidence for world claim,,,0.0021983962352517196,0.01598048283781316,0.27809149232144054,0,0,0,0,0,0,ood_test,
PB-003139,naturalistic,education,ood_test,factual_world,The primary source lists the assignment deadline as 8:30.,world_claim,external_verified,0.95,1,1,0,0,1,external evidence for world claim,,,0.002413083709860084,0.00501884740291254,0.9903819746904718,0,0,1,0,0,1,ood_test,
PB-003140,naturalistic,education,ood_test,personal_state,I remember the office hour as 9:00.,personal_state,explicit_user,0.95,1,1,0,1,1,explicit personal-state evidence,,,0.006544867313137611,0.9983124572003871,0.9870196526648923,0,1,1,0,1,1,ood_test,
PB-003141,naturalistic,education,ood_test,personal_state,The connected record lists the course preference as 10:30.,personal_state,tool_verified,0.95,1,1,0,1,1,tool personal-state evidence,,,0.002969857877370142,0.9974269149177233,0.9992186939560928,0,1,1,0,1,1,ood_test,
PB-003142,naturalistic,education,ood_test,personal_state,The primary source lists the exam room as 11:00.,personal_state,external_verified,0.9,1,1,0,1,1,external personal-state evidence,,,0.0028117037494229287,0.9803862194485395,0.999995782001909,0,1,1,0,1,1,ood_test,
PB-003143,naturalistic,education,ood_test,factual_world,I remember the assignment deadline as 12:30.,personal_state,explicit_user,0.95,1,1,0,1,0,personal state irrelevant as world evidence,,,0.004303076990454998,0.9788613594012572,0.04775452260899798,0,1,0,0,1,0,ood_test,
PB-003144,naturalistic,education,ood_test,recommendation,I prefer options related to office hour.,preference,explicit_user,0.95,1,1,0,1,0,preference personalization,,,0.007974114008684694,0.9916786327868493,0.007005896851868464,0,1,0,0,1,0,ood_test,
PB-003145,naturalistic,education,ood_test,planning,Any plan has to respect my constraint about course preference.,constraint,explicit_user,0.95,1,1,0,1,0,constraint personalization,,,0.007092546826115374,0.9956501398548986,0.006697440651648749,0,1,0,0,1,0,ood_test,
PB-003146,naturalistic,education,ood_test,planning,My current goal is to optimize around exam room.,goal,explicit_user,0.95,1,1,0,1,0,goal personalization,,,0.006628833769692117,0.9931503253015883,0.006400387651834291,0,1,0,0,1,0,ood_test,
PB-003147,naturalistic,education,ood_test,style,Please keep the answer concise.,presentation,explicit_user,0.95,1,1,1,1,0,presentation personalization,,,0.9958049765073445,0.9942443898404192,0.010249667982878751,1,1,0,1,1,0,ood_test,
PB-003148,naturalistic,education,ood_test,personal_state,The connected record lists the office hour as 12:00.,personal_state,tool_verified,0.95,0,1,0,0,0,stale evidence,,,0.0005178759041945502,0.018932461471555508,0.9959389744578441,0,0,1,0,0,0,ood_test,
PB-003149,naturalistic,education,ood_test,factual_world,The primary source lists the course preference as 8:30.,world_claim,external_verified,0.35,1,1,0,0,0,low-confidence evidence,,,0.00034228102799515383,1.797796520580696e-07,0.3034469416092065,0,0,0,0,0,0,ood_test,
PB-003150,naturalistic,education,ood_test,factual_world,The primary source lists the exam room as 9:00.,world_claim,external_verified,0.95,1,0,0,0,0,irrelevant evidence,,,0.0005962779440828854,0.0002472411276187585,0.9356764218266029,0,0,1,0,0,0,ood_test,
PB-003151,naturalistic,education,ood_test,recommendation,I prefer options related to assignment deadline.,preference,explicit_user,0.95,0,1,0,0,0,stale preference,,,0.0013867679984849112,0.005683500393161637,0.0013783092543408356,0,0,0,0,0,0,ood_test,
PB-003152,naturalistic,education,ood_test,planning,My current goal is to optimize around office hour.,goal,explicit_user,0.35,1,1,0,0,0,low-confidence goal,,,0.0009448515000387143,0.0051659860506831435,2.7255394708792112e-05,0,0,0,0,0,0,ood_test,
PB-003153,naturalistic,education,ood_test,factual_world,I remember the course preference as 12:30.,world_claim,explicit_user,0.95,1,0,0,0,0,irrelevant unsupported claim,,,0.0011990570200359346,0.0013625058442082343,0.002164929266800529,0,0,0,0,0,0,ood_test,
PB-003154,naturalistic,education,ood_test,factual_world,I remember the office hour as 10:00.,world_claim,explicit_user,0.95,1,1,0,0,0,unsupported user world belief,,,0.00489568825592525,0.02508011063957411,0.020108038544180525,0,0,0,0,0,0,ood_test,
PB-003155,naturalistic,education,ood_test,factual_world,Past behavior suggests the course preference may be 11:30.,world_claim,inferred,0.85,1,1,0,0,0,inferred world belief,,,0.001932250903740911,0.0017201337828891307,0.013532381092604986,0,0,0,0,0,0,ood_test,
PB-003156,naturalistic,education,ood_test,factual_world,A third-party message says the exam room is 12:00.,world_claim,third_party,0.85,1,1,0,0,0,third-party unsupported world claim,,,0.0019152475380020868,0.001709629762819204,0.013046237554126554,0,0,0,0,0,0,ood_test,
PB-003157,naturalistic,education,ood_test,factual_world,The connected record lists the assignment deadline as 8:30.,world_claim,tool_verified,0.95,1,1,0,0,1,tool evidence for world claim,,,0.0022027589189448802,0.01636624440753455,0.27448901514206,0,0,0,0,0,0,ood_test,
PB-003158,naturalistic,education,ood_test,factual_world,The primary source lists the office hour as 9:00.,world_claim,external_verified,0.95,1,1,0,0,1,external evidence for world claim,,,0.002459568459043609,0.004831136175145368,0.9925018546387054,0,0,1,0,0,1,ood_test,
PB-003159,naturalistic,education,ood_test,personal_state,I remember the course preference as 10:30.,personal_state,explicit_user,0.95,1,1,0,1,1,explicit personal-state evidence,,,0.0067694416916518375,0.9984484490157238,0.985525156109993,0,1,1,0,1,1,ood_test,
PB-003160,naturalistic,education,ood_test,personal_state,The connected record lists the exam room as 11:00.,personal_state,tool_verified,0.95,1,1,0,1,1,tool personal-state evidence,,,0.0030175923811615072,0.9974404233782899,0.9992480675260474,0,1,1,0,1,1,ood_test,
PB-003161,naturalistic,education,ood_test,personal_state,The primary source lists the assignment deadline as 12:30.,personal_state,external_verified,0.9,1,1,0,1,1,external personal-state evidence,,,0.002763978152581836,0.9809508665379343,0.9999949248867586,0,1,1,0,1,1,ood_test,
PB-003162,naturalistic,education,ood_test,factual_world,I remember the office hour as 8:00.,personal_state,explicit_user,0.95,1,1,0,1,0,personal state irrelevant as world evidence,,,0.004151915941241462,0.9769389604943443,0.05285960929422446,0,1,0,0,1,0,ood_test,
PB-003163,naturalistic,education,ood_test,recommendation,I prefer options related to course preference.,preference,explicit_user,0.95,1,1,0,1,0,preference personalization,,,0.00804532318437264,0.9913797409376136,0.007432625403903397,0,1,0,0,1,0,ood_test,
PB-003164,naturalistic,education,ood_test,planning,Any plan has to respect my constraint about exam room.,constraint,explicit_user,0.95,1,1,0,1,0,constraint personalization,,,0.007140225320407475,0.9957310951415115,0.006555234462364997,0,1,0,0,1,0,ood_test,
PB-003165,naturalistic,education,ood_test,planning,My current goal is to optimize around assignment deadline.,goal,explicit_user,0.95,1,1,0,1,0,goal personalization,,,0.006616580915093717,0.9930414972321352,0.006626393151476269,0,1,0,0,1,0,ood_test,
PB-003166,naturalistic,education,ood_test,style,Use a technical but plain style.,presentation,explicit_user,0.95,1,1,1,1,0,presentation personalization,,,0.9953924054507183,0.9941594830338857,0.010016937534676534,1,1,0,1,1,0,ood_test,
PB-003167,naturalistic,education,ood_test,personal_state,The connected record lists the course preference as 8:30.,personal_state,tool_verified,0.95,0,1,0,0,0,stale evidence,,,0.0005182500817133115,0.019302001352106864,0.9958588720197702,0,0,1,0,0,0,ood_test,
PB-003168,naturalistic,education,ood_test,factual_world,The primary source lists the exam room as 9:00.,world_claim,external_verified,0.35,1,1,0,0,0,low-confidence evidence,,,0.0003493213977358459,1.7386412729039213e-07,0.35900556361208585,0,0,0,0,0,0,ood_test,
PB-003169,naturalistic,education,ood_test,factual_world,The primary source lists the assignment deadline as 10:30.,world_claim,external_verified,0.95,1,0,0,0,0,irrelevant evidence,,,0.0005740556345209227,0.00025673630993672996,0.9080887246762446,0,0,1,0,0,0,ood_test,
PB-003170,naturalistic,education,ood_test,recommendation,I prefer options related to office hour.,preference,explicit_user,0.95,0,1,0,0,0,stale preference,,,0.0013739459262612382,0.005866719231799788,0.0012991662257460276,0,0,0,0,0,0,ood_test,
PB-003171,naturalistic,education,ood_test,planning,My current goal is to optimize around course preference.,goal,explicit_user,0.35,1,1,0,0,0,low-confidence goal,,,0.0009428492613977417,0.005070778502949838,2.8231637465378733e-05,0,0,0,0,0,0,ood_test,
PB-003172,naturalistic,education,ood_test,factual_world,I remember the exam room as 8:00.,world_claim,explicit_user,0.95,1,0,0,0,0,irrelevant unsupported claim,,,0.0011589021793548654,0.0012542804757109498,0.0024142848137020455,0,0,0,0,0,0,ood_test,
PB-003173,naturalistic,education,ood_test,factual_world,I remember the course preference as 11:30.,world_claim,explicit_user,0.95,1,1,0,0,0,unsupported user world belief,,,0.004935526564063598,0.026074249241462955,0.019333152851752765,0,0,0,0,0,0,ood_test,
PB-003174,naturalistic,education,ood_test,factual_world,Past behavior suggests the exam room may be 12:00.,world_claim,inferred,0.85,1,1,0,0,0,inferred world belief,,,0.0019465620309295256,0.0016938928883735882,0.013073272095879699,0,0,0,0,0,0,ood_test,
PB-003175,naturalistic,education,ood_test,factual_world,A third-party message says the assignment deadline is 8:30.,world_claim,third_party,0.85,1,1,0,0,0,third-party unsupported world claim,,,0.001953928509703523,0.0017775389908064832,0.012635289274732177,0,0,0,0,0,0,ood_test,
PB-003176,naturalistic,education,ood_test,factual_world,The connected record lists the office hour as 9:00.,world_claim,tool_verified,0.95,1,1,0,0,1,tool evidence for world claim,,,0.002238057296975072,0.016419588988013514,0.28577398024334594,0,0,0,0,0,0,ood_test,
PB-003177,naturalistic,education,ood_test,factual_world,The primary source lists the course preference as 10:30.,world_claim,external_verified,0.95,1,1,0,0,1,external evidence for world claim,,,0.0023653629098161983,0.004993637010983135,0.9889951121624023,0,0,1,0,0,1,ood_test,
PB-003178,naturalistic,education,ood_test,personal_state,I remember the exam room as 11:00.,personal_state,explicit_user,0.95,1,1,0,1,1,explicit personal-state evidence,,,0.006712575965740215,0.9983781749661559,0.9860538442149235,0,1,1,0,1,1,ood_test,
PB-003179,naturalistic,education,ood_test,personal_state,The connected record lists the assignment deadline as 12:30.,personal_state,tool_verified,0.95,1,1,0,1,1,tool personal-state evidence,,,0.002973607451560718,0.9974353042953842,0.9992205942612733,0,1,1,0,1,1,ood_test,
PB-003180,naturalistic,education,ood_test,personal_state,The primary source lists the office hour as 8:00.,personal_state,external_verified,0.9,1,1,0,1,1,external personal-state evidence,,,0.002870443223826947,0.9802515652130507,0.9999965498655604,0,1,1,0,1,1,ood_test,
PB-003181,naturalistic,education,ood_test,factual_world,I remember the course preference as 9:30.,personal_state,explicit_user,0.95,1,1,0,1,0,personal state irrelevant as world evidence,,,0.004297432995876491,0.9787198551848196,0.04814120870440045,0,1,0,0,1,0,ood_test,
PB-003182,naturalistic,education,ood_test,recommendation,I prefer options related to exam room.,preference,explicit_user,0.95,1,1,0,1,0,preference personalization,,,0.007974114008684694,0.9916786327868493,0.007005896851868464,0,1,0,0,1,0,ood_test,
PB-003183,naturalistic,education,ood_test,planning,Any plan has to respect my constraint about assignment deadline.,constraint,explicit_user,0.95,1,1,0,1,0,constraint personalization,,,0.007093965858806547,0.995659577008397,0.006696088639042042,0,1,0,0,1,0,ood_test,
PB-003184,naturalistic,education,ood_test,planning,My current goal is to optimize around office hour.,goal,explicit_user,0.95,1,1,0,1,0,goal personalization,,,0.006628833769692117,0.9931503253015883,0.006400387651834291,0,1,0,0,1,0,ood_test,
PB-003185,naturalistic,education,ood_test,style,"Give me the answer first, then the rationale.",presentation,explicit_user,0.95,1,1,1,1,0,presentation personalization,,,0.9963705637368209,0.994432367111807,0.010125644873073313,1,1,0,1,1,0,ood_test,
PB-003186,naturalistic,education,ood_test,personal_state,The connected record lists the exam room as 9:00.,personal_state,tool_verified,0.95,0,1,0,0,0,stale evidence,,,0.0005272348751312055,0.019451077697663216,0.9960896112900395,0,0,1,0,0,0,ood_test,
PB-003187,naturalistic,education,ood_test,factual_world,The primary source lists the assignment deadline as 10:30.,world_claim,external_verified,0.35,1,1,0,0,0,low-confidence evidence,,,0.00033629966012291507,1.8054301301006786e-07,0.27557708362699207,0,0,0,0,0,0,ood_test,
PB-003188,naturalistic,education,ood_test,factual_world,The primary source lists the office hour as 11:00.,world_claim,external_verified,0.95,1,0,0,0,0,irrelevant evidence,,,0.0005840487188271687,0.00024897227378015016,0.9224703835908682,0,0,1,0,0,0,ood_test,
PB-003189,naturalistic,education,ood_test,recommendation,I prefer options related to course preference.,preference,explicit_user,0.95,0,1,0,0,0,stale preference,,,0.0013862976864178855,0.005662756035352685,0.001378780965321711,0,0,0,0,0,0,ood_test,
PB-003190,naturalistic,education,ood_test,planning,My current goal is to optimize around exam room.,goal,explicit_user,0.35,1,1,0,0,0,low-confidence goal,,,0.0009448515000387143,0.0051659860506831435,2.7255394708792112e-05,0,0,0,0,0,0,ood_test,
PB-003191,naturalistic,education,ood_test,factual_world,I remember the assignment deadline as 9:30.,world_claim,explicit_user,0.95,1,0,0,0,0,irrelevant unsupported claim,,,0.001202329083348818,0.001371592202451366,0.002193958181200406,0,0,0,0,0,0,ood_test,
PB-000003,naturalistic,travel,compositional_test,factual_world,The connected record lists the visa appointment as 11:30.,world_claim,tool_verified,0.95,1,1,0,0,1,tool evidence for world claim,,,0.0021494250169336927,0.01626655436217287,0.2470727461041247,0,0,0,0,0,0,compositional_test,
PB-000007,naturalistic,travel,compositional_test,personal_state,The primary source lists the visa appointment as 10:30.,personal_state,external_verified,0.9,1,1,0,1,1,external personal-state evidence,,,0.0027345342601893547,0.9820686812275866,0.999993057679168,0,1,1,0,1,1,compositional_test,
PB-000013,naturalistic,travel,compositional_test,personal_state,The connected record lists the hotel check-in as 11:30.,personal_state,tool_verified,0.95,0,1,0,0,0,stale evidence,,,0.0005175398508487931,0.019721564175673095,0.9948365000157936,0,0,1,0,0,0,compositional_test,
PB-000014,naturalistic,travel,compositional_test,factual_world,The primary source lists the gate change as 12:00.,world_claim,external_verified,0.35,1,1,0,0,0,low-confidence evidence,,,0.00033944301259760117,1.9405657079595088e-07,0.20436969155777734,0,0,0,0,0,0,compositional_test,
PB-000015,naturalistic,travel,compositional_test,factual_world,The primary source lists the visa appointment as 8:30.,world_claim,external_verified,0.95,1,0,0,0,0,irrelevant evidence,,,0.0005782248227988629,0.0002746329424325706,0.8861542271042214,0,0,1,0,0,0,compositional_test,
PB-000022,naturalistic,travel,compositional_test,factual_world,The connected record lists the flight departure as 12:00.,world_claim,tool_verified,0.95,1,1,0,0,1,tool evidence for world claim,,,0.0021872715873313873,0.01654102588419815,0.24460030336538108,0,0,0,0,0,0,compositional_test,
PB-000026,naturalistic,travel,compositional_test,personal_state,The primary source lists the flight departure as 11:00.,personal_state,external_verified,0.9,1,1,0,1,1,external personal-state evidence,,,0.0027808408072299852,0.9824541295988758,0.9999927515658948,0,1,1,0,1,1,compositional_test,
PB-000032,naturalistic,travel,compositional_test,personal_state,The connected record lists the gate change as 12:00.,personal_state,tool_verified,0.95,0,1,0,0,0,stale evidence,,,0.0005168568121334485,0.01935874497006565,0.9950267264130742,0,0,1,0,0,0,compositional_test,
PB-000033,naturalistic,travel,compositional_test,factual_world,The primary source lists the visa appointment as 8:30.,world_claim,external_verified,0.35,1,1,0,0,0,low-confidence evidence,,,0.0003387426856554268,1.9313180087446729e-07,0.23059048583892294,0,0,0,0,0,0,compositional_test,
PB-000034,naturalistic,travel,compositional_test,factual_world,The primary source lists the flight departure as 9:00.,world_claim,external_verified,0.95,1,0,0,0,0,irrelevant evidence,,,0.0005885726151071522,0.00028123535887151,0.88121914483404,0,0,1,0,0,0,compositional_test,
PB-000041,naturalistic,travel,compositional_test,factual_world,The connected record lists the hotel check-in as 8:30.,world_claim,tool_verified,0.95,1,1,0,0,1,tool evidence for world claim,,,0.0022354231970766994,0.01702009825427282,0.23116677702893645,0,0,0,0,0,0,compositional_test,
PB-000045,naturalistic,travel,compositional_test,personal_state,The primary source lists the hotel check-in as 12:30.,personal_state,external_verified,0.9,1,1,0,1,1,external personal-state evidence,,,0.0027897947251122675,0.982895150038944,0.9999915318753592,0,1,1,0,1,1,compositional_test,
PB-000051,naturalistic,travel,compositional_test,personal_state,The connected record lists the visa appointment as 8:30.,personal_state,tool_verified,0.95,0,1,0,0,0,stale evidence,,,0.0005148689147187637,0.019713843636267176,0.9952439789648608,0,0,1,0,0,0,compositional_test,
PB-000052,naturalistic,travel,compositional_test,factual_world,The primary source lists the flight departure as 9:00.,world_claim,external_verified,0.35,1,1,0,0,0,low-confidence evidence,,,0.00034480623357225325,1.9777616373855507e-07,0.22218121289418138,0,0,0,0,0,0,compositional_test,
PB-000053,naturalistic,travel,compositional_test,factual_world,The primary source lists the hotel check-in as 10:30.,world_claim,external_verified,0.95,1,0,0,0,0,irrelevant evidence,,,0.0005794423031861915,0.0002864184538139986,0.8555425971197483,0,0,1,0,0,0,compositional_test,
PB-000060,naturalistic,travel,compositional_test,factual_world,The connected record lists the gate change as 9:00.,world_claim,tool_verified,0.95,1,1,0,0,1,tool evidence for world claim,,,0.0022331857423162705,0.016695491654984976,0.23901002688662054,0,0,0,0,0,0,compositional_test,
PB-000064,naturalistic,travel,compositional_test,personal_state,The primary source lists the gate change as 8:00.,personal_state,external_verified,0.9,1,1,0,1,1,external personal-state evidence,,,0.002842200123539924,0.9824056178454407,0.9999929504248573,0,1,1,0,1,1,compositional_test,
PB-000070,naturalistic,travel,compositional_test,personal_state,The connected record lists the flight departure as 9:00.,personal_state,tool_verified,0.95,0,1,0,0,0,stale evidence,,,0.000524378470344609,0.020033837019990473,0.9951790580781625,0,0,1,0,0,0,compositional_test,
PB-000071,naturalistic,travel,compositional_test,factual_world,The primary source lists the hotel check-in as 10:30.,world_claim,external_verified,0.35,1,1,0,0,0,low-confidence evidence,,,0.0003394560960636006,2.0142217084506727e-07,0.18568809043045972,0,0,0,0,0,0,compositional_test,
PB-000072,naturalistic,travel,compositional_test,factual_world,The primary source lists the gate change as 11:00.,world_claim,external_verified,0.95,1,0,0,0,0,irrelevant evidence,,,0.0005793491080182117,0.0002759404317399061,0.8695677865785104,0,0,1,0,0,0,compositional_test,
PB-000079,naturalistic,travel,compositional_test,factual_world,The connected record lists the visa appointment as 10:30.,world_claim,tool_verified,0.95,1,1,0,0,1,tool evidence for world claim,,,0.0021495452631713017,0.016283299009219293,0.2470977781131266,0,0,0,0,0,0,compositional_test,
PB-000083,naturalistic,travel,compositional_test,personal_state,The primary source lists the visa appointment as 9:30.,personal_state,external_verified,0.9,1,1,0,1,1,external personal-state evidence,,,0.0027837284562659236,0.9821866601524858,0.9999935524042033,0,1,1,0,1,1,compositional_test,
PB-000089,naturalistic,travel,compositional_test,personal_state,The connected record lists the hotel check-in as 10:30.,personal_state,tool_verified,0.95,0,1,0,0,0,stale evidence,,,0.0005175659975587332,0.01973980255762555,0.9948371231598161,0,0,1,0,0,0,compositional_test,
PB-000090,naturalistic,travel,compositional_test,factual_world,The primary source lists the gate change as 11:00.,world_claim,external_verified,0.35,1,1,0,0,0,low-confidence evidence,,,0.0003394014862033542,1.940515281744459e-07,0.20425920244513118,0,0,0,0,0,0,compositional_test,
PB-000091,naturalistic,travel,compositional_test,factual_world,The primary source lists the visa appointment as 12:30.,world_claim,external_verified,0.95,1,0,0,0,0,irrelevant evidence,,,0.0005680335346410479,0.00027257495005323973,0.8785621287222533,0,0,1,0,0,0,compositional_test,
PB-000098,naturalistic,travel,compositional_test,factual_world,The connected record lists the flight departure as 11:00.,world_claim,tool_verified,0.95,1,1,0,0,1,tool evidence for world claim,,,0.0021870026790709396,0.016540600291054353,0.24447389246776435,0,0,0,0,0,0,compositional_test,
PB-000102,naturalistic,travel,compositional_test,personal_state,The primary source lists the flight departure as 10:00.,personal_state,external_verified,0.9,1,1,0,1,1,external personal-state evidence,,,0.0027811949532739566,0.9824779357593891,0.9999927591722254,0,1,1,0,1,1,compositional_test,
PB-000108,naturalistic,travel,compositional_test,personal_state,The connected record lists the gate change as 11:00.,personal_state,tool_verified,0.95,0,1,0,0,0,stale evidence,,,0.0005167935927114585,0.01935825166488083,0.9950233620553743,0,0,1,0,0,0,compositional_test,
PB-000109,naturalistic,travel,compositional_test,factual_world,The primary source lists the visa appointment as 12:30.,world_claim,external_verified,0.35,1,1,0,0,0,low-confidence evidence,,,0.00033277089609239465,1.9168415201310625e-07,0.21786657555571795,0,0,0,0,0,0,compositional_test,
PB-000110,naturalistic,travel,compositional_test,factual_world,The primary source lists the flight departure as 8:00.,world_claim,external_verified,0.95,1,0,0,0,0,irrelevant evidence,,,0.0005885726151071522,0.00028123535887151,0.88121914483404,0,0,1,0,0,0,compositional_test,
PB-000117,naturalistic,travel,compositional_test,factual_world,The connected record lists the hotel check-in as 12:30.,world_claim,tool_verified,0.95,1,1,0,0,1,tool evidence for world claim,,,0.0021972546490624397,0.016652227762810102,0.2324689523788783,0,0,0,0,0,0,compositional_test,
PB-000121,naturalistic,travel,compositional_test,personal_state,The primary source lists the hotel check-in as 11:30.,personal_state,external_verified,0.9,1,1,0,1,1,external personal-state evidence,,,0.0027894361645427164,0.9828914609245482,0.9999915249907977,0,1,1,0,1,1,compositional_test,
PB-000127,naturalistic,travel,compositional_test,personal_state,The connected record lists the visa appointment as 12:30.,personal_state,tool_verified,0.95,0,1,0,0,0,stale evidence,,,0.0005063931173458343,0.019274942043811544,0.9952403695203567,0,0,1,0,0,0,compositional_test,
PB-000128,naturalistic,travel,compositional_test,factual_world,The primary source lists the flight departure as 8:00.,world_claim,external_verified,0.35,1,1,0,0,0,low-confidence evidence,,,0.00034480623357225325,1.9777616373855507e-07,0.22218121289418138,0,0,0,0,0,0,compositional_test,
PB-000129,naturalistic,travel,compositional_test,factual_world,The primary source lists the hotel check-in as 9:30.,world_claim,external_verified,0.95,1,0,0,0,0,irrelevant evidence,,,0.0005900738573992382,0.00028940536709443814,0.861080786081691,0,0,1,0,0,0,compositional_test,
PB-000136,naturalistic,travel,compositional_test,factual_world,The connected record lists the gate change as 8:00.,world_claim,tool_verified,0.95,1,1,0,0,1,tool evidence for world claim,,,0.0022331857423162705,0.016695491654984976,0.23901002688662054,0,0,0,0,0,0,compositional_test,
PB-000140,naturalistic,travel,compositional_test,personal_state,The primary source lists the gate change as 12:00.,personal_state,external_verified,0.9,1,1,0,1,1,external personal-state evidence,,,0.002789469516139253,0.982270043951931,0.9999924772609405,0,1,1,0,1,1,compositional_test,
PB-000146,naturalistic,travel,compositional_test,personal_state,The connected record lists the flight departure as 8:00.,personal_state,tool_verified,0.95,0,1,0,0,0,stale evidence,,,0.000524378470344609,0.020033837019990473,0.9951790580781625,0,0,1,0,0,0,compositional_test,
PB-000147,naturalistic,travel,compositional_test,factual_world,The primary source lists the hotel check-in as 9:30.,world_claim,external_verified,0.35,1,1,0,0,0,low-confidence evidence,,,0.0003456859283902252,2.0352330850604416e-07,0.1926735828937666,0,0,0,0,0,0,compositional_test,
PB-000148,naturalistic,travel,compositional_test,factual_world,The primary source lists the gate change as 10:00.,world_claim,external_verified,0.95,1,0,0,0,0,irrelevant evidence,,,0.0005794225520598612,0.000276319342915101,0.8696860186667792,0,0,1,0,0,0,compositional_test,
PB-000155,naturalistic,travel,compositional_test,factual_world,The connected record lists the visa appointment as 9:30.,world_claim,tool_verified,0.95,1,1,0,0,1,tool evidence for world claim,,,0.002185652827434998,0.01664209739491939,0.2473823567979716,0,0,0,0,0,0,compositional_test,
PB-000159,naturalistic,travel,compositional_test,personal_state,The primary source lists the visa appointment as 8:30.,personal_state,external_verified,0.9,1,1,0,1,1,external personal-state evidence,,,0.0027837284562659236,0.9821866601524858,0.9999935524042033,0,1,1,0,1,1,compositional_test,
PB-000165,naturalistic,travel,compositional_test,personal_state,The connected record lists the hotel check-in as 9:30.,personal_state,tool_verified,0.95,0,1,0,0,0,stale evidence,,,0.0005266132789697465,0.02016018432595178,0.9948030044177184,0,0,1,0,0,0,compositional_test,
PB-000166,naturalistic,travel,compositional_test,factual_world,The primary source lists the gate change as 10:00.,world_claim,external_verified,0.35,1,1,0,0,0,low-confidence evidence,,,0.00033944452243478705,1.9431806613968167e-07,0.20442875393648882,0,0,0,0,0,0,compositional_test,
PB-000167,naturalistic,travel,compositional_test,factual_world,The primary source lists the visa appointment as 11:30.,world_claim,external_verified,0.95,1,0,0,0,0,irrelevant evidence,,,0.0005679523802440506,0.0002725086446632347,0.8784659286285066,0,0,1,0,0,0,compositional_test,
PB-000174,naturalistic,travel,compositional_test,factual_world,The connected record lists the flight departure as 10:00.,world_claim,tool_verified,0.95,1,1,0,0,1,tool evidence for world claim,,,0.002187281364432866,0.016563095476374082,0.24466787408320853,0,0,0,0,0,0,compositional_test,
PB-000178,naturalistic,travel,compositional_test,personal_state,The primary source lists the flight departure as 9:00.,personal_state,external_verified,0.9,1,1,0,1,1,external personal-state evidence,,,0.002833433589072449,0.9825976900109004,0.9999932352368859,0,1,1,0,1,1,compositional_test,
PB-000184,naturalistic,travel,compositional_test,personal_state,The connected record lists the gate change as 10:00.,personal_state,tool_verified,0.95,0,1,0,0,0,stale evidence,,,0.0005168591106964174,0.019384325628639256,0.9950285233610975,0,0,1,0,0,0,compositional_test,
PB-000185,naturalistic,travel,compositional_test,factual_world,The primary source lists the visa appointment as 11:30.,world_claim,external_verified,0.35,1,1,0,0,0,low-confidence evidence,,,0.0003327233422493087,1.9163751106365962e-07,0.21771302136332107,0,0,0,0,0,0,compositional_test,
PB-000186,naturalistic,travel,compositional_test,factual_world,The primary source lists the flight departure as 12:00.,world_claim,external_verified,0.95,1,0,0,0,0,irrelevant evidence,,,0.0005776948245149197,0.00027890148422296876,0.873873655533953,0,0,1,0,0,0,compositional_test,
PB-000193,naturalistic,travel,compositional_test,factual_world,The connected record lists the hotel check-in as 11:30.,world_claim,tool_verified,0.95,1,1,0,0,1,tool evidence for world claim,,,0.002196972077391786,0.01664863537617921,0.23232398085443254,0,0,0,0,0,0,compositional_test,
PB-000197,naturalistic,travel,compositional_test,personal_state,The primary source lists the hotel check-in as 10:30.,personal_state,external_verified,0.9,1,1,0,1,1,external personal-state evidence,,,0.0027895767697235807,0.9829073105697285,0.9999915260188821,0,1,1,0,1,1,compositional_test,
PB-000203,naturalistic,travel,compositional_test,personal_state,The connected record lists the visa appointment as 11:30.,personal_state,tool_verified,0.95,0,1,0,0,0,stale evidence,,,0.0005063207649936761,0.019270342405873046,0.9952360978691472,0,0,1,0,0,0,compositional_test,
PB-000204,naturalistic,travel,compositional_test,factual_world,The primary source lists the flight departure as 12:00.,world_claim,external_verified,0.35,1,1,0,0,0,low-confidence evidence,,,0.00033843212129463574,1.9613443042833612e-07,0.21058967298745124,0,0,0,0,0,0,compositional_test,
PB-000205,naturalistic,travel,compositional_test,factual_world,The primary source lists the hotel check-in as 8:30.,world_claim,external_verified,0.95,1,0,0,0,0,irrelevant evidence,,,0.0005900738573992382,0.00028940536709443814,0.861080786081691,0,0,1,0,0,0,compositional_test,
PB-000212,naturalistic,travel,compositional_test,factual_world,The connected record lists the gate change as 12:00.,world_claim,tool_verified,0.95,1,1,0,0,1,tool evidence for world claim,,,0.002194077423355651,0.016341406676079518,0.23912050155409145,0,0,0,0,0,0,compositional_test,
PB-000216,naturalistic,travel,compositional_test,personal_state,The primary source lists the gate change as 11:00.,personal_state,external_verified,0.9,1,1,0,1,1,external personal-state evidence,,,0.002789129097447188,0.9822695913902828,0.9999924721464867,0,1,1,0,1,1,compositional_test,
PB-000222,naturalistic,travel,compositional_test,personal_state,The connected record lists the flight departure as 12:00.,personal_state,tool_verified,0.95,0,1,0,0,0,stale evidence,,,0.0005152508810308624,0.019594488393119253,0.9951724509466662,0,0,1,0,0,0,compositional_test,
PB-000223,naturalistic,travel,compositional_test,factual_world,The primary source lists the hotel check-in as 8:30.,world_claim,external_verified,0.35,1,1,0,0,0,low-confidence evidence,,,0.0003456859283902252,2.0352330850604416e-07,0.1926735828937666,0,0,0,0,0,0,compositional_test,
PB-000224,naturalistic,travel,compositional_test,factual_world,The primary source lists the gate change as 9:00.,world_claim,external_verified,0.95,1,0,0,0,0,irrelevant evidence,,,0.0005903977483918347,0.0002781116985834261,0.8768341136988138,0,0,1,0,0,0,compositional_test,
PB-000231,naturalistic,travel,compositional_test,factual_world,The connected record lists the visa appointment as 8:30.,world_claim,tool_verified,0.95,1,1,0,0,1,tool evidence for world claim,,,0.002185652827434998,0.01664209739491939,0.2473823567979716,0,0,0,0,0,0,compositional_test,
PB-000235,naturalistic,travel,compositional_test,personal_state,The primary source lists the visa appointment as 12:30.,personal_state,external_verified,0.9,1,1,0,1,1,external personal-state evidence,,,0.0027347712463222395,0.9820545433446742,0.9999930630005246,0,1,1,0,1,1,compositional_test,
PB-000241,naturalistic,travel,compositional_test,personal_state,The connected record lists the hotel check-in as 8:30.,personal_state,tool_verified,0.95,0,1,0,0,0,stale evidence,,,0.0005266132789697465,0.02016018432595178,0.9948030044177184,0,0,1,0,0,0,compositional_test,
PB-000242,naturalistic,travel,compositional_test,factual_world,The primary source lists the gate change as 9:00.,world_claim,external_verified,0.35,1,1,0,0,0,low-confidence evidence,,,0.0003458757215000926,1.9557886788143135e-07,0.2151359027246302,0,0,0,0,0,0,compositional_test,
PB-000243,naturalistic,travel,compositional_test,factual_world,The primary source lists the visa appointment as 10:30.,world_claim,external_verified,0.95,1,0,0,0,0,irrelevant evidence,,,0.0005679842038156339,0.0002727937282267889,0.8784802935719006,0,0,1,0,0,0,compositional_test,
PB-000250,naturalistic,travel,compositional_test,factual_world,The connected record lists the flight departure as 9:00.,world_claim,tool_verified,0.95,1,1,0,0,1,tool evidence for world claim,,,0.0022259527979188497,0.016913090713520543,0.24485467591005958,0,0,0,0,0,0,compositional_test,
PB-000254,naturalistic,travel,compositional_test,personal_state,The primary source lists the flight departure as 8:00.,personal_state,external_verified,0.9,1,1,0,1,1,external personal-state evidence,,,0.002833433589072449,0.9825976900109004,0.9999932352368859,0,1,1,0,1,1,compositional_test,
PB-000260,naturalistic,travel,compositional_test,personal_state,The connected record lists the gate change as 9:00.,personal_state,tool_verified,0.95,0,1,0,0,0,stale evidence,,,0.0005260852852894128,0.019776895035005817,0.9950237202918845,0,0,1,0,0,0,compositional_test,
PB-000261,naturalistic,travel,compositional_test,factual_world,The primary source lists the visa appointment as 10:30.,world_claim,external_verified,0.35,1,1,0,0,0,low-confidence evidence,,,0.00033274198982916325,1.9183804635924473e-07,0.21773593901257174,0,0,0,0,0,0,compositional_test,
PB-000262,naturalistic,travel,compositional_test,factual_world,The primary source lists the flight departure as 11:00.,world_claim,external_verified,0.95,1,0,0,0,0,irrelevant evidence,,,0.0005776236868147545,0.0002788941895566198,0.8737982171832804,0,0,1,0,0,0,compositional_test,
PB-000269,naturalistic,travel,compositional_test,factual_world,The connected record lists the hotel check-in as 10:30.,world_claim,tool_verified,0.95,1,1,0,0,1,tool evidence for world claim,,,0.0021970828844419454,0.01666408024151328,0.23234561823736685,0,0,0,0,0,0,compositional_test,
PB-000273,naturalistic,travel,compositional_test,personal_state,The primary source lists the hotel check-in as 9:30.,personal_state,external_verified,0.9,1,1,0,1,1,external personal-state evidence,,,0.0028406444096056842,0.9830807868298012,0.9999919033025834,0,1,1,0,1,1,compositional_test,
PB-000279,naturalistic,travel,compositional_test,personal_state,The connected record lists the visa appointment as 10:30.,personal_state,tool_verified,0.95,0,1,0,0,0,stale evidence,,,0.0005063491369652637,0.019290118493001204,0.9952367357845336,0,0,1,0,0,0,compositional_test,
PB-000280,naturalistic,travel,compositional_test,factual_world,The primary source lists the flight departure as 11:00.,world_claim,external_verified,0.35,1,1,0,0,0,low-confidence evidence,,,0.000338390436576882,1.9612929910360343e-07,0.21047594156098787,0,0,0,0,0,0,compositional_test,
PB-000281,naturalistic,travel,compositional_test,factual_world,The primary source lists the hotel check-in as 12:30.,world_claim,external_verified,0.95,1,0,0,0,0,irrelevant evidence,,,0.0005794876765561186,0.00028621134557528044,0.8556280206322024,0,0,1,0,0,0,compositional_test,
PB-000288,naturalistic,travel,compositional_test,factual_world,The connected record lists the gate change as 11:00.,world_claim,tool_verified,0.95,1,1,0,0,1,tool evidence for world claim,,,0.002193809504723369,0.016340988978348524,0.23899686849131485,0,0,0,0,0,0,compositional_test,
PB-000292,naturalistic,travel,compositional_test,personal_state,The primary source lists the gate change as 10:00.,personal_state,external_verified,0.9,1,1,0,1,1,external personal-state evidence,,,0.0027894818932466246,0.9822934808313407,0.9999924799926241,0,1,1,0,1,1,compositional_test,
PB-000298,naturalistic,travel,compositional_test,personal_state,The connected record lists the flight departure as 11:00.,personal_state,tool_verified,0.95,0,1,0,0,0,stale evidence,,,0.0005151874287529887,0.01959398580103816,0.9951691624392385,0,0,1,0,0,0,compositional_test,
PB-000299,naturalistic,travel,compositional_test,factual_world,The primary source lists the hotel check-in as 12:30.,world_claim,external_verified,0.35,1,1,0,0,0,low-confidence evidence,,,0.00033948268363875785,2.012764814694231e-07,0.1857926519639231,0,0,0,0,0,0,compositional_test,
PB-000300,naturalistic,travel,compositional_test,factual_world,The primary source lists the gate change as 8:00.,world_claim,external_verified,0.95,1,0,0,0,0,irrelevant evidence,,,0.0005903977483918347,0.0002781116985834261,0.8768341136988138,0,0,1,0,0,0,compositional_test,
PB-000307,naturalistic,travel,compositional_test,factual_world,The connected record lists the visa appointment as 12:30.,world_claim,tool_verified,0.95,1,1,0,0,1,tool evidence for world claim,,,0.002149731661005295,0.016270448920663722,0.24724046327814017,0,0,0,0,0,0,compositional_test,
PB-000311,naturalistic,travel,compositional_test,personal_state,The primary source lists the visa appointment as 11:30.,personal_state,external_verified,0.9,1,1,0,1,1,external personal-state evidence,,,0.002734381379157327,0.9820502541558012,0.9999930567449807,0,1,1,0,1,1,compositional_test,
PB-000317,naturalistic,travel,compositional_test,personal_state,The connected record lists the hotel check-in as 12:30.,personal_state,tool_verified,0.95,0,1,0,0,0,stale evidence,,,0.0005176065281989389,0.01972580632760124,0.9948406729110697,0,0,1,0,0,0,compositional_test,
PB-000318,naturalistic,travel,compositional_test,factual_world,The primary source lists the gate change as 8:00.,world_claim,external_verified,0.35,1,1,0,0,0,low-confidence evidence,,,0.0003458757215000926,1.9557886788143135e-07,0.2151359027246302,0,0,0,0,0,0,compositional_test,
PB-000319,naturalistic,travel,compositional_test,factual_world,The primary source lists the visa appointment as 9:30.,world_claim,external_verified,0.95,1,0,0,0,0,irrelevant evidence,,,0.0005782248227988629,0.0002746329424325706,0.8861542271042214,0,0,1,0,0,0,compositional_test,
PB-000326,naturalistic,travel,compositional_test,factual_world,The connected record lists the flight departure as 8:00.,world_claim,tool_verified,0.95,1,1,0,0,1,tool evidence for world claim,,,0.0022259527979188497,0.016913090713520543,0.24485467591005958,0,0,0,0,0,0,compositional_test,
PB-000330,naturalistic,travel,compositional_test,personal_state,The primary source lists the flight departure as 12:00.,personal_state,external_verified,0.9,1,1,0,1,1,external personal-state evidence,,,0.0027811825287908996,0.982454580584964,0.9999927565240384,0,1,1,0,1,1,compositional_test,
PB-000336,naturalistic,travel,compositional_test,personal_state,The connected record lists the gate change as 8:00.,personal_state,tool_verified,0.95,0,1,0,0,0,stale evidence,,,0.0005260852852894128,0.019776895035005817,0.9950237202918845,0,0,1,0,0,0,compositional_test,
PB-000337,naturalistic,travel,compositional_test,factual_world,The primary source lists the visa appointment as 9:30.,world_claim,external_verified,0.35,1,1,0,0,0,low-confidence evidence,,,0.0003387426856554268,1.9313180087446729e-07,0.23059048583892294,0,0,0,0,0,0,compositional_test,
PB-000338,naturalistic,travel,compositional_test,factual_world,The primary source lists the flight departure as 10:00.,world_claim,external_verified,0.95,1,0,0,0,0,irrelevant evidence,,,0.0005776974109756532,0.0002792797655325602,0.8739139531412474,0,0,1,0,0,0,compositional_test,
PB-000345,naturalistic,travel,compositional_test,factual_world,The connected record lists the hotel check-in as 9:30.,world_claim,tool_verified,0.95,1,1,0,0,1,tool evidence for world claim,,,0.0022354231970766994,0.01702009825427282,0.23116677702893645,0,0,0,0,0,0,compositional_test,
PB-000349,naturalistic,travel,compositional_test,personal_state,The primary source lists the hotel check-in as 8:30.,personal_state,external_verified,0.9,1,1,0,1,1,external personal-state evidence,,,0.0028406444096056842,0.9830807868298012,0.9999919033025834,0,1,1,0,1,1,compositional_test,
PB-000355,naturalistic,travel,compositional_test,personal_state,The connected record lists the visa appointment as 9:30.,personal_state,tool_verified,0.95,0,1,0,0,0,stale evidence,,,0.0005148689147187637,0.019713843636267176,0.9952439789648608,0,0,1,0,0,0,compositional_test,
PB-000356,naturalistic,travel,compositional_test,factual_world,The primary source lists the flight departure as 10:00.,world_claim,external_verified,0.35,1,1,0,0,0,low-confidence evidence,,,0.00033843363688888074,1.9640052690142486e-07,0.21065046828810707,0,0,0,0,0,0,compositional_test,
PB-000357,naturalistic,travel,compositional_test,factual_world,The primary source lists the hotel check-in as 11:30.,world_claim,external_verified,0.95,1,0,0,0,0,irrelevant evidence,,,0.0005794130323840059,0.0002861485737786234,0.8555276030755632,0,0,1,0,0,0,compositional_test,
PB-000364,naturalistic,travel,compositional_test,factual_world,The connected record lists the gate change as 10:00.,world_claim,tool_verified,0.95,1,1,0,0,1,tool evidence for world claim,,,0.002194087164471536,0.016363066751127572,0.2391865876869856,0,0,0,0,0,0,compositional_test,
PB-000368,naturalistic,travel,compositional_test,personal_state,The primary source lists the gate change as 9:00.,personal_state,external_verified,0.9,1,1,0,1,1,external personal-state evidence,,,0.002842200123539924,0.9824056178454407,0.9999929504248573,0,1,1,0,1,1,compositional_test,
PB-000374,naturalistic,travel,compositional_test,personal_state,The connected record lists the flight departure as 10:00.,personal_state,tool_verified,0.95,0,1,0,0,0,stale evidence,,,0.000515253188061116,0.019620550738311603,0.9951742073756097,0,0,1,0,0,0,compositional_test,
PB-000375,naturalistic,travel,compositional_test,factual_world,The primary source lists the hotel check-in as 11:30.,world_claim,external_verified,0.35,1,1,0,0,0,low-confidence evidence,,,0.00033943894416083964,2.012323249382656e-07,0.1856697471549176,0,0,0,0,0,0,compositional_test,
PB-000376,naturalistic,travel,compositional_test,factual_world,The primary source lists the gate change as 12:00.,world_claim,external_verified,0.95,1,0,0,0,0,irrelevant evidence,,,0.0005794199754276093,0.00027594760034850915,0.8696448517529768,0,0,1,0,0,0,compositional_test,
PB-000383,naturalistic,travel,compositional_test,factual_world,The connected record lists the visa appointment as 11:30.,world_claim,tool_verified,0.95,1,1,0,0,1,tool evidence for world claim,,,0.0021494250169336927,0.01626655436217287,0.2470727461041247,0,0,0,0,0,0,compositional_test,
PB-000387,naturalistic,travel,compositional_test,personal_state,The primary source lists the visa appointment as 10:30.,personal_state,external_verified,0.9,1,1,0,1,1,external personal-state evidence,,,0.0027345342601893547,0.9820686812275866,0.999993057679168,0,1,1,0,1,1,compositional_test,
PB-000393,naturalistic,travel,compositional_test,personal_state,The connected record lists the hotel check-in as 11:30.,personal_state,tool_verified,0.95,0,1,0,0,0,stale evidence,,,0.0005175398508487931,0.019721564175673095,0.9948365000157936,0,0,1,0,0,0,compositional_test,
PB-000394,naturalistic,travel,compositional_test,factual_world,The primary source lists the gate change as 12:00.,world_claim,external_verified,0.35,1,1,0,0,0,low-confidence evidence,,,0.00033944301259760117,1.9405657079595088e-07,0.20436969155777734,0,0,0,0,0,0,compositional_test,
PB-000395,naturalistic,travel,compositional_test,factual_world,The primary source lists the visa appointment as 8:30.,world_claim,external_verified,0.95,1,0,0,0,0,irrelevant evidence,,,0.0005782248227988629,0.0002746329424325706,0.8861542271042214,0,0,1,0,0,0,compositional_test,
PB-000402,naturalistic,travel,compositional_test,factual_world,The connected record lists the flight departure as 12:00.,world_claim,tool_verified,0.95,1,1,0,0,1,tool evidence for world claim,,,0.0021872715873313873,0.01654102588419815,0.24460030336538108,0,0,0,0,0,0,compositional_test,
PB-000406,naturalistic,travel,compositional_test,personal_state,The primary source lists the flight departure as 11:00.,personal_state,external_verified,0.9,1,1,0,1,1,external personal-state evidence,,,0.0027808408072299852,0.9824541295988758,0.9999927515658948,0,1,1,0,1,1,compositional_test,
PB-000412,naturalistic,travel,compositional_test,personal_state,The connected record lists the gate change as 12:00.,personal_state,tool_verified,0.95,0,1,0,0,0,stale evidence,,,0.0005168568121334485,0.01935874497006565,0.9950267264130742,0,0,1,0,0,0,compositional_test,
PB-000413,naturalistic,travel,compositional_test,factual_world,The primary source lists the visa appointment as 8:30.,world_claim,external_verified,0.35,1,1,0,0,0,low-confidence evidence,,,0.0003387426856554268,1.9313180087446729e-07,0.23059048583892294,0,0,0,0,0,0,compositional_test,
PB-000414,naturalistic,travel,compositional_test,factual_world,The primary source lists the flight departure as 9:00.,world_claim,external_verified,0.95,1,0,0,0,0,irrelevant evidence,,,0.0005885726151071522,0.00028123535887151,0.88121914483404,0,0,1,0,0,0,compositional_test,
PB-000421,naturalistic,travel,compositional_test,factual_world,The connected record lists the hotel check-in as 8:30.,world_claim,tool_verified,0.95,1,1,0,0,1,tool evidence for world claim,,,0.0022354231970766994,0.01702009825427282,0.23116677702893645,0,0,0,0,0,0,compositional_test,
PB-000425,naturalistic,travel,compositional_test,personal_state,The primary source lists the hotel check-in as 12:30.,personal_state,external_verified,0.9,1,1,0,1,1,external personal-state evidence,,,0.0027897947251122675,0.982895150038944,0.9999915318753592,0,1,1,0,1,1,compositional_test,
PB-000431,naturalistic,travel,compositional_test,personal_state,The connected record lists the visa appointment as 8:30.,personal_state,tool_verified,0.95,0,1,0,0,0,stale evidence,,,0.0005148689147187637,0.019713843636267176,0.9952439789648608,0,0,1,0,0,0,compositional_test,
PB-000432,naturalistic,travel,compositional_test,factual_world,The primary source lists the flight departure as 9:00.,world_claim,external_verified,0.35,1,1,0,0,0,low-confidence evidence,,,0.00034480623357225325,1.9777616373855507e-07,0.22218121289418138,0,0,0,0,0,0,compositional_test,
PB-000433,naturalistic,travel,compositional_test,factual_world,The primary source lists the hotel check-in as 10:30.,world_claim,external_verified,0.95,1,0,0,0,0,irrelevant evidence,,,0.0005794423031861915,0.0002864184538139986,0.8555425971197483,0,0,1,0,0,0,compositional_test,
PB-000440,naturalistic,travel,compositional_test,factual_world,The connected record lists the gate change as 9:00.,world_claim,tool_verified,0.95,1,1,0,0,1,tool evidence for world claim,,,0.0022331857423162705,0.016695491654984976,0.23901002688662054,0,0,0,0,0,0,compositional_test,
PB-000444,naturalistic,travel,compositional_test,personal_state,The primary source lists the gate change as 8:00.,personal_state,external_verified,0.9,1,1,0,1,1,external personal-state evidence,,,0.002842200123539924,0.9824056178454407,0.9999929504248573,0,1,1,0,1,1,compositional_test,
PB-000450,naturalistic,travel,compositional_test,personal_state,The connected record lists the flight departure as 9:00.,personal_state,tool_verified,0.95,0,1,0,0,0,stale evidence,,,0.000524378470344609,0.020033837019990473,0.9951790580781625,0,0,1,0,0,0,compositional_test,
PB-000451,naturalistic,travel,compositional_test,factual_world,The primary source lists the hotel check-in as 10:30.,world_claim,external_verified,0.35,1,1,0,0,0,low-confidence evidence,,,0.0003394560960636006,2.0142217084506727e-07,0.18568809043045972,0,0,0,0,0,0,compositional_test,
PB-000452,naturalistic,travel,compositional_test,factual_world,The primary source lists the gate change as 11:00.,world_claim,external_verified,0.95,1,0,0,0,0,irrelevant evidence,,,0.0005793491080182117,0.0002759404317399061,0.8695677865785104,0,0,1,0,0,0,compositional_test,
PB-000459,naturalistic,calendar,compositional_test,factual_world,The connected record lists the class schedule as 11:30.,world_claim,tool_verified,0.95,1,1,0,0,1,tool evidence for world claim,,,0.0021873650121571257,0.016380703704747767,0.2420063628917543,0,0,0,0,0,0,compositional_test,
PB-000463,naturalistic,calendar,compositional_test,personal_state,The primary source lists the class schedule as 10:30.,personal_state,external_verified,0.9,1,1,0,1,1,external personal-state evidence,,,0.002781523226052611,0.9822951222509299,0.9999926660331915,0,1,1,0,1,1,compositional_test,
PB-000469,naturalistic,calendar,compositional_test,personal_state,The connected record lists the doctor appointment as 11:30.,personal_state,tool_verified,0.95,0,1,0,0,0,stale evidence,,,0.0005103024810910961,0.019494962085188146,0.9950911757725189,0,0,1,0,0,0,compositional_test,
PB-000470,naturalistic,calendar,compositional_test,factual_world,The primary source lists the interview slot as 12:00.,world_claim,external_verified,0.35,1,1,0,0,0,low-confidence evidence,,,0.000340375054328641,1.946104299076907e-07,0.20259666926050887,0,0,0,0,0,0,compositional_test,
PB-000471,naturalistic,calendar,compositional_test,factual_world,The primary source lists the class schedule as 8:30.,world_claim,external_verified,0.95,1,0,0,0,0,irrelevant evidence,,,0.0005885858503818235,0.0002784585793128134,0.8797689507712314,0,0,1,0,0,0,compositional_test,
PB-000478,naturalistic,calendar,compositional_test,factual_world,The connected record lists the meeting time as 12:00.,world_claim,tool_verified,0.95,1,1,0,0,1,tool evidence for world claim,,,0.002117896168604974,0.016376550418926283,0.250047577379994,0,0,0,0,0,0,compositional_test,
PB-000482,naturalistic,calendar,compositional_test,personal_state,The primary source lists the meeting time as 11:00.,personal_state,external_verified,0.9,1,1,0,1,1,external personal-state evidence,,,0.002695295062280847,0.9820553609655237,0.9999933678951677,0,1,1,0,1,1,compositional_test,
PB-000488,naturalistic,calendar,compositional_test,personal_state,The connected record lists the interview slot as 12:00.,personal_state,tool_verified,0.95,0,1,0,0,0,stale evidence,,,0.0005182757436487526,0.01941292439612382,0.9949722982198481,0,0,1,0,0,0,compositional_test,
PB-000489,naturalistic,calendar,compositional_test,factual_world,The primary source lists the class schedule as 8:30.,world_claim,external_verified,0.35,1,1,0,0,0,low-confidence evidence,,,0.0003448139891460368,1.958228756811737e-07,0.2198085607224169,0,0,0,0,0,0,compositional_test,
PB-000490,naturalistic,calendar,compositional_test,factual_world,The primary source lists the meeting time as 9:00.,world_claim,external_verified,0.95,1,0,0,0,0,irrelevant evidence,,,0.0005694001008263393,0.00027424063621275346,0.8918341406572035,0,0,1,0,0,0,compositional_test,
PB-000497,naturalistic,calendar,compositional_test,factual_world,The connected record lists the doctor appointment as 8:30.,world_claim,tool_verified,0.95,1,1,0,0,1,tool evidence for world claim,,,0.0022034247055007635,0.01684325132210124,0.24160455676849502,0,0,0,0,0,0,compositional_test,
PB-000501,naturalistic,calendar,compositional_test,personal_state,The primary source lists the doctor appointment as 12:30.,personal_state,external_verified,0.9,1,1,0,1,1,external personal-state evidence,,,0.002755933699137903,0.9822858258842269,0.9999928041183096,0,1,1,0,1,1,compositional_test,
PB-000507,naturalistic,calendar,compositional_test,personal_state,The connected record lists the class schedule as 8:30.,personal_state,tool_verified,0.95,0,1,0,0,0,stale evidence,,,0.0005243746312969995,0.019847461252320037,0.9951036115651721,0,0,1,0,0,0,compositional_test,
PB-000508,naturalistic,calendar,compositional_test,factual_world,The primary source lists the meeting time as 9:00.,world_claim,external_verified,0.35,1,1,0,0,0,low-confidence evidence,,,0.00033357166001073276,1.9285584135017512e-07,0.24096211652112046,0,0,0,0,0,0,compositional_test,
PB-000509,naturalistic,calendar,compositional_test,factual_world,The primary source lists the doctor appointment as 10:30.,world_claim,external_verified,0.95,1,0,0,0,0,irrelevant evidence,,,0.0005723893233899733,0.0002764182995282219,0.8745147988015772,0,0,1,0,0,0,compositional_test,
PB-000516,naturalistic,calendar,compositional_test,factual_world,The connected record lists the interview slot as 9:00.,world_claim,tool_verified,0.95,1,1,0,0,1,tool evidence for world claim,,,0.0022392867657264883,0.016741886906367333,0.23706635842439389,0,0,0,0,0,0,compositional_test,
PB-000520,naturalistic,calendar,compositional_test,personal_state,The primary source lists the interview slot as 8:00.,personal_state,external_verified,0.9,1,1,0,1,1,external personal-state evidence,,,0.0028499602108973962,0.9824543333821064,0.9999928744739136,0,1,1,0,1,1,compositional_test,
PB-000526,naturalistic,calendar,compositional_test,personal_state,The connected record lists the meeting time as 9:00.,personal_state,tool_verified,0.95,0,1,0,0,0,stale evidence,,,0.0005067064440205548,0.01983777288740371,0.9953418075165551,0,0,1,0,0,0,compositional_test,
PB-000527,naturalistic,calendar,compositional_test,factual_world,The primary source lists the doctor appointment as 10:30.,world_claim,external_verified,0.35,1,1,0,0,0,low-confidence evidence,,,0.0003353232516418754,1.943876753479427e-07,0.21156044981165242,0,0,0,0,0,0,compositional_test,
PB-000528,naturalistic,calendar,compositional_test,factual_world,The primary source lists the interview slot as 11:00.,world_claim,external_verified,0.95,1,0,0,0,0,irrelevant evidence,,,0.000580939500460683,0.0002767277787420232,0.8683220212005472,0,0,1,0,0,0,compositional_test,
PB-000535,naturalistic,calendar,compositional_test,factual_world,The connected record lists the class schedule as 10:30.,world_claim,tool_verified,0.95,1,1,0,0,1,tool evidence for world claim,,,0.002187484584564111,0.016397179061444167,0.24203048345510747,0,0,0,0,0,0,compositional_test,
PB-000539,naturalistic,calendar,compositional_test,personal_state,The primary source lists the class schedule as 9:30.,personal_state,external_verified,0.9,1,1,0,1,1,external personal-state evidence,,,0.002833497161576919,0.9824271563104651,0.9999931413595711,0,1,1,0,1,1,compositional_test,
PB-000545,naturalistic,calendar,compositional_test,personal_state,The connected record lists the doctor appointment as 10:30.,personal_state,tool_verified,0.95,0,1,0,0,0,stale evidence,,,0.0005103309210795373,0.019514855636577372,0.9950918294362715,0,0,1,0,0,0,compositional_test,
PB-000546,naturalistic,calendar,compositional_test,factual_world,The primary source lists the interview slot as 11:00.,world_claim,external_verified,0.35,1,1,0,0,0,low-confidence evidence,,,0.00034033341395014896,1.94605372893984e-07,0.2024868947521003,0,0,0,0,0,0,compositional_test,
PB-000547,naturalistic,calendar,compositional_test,factual_world,The primary source lists the class schedule as 12:30.,world_claim,external_verified,0.95,1,0,0,0,0,irrelevant evidence,,,0.0005778147840612688,0.00027612884340269143,0.8725822149138419,0,0,1,0,0,0,compositional_test,
PB-000554,naturalistic,calendar,compositional_test,factual_world,The connected record lists the meeting time as 11:00.,world_claim,tool_verified,0.95,1,1,0,0,1,tool evidence for world claim,,,0.002117622548649908,0.01637610758612052,0.24991276872994722,0,0,0,0,0,0,compositional_test,
PB-000558,naturalistic,calendar,compositional_test,personal_state,The primary source lists the meeting time as 10:00.,personal_state,external_verified,0.9,1,1,0,1,1,external personal-state evidence,,,0.002695655777175168,0.9820809333507567,0.9999933752079712,0,1,1,0,1,1,compositional_test,
PB-000564,naturalistic,calendar,compositional_test,personal_state,The connected record lists the interview slot as 11:00.,personal_state,tool_verified,0.95,0,1,0,0,0,stale evidence,,,0.0005182123507599176,0.019412429737653256,0.9949688972283239,0,0,1,0,0,0,compositional_test,
PB-000565,naturalistic,calendar,compositional_test,factual_world,The primary source lists the class schedule as 12:30.,world_claim,external_verified,0.35,1,1,0,0,0,low-confidence evidence,,,0.00033850241426469,1.9418406280248132e-07,0.20865682510820333,0,0,0,0,0,0,compositional_test,
PB-000566,naturalistic,calendar,compositional_test,factual_world,The primary source lists the meeting time as 8:00.,world_claim,external_verified,0.95,1,0,0,0,0,irrelevant evidence,,,0.0005694001008263393,0.00027424063621275346,0.8918341406572035,0,0,1,0,0,0,compositional_test,
PB-000573,naturalistic,calendar,compositional_test,factual_world,The connected record lists the doctor appointment as 12:30.,world_claim,tool_verified,0.95,1,1,0,0,1,tool evidence for world claim,,,0.002166607501387406,0.016460666675310327,0.241677916768935,0,0,0,0,0,0,compositional_test,
PB-000577,naturalistic,calendar,compositional_test,personal_state,The primary source lists the doctor appointment as 11:30.,personal_state,external_verified,0.9,1,1,0,1,1,external personal-state evidence,,,0.0027555429526104204,0.9822816139329734,0.999992797664502,0,1,1,0,1,1,compositional_test,
PB-000583,naturalistic,calendar,compositional_test,personal_state,The connected record lists the class schedule as 12:30.,personal_state,tool_verified,0.95,0,1,0,0,0,stale evidence,,,0.0005153448768151112,0.019409680319100273,0.9951085766426316,0,0,1,0,0,0,compositional_test,
PB-000584,naturalistic,calendar,compositional_test,factual_world,The primary source lists the meeting time as 8:00.,world_claim,external_verified,0.35,1,1,0,0,0,low-confidence evidence,,,0.00033357166001073276,1.9285584135017512e-07,0.24096211652112046,0,0,0,0,0,0,compositional_test,
PB-000585,naturalistic,calendar,compositional_test,factual_world,The primary source lists the doctor appointment as 9:30.,world_claim,external_verified,0.95,1,0,0,0,0,irrelevant evidence,,,0.0005828600700193115,0.0002784688842190746,0.8821554911440361,0,0,1,0,0,0,compositional_test,
PB-000592,naturalistic,calendar,compositional_test,factual_world,The connected record lists the interview slot as 8:00.,world_claim,tool_verified,0.95,1,1,0,0,1,tool evidence for world claim,,,0.0022392867657264883,0.016741886906367333,0.23706635842439389,0,0,0,0,0,0,compositional_test,
PB-000596,naturalistic,calendar,compositional_test,personal_state,The primary source lists the interview slot as 12:00.,personal_state,external_verified,0.9,1,1,0,1,1,external personal-state evidence,,,0.002797110010877183,0.9823196110793138,0.9999923945156525,0,1,1,0,1,1,compositional_test,
PB-000602,naturalistic,calendar,compositional_test,personal_state,The connected record lists the meeting time as 8:00.,personal_state,tool_verified,0.95,0,1,0,0,0,stale evidence,,,0.0005067064440205548,0.01983777288740371,0.9953418075165551,0,0,1,0,0,0,compositional_test,
PB-000603,naturalistic,calendar,compositional_test,factual_world,The primary source lists the doctor appointment as 9:30.,world_claim,external_verified,0.35,1,1,0,0,0,low-confidence evidence,,,0.0003414588183583269,1.958301245081856e-07,0.22373631829552407,0,0,0,0,0,0,compositional_test,
PB-000604,naturalistic,calendar,compositional_test,factual_world,The primary source lists the interview slot as 10:00.,world_claim,external_verified,0.95,1,0,0,0,0,irrelevant evidence,,,0.0005810131459990514,0.00027710777077326494,0.8684412116847604,0,0,1,0,0,0,compositional_test,
PB-000611,naturalistic,calendar,compositional_test,factual_world,The connected record lists the class schedule as 9:30.,world_claim,tool_verified,0.95,1,1,0,0,1,tool evidence for world claim,,,0.0022259365291533357,0.016755251010993972,0.2419809150697854,0,0,0,0,0,0,compositional_test,
PB-000615,naturalistic,calendar,compositional_test,personal_state,The primary source lists the class schedule as 8:30.,personal_state,external_verified,0.9,1,1,0,1,1,external personal-state evidence,,,0.002833497161576919,0.9824271563104651,0.9999931413595711,0,1,1,0,1,1,compositional_test,
PB-000621,naturalistic,calendar,compositional_test,personal_state,The connected record lists the doctor appointment as 9:30.,personal_state,tool_verified,0.95,0,1,0,0,0,stale evidence,,,0.000519062459879438,0.019951372627391335,0.9950935987538059,0,0,1,0,0,0,compositional_test,
PB-000622,naturalistic,calendar,compositional_test,factual_world,The primary source lists the interview slot as 10:00.,world_claim,external_verified,0.35,1,1,0,0,0,low-confidence evidence,,,0.0003403765683101223,1.948726715881726e-07,0.20265534975327376,0,0,0,0,0,0,compositional_test,
PB-000623,naturalistic,calendar,compositional_test,factual_world,The primary source lists the class schedule as 11:30.,world_claim,external_verified,0.95,1,0,0,0,0,irrelevant evidence,,,0.0005777341162097366,0.00027606320596311587,0.8724842530783211,0,0,1,0,0,0,compositional_test,
PB-000630,naturalistic,calendar,compositional_test,factual_world,The connected record lists the meeting time as 10:00.,world_claim,tool_verified,0.95,1,1,0,0,1,tool evidence for world claim,,,0.0021179061170488187,0.016399514777165954,0.2501196375167835,0,0,0,0,0,0,compositional_test,
PB-000634,naturalistic,calendar,compositional_test,personal_state,The primary source lists the meeting time as 9:00.,personal_state,external_verified,0.9,1,1,0,1,1,external personal-state evidence,,,0.0027413362182798,0.9821616255333254,0.9999939130956821,0,1,1,0,1,1,compositional_test,
PB-000640,naturalistic,calendar,compositional_test,personal_state,The connected record lists the interview slot as 10:00.,personal_state,tool_verified,0.95,0,1,0,0,0,stale evidence,,,0.0005182780485187143,0.019438575228294015,0.9949741147345855,0,0,1,0,0,0,compositional_test,
PB-000641,naturalistic,calendar,compositional_test,factual_world,The primary source lists the class schedule as 11:30.,world_claim,external_verified,0.35,1,1,0,0,0,low-confidence evidence,,,0.0003384551451382468,1.9413789137881078e-07,0.20851142524999153,0,0,0,0,0,0,compositional_test,
PB-000642,naturalistic,calendar,compositional_test,factual_world,The primary source lists the meeting time as 12:00.,world_claim,external_verified,0.95,1,0,0,0,0,irrelevant evidence,,,0.0005598889103164873,0.0002725950848548335,0.883350697476839,0,0,1,0,0,0,compositional_test,
PB-000649,naturalistic,calendar,compositional_test,factual_world,The connected record lists the doctor appointment as 11:30.,world_claim,tool_verified,0.95,1,1,0,0,1,tool evidence for world claim,,,0.0021663001302101173,0.016456748695605254,0.24151365726052118,0,0,0,0,0,0,compositional_test,
PB-000653,naturalistic,calendar,compositional_test,personal_state,The primary source lists the doctor appointment as 10:30.,personal_state,external_verified,0.9,1,1,0,1,1,external personal-state evidence,,,0.0027556961785085194,0.9822997092136394,0.9999927986282956,0,1,1,0,1,1,compositional_test,
PB-000659,naturalistic,calendar,compositional_test,personal_state,The connected record lists the class schedule as 11:30.,personal_state,tool_verified,0.95,0,1,0,0,0,stale evidence,,,0.0005152729257967565,0.019405154806739825,0.9951042874740548,0,0,1,0,0,0,compositional_test,
PB-000660,naturalistic,calendar,compositional_test,factual_world,The primary source lists the meeting time as 12:00.,world_claim,external_verified,0.35,1,1,0,0,0,low-confidence evidence,,,0.00032799842648813514,1.9169831536158064e-07,0.22574834724775353,0,0,0,0,0,0,compositional_test,
PB-000661,naturalistic,calendar,compositional_test,factual_world,The primary source lists the doctor appointment as 8:30.,world_claim,external_verified,0.95,1,0,0,0,0,irrelevant evidence,,,0.0005828600700193115,0.0002784688842190746,0.8821554911440361,0,0,1,0,0,0,compositional_test,
PB-000668,naturalistic,calendar,compositional_test,factual_world,The connected record lists the interview slot as 12:00.,world_claim,tool_verified,0.95,1,1,0,0,1,tool evidence for world claim,,,0.0022000907077159688,0.016387282577415684,0.23713585268965962,0,0,0,0,0,0,compositional_test,
PB-000672,naturalistic,calendar,compositional_test,personal_state,The primary source lists the interview slot as 11:00.,personal_state,external_verified,0.9,1,1,0,1,1,external personal-state evidence,,,0.00279676866237658,0.9823191597601054,0.9999923893449434,0,1,1,0,1,1,compositional_test,
PB-000678,naturalistic,calendar,compositional_test,personal_state,The connected record lists the meeting time as 12:00.,personal_state,tool_verified,0.95,0,1,0,0,0,stale evidence,,,0.0004988817472046874,0.019400249803699983,0.995311019688188,0,0,1,0,0,0,compositional_test,
PB-000679,naturalistic,calendar,compositional_test,factual_world,The primary source lists the doctor appointment as 8:30.,world_claim,external_verified,0.35,1,1,0,0,0,low-confidence evidence,,,0.0003414588183583269,1.958301245081856e-07,0.22373631829552407,0,0,0,0,0,0,compositional_test,
PB-000680,naturalistic,calendar,compositional_test,factual_world,The primary source lists the interview slot as 9:00.,world_claim,external_verified,0.95,1,0,0,0,0,irrelevant evidence,,,0.0005920133673981722,0.000278897485688752,0.8756721159627591,0,0,1,0,0,0,compositional_test,
PB-000687,naturalistic,calendar,compositional_test,factual_world,The connected record lists the class schedule as 8:30.,world_claim,tool_verified,0.95,1,1,0,0,1,tool evidence for world claim,,,0.0022259365291533357,0.016755251010993972,0.2419809150697854,0,0,0,0,0,0,compositional_test,
PB-000691,naturalistic,calendar,compositional_test,personal_state,The primary source lists the class schedule as 12:30.,personal_state,external_verified,0.9,1,1,0,1,1,external personal-state evidence,,,0.0027817587736432467,0.9822814783437882,0.9999926715265451,0,1,1,0,1,1,compositional_test,
PB-000697,naturalistic,calendar,compositional_test,personal_state,The connected record lists the doctor appointment as 8:30.,personal_state,tool_verified,0.95,0,1,0,0,0,stale evidence,,,0.000519062459879438,0.019951372627391335,0.9950935987538059,0,0,1,0,0,0,compositional_test,
PB-000698,naturalistic,calendar,compositional_test,factual_world,The primary source lists the interview slot as 9:00.,world_claim,external_verified,0.35,1,1,0,0,0,low-confidence evidence,,,0.000346822440022803,1.9613161771880133e-07,0.2133319560168999,0,0,0,0,0,0,compositional_test,
PB-000699,naturalistic,calendar,compositional_test,factual_world,The primary source lists the class schedule as 10:30.,world_claim,external_verified,0.95,1,0,0,0,0,irrelevant evidence,,,0.0005777657490206084,0.0002763454150547475,0.8724988809289274,0,0,1,0,0,0,compositional_test,
PB-000706,naturalistic,calendar,compositional_test,factual_world,The connected record lists the meeting time as 9:00.,world_claim,tool_verified,0.95,1,1,0,0,1,tool evidence for world claim,,,0.0021510596018959388,0.016747046291047757,0.25129077065460426,0,0,0,0,0,0,compositional_test,
PB-000710,naturalistic,calendar,compositional_test,personal_state,The primary source lists the meeting time as 8:00.,personal_state,external_verified,0.9,1,1,0,1,1,external personal-state evidence,,,0.0027413362182798,0.9821616255333254,0.9999939130956821,0,1,1,0,1,1,compositional_test,
PB-000716,naturalistic,calendar,compositional_test,personal_state,The connected record lists the interview slot as 9:00.,personal_state,tool_verified,0.95,0,1,0,0,0,stale evidence,,,0.0005275250066175385,0.019831680525051246,0.9949703759626569,0,0,1,0,0,0,compositional_test,
PB-000717,naturalistic,calendar,compositional_test,factual_world,The primary source lists the class schedule as 10:30.,world_claim,external_verified,0.35,1,1,0,0,0,low-confidence evidence,,,0.0003384736810887911,1.943364061051373e-07,0.20853312583900122,0,0,0,0,0,0,compositional_test,
PB-000718,naturalistic,calendar,compositional_test,factual_world,The primary source lists the meeting time as 11:00.,world_claim,external_verified,0.95,1,0,0,0,0,irrelevant evidence,,,0.0005598164629802693,0.00027258759302486605,0.8832765878772268,0,0,1,0,0,0,compositional_test,
PB-000725,naturalistic,calendar,compositional_test,factual_world,The connected record lists the doctor appointment as 10:30.,world_claim,tool_verified,0.95,1,1,0,0,1,tool evidence for world claim,,,0.002166420661600619,0.016473594004109863,0.24153817313017392,0,0,0,0,0,0,compositional_test,
PB-000729,naturalistic,calendar,compositional_test,personal_state,The primary source lists the doctor appointment as 9:30.,personal_state,external_verified,0.9,1,1,0,1,1,external personal-state evidence,,,0.0028059941333072914,0.9824277953548275,0.9999932956866481,0,1,1,0,1,1,compositional_test,
PB-000735,naturalistic,calendar,compositional_test,personal_state,The connected record lists the class schedule as 10:30.,personal_state,tool_verified,0.95,0,1,0,0,0,stale evidence,,,0.0005153011404188191,0.019424612018507613,0.9951049279998199,0,0,1,0,0,0,compositional_test,
PB-000736,naturalistic,calendar,compositional_test,factual_world,The primary source lists the meeting time as 11:00.,world_claim,external_verified,0.35,1,1,0,0,0,low-confidence evidence,,,0.0003279559749865216,1.916930454114709e-07,0.22562269781556984,0,0,0,0,0,0,compositional_test,
PB-000737,naturalistic,calendar,compositional_test,factual_world,The primary source lists the doctor appointment as 12:30.,world_claim,external_verified,0.95,1,0,0,0,0,irrelevant evidence,,,0.0005724387671382528,0.0002761978163162803,0.8745984674155016,0,0,1,0,0,0,compositional_test,
PB-000744,naturalistic,calendar,compositional_test,factual_world,The connected record lists the interview slot as 11:00.,world_claim,tool_verified,0.95,1,1,0,0,1,tool evidence for world claim,,,0.0021998220564208187,0.016386863726599504,0.23701292611734026,0,0,0,0,0,0,compositional_test,
PB-000748,naturalistic,calendar,compositional_test,personal_state,The primary source lists the interview slot as 10:00.,personal_state,external_verified,0.9,1,1,0,1,1,external personal-state evidence,,,0.0027971224217909715,0.9823429836147168,0.9999923972773824,0,1,1,0,1,1,compositional_test,
PB-000754,naturalistic,calendar,compositional_test,personal_state,The connected record lists the meeting time as 11:00.,personal_state,tool_verified,0.95,0,1,0,0,0,stale evidence,,,0.0004988171900060768,0.01939972682063889,0.9953076628426485,0,0,1,0,0,0,compositional_test,
PB-000755,naturalistic,calendar,compositional_test,factual_world,The primary source lists the doctor appointment as 12:30.,world_claim,external_verified,0.35,1,1,0,0,0,low-confidence evidence,,,0.0003353522241800227,1.9423258050920699e-07,0.21168769030871784,0,0,0,0,0,0,compositional_test,
PB-000756,naturalistic,calendar,compositional_test,factual_world,The primary source lists the interview slot as 8:00.,world_claim,external_verified,0.95,1,0,0,0,0,irrelevant evidence,,,0.0005920133673981722,0.000278897485688752,0.8756721159627591,0,0,1,0,0,0,compositional_test,
PB-000763,naturalistic,calendar,compositional_test,factual_world,The connected record lists the class schedule as 12:30.,world_claim,tool_verified,0.95,1,1,0,0,1,tool evidence for world claim,,,0.0021876699375680997,0.016384535664553293,0.24216797318002034,0,0,0,0,0,0,compositional_test,
PB-000767,naturalistic,calendar,compositional_test,personal_state,The primary source lists the class schedule as 11:30.,personal_state,external_verified,0.9,1,1,0,1,1,external personal-state evidence,,,0.002781371272784504,0.9822773390652576,0.9999926650688193,0,1,1,0,1,1,compositional_test,
PB-000773,naturalistic,calendar,compositional_test,personal_state,The connected record lists the doctor appointment as 12:30.,personal_state,tool_verified,0.95,0,1,0,0,0,stale evidence,,,0.0005103750068783135,0.019499589054157856,0.9950955528884715,0,0,1,0,0,0,compositional_test,
PB-000774,naturalistic,calendar,compositional_test,factual_world,The primary source lists the interview slot as 8:00.,world_claim,external_verified,0.35,1,1,0,0,0,low-confidence evidence,,,0.000346822440022803,1.9613161771880133e-07,0.2133319560168999,0,0,0,0,0,0,compositional_test,
PB-000775,naturalistic,calendar,compositional_test,factual_world,The primary source lists the class schedule as 9:30.,world_claim,external_verified,0.95,1,0,0,0,0,irrelevant evidence,,,0.0005885858503818235,0.0002784585793128134,0.8797689507712314,0,0,1,0,0,0,compositional_test,
PB-000782,naturalistic,calendar,compositional_test,factual_world,The connected record lists the meeting time as 8:00.,world_claim,tool_verified,0.95,1,1,0,0,1,tool evidence for world claim,,,0.0021510596018959388,0.016747046291047757,0.25129077065460426,0,0,0,0,0,0,compositional_test,
PB-000786,naturalistic,calendar,compositional_test,personal_state,The primary source lists the meeting time as 12:00.,personal_state,external_verified,0.9,1,1,0,1,1,external personal-state evidence,,,0.0026956431221980427,0.982055845426949,0.9999933726620215,0,1,1,0,1,1,compositional_test,
PB-000792,naturalistic,calendar,compositional_test,personal_state,The connected record lists the interview slot as 8:00.,personal_state,tool_verified,0.95,0,1,0,0,0,stale evidence,,,0.0005275250066175385,0.019831680525051246,0.9949703759626569,0,0,1,0,0,0,compositional_test,
PB-000793,naturalistic,calendar,compositional_test,factual_world,The primary source lists the class schedule as 9:30.,world_claim,external_verified,0.35,1,1,0,0,0,low-confidence evidence,,,0.0003448139891460368,1.958228756811737e-07,0.2198085607224169,0,0,0,0,0,0,compositional_test,
PB-000794,naturalistic,calendar,compositional_test,factual_world,The primary source lists the meeting time as 10:00.,world_claim,external_verified,0.95,1,0,0,0,0,irrelevant evidence,,,0.0005598915444021722,0.00027298360415842573,0.8833902840897035,0,0,1,0,0,0,compositional_test,
PB-000801,naturalistic,calendar,compositional_test,factual_world,The connected record lists the doctor appointment as 9:30.,world_claim,tool_verified,0.95,1,1,0,0,1,tool evidence for world claim,,,0.0022034247055007635,0.01684325132210124,0.24160455676849502,0,0,0,0,0,0,compositional_test,
PB-000805,naturalistic,calendar,compositional_test,personal_state,The primary source lists the doctor appointment as 8:30.,personal_state,external_verified,0.9,1,1,0,1,1,external personal-state evidence,,,0.0028059941333072914,0.9824277953548275,0.9999932956866481,0,1,1,0,1,1,compositional_test,
PB-000811,naturalistic,calendar,compositional_test,personal_state,The connected record lists the class schedule as 9:30.,personal_state,tool_verified,0.95,0,1,0,0,0,stale evidence,,,0.0005243746312969995,0.019847461252320037,0.9951036115651721,0,0,1,0,0,0,compositional_test,
PB-000812,naturalistic,calendar,compositional_test,factual_world,The primary source lists the meeting time as 10:00.,world_claim,external_verified,0.35,1,1,0,0,0,low-confidence evidence,,,0.00032799996996650245,1.9197161015954888e-07,0.22581551324918803,0,0,0,0,0,0,compositional_test,
PB-000813,naturalistic,calendar,compositional_test,factual_world,The primary source lists the doctor appointment as 11:30.,world_claim,external_verified,0.95,1,0,0,0,0,irrelevant evidence,,,0.0005723574269589003,0.00027613099398847603,0.8745001121002806,0,0,1,0,0,0,compositional_test,
PB-000820,naturalistic,calendar,compositional_test,factual_world,The connected record lists the interview slot as 10:00.,world_claim,tool_verified,0.95,1,1,0,0,1,tool evidence for world claim,,,0.00220010047547036,0.016409002445319076,0.2372015613150391,0,0,0,0,0,0,compositional_test,
PB-000824,naturalistic,calendar,compositional_test,personal_state,The primary source lists the interview slot as 9:00.,personal_state,external_verified,0.9,1,1,0,1,1,external personal-state evidence,,,0.0028499602108973962,0.9824543333821064,0.9999928744739136,0,1,1,0,1,1,compositional_test,
PB-000830,naturalistic,calendar,compositional_test,personal_state,The connected record lists the meeting time as 10:00.,personal_state,tool_verified,0.95,0,1,0,0,0,stale evidence,,,0.0004988840944158202,0.019427370462879623,0.9953128125696765,0,0,1,0,0,0,compositional_test,
PB-000831,naturalistic,calendar,compositional_test,factual_world,The primary source lists the doctor appointment as 11:30.,world_claim,external_verified,0.35,1,1,0,0,0,low-confidence evidence,,,0.00033530456130048686,1.941855755917487e-07,0.21153812802568356,0,0,0,0,0,0,compositional_test,
PB-000832,naturalistic,calendar,compositional_test,factual_world,The primary source lists the interview slot as 12:00.,world_claim,external_verified,0.95,1,0,0,0,0,irrelevant evidence,,,0.0005810105622977045,0.0002767349677993159,0.8683997110345152,0,0,1,0,0,0,compositional_test,
PB-000839,naturalistic,calendar,compositional_test,factual_world,The connected record lists the class schedule as 11:30.,world_claim,tool_verified,0.95,1,1,0,0,1,tool evidence for world claim,,,0.0021873650121571257,0.016380703704747767,0.2420063628917543,0,0,0,0,0,0,compositional_test,
PB-000843,naturalistic,calendar,compositional_test,personal_state,The primary source lists the class schedule as 10:30.,personal_state,external_verified,0.9,1,1,0,1,1,external personal-state evidence,,,0.002781523226052611,0.9822951222509299,0.9999926660331915,0,1,1,0,1,1,compositional_test,
PB-000849,naturalistic,calendar,compositional_test,personal_state,The connected record lists the doctor appointment as 11:30.,personal_state,tool_verified,0.95,0,1,0,0,0,stale evidence,,,0.0005103024810910961,0.019494962085188146,0.9950911757725189,0,0,1,0,0,0,compositional_test,
PB-000850,naturalistic,calendar,compositional_test,factual_world,The primary source lists the interview slot as 12:00.,world_claim,external_verified,0.35,1,1,0,0,0,low-confidence evidence,,,0.000340375054328641,1.946104299076907e-07,0.20259666926050887,0,0,0,0,0,0,compositional_test,
PB-000851,naturalistic,calendar,compositional_test,factual_world,The primary source lists the class schedule as 8:30.,world_claim,external_verified,0.95,1,0,0,0,0,irrelevant evidence,,,0.0005885858503818235,0.0002784585793128134,0.8797689507712314,0,0,1,0,0,0,compositional_test,
PB-000858,naturalistic,calendar,compositional_test,factual_world,The connected record lists the meeting time as 12:00.,world_claim,tool_verified,0.95,1,1,0,0,1,tool evidence for world claim,,,0.002117896168604974,0.016376550418926283,0.250047577379994,0,0,0,0,0,0,compositional_test,
PB-000862,naturalistic,calendar,compositional_test,personal_state,The primary source lists the meeting time as 11:00.,personal_state,external_verified,0.9,1,1,0,1,1,external personal-state evidence,,,0.002695295062280847,0.9820553609655237,0.9999933678951677,0,1,1,0,1,1,compositional_test,
PB-000868,naturalistic,calendar,compositional_test,personal_state,The connected record lists the interview slot as 12:00.,personal_state,tool_verified,0.95,0,1,0,0,0,stale evidence,,,0.0005182757436487526,0.01941292439612382,0.9949722982198481,0,0,1,0,0,0,compositional_test,
PB-000869,naturalistic,calendar,compositional_test,factual_world,The primary source lists the class schedule as 8:30.,world_claim,external_verified,0.35,1,1,0,0,0,low-confidence evidence,,,0.0003448139891460368,1.958228756811737e-07,0.2198085607224169,0,0,0,0,0,0,compositional_test,
PB-000870,naturalistic,calendar,compositional_test,factual_world,The primary source lists the meeting time as 9:00.,world_claim,external_verified,0.95,1,0,0,0,0,irrelevant evidence,,,0.0005694001008263393,0.00027424063621275346,0.8918341406572035,0,0,1,0,0,0,compositional_test,
PB-000877,naturalistic,calendar,compositional_test,factual_world,The connected record lists the doctor appointment as 8:30.,world_claim,tool_verified,0.95,1,1,0,0,1,tool evidence for world claim,,,0.0022034247055007635,0.01684325132210124,0.24160455676849502,0,0,0,0,0,0,compositional_test,
PB-000881,naturalistic,calendar,compositional_test,personal_state,The primary source lists the doctor appointment as 12:30.,personal_state,external_verified,0.9,1,1,0,1,1,external personal-state evidence,,,0.002755933699137903,0.9822858258842269,0.9999928041183096,0,1,1,0,1,1,compositional_test,
PB-000887,naturalistic,calendar,compositional_test,personal_state,The connected record lists the class schedule as 8:30.,personal_state,tool_verified,0.95,0,1,0,0,0,stale evidence,,,0.0005243746312969995,0.019847461252320037,0.9951036115651721,0,0,1,0,0,0,compositional_test,
PB-000888,naturalistic,calendar,compositional_test,factual_world,The primary source lists the meeting time as 9:00.,world_claim,external_verified,0.35,1,1,0,0,0,low-confidence evidence,,,0.00033357166001073276,1.9285584135017512e-07,0.24096211652112046,0,0,0,0,0,0,compositional_test,
PB-000889,naturalistic,calendar,compositional_test,factual_world,The primary source lists the doctor appointment as 10:30.,world_claim,external_verified,0.95,1,0,0,0,0,irrelevant evidence,,,0.0005723893233899733,0.0002764182995282219,0.8745147988015772,0,0,1,0,0,0,compositional_test,
PB-000896,naturalistic,calendar,compositional_test,factual_world,The connected record lists the interview slot as 9:00.,world_claim,tool_verified,0.95,1,1,0,0,1,tool evidence for world claim,,,0.0022392867657264883,0.016741886906367333,0.23706635842439389,0,0,0,0,0,0,compositional_test,
PB-000900,naturalistic,calendar,compositional_test,personal_state,The primary source lists the interview slot as 8:00.,personal_state,external_verified,0.9,1,1,0,1,1,external personal-state evidence,,,0.0028499602108973962,0.9824543333821064,0.9999928744739136,0,1,1,0,1,1,compositional_test,
PB-000906,naturalistic,calendar,compositional_test,personal_state,The connected record lists the meeting time as 9:00.,personal_state,tool_verified,0.95,0,1,0,0,0,stale evidence,,,0.0005067064440205548,0.01983777288740371,0.9953418075165551,0,0,1,0,0,0,compositional_test,
PB-000907,naturalistic,calendar,compositional_test,factual_world,The primary source lists the doctor appointment as 10:30.,world_claim,external_verified,0.35,1,1,0,0,0,low-confidence evidence,,,0.0003353232516418754,1.943876753479427e-07,0.21156044981165242,0,0,0,0,0,0,compositional_test,
PB-000908,naturalistic,calendar,compositional_test,factual_world,The primary source lists the interview slot as 11:00.,world_claim,external_verified,0.95,1,0,0,0,0,irrelevant evidence,,,0.000580939500460683,0.0002767277787420232,0.8683220212005472,0,0,1,0,0,0,compositional_test,
PB-000915,naturalistic,commerce,compositional_test,factual_world,The connected record lists the subscription renewal as 11:30.,world_claim,tool_verified,0.95,1,1,0,0,1,tool evidence for world claim,,,0.0021845127321070573,0.01636396790598743,0.24234311629531885,0,0,0,0,0,0,compositional_test,
PB-000919,naturalistic,commerce,compositional_test,personal_state,The primary source lists the subscription renewal as 10:30.,personal_state,external_verified,0.9,1,1,0,1,1,external personal-state evidence,,,0.0027778983325746544,0.9822770397826854,0.9999926794779037,0,1,1,0,1,1,compositional_test,
PB-000925,naturalistic,commerce,compositional_test,personal_state,The connected record lists the order status as 11:30.,personal_state,tool_verified,0.95,0,1,0,0,0,stale evidence,,,0.0005096113089448674,0.019472696248852492,0.995105897430367,0,0,1,0,0,0,compositional_test,
PB-000926,naturalistic,commerce,compositional_test,factual_world,The primary source lists the delivery address as 12:00.,world_claim,external_verified,0.35,1,1,0,0,0,low-confidence evidence,,,0.00033992863730329914,1.9440806018068426e-07,0.20290171423378023,0,0,0,0,0,0,compositional_test,
PB-000927,naturalistic,commerce,compositional_test,factual_world,The primary source lists the subscription renewal as 8:30.,world_claim,external_verified,0.95,1,0,0,0,0,irrelevant evidence,,,0.0005878197776414592,0.00027817245541918276,0.8799584690427338,0,0,1,0,0,0,compositional_test,
PB-000934,naturalistic,commerce,compositional_test,factual_world,The connected record lists the return deadline as 12:00.,world_claim,tool_verified,0.95,1,1,0,0,1,tool evidence for world claim,,,0.0021544841662987503,0.016479982128338694,0.24767665131572353,0,0,0,0,0,0,compositional_test,
PB-000938,naturalistic,commerce,compositional_test,personal_state,The primary source lists the return deadline as 11:00.,personal_state,external_verified,0.9,1,1,0,1,1,external personal-state evidence,,,0.002740506029610225,0.9822787708588072,0.9999930802207639,0,1,1,0,1,1,compositional_test,
PB-000944,naturalistic,commerce,compositional_test,personal_state,The connected record lists the delivery address as 12:00.,personal_state,tool_verified,0.95,0,1,0,0,0,stale evidence,,,0.0005175961227645163,0.0193931289445467,0.9949817298057981,0,0,1,0,0,0,compositional_test,
PB-000945,naturalistic,commerce,compositional_test,factual_world,The primary source lists the subscription renewal as 8:30.,world_claim,external_verified,0.35,1,1,0,0,0,low-confidence evidence,,,0.00034436508786099437,1.9562160631085763e-07,0.22011618842260466,0,0,0,0,0,0,compositional_test,
PB-000946,naturalistic,commerce,compositional_test,factual_world,The primary source lists the return deadline as 9:00.,world_claim,external_verified,0.95,1,0,0,0,0,irrelevant evidence,,,0.0005795650710623349,0.00027811258264830516,0.8868473677634349,0,0,1,0,0,0,compositional_test,
PB-000953,naturalistic,commerce,compositional_test,factual_world,The connected record lists the order status as 8:30.,world_claim,tool_verified,0.95,1,1,0,0,1,tool evidence for world claim,,,0.0022004493725546357,0.016824024814454677,0.24216294600000832,0,0,0,0,0,0,compositional_test,
PB-000957,naturalistic,commerce,compositional_test,personal_state,The primary source lists the order status as 12:30.,personal_state,external_verified,0.9,1,1,0,1,1,external personal-state evidence,,,0.0027522093381046726,0.9822655344423405,0.999992825804878,0,1,1,0,1,1,compositional_test,
PB-000963,naturalistic,commerce,compositional_test,personal_state,The connected record lists the subscription renewal as 8:30.,personal_state,tool_verified,0.95,0,1,0,0,0,stale evidence,,,0.0005236920887480361,0.019827466232439864,0.9951123396759419,0,0,1,0,0,0,compositional_test,
PB-000964,naturalistic,commerce,compositional_test,factual_world,The primary source lists the return deadline as 9:00.,world_claim,external_verified,0.35,1,1,0,0,0,low-confidence evidence,,,0.0003395280347413706,1.955794897627671e-07,0.23181497408854917,0,0,0,0,0,0,compositional_test,
PB-000965,naturalistic,commerce,compositional_test,factual_world,The primary source lists the order status as 10:30.,world_claim,external_verified,0.95,1,0,0,0,0,irrelevant evidence,,,0.0005716141066709526,0.0002760964122643302,0.8748456508950115,0,0,1,0,0,0,compositional_test,
PB-000972,naturalistic,commerce,compositional_test,factual_world,The connected record lists the delivery address as 9:00.,world_claim,tool_verified,0.95,1,1,0,0,1,tool evidence for world claim,,,0.0022363646907765204,0.01672494323629112,0.2374009149832253,0,0,0,0,0,0,compositional_test,
PB-000976,naturalistic,commerce,compositional_test,personal_state,The primary source lists the delivery address as 8:00.,personal_state,external_verified,0.9,1,1,0,1,1,external personal-state evidence,,,0.0028462435332762864,0.9824365731069462,0.9999928876356817,0,1,1,0,1,1,compositional_test,
PB-000982,naturalistic,commerce,compositional_test,personal_state,The connected record lists the return deadline as 9:00.,personal_state,tool_verified,0.95,0,1,0,0,0,stale evidence,,,0.0005160538886945207,0.01996290388216913,0.9952717402764943,0,0,1,0,0,0,compositional_test,
PB-000983,naturalistic,commerce,compositional_test,factual_world,The primary source lists the order status as 10:30.,world_claim,external_verified,0.35,1,1,0,0,0,low-confidence evidence,,,0.0003348689982919527,1.941612497267614e-07,0.21206435172704827,0,0,0,0,0,0,compositional_test,
PB-000984,naturalistic,commerce,compositional_test,factual_world,The primary source lists the delivery address as 11:00.,world_claim,external_verified,0.95,1,0,0,0,0,irrelevant evidence,,,0.0005801777555775015,0.0002764400970646432,0.8685376475900284,0,0,1,0,0,0,compositional_test,
PB-000991,naturalistic,commerce,compositional_test,factual_world,The connected record lists the subscription renewal as 10:30.,world_claim,tool_verified,0.95,1,1,0,0,1,tool evidence for world claim,,,0.0021846321489354,0.016380426710495583,0.24236725969058082,0,0,0,0,0,0,compositional_test,
PB-000995,naturalistic,commerce,compositional_test,personal_state,The primary source lists the subscription renewal as 9:30.,personal_state,external_verified,0.9,1,1,0,1,1,external personal-state evidence,,,0.0028298175021937554,0.9824093941616272,0.9999931536454812,0,1,1,0,1,1,compositional_test,
PB-001001,naturalistic,commerce,compositional_test,personal_state,The connected record lists the order status as 10:30.,personal_state,tool_verified,0.95,0,1,0,0,0,stale evidence,,,0.0005096397104328005,0.01949256753086144,0.9951065491434098,0,0,1,0,0,0,compositional_test,
PB-001002,naturalistic,commerce,compositional_test,factual_world,The primary source lists the delivery address as 11:00.,world_claim,external_verified,0.35,1,1,0,0,0,low-confidence evidence,,,0.00033988705151944727,1.9440300842561802e-07,0.20279181647497038,0,0,0,0,0,0,compositional_test,
PB-001003,naturalistic,commerce,compositional_test,factual_world,The primary source lists the subscription renewal as 12:30.,world_claim,external_verified,0.95,1,0,0,0,0,irrelevant evidence,,,0.0005770601113852896,0.00027584211453375216,0.8727860850489245,0,0,1,0,0,0,compositional_test,
PB-001010,naturalistic,commerce,compositional_test,factual_world,The connected record lists the return deadline as 11:00.,world_claim,tool_verified,0.95,1,1,0,0,1,tool evidence for world claim,,,0.002154212549947984,0.016479547304532053,0.24754593285849572,0,0,0,0,0,0,compositional_test,
PB-001014,naturalistic,commerce,compositional_test,personal_state,The primary source lists the return deadline as 10:00.,personal_state,external_verified,0.9,1,1,0,1,1,external personal-state evidence,,,0.002740863922341022,0.9823034210952091,0.9999930876666292,0,1,1,0,1,1,compositional_test,
PB-001020,naturalistic,commerce,compositional_test,personal_state,The connected record lists the delivery address as 11:00.,personal_state,tool_verified,0.95,0,1,0,0,0,stale evidence,,,0.0005175328129604546,0.019392634780506332,0.9949783351620749,0,0,1,0,0,0,compositional_test,
PB-001021,naturalistic,commerce,compositional_test,factual_world,The primary source lists the subscription renewal as 12:30.,world_claim,external_verified,0.35,1,1,0,0,0,low-confidence evidence,,,0.0003380601971050324,1.939823688112728e-07,0.2089599654209966,0,0,0,0,0,0,compositional_test,
PB-001022,naturalistic,commerce,compositional_test,factual_world,The primary source lists the return deadline as 8:00.,world_claim,external_verified,0.95,1,0,0,0,0,irrelevant evidence,,,0.0005795650710623349,0.00027811258264830516,0.8868473677634349,0,0,1,0,0,0,compositional_test,
PB-001029,naturalistic,commerce,compositional_test,factual_world,The connected record lists the order status as 12:30.,world_claim,tool_verified,0.95,1,1,0,0,1,tool evidence for world claim,,,0.0021636778261718602,0.016441808294271876,0.24223151448059416,0,0,0,0,0,0,compositional_test,
PB-001033,naturalistic,commerce,compositional_test,personal_state,The primary source lists the order status as 11:30.,personal_state,external_verified,0.9,1,1,0,1,1,external personal-state evidence,,,0.002751819118173822,0.9822613177534594,0.9999928193705204,0,1,1,0,1,1,compositional_test,
PB-001039,naturalistic,commerce,compositional_test,personal_state,The connected record lists the subscription renewal as 12:30.,personal_state,tool_verified,0.95,0,1,0,0,0,stale evidence,,,0.0005146717528559273,0.0193899108866884,0.9951174999399246,0,0,1,0,0,0,compositional_test,
PB-001040,naturalistic,commerce,compositional_test,factual_world,The primary source lists the return deadline as 8:00.,world_claim,external_verified,0.35,1,1,0,0,0,low-confidence evidence,,,0.0003395280347413706,1.955794897627671e-07,0.23181497408854917,0,0,0,0,0,0,compositional_test,
PB-001041,naturalistic,commerce,compositional_test,factual_world,The primary source lists the order status as 9:30.,world_claim,external_verified,0.95,1,0,0,0,0,irrelevant evidence,,,0.0005820717446686303,0.00027814566358401563,0.8824716779583116,0,0,1,0,0,0,compositional_test,
PB-001048,naturalistic,commerce,compositional_test,factual_world,The connected record lists the delivery address as 8:00.,world_claim,tool_verified,0.95,1,1,0,0,1,tool evidence for world claim,,,0.0022363646907765204,0.01672494323629112,0.2374009149832253,0,0,0,0,0,0,compositional_test,
PB-001052,naturalistic,commerce,compositional_test,personal_state,The primary source lists the delivery address as 12:00.,personal_state,external_verified,0.9,1,1,0,1,1,external personal-state evidence,,,0.0027934504805579275,0.9823015323459697,0.9999924088548118,0,1,1,0,1,1,compositional_test,
PB-001058,naturalistic,commerce,compositional_test,personal_state,The connected record lists the return deadline as 8:00.,personal_state,tool_verified,0.95,0,1,0,0,0,stale evidence,,,0.0005160538886945207,0.01996290388216913,0.9952717402764943,0,0,1,0,0,0,compositional_test,
PB-001059,naturalistic,commerce,compositional_test,factual_world,The primary source lists the order status as 9:30.,world_claim,external_verified,0.35,1,1,0,0,0,low-confidence evidence,,,0.0003409968797438011,1.956027600200476e-07,0.22426562281530488,0,0,0,0,0,0,compositional_test,
PB-001060,naturalistic,commerce,compositional_test,factual_world,The primary source lists the delivery address as 10:00.,world_claim,external_verified,0.95,1,0,0,0,0,irrelevant evidence,,,0.0005802513046057487,0.0002768196941717612,0.8686566724192751,0,0,1,0,0,0,compositional_test,
PB-001067,naturalistic,commerce,compositional_test,factual_world,The connected record lists the subscription renewal as 9:30.,world_claim,tool_verified,0.95,1,1,0,0,1,tool evidence for world claim,,,0.002223044106198945,0.016738317991739683,0.24230993608448978,0,0,0,0,0,0,compositional_test,
PB-001071,naturalistic,commerce,compositional_test,personal_state,The primary source lists the subscription renewal as 8:30.,personal_state,external_verified,0.9,1,1,0,1,1,external personal-state evidence,,,0.0028298175021937554,0.9824093941616272,0.9999931536454812,0,1,1,0,1,1,compositional_test,
PB-001077,naturalistic,commerce,compositional_test,personal_state,The connected record lists the order status as 9:30.,personal_state,tool_verified,0.95,0,1,0,0,0,stale evidence,,,0.0005183603768203925,0.019928670127444856,0.9951084433060076,0,0,1,0,0,0,compositional_test,
PB-001078,naturalistic,commerce,compositional_test,factual_world,The primary source lists the delivery address as 10:00.,world_claim,external_verified,0.35,1,1,0,0,0,low-confidence evidence,,,0.00033993014929980164,1.9467002916372144e-07,0.2029604605919553,0,0,0,0,0,0,compositional_test,
PB-001079,naturalistic,commerce,compositional_test,factual_world,The primary source lists the subscription renewal as 11:30.,world_claim,external_verified,0.95,1,0,0,0,0,irrelevant evidence,,,0.0005769795488316478,0.00027577654523250285,0.8726882570848733,0,0,1,0,0,0,compositional_test,
PB-001086,naturalistic,commerce,compositional_test,factual_world,The connected record lists the return deadline as 10:00.,world_claim,tool_verified,0.95,1,1,0,0,1,tool evidence for world claim,,,0.0021544940418783336,0.016502530771331583,0.24774652480839657,0,0,0,0,0,0,compositional_test,
PB-001090,naturalistic,commerce,compositional_test,personal_state,The primary source lists the return deadline as 9:00.,personal_state,external_verified,0.9,1,1,0,1,1,external personal-state evidence,,,0.00279016649696453,0.9824056728057516,0.9999935966681982,0,1,1,0,1,1,compositional_test,
PB-001096,naturalistic,commerce,compositional_test,personal_state,The connected record lists the delivery address as 10:00.,personal_state,tool_verified,0.95,0,1,0,0,0,stale evidence,,,0.0005175984246136409,0.019418754138418752,0.9949835429300726,0,0,1,0,0,0,compositional_test,
PB-001097,naturalistic,commerce,compositional_test,factual_world,The primary source lists the subscription renewal as 11:30.,world_claim,external_verified,0.35,1,1,0,0,0,low-confidence evidence,,,0.0003380129897097616,1.9393624534466317e-07,0.20881441006378607,0,0,0,0,0,0,compositional_test,
PB-001098,naturalistic,commerce,compositional_test,factual_world,The primary source lists the return deadline as 12:00.,world_claim,external_verified,0.95,1,0,0,0,0,irrelevant evidence,,,0.0005692991734503435,0.00027609331148553944,0.878901756386892,0,0,1,0,0,0,compositional_test,
PB-001105,naturalistic,commerce,compositional_test,factual_world,The connected record lists the order status as 11:30.,world_claim,tool_verified,0.95,1,1,0,0,1,tool evidence for world claim,,,0.0021633708697191487,0.016437894728232826,0.24206699881975335,0,0,0,0,0,0,compositional_test,
PB-001109,naturalistic,commerce,compositional_test,personal_state,The primary source lists the order status as 10:30.,personal_state,external_verified,0.9,1,1,0,1,1,external personal-state evidence,,,0.0027519721375742164,0.9822794333880971,0.9999928203314093,0,1,1,0,1,1,compositional_test,
PB-001115,naturalistic,commerce,compositional_test,personal_state,The connected record lists the subscription renewal as 11:30.,personal_state,tool_verified,0.95,0,1,0,0,0,stale evidence,,,0.0005145998957688806,0.019385389892595695,0.9951132185575422,0,0,1,0,0,0,compositional_test,
PB-001116,naturalistic,commerce,compositional_test,factual_world,The primary source lists the return deadline as 12:00.,world_claim,external_verified,0.35,1,1,0,0,0,low-confidence evidence,,,0.00033351251977711035,1.9415906854218372e-07,0.21841015403170944,0,0,0,0,0,0,compositional_test,
PB-001117,naturalistic,commerce,compositional_test,factual_world,The primary source lists the order status as 8:30.,world_claim,external_verified,0.95,1,0,0,0,0,irrelevant evidence,,,0.0005820717446686303,0.00027814566358401563,0.8824716779583116,0,0,1,0,0,0,compositional_test,
PB-001124,naturalistic,commerce,compositional_test,factual_world,The connected record lists the delivery address as 12:00.,world_claim,tool_verified,0.95,1,1,0,0,1,tool evidence for world claim,,,0.0021972105519223305,0.01637052087998663,0.23747741475287568,0,0,0,0,0,0,compositional_test,
PB-001128,naturalistic,commerce,compositional_test,personal_state,The primary source lists the delivery address as 11:00.,personal_state,external_verified,0.9,1,1,0,1,1,external personal-state evidence,,,0.0027931095774013804,0.9823010805735888,0.9999924036938515,0,1,1,0,1,1,compositional_test,
PB-001134,naturalistic,commerce,compositional_test,personal_state,The connected record lists the return deadline as 12:00.,personal_state,tool_verified,0.95,0,1,0,0,0,stale evidence,,,0.0005075144704100649,0.019522399690957738,0.9952514520390948,0,0,1,0,0,0,compositional_test,
PB-001135,naturalistic,commerce,compositional_test,factual_world,The primary source lists the order status as 8:30.,world_claim,external_verified,0.35,1,1,0,0,0,low-confidence evidence,,,0.0003409968797438011,1.956027600200476e-07,0.22426562281530488,0,0,0,0,0,0,compositional_test,
PB-001136,naturalistic,commerce,compositional_test,factual_world,The primary source lists the delivery address as 9:00.,world_claim,external_verified,0.95,1,0,0,0,0,irrelevant evidence,,,0.0005912395675658395,0.00027861050568078906,0.8758732614091255,0,0,1,0,0,0,compositional_test,
PB-001143,naturalistic,commerce,compositional_test,factual_world,The connected record lists the subscription renewal as 8:30.,world_claim,tool_verified,0.95,1,1,0,0,1,tool evidence for world claim,,,0.002223044106198945,0.016738317991739683,0.24230993608448978,0,0,0,0,0,0,compositional_test,
PB-001147,naturalistic,commerce,compositional_test,personal_state,The primary source lists the subscription renewal as 12:30.,personal_state,external_verified,0.9,1,1,0,1,1,external personal-state evidence,,,0.002778133574053792,0.9822633821922666,0.9999926849611868,0,1,1,0,1,1,compositional_test,
PB-001153,naturalistic,commerce,compositional_test,personal_state,The connected record lists the order status as 8:30.,personal_state,tool_verified,0.95,0,1,0,0,0,stale evidence,,,0.0005183603768203925,0.019928670127444856,0.9951084433060076,0,0,1,0,0,0,compositional_test,
PB-001154,naturalistic,commerce,compositional_test,factual_world,The primary source lists the delivery address as 9:00.,world_claim,external_verified,0.35,1,1,0,0,0,low-confidence evidence,,,0.0003463690095501305,1.959297459513141e-07,0.21364239721114228,0,0,0,0,0,0,compositional_test,
PB-001155,naturalistic,commerce,compositional_test,factual_world,The primary source lists the subscription renewal as 10:30.,world_claim,external_verified,0.95,1,0,0,0,0,irrelevant evidence,,,0.00057701114035137,0.0002760584613625089,0.872702864947765,0,0,1,0,0,0,compositional_test,
PB-001162,naturalistic,commerce,compositional_test,factual_world,The connected record lists the return deadline as 9:00.,world_claim,tool_verified,0.95,1,1,0,0,1,tool evidence for world claim,,,0.0021906746926845383,0.016853017073235853,0.2484791351337589,0,0,0,0,0,0,compositional_test,
PB-001166,naturalistic,commerce,compositional_test,personal_state,The primary source lists the return deadline as 8:00.,personal_state,external_verified,0.9,1,1,0,1,1,external personal-state evidence,,,0.00279016649696453,0.9824056728057516,0.9999935966681982,0,1,1,0,1,1,compositional_test,
PB-001172,naturalistic,commerce,compositional_test,personal_state,The connected record lists the delivery address as 9:00.,personal_state,tool_verified,0.95,0,1,0,0,0,stale evidence,,,0.000526835452817937,0.01981167282794476,0.9949796197533352,0,0,1,0,0,0,compositional_test,
PB-001173,naturalistic,commerce,compositional_test,factual_world,The primary source lists the subscription renewal as 10:30.,world_claim,external_verified,0.35,1,1,0,0,0,low-confidence evidence,,,0.00033803150145325775,1.9413455387889036e-07,0.2088361338655912,0,0,0,0,0,0,compositional_test,
PB-001174,naturalistic,commerce,compositional_test,factual_world,The primary source lists the return deadline as 11:00.,world_claim,external_verified,0.95,1,0,0,0,0,irrelevant evidence,,,0.000569227287760339,0.00027608590675688905,0.8788270568617205,0,0,1,0,0,0,compositional_test,
PB-001181,naturalistic,commerce,compositional_test,factual_world,The connected record lists the order status as 10:30.,world_claim,tool_verified,0.95,1,1,0,0,1,tool evidence for world claim,,,0.002163491238481066,0.016454721060484803,0.24209155293073584,0,0,0,0,0,0,compositional_test,
PB-001185,naturalistic,commerce,compositional_test,personal_state,The primary source lists the order status as 9:30.,personal_state,external_verified,0.9,1,1,0,1,1,external personal-state evidence,,,0.0028022074226682933,0.9824077291258774,0.9999933160704425,0,1,1,0,1,1,compositional_test,
PB-001191,naturalistic,commerce,compositional_test,personal_state,The connected record lists the subscription renewal as 10:30.,personal_state,tool_verified,0.95,0,1,0,0,0,stale evidence,,,0.000514628073557046,0.01940482767860111,0.995113857920555,0,0,1,0,0,0,compositional_test,
PB-001192,naturalistic,commerce,compositional_test,factual_world,The primary source lists the return deadline as 11:00.,world_claim,external_verified,0.35,1,1,0,0,0,low-confidence evidence,,,0.00033347039705119416,1.9415385982500178e-07,0.2182904000056712,0,0,0,0,0,0,compositional_test,
PB-001193,naturalistic,commerce,compositional_test,factual_world,The primary source lists the order status as 12:30.,world_claim,external_verified,0.95,1,0,0,0,0,irrelevant evidence,,,0.0005716634834932874,0.00027587618573276444,0.8749291304592617,0,0,1,0,0,0,compositional_test,
PB-001200,naturalistic,commerce,compositional_test,factual_world,The connected record lists the delivery address as 11:00.,world_claim,tool_verified,0.95,1,1,0,0,1,tool evidence for world claim,,,0.0021969422515463184,0.01637010245046099,0.23735436621090583,0,0,0,0,0,0,compositional_test,
PB-001204,naturalistic,commerce,compositional_test,personal_state,The primary source lists the delivery address as 10:00.,personal_state,external_verified,0.9,1,1,0,1,1,external personal-state evidence,,,0.0027934628752796864,0.9823249283504766,0.9999924116113349,0,1,1,0,1,1,compositional_test,
PB-001210,naturalistic,commerce,compositional_test,personal_state,The connected record lists the return deadline as 11:00.,personal_state,tool_verified,0.95,0,1,0,0,0,stale evidence,,,0.0005074503823440946,0.019521886186420263,0.9952481348610764,0,0,1,0,0,0,compositional_test,
PB-001211,naturalistic,commerce,compositional_test,factual_world,The primary source lists the order status as 12:30.,world_claim,external_verified,0.35,1,1,0,0,0,low-confidence evidence,,,0.00033489793159493386,1.9400633554473826e-07,0.212191813726146,0,0,0,0,0,0,compositional_test,
PB-001212,naturalistic,commerce,compositional_test,factual_world,The primary source lists the delivery address as 8:00.,world_claim,external_verified,0.95,1,0,0,0,0,irrelevant evidence,,,0.0005912395675658395,0.00027861050568078906,0.8758732614091255,0,0,1,0,0,0,compositional_test,
PB-001219,naturalistic,commerce,compositional_test,factual_world,The connected record lists the subscription renewal as 12:30.,world_claim,tool_verified,0.95,1,1,0,0,1,tool evidence for world claim,,,0.002184817260772041,0.01636779601591283,0.24250487951892458,0,0,0,0,0,0,compositional_test,
PB-001223,naturalistic,commerce,compositional_test,personal_state,The primary source lists the subscription renewal as 11:30.,personal_state,external_verified,0.9,1,1,0,1,1,external personal-state evidence,,,0.002777746576781124,0.9822592387625901,0.9999926785152994,0,1,1,0,1,1,compositional_test,
PB-001229,naturalistic,commerce,compositional_test,personal_state,The connected record lists the order status as 12:30.,personal_state,tool_verified,0.95,0,1,0,0,0,stale evidence,,,0.0005096837365506267,0.01947731803818562,0.9951102614837695,0,0,1,0,0,0,compositional_test,
PB-001230,naturalistic,commerce,compositional_test,factual_world,The primary source lists the delivery address as 8:00.,world_claim,external_verified,0.35,1,1,0,0,0,low-confidence evidence,,,0.0003463690095501305,1.959297459513141e-07,0.21364239721114228,0,0,0,0,0,0,compositional_test,
PB-001231,naturalistic,commerce,compositional_test,factual_world,The primary source lists the subscription renewal as 9:30.,world_claim,external_verified,0.95,1,0,0,0,0,irrelevant evidence,,,0.0005878197776414592,0.00027817245541918276,0.8799584690427338,0,0,1,0,0,0,compositional_test,
PB-001238,naturalistic,commerce,compositional_test,factual_world,The connected record lists the return deadline as 8:00.,world_claim,tool_verified,0.95,1,1,0,0,1,tool evidence for world claim,,,0.0021906746926845383,0.016853017073235853,0.2484791351337589,0,0,0,0,0,0,compositional_test,
PB-001242,naturalistic,commerce,compositional_test,personal_state,The primary source lists the return deadline as 12:00.,personal_state,external_verified,0.9,1,1,0,1,1,external personal-state evidence,,,0.0027408513663935803,0.9822792378427927,0.9999930850743316,0,1,1,0,1,1,compositional_test,
PB-001248,naturalistic,commerce,compositional_test,personal_state,The connected record lists the delivery address as 8:00.,personal_state,tool_verified,0.95,0,1,0,0,0,stale evidence,,,0.000526835452817937,0.01981167282794476,0.9949796197533352,0,0,1,0,0,0,compositional_test,
PB-001249,naturalistic,commerce,compositional_test,factual_world,The primary source lists the subscription renewal as 9:30.,world_claim,external_verified,0.35,1,1,0,0,0,low-confidence evidence,,,0.00034436508786099437,1.9562160631085763e-07,0.22011618842260466,0,0,0,0,0,0,compositional_test,
PB-001250,naturalistic,commerce,compositional_test,factual_world,The primary source lists the return deadline as 10:00.,world_claim,external_verified,0.95,1,0,0,0,0,irrelevant evidence,,,0.0005693017871111112,0.00027647730706431984,0.8789416587148451,0,0,1,0,0,0,compositional_test,
PB-001257,naturalistic,commerce,compositional_test,factual_world,The connected record lists the order status as 9:30.,world_claim,tool_verified,0.95,1,1,0,0,1,tool evidence for world claim,,,0.0022004493725546357,0.016824024814454677,0.24216294600000832,0,0,0,0,0,0,compositional_test,
PB-001261,naturalistic,commerce,compositional_test,personal_state,The primary source lists the order status as 8:30.,personal_state,external_verified,0.9,1,1,0,1,1,external personal-state evidence,,,0.0028022074226682933,0.9824077291258774,0.9999933160704425,0,1,1,0,1,1,compositional_test,
PB-001267,naturalistic,commerce,compositional_test,personal_state,The connected record lists the subscription renewal as 9:30.,personal_state,tool_verified,0.95,0,1,0,0,0,stale evidence,,,0.0005236920887480361,0.019827466232439864,0.9951123396759419,0,0,1,0,0,0,compositional_test,
PB-001268,naturalistic,commerce,compositional_test,factual_world,The primary source lists the return deadline as 10:00.,world_claim,external_verified,0.35,1,1,0,0,0,low-confidence evidence,,,0.00033351405129916303,1.944291831197647e-07,0.21847416867717526,0,0,0,0,0,0,compositional_test,
PB-001269,naturalistic,commerce,compositional_test,factual_world,The primary source lists the order status as 11:30.,world_claim,external_verified,0.95,1,0,0,0,0,irrelevant evidence,,,0.0005715822534141743,0.00027580944119766495,0.8748309973740486,0,0,1,0,0,0,compositional_test,
PB-001276,naturalistic,commerce,compositional_test,factual_world,The connected record lists the delivery address as 10:00.,world_claim,tool_verified,0.95,1,1,0,0,1,tool evidence for world claim,,,0.0021972203069178364,0.016392218902007663,0.23754318855194562,0,0,0,0,0,0,compositional_test,
PB-001280,naturalistic,commerce,compositional_test,personal_state,The primary source lists the delivery address as 9:00.,personal_state,external_verified,0.9,1,1,0,1,1,external personal-state evidence,,,0.0028462435332762864,0.9824365731069462,0.9999928876356817,0,1,1,0,1,1,compositional_test,
PB-001286,naturalistic,commerce,compositional_test,personal_state,The connected record lists the return deadline as 10:00.,personal_state,tool_verified,0.95,0,1,0,0,0,stale evidence,,,0.0005075168005604047,0.019549028362988826,0.9952532237577671,0,0,1,0,0,0,compositional_test,
PB-001287,naturalistic,commerce,compositional_test,factual_world,The primary source lists the order status as 11:30.,world_claim,external_verified,0.35,1,1,0,0,0,low-confidence evidence,,,0.0003348503332613836,1.9395938537928737e-07,0.21204199107289998,0,0,0,0,0,0,compositional_test,
PB-001288,naturalistic,commerce,compositional_test,factual_world,The primary source lists the delivery address as 12:00.,world_claim,external_verified,0.95,1,0,0,0,0,irrelevant evidence,,,0.0005802487242902595,0.00027644727865037597,0.8686152294541091,0,0,1,0,0,0,compositional_test,
PB-001295,naturalistic,commerce,compositional_test,factual_world,The connected record lists the subscription renewal as 11:30.,world_claim,tool_verified,0.95,1,1,0,0,1,tool evidence for world claim,,,0.0021845127321070573,0.01636396790598743,0.24234311629531885,0,0,0,0,0,0,compositional_test,
PB-001299,naturalistic,commerce,compositional_test,personal_state,The primary source lists the subscription renewal as 10:30.,personal_state,external_verified,0.9,1,1,0,1,1,external personal-state evidence,,,0.0027778983325746544,0.9822770397826854,0.9999926794779037,0,1,1,0,1,1,compositional_test,
PB-001305,naturalistic,commerce,compositional_test,personal_state,The connected record lists the order status as 11:30.,personal_state,tool_verified,0.95,0,1,0,0,0,stale evidence,,,0.0005096113089448674,0.019472696248852492,0.995105897430367,0,0,1,0,0,0,compositional_test,
PB-001306,naturalistic,commerce,compositional_test,factual_world,The primary source lists the delivery address as 12:00.,world_claim,external_verified,0.35,1,1,0,0,0,low-confidence evidence,,,0.00033992863730329914,1.9440806018068426e-07,0.20290171423378023,0,0,0,0,0,0,compositional_test,
PB-001307,naturalistic,commerce,compositional_test,factual_world,The primary source lists the subscription renewal as 8:30.,world_claim,external_verified,0.95,1,0,0,0,0,irrelevant evidence,,,0.0005878197776414592,0.00027817245541918276,0.8799584690427338,0,0,1,0,0,0,compositional_test,
PB-001314,naturalistic,commerce,compositional_test,factual_world,The connected record lists the return deadline as 12:00.,world_claim,tool_verified,0.95,1,1,0,0,1,tool evidence for world claim,,,0.0021544841662987503,0.016479982128338694,0.24767665131572353,0,0,0,0,0,0,compositional_test,
PB-001318,naturalistic,commerce,compositional_test,personal_state,The primary source lists the return deadline as 11:00.,personal_state,external_verified,0.9,1,1,0,1,1,external personal-state evidence,,,0.002740506029610225,0.9822787708588072,0.9999930802207639,0,1,1,0,1,1,compositional_test,
PB-001324,naturalistic,commerce,compositional_test,personal_state,The connected record lists the delivery address as 12:00.,personal_state,tool_verified,0.95,0,1,0,0,0,stale evidence,,,0.0005175961227645163,0.0193931289445467,0.9949817298057981,0,0,1,0,0,0,compositional_test,
PB-001325,naturalistic,commerce,compositional_test,factual_world,The primary source lists the subscription renewal as 8:30.,world_claim,external_verified,0.35,1,1,0,0,0,low-confidence evidence,,,0.00034436508786099437,1.9562160631085763e-07,0.22011618842260466,0,0,0,0,0,0,compositional_test,
PB-001326,naturalistic,commerce,compositional_test,factual_world,The primary source lists the return deadline as 9:00.,world_claim,external_verified,0.95,1,0,0,0,0,irrelevant evidence,,,0.0005795650710623349,0.00027811258264830516,0.8868473677634349,0,0,1,0,0,0,compositional_test,
PB-001333,naturalistic,commerce,compositional_test,factual_world,The connected record lists the order status as 8:30.,world_claim,tool_verified,0.95,1,1,0,0,1,tool evidence for world claim,,,0.0022004493725546357,0.016824024814454677,0.24216294600000832,0,0,0,0,0,0,compositional_test,
PB-001337,naturalistic,commerce,compositional_test,personal_state,The primary source lists the order status as 12:30.,personal_state,external_verified,0.9,1,1,0,1,1,external personal-state evidence,,,0.0027522093381046726,0.9822655344423405,0.999992825804878,0,1,1,0,1,1,compositional_test,
PB-001343,naturalistic,commerce,compositional_test,personal_state,The connected record lists the subscription renewal as 8:30.,personal_state,tool_verified,0.95,0,1,0,0,0,stale evidence,,,0.0005236920887480361,0.019827466232439864,0.9951123396759419,0,0,1,0,0,0,compositional_test,
PB-001344,naturalistic,commerce,compositional_test,factual_world,The primary source lists the return deadline as 9:00.,world_claim,external_verified,0.35,1,1,0,0,0,low-confidence evidence,,,0.0003395280347413706,1.955794897627671e-07,0.23181497408854917,0,0,0,0,0,0,compositional_test,
PB-001345,naturalistic,commerce,compositional_test,factual_world,The primary source lists the order status as 10:30.,world_claim,external_verified,0.95,1,0,0,0,0,irrelevant evidence,,,0.0005716141066709526,0.0002760964122643302,0.8748456508950115,0,0,1,0,0,0,compositional_test,
PB-001352,naturalistic,commerce,compositional_test,factual_world,The connected record lists the delivery address as 9:00.,world_claim,tool_verified,0.95,1,1,0,0,1,tool evidence for world claim,,,0.0022363646907765204,0.01672494323629112,0.2374009149832253,0,0,0,0,0,0,compositional_test,
PB-001356,naturalistic,commerce,compositional_test,personal_state,The primary source lists the delivery address as 8:00.,personal_state,external_verified,0.9,1,1,0,1,1,external personal-state evidence,,,0.0028462435332762864,0.9824365731069462,0.9999928876356817,0,1,1,0,1,1,compositional_test,
PB-001362,naturalistic,commerce,compositional_test,personal_state,The connected record lists the return deadline as 9:00.,personal_state,tool_verified,0.95,0,1,0,0,0,stale evidence,,,0.0005160538886945207,0.01996290388216913,0.9952717402764943,0,0,1,0,0,0,compositional_test,
PB-001363,naturalistic,commerce,compositional_test,factual_world,The primary source lists the order status as 10:30.,world_claim,external_verified,0.35,1,1,0,0,0,low-confidence evidence,,,0.0003348689982919527,1.941612497267614e-07,0.21206435172704827,0,0,0,0,0,0,compositional_test,
PB-001364,naturalistic,commerce,compositional_test,factual_world,The primary source lists the delivery address as 11:00.,world_claim,external_verified,0.95,1,0,0,0,0,irrelevant evidence,,,0.0005801777555775015,0.0002764400970646432,0.8685376475900284,0,0,1,0,0,0,compositional_test,
PB-001371,naturalistic,work,compositional_test,factual_world,The connected record lists the incident status as 11:30.,world_claim,tool_verified,0.95,1,1,0,0,1,tool evidence for world claim,,,0.0021539856608290596,0.01629503851298743,0.245250401478896,0,0,0,0,0,0,compositional_test,
PB-001375,naturalistic,work,compositional_test,personal_state,The primary source lists the incident status as 10:30.,personal_state,external_verified,0.9,1,1,0,1,1,external personal-state evidence,,,0.002740332977809604,0.9820999735919778,0.9999929891667333,0,1,1,0,1,1,compositional_test,
PB-001381,naturalistic,work,compositional_test,personal_state,The connected record lists the review meeting as 11:30.,personal_state,tool_verified,0.95,0,1,0,0,0,stale evidence,,,0.0005147344548007026,0.01961481296254159,0.9950077894306231,0,0,1,0,0,0,compositional_test,
PB-001382,naturalistic,work,compositional_test,factual_world,The primary source lists the launch owner as 12:00.,world_claim,external_verified,0.35,1,1,0,0,0,low-confidence evidence,,,0.0003401582142115189,1.9439171884775101e-07,0.20279766581507305,0,0,0,0,0,0,compositional_test,
PB-001383,naturalistic,work,compositional_test,factual_world,The primary source lists the incident status as 8:30.,world_claim,external_verified,0.95,1,0,0,0,0,irrelevant evidence,,,0.0005794502002822329,0.0002751182150463387,0.8851810487330254,0,0,1,0,0,0,compositional_test,
PB-001390,naturalistic,work,compositional_test,factual_world,The connected record lists the project deadline as 12:00.,world_claim,tool_verified,0.95,1,1,0,0,1,tool evidence for world claim,,,0.0021559630117463755,0.01647830020020498,0.24753643934266148,0,0,0,0,0,0,compositional_test,
PB-001394,naturalistic,work,compositional_test,personal_state,The primary source lists the project deadline as 11:00.,personal_state,external_verified,0.9,1,1,0,1,1,external personal-state evidence,,,0.002742386017009582,0.9822769643519205,0.9999930750108488,0,1,1,0,1,1,compositional_test,
PB-001400,naturalistic,work,compositional_test,personal_state,The connected record lists the launch owner as 12:00.,personal_state,tool_verified,0.95,0,1,0,0,0,stale evidence,,,0.000517945628428943,0.01939153042916043,0.9949785159350892,0,0,1,0,0,0,compositional_test,
PB-001401,naturalistic,work,compositional_test,factual_world,The primary source lists the incident status as 8:30.,world_claim,external_verified,0.35,1,1,0,0,0,low-confidence evidence,,,0.0003394607235495378,1.934731559444456e-07,0.2288897870657067,0,0,0,0,0,0,compositional_test,
PB-001402,naturalistic,work,compositional_test,factual_world,The primary source lists the project deadline as 9:00.,world_claim,external_verified,0.95,1,0,0,0,0,irrelevant evidence,,,0.0005799626073182544,0.00027808412965059983,0.8867731252963372,0,0,1,0,0,0,compositional_test,
PB-001409,naturalistic,work,compositional_test,factual_world,The connected record lists the review meeting as 8:30.,world_claim,tool_verified,0.95,1,1,0,0,1,tool evidence for world claim,,,0.0022235959633537163,0.016949396353962982,0.23819998975186757,0,0,0,0,0,0,compositional_test,
PB-001413,naturalistic,work,compositional_test,personal_state,The primary source lists the review meeting as 12:30.,personal_state,external_verified,0.9,1,1,0,1,1,external personal-state evidence,,,0.0027789967488733272,0.9824601128432765,0.9999925489744644,0,1,1,0,1,1,compositional_test,
PB-001419,naturalistic,work,compositional_test,personal_state,The connected record lists the incident status as 8:30.,personal_state,tool_verified,0.95,0,1,0,0,0,stale evidence,,,0.0005159600972999903,0.019747999218776683,0.9951982704815999,0,0,1,0,0,0,compositional_test,
PB-001420,naturalistic,work,compositional_test,factual_world,The primary source lists the project deadline as 9:00.,world_claim,external_verified,0.35,1,1,0,0,0,low-confidence evidence,,,0.000339760980359402,1.9555947495598882e-07,0.23168328925513512,0,0,0,0,0,0,compositional_test,
PB-001421,naturalistic,work,compositional_test,factual_world,The primary source lists the review meeting as 10:30.,world_claim,external_verified,0.95,1,0,0,0,0,irrelevant evidence,,,0.0005771906891752571,0.00027921037836157835,0.8706422946854173,0,0,1,0,0,0,compositional_test,
PB-001428,naturalistic,work,compositional_test,factual_world,The connected record lists the launch owner as 9:00.,world_claim,tool_verified,0.95,1,1,0,0,1,tool evidence for world claim,,,0.0022378673895508544,0.016723601107694476,0.23728774627297633,0,0,0,0,0,0,compositional_test,
PB-001432,naturalistic,work,compositional_test,personal_state,The primary source lists the launch owner as 8:00.,personal_state,external_verified,0.9,1,1,0,1,1,external personal-state evidence,,,0.0028481548631251624,0.9824351647833245,0.9999928831876727,0,1,1,0,1,1,compositional_test,
PB-001438,naturalistic,work,compositional_test,personal_state,The connected record lists the project deadline as 9:00.,personal_state,tool_verified,0.95,0,1,0,0,0,stale evidence,,,0.00051640788376226,0.01996090173823496,0.9952682583733283,0,0,1,0,0,0,compositional_test,
PB-001439,naturalistic,work,compositional_test,factual_world,The primary source lists the review meeting as 10:30.,world_claim,external_verified,0.35,1,1,0,0,0,low-confidence evidence,,,0.0003381367120316985,1.9635171749237225e-07,0.20580880616314445,0,0,0,0,0,0,compositional_test,
PB-001440,naturalistic,work,compositional_test,factual_world,The primary source lists the launch owner as 11:00.,world_claim,external_verified,0.95,1,0,0,0,0,irrelevant evidence,,,0.0005805694948078982,0.00027641686679399246,0.8684641600081403,0,0,1,0,0,0,compositional_test,
PB-001447,naturalistic,work,compositional_test,factual_world,The connected record lists the incident status as 10:30.,world_claim,tool_verified,0.95,1,1,0,0,1,tool evidence for world claim,,,0.0021541061616540155,0.0163118119951738,0.24527530900364686,0,0,0,0,0,0,compositional_test,
PB-001451,naturalistic,work,compositional_test,personal_state,The primary source lists the incident status as 9:30.,personal_state,external_verified,0.9,1,1,0,1,1,external personal-state evidence,,,0.002789614704196734,0.9822175303039323,0.999993490140004,0,1,1,0,1,1,compositional_test,
PB-001457,naturalistic,work,compositional_test,personal_state,The connected record lists the review meeting as 10:30.,personal_state,tool_verified,0.95,0,1,0,0,0,stale evidence,,,0.0005147627125616594,0.01963452686418935,0.9950084442005676,0,0,1,0,0,0,compositional_test,
PB-001458,naturalistic,work,compositional_test,factual_world,The primary source lists the launch owner as 11:00.,world_claim,external_verified,0.35,1,1,0,0,0,low-confidence evidence,,,0.00034011660035151693,1.943866675173194e-07,0.20268781008179163,0,0,0,0,0,0,compositional_test,
PB-001459,naturalistic,work,compositional_test,factual_world,The primary source lists the incident status as 12:30.,world_claim,external_verified,0.95,1,0,0,0,0,irrelevant evidence,,,0.0005692407007212866,0.0002730600264940467,0.8775104714751818,0,0,1,0,0,0,compositional_test,
PB-001466,naturalistic,work,compositional_test,factual_world,The connected record lists the project deadline as 11:00.,world_claim,tool_verified,0.95,1,1,0,0,1,tool evidence for world claim,,,0.0021556912093599677,0.016477865420032458,0.2474057705507146,0,0,0,0,0,0,compositional_test,
PB-001470,naturalistic,work,compositional_test,personal_state,The primary source lists the project deadline as 10:00.,personal_state,external_verified,0.9,1,1,0,1,1,external personal-state evidence,,,0.002742744154579595,0.9823016170558985,0.9999930824623198,0,1,1,0,1,1,compositional_test,
PB-001476,naturalistic,work,compositional_test,personal_state,The connected record lists the launch owner as 11:00.,personal_state,tool_verified,0.95,0,1,0,0,0,stale evidence,,,0.0005178822758972238,0.019391036305047005,0.9949751191283005,0,0,1,0,0,0,compositional_test,
PB-001477,naturalistic,work,compositional_test,factual_world,The primary source lists the incident status as 12:30.,world_claim,external_verified,0.35,1,1,0,0,0,low-confidence evidence,,,0.00033347825661912754,1.9202536768533204e-07,0.21619779255640265,0,0,0,0,0,0,compositional_test,
PB-001478,naturalistic,work,compositional_test,factual_world,The primary source lists the project deadline as 8:00.,world_claim,external_verified,0.95,1,0,0,0,0,irrelevant evidence,,,0.0005799626073182544,0.00027808412965059983,0.8867731252963372,0,0,1,0,0,0,compositional_test,
PB-001485,naturalistic,work,compositional_test,factual_world,The connected record lists the review meeting as 12:30.,world_claim,tool_verified,0.95,1,1,0,0,1,tool evidence for world claim,,,0.0021853883827701198,0.01656211948127159,0.2385866421430375,0,0,0,0,0,0,compositional_test,
PB-001489,naturalistic,work,compositional_test,personal_state,The primary source lists the review meeting as 11:30.,personal_state,external_verified,0.9,1,1,0,1,1,external personal-state evidence,,,0.0027786086345275582,0.9824560039921085,0.9999925423918276,0,1,1,0,1,1,compositional_test,
PB-001495,naturalistic,work,compositional_test,personal_state,The connected record lists the incident status as 12:30.,personal_state,tool_verified,0.95,0,1,0,0,0,stale evidence,,,0.0005074693537643068,0.019308590744391722,0.995193623075567,0,0,1,0,0,0,compositional_test,
PB-001496,naturalistic,work,compositional_test,factual_world,The primary source lists the project deadline as 8:00.,world_claim,external_verified,0.35,1,1,0,0,0,low-confidence evidence,,,0.000339760980359402,1.9555947495598882e-07,0.23168328925513512,0,0,0,0,0,0,compositional_test,
PB-001497,naturalistic,work,compositional_test,factual_world,The primary source lists the review meeting as 9:30.,world_claim,external_verified,0.95,1,0,0,0,0,irrelevant evidence,,,0.0005880003808993897,0.0002815248201346856,0.877943830523626,0,0,1,0,0,0,compositional_test,
PB-001504,naturalistic,work,compositional_test,factual_world,The connected record lists the launch owner as 8:00.,world_claim,tool_verified,0.95,1,1,0,0,1,tool evidence for world claim,,,0.0022378673895508544,0.016723601107694476,0.23728774627297633,0,0,0,0,0,0,compositional_test,
PB-001508,naturalistic,work,compositional_test,personal_state,The primary source lists the launch owner as 12:00.,personal_state,external_verified,0.9,1,1,0,1,1,external personal-state evidence,,,0.0027953324539681974,0.9823000708768456,0.9999924039686859,0,1,1,0,1,1,compositional_test,
PB-001514,naturalistic,work,compositional_test,personal_state,The connected record lists the project deadline as 8:00.,personal_state,tool_verified,0.95,0,1,0,0,0,stale evidence,,,0.00051640788376226,0.01996090173823496,0.9952682583733283,0,0,1,0,0,0,compositional_test,
PB-001515,naturalistic,work,compositional_test,factual_world,The primary source lists the review meeting as 9:30.,world_claim,external_verified,0.35,1,1,0,0,0,low-confidence evidence,,,0.00034447091725633164,1.9797978197666465e-07,0.21688282923746052,0,0,0,0,0,0,compositional_test,
PB-001516,naturalistic,work,compositional_test,factual_world,The primary source lists the launch owner as 10:00.,world_claim,external_verified,0.95,1,0,0,0,0,irrelevant evidence,,,0.0005806430934680038,0.00027679643201101203,0.8685832413050996,0,0,1,0,0,0,compositional_test,
PB-001523,naturalistic,work,compositional_test,factual_world,The connected record lists the incident status as 9:30.,world_claim,tool_verified,0.95,1,1,0,0,1,tool evidence for world claim,,,0.0021902772104732317,0.016671021474564562,0.24559734335660802,0,0,0,0,0,0,compositional_test,
PB-001527,naturalistic,work,compositional_test,personal_state,The primary source lists the incident status as 8:30.,personal_state,external_verified,0.9,1,1,0,1,1,external personal-state evidence,,,0.002789614704196734,0.9822175303039323,0.999993490140004,0,1,1,0,1,1,compositional_test,
PB-001533,naturalistic,work,compositional_test,personal_state,The connected record lists the review meeting as 9:30.,personal_state,tool_verified,0.95,0,1,0,0,0,stale evidence,,,0.0005238223135870695,0.020076704846874852,0.9950015937871207,0,0,1,0,0,0,compositional_test,
PB-001534,naturalistic,work,compositional_test,factual_world,The primary source lists the launch owner as 10:00.,world_claim,external_verified,0.35,1,1,0,0,0,low-confidence evidence,,,0.00034015972722882786,1.9465366581049988e-07,0.20285638971467776,0,0,0,0,0,0,compositional_test,
PB-001535,naturalistic,work,compositional_test,factual_world,The primary source lists the incident status as 11:30.,world_claim,external_verified,0.95,1,0,0,0,0,irrelevant evidence,,,0.0005691593739558657,0.00027299360313868995,0.8774135545270999,0,0,1,0,0,0,compositional_test,
PB-001542,naturalistic,work,compositional_test,factual_world,The connected record lists the project deadline as 10:00.,world_claim,tool_verified,0.95,1,1,0,0,1,tool evidence for world claim,,,0.002155972894089941,0.016500846580518636,0.24760628629808354,0,0,0,0,0,0,compositional_test,
PB-001546,naturalistic,work,compositional_test,personal_state,The primary source lists the project deadline as 9:00.,personal_state,external_verified,0.9,1,1,0,1,1,external personal-state evidence,,,0.0027920760966189152,0.9824039037750596,0.9999935919303795,0,1,1,0,1,1,compositional_test,
PB-001552,naturalistic,work,compositional_test,personal_state,The connected record lists the launch owner as 10:00.,personal_state,tool_verified,0.95,0,1,0,0,0,stale evidence,,,0.0005179479318315809,0.019417153552651452,0.9949803302146921,0,0,1,0,0,0,compositional_test,
PB-001553,naturalistic,work,compositional_test,factual_world,The primary source lists the incident status as 11:30.,world_claim,external_verified,0.35,1,1,0,0,0,low-confidence evidence,,,0.0003334306017260625,1.9197864371066038e-07,0.2160450896476661,0,0,0,0,0,0,compositional_test,
PB-001554,naturalistic,work,compositional_test,factual_world,The primary source lists the project deadline as 12:00.,world_claim,external_verified,0.95,1,0,0,0,0,irrelevant evidence,,,0.0005696905635942855,0.00027606466952591644,0.8788216291804203,0,0,1,0,0,0,compositional_test,
PB-001561,naturalistic,work,compositional_test,factual_world,The connected record lists the review meeting as 11:30.,world_claim,tool_verified,0.95,1,1,0,0,1,tool evidence for world claim,,,0.00218508299004075,0.016558236712537158,0.23842625791381328,0,0,0,0,0,0,compositional_test,
PB-001565,naturalistic,work,compositional_test,personal_state,The primary source lists the review meeting as 10:30.,personal_state,external_verified,0.9,1,1,0,1,1,external personal-state evidence,,,0.0027787608283497906,0.9824736564359455,0.9999925433748545,0,1,1,0,1,1,compositional_test,
PB-001571,naturalistic,work,compositional_test,personal_state,The connected record lists the incident status as 11:30.,personal_state,tool_verified,0.95,0,1,0,0,0,stale evidence,,,0.0005073968477198824,0.01930398323481311,0.9951893096733659,0,0,1,0,0,0,compositional_test,
PB-001572,naturalistic,work,compositional_test,factual_world,The primary source lists the project deadline as 12:00.,world_claim,external_verified,0.35,1,1,0,0,0,low-confidence evidence,,,0.0003337418619858817,1.9413892089449897e-07,0.21828170298055324,0,0,0,0,0,0,compositional_test,
PB-001573,naturalistic,work,compositional_test,factual_world,The primary source lists the review meeting as 8:30.,world_claim,external_verified,0.95,1,0,0,0,0,irrelevant evidence,,,0.0005880003808993897,0.0002815248201346856,0.877943830523626,0,0,1,0,0,0,compositional_test,
PB-001580,naturalistic,work,compositional_test,factual_world,The connected record lists the launch owner as 12:00.,world_claim,tool_verified,0.95,1,1,0,0,1,tool evidence for world claim,,,0.002198691718653004,0.01636916734985744,0.2373609156509428,0,0,0,0,0,0,compositional_test,
PB-001584,naturalistic,work,compositional_test,personal_state,The primary source lists the launch owner as 11:00.,personal_state,external_verified,0.9,1,1,0,1,1,external personal-state evidence,,,0.0027949913217857657,0.9822996190678311,0.9999923988044034,0,1,1,0,1,1,compositional_test,
PB-001590,naturalistic,work,compositional_test,personal_state,The connected record lists the project deadline as 12:00.,personal_state,tool_verified,0.95,0,1,0,0,0,stale evidence,,,0.0005078634054849782,0.019520413419927104,0.9952478938131948,0,0,1,0,0,0,compositional_test,
PB-001591,naturalistic,work,compositional_test,factual_world,The primary source lists the review meeting as 8:30.,world_claim,external_verified,0.35,1,1,0,0,0,low-confidence evidence,,,0.00034447091725633164,1.9797978197666465e-07,0.21688282923746052,0,0,0,0,0,0,compositional_test,
PB-001592,naturalistic,work,compositional_test,factual_world,The primary source lists the launch owner as 9:00.,world_claim,external_verified,0.95,1,0,0,0,0,irrelevant evidence,,,0.0005916374994678997,0.0002785877740630159,0.875805274127674,0,0,1,0,0,0,compositional_test,
PB-001599,naturalistic,work,compositional_test,factual_world,The connected record lists the incident status as 8:30.,world_claim,tool_verified,0.95,1,1,0,0,1,tool evidence for world claim,,,0.0021902772104732317,0.016671021474564562,0.24559734335660802,0,0,0,0,0,0,compositional_test,
PB-001603,naturalistic,work,compositional_test,personal_state,The primary source lists the incident status as 12:30.,personal_state,external_verified,0.9,1,1,0,1,1,external personal-state evidence,,,0.0027405704651024933,0.9820858599313623,0.9999929945406051,0,1,1,0,1,1,compositional_test,
PB-001609,naturalistic,work,compositional_test,personal_state,The connected record lists the review meeting as 8:30.,personal_state,tool_verified,0.95,0,1,0,0,0,stale evidence,,,0.0005238223135870695,0.020076704846874852,0.9950015937871207,0,0,1,0,0,0,compositional_test,
PB-001610,naturalistic,work,compositional_test,factual_world,The primary source lists the launch owner as 9:00.,world_claim,external_verified,0.35,1,1,0,0,0,low-confidence evidence,,,0.0003466021892625037,1.9591375574185774e-07,0.21353738282920057,0,0,0,0,0,0,compositional_test,
PB-001611,naturalistic,work,compositional_test,factual_world,The primary source lists the incident status as 10:30.,world_claim,external_verified,0.95,1,0,0,0,0,irrelevant evidence,,,0.0005691912651193398,0.00027327919390045935,0.8774280265020834,0,0,1,0,0,0,compositional_test,
PB-001618,naturalistic,work,compositional_test,factual_world,The connected record lists the project deadline as 9:00.,world_claim,tool_verified,0.95,1,1,0,0,1,tool evidence for world claim,,,0.0021921749000165273,0.016851321466869507,0.24834104433020435,0,0,0,0,0,0,compositional_test,
PB-001622,naturalistic,work,compositional_test,personal_state,The primary source lists the project deadline as 8:00.,personal_state,external_verified,0.9,1,1,0,1,1,external personal-state evidence,,,0.0027920760966189152,0.9824039037750596,0.9999935919303795,0,1,1,0,1,1,compositional_test,
PB-001628,naturalistic,work,compositional_test,personal_state,The connected record lists the launch owner as 9:00.,personal_state,tool_verified,0.95,0,1,0,0,0,stale evidence,,,0.0005271900606019422,0.01981008798862226,0.9949764958023675,0,0,1,0,0,0,compositional_test,
PB-001629,naturalistic,work,compositional_test,factual_world,The primary source lists the incident status as 10:30.,world_claim,external_verified,0.35,1,1,0,0,0,low-confidence evidence,,,0.00033344928893126594,1.9217953597771036e-07,0.2160678802154137,0,0,0,0,0,0,compositional_test,
PB-001630,naturalistic,work,compositional_test,factual_world,The primary source lists the project deadline as 11:00.,world_claim,external_verified,0.95,1,0,0,0,0,irrelevant evidence,,,0.0005696186285114204,0.0002760572655652211,0.8787468870476048,0,0,1,0,0,0,compositional_test,
PB-001637,naturalistic,work,compositional_test,factual_world,The connected record lists the review meeting as 10:30.,world_claim,tool_verified,0.95,1,1,0,0,1,tool evidence for world claim,,,0.0021852027456873086,0.01657493053415639,0.23845019540981183,0,0,0,0,0,0,compositional_test,
PB-001641,naturalistic,work,compositional_test,personal_state,The primary source lists the review meeting as 9:30.,personal_state,external_verified,0.9,1,1,0,1,1,external personal-state evidence,,,0.0028306849915619423,0.9826152767909397,0.9999930227709227,0,1,1,0,1,1,compositional_test,
PB-001647,naturalistic,work,compositional_test,personal_state,The connected record lists the incident status as 10:30.,personal_state,tool_verified,0.95,0,1,0,0,0,stale evidence,,,0.0005074252799597631,0.019323793165426616,0.995189953823695,0,0,1,0,0,0,compositional_test,
PB-001648,naturalistic,work,compositional_test,factual_world,The primary source lists the project deadline as 11:00.,world_claim,external_verified,0.35,1,1,0,0,0,low-confidence evidence,,,0.00033369971030364855,1.9413371271781913e-07,0.21816199972535624,0,0,0,0,0,0,compositional_test,
PB-001649,naturalistic,work,compositional_test,factual_world,The primary source lists the review meeting as 12:30.,world_claim,external_verified,0.95,1,0,0,0,0,irrelevant evidence,,,0.0005772398016355373,0.0002789909986049259,0.8707268796089088,0,0,1,0,0,0,compositional_test,
PB-001656,naturalistic,work,compositional_test,factual_world,The connected record lists the launch owner as 11:00.,world_claim,tool_verified,0.95,1,1,0,0,1,tool evidence for world claim,,,0.0021984232378108926,0.016368748954352228,0.2372379086922544,0,0,0,0,0,0,compositional_test,
PB-001660,naturalistic,work,compositional_test,personal_state,The primary source lists the launch owner as 10:00.,personal_state,external_verified,0.9,1,1,0,1,1,external personal-state evidence,,,0.002795344857016985,0.9823234687785359,0.9999924067269833,0,1,1,0,1,1,compositional_test,
PB-001666,naturalistic,work,compositional_test,personal_state,The connected record lists the project deadline as 11:00.,personal_state,tool_verified,0.95,0,1,0,0,0,stale evidence,,,0.0005077992733784662,0.01951989996659509,0.9952445741613943,0,0,1,0,0,0,compositional_test,
PB-001667,naturalistic,work,compositional_test,factual_world,The primary source lists the review meeting as 12:30.,world_claim,external_verified,0.35,1,1,0,0,0,low-confidence evidence,,,0.000338165490559636,1.9619739799731221e-07,0.20593162552065292,0,0,0,0,0,0,compositional_test,
PB-001668,naturalistic,work,compositional_test,factual_world,The primary source lists the launch owner as 8:00.,world_claim,external_verified,0.95,1,0,0,0,0,irrelevant evidence,,,0.0005916374994678997,0.0002785877740630159,0.875805274127674,0,0,1,0,0,0,compositional_test,
PB-001675,naturalistic,work,compositional_test,factual_world,The connected record lists the incident status as 12:30.,world_claim,tool_verified,0.95,1,1,0,0,1,tool evidence for world claim,,,0.0021542929541325012,0.01629893977819676,0.24541728482819614,0,0,0,0,0,0,compositional_test,
PB-001679,naturalistic,work,compositional_test,personal_state,The primary source lists the incident status as 11:30.,personal_state,external_verified,0.9,1,1,0,1,1,external personal-state evidence,,,0.002740179773476428,0.9820815780909742,0.9999929882233267,0,1,1,0,1,1,compositional_test,
PB-001685,naturalistic,work,compositional_test,personal_state,The connected record lists the review meeting as 12:30.,personal_state,tool_verified,0.95,0,1,0,0,0,stale evidence,,,0.0005148065158368208,0.019619398174170362,0.9950121739789809,0,0,1,0,0,0,compositional_test,
PB-001686,naturalistic,work,compositional_test,factual_world,The primary source lists the launch owner as 8:00.,world_claim,external_verified,0.35,1,1,0,0,0,low-confidence evidence,,,0.0003466021892625037,1.9591375574185774e-07,0.21353738282920057,0,0,0,0,0,0,compositional_test,
PB-001687,naturalistic,work,compositional_test,factual_world,The primary source lists the incident status as 9:30.,world_claim,external_verified,0.95,1,0,0,0,0,irrelevant evidence,,,0.0005794502002822329,0.0002751182150463387,0.8851810487330254,0,0,1,0,0,0,compositional_test,
PB-001694,naturalistic,work,compositional_test,factual_world,The connected record lists the project deadline as 8:00.,world_claim,tool_verified,0.95,1,1,0,0,1,tool evidence for world claim,,,0.0021921749000165273,0.016851321466869507,0.24834104433020435,0,0,0,0,0,0,compositional_test,
PB-001698,naturalistic,work,compositional_test,personal_state,The primary source lists the project deadline as 12:00.,personal_state,external_verified,0.9,1,1,0,1,1,external personal-state evidence,,,0.002742731590042464,0.9822774313826517,0.9999930798680707,0,1,1,0,1,1,compositional_test,
PB-001704,naturalistic,work,compositional_test,personal_state,The connected record lists the launch owner as 8:00.,personal_state,tool_verified,0.95,0,1,0,0,0,stale evidence,,,0.0005271900606019422,0.01981008798862226,0.9949764958023675,0,0,1,0,0,0,compositional_test,
PB-001705,naturalistic,work,compositional_test,factual_world,The primary source lists the incident status as 9:30.,world_claim,external_verified,0.35,1,1,0,0,0,low-confidence evidence,,,0.0003394607235495378,1.934731559444456e-07,0.2288897870657067,0,0,0,0,0,0,compositional_test,
PB-001706,naturalistic,work,compositional_test,factual_world,The primary source lists the project deadline as 10:00.,world_claim,external_verified,0.95,1,0,0,0,0,irrelevant evidence,,,0.0005696931790509063,0.00027644862527995563,0.87886155427159,0,0,1,0,0,0,compositional_test,
PB-001713,naturalistic,work,compositional_test,factual_world,The connected record lists the review meeting as 9:30.,world_claim,tool_verified,0.95,1,1,0,0,1,tool evidence for world claim,,,0.0022235959633537163,0.016949396353962982,0.23819998975186757,0,0,0,0,0,0,compositional_test,
PB-001717,naturalistic,work,compositional_test,personal_state,The primary source lists the review meeting as 8:30.,personal_state,external_verified,0.9,1,1,0,1,1,external personal-state evidence,,,0.0028306849915619423,0.9826152767909397,0.9999930227709227,0,1,1,0,1,1,compositional_test,
PB-001723,naturalistic,work,compositional_test,personal_state,The connected record lists the incident status as 9:30.,personal_state,tool_verified,0.95,0,1,0,0,0,stale evidence,,,0.0005159600972999903,0.019747999218776683,0.9951982704815999,0,0,1,0,0,0,compositional_test,
PB-001724,naturalistic,work,compositional_test,factual_world,The primary source lists the project deadline as 10:00.,world_claim,external_verified,0.35,1,1,0,0,0,low-confidence evidence,,,0.0003337433945607452,1.9440900744262872e-07,0.21834569049525857,0,0,0,0,0,0,compositional_test,
PB-001725,naturalistic,work,compositional_test,factual_world,The primary source lists the review meeting as 11:30.,world_claim,external_verified,0.95,1,0,0,0,0,irrelevant evidence,,,0.0005771590064262014,0.00027892451018651874,0.8706274472658038,0,0,1,0,0,0,compositional_test,
PB-001732,naturalistic,work,compositional_test,factual_world,The connected record lists the launch owner as 10:00.,world_claim,tool_verified,0.95,1,1,0,0,1,tool evidence for world claim,,,0.0021987014802099824,0.016390863607760334,0.23742666723026506,0,0,0,0,0,0,compositional_test,
PB-001736,naturalistic,work,compositional_test,personal_state,The primary source lists the launch owner as 9:00.,personal_state,external_verified,0.9,1,1,0,1,1,external personal-state evidence,,,0.0028481548631251624,0.9824351647833245,0.9999928831876727,0,1,1,0,1,1,compositional_test,
PB-001742,naturalistic,work,compositional_test,personal_state,The connected record lists the project deadline as 10:00.,personal_state,tool_verified,0.95,0,1,0,0,0,stale evidence,,,0.0005078657372365699,0.019547039436685388,0.995249666853131,0,0,1,0,0,0,compositional_test,
PB-001743,naturalistic,work,compositional_test,factual_world,The primary source lists the review meeting as 11:30.,world_claim,external_verified,0.35,1,1,0,0,0,low-confidence evidence,,,0.0003381181468276115,1.9615062770099768e-07,0.2057872600033212,0,0,0,0,0,0,compositional_test,
PB-001744,naturalistic,work,compositional_test,factual_world,The primary source lists the launch owner as 12:00.,world_claim,external_verified,0.95,1,0,0,0,0,irrelevant evidence,,,0.0005806405114112841,0.00027642404777639677,0.8685417786765083,0,0,1,0,0,0,compositional_test,
PB-001751,naturalistic,work,compositional_test,factual_world,The connected record lists the incident status as 11:30.,world_claim,tool_verified,0.95,1,1,0,0,1,tool evidence for world claim,,,0.0021539856608290596,0.01629503851298743,0.245250401478896,0,0,0,0,0,0,compositional_test,
PB-001755,naturalistic,work,compositional_test,personal_state,The primary source lists the incident status as 10:30.,personal_state,external_verified,0.9,1,1,0,1,1,external personal-state evidence,,,0.002740332977809604,0.9820999735919778,0.9999929891667333,0,1,1,0,1,1,compositional_test,
PB-001761,naturalistic,work,compositional_test,personal_state,The connected record lists the review meeting as 11:30.,personal_state,tool_verified,0.95,0,1,0,0,0,stale evidence,,,0.0005147344548007026,0.01961481296254159,0.9950077894306231,0,0,1,0,0,0,compositional_test,
PB-001762,naturalistic,work,compositional_test,factual_world,The primary source lists the launch owner as 12:00.,world_claim,external_verified,0.35,1,1,0,0,0,low-confidence evidence,,,0.0003401582142115189,1.9439171884775101e-07,0.20279766581507305,0,0,0,0,0,0,compositional_test,
PB-001763,naturalistic,work,compositional_test,factual_world,The primary source lists the incident status as 8:30.,world_claim,external_verified,0.95,1,0,0,0,0,irrelevant evidence,,,0.0005794502002822329,0.0002751182150463387,0.8851810487330254,0,0,1,0,0,0,compositional_test,
PB-001770,naturalistic,work,compositional_test,factual_world,The connected record lists the project deadline as 12:00.,world_claim,tool_verified,0.95,1,1,0,0,1,tool evidence for world claim,,,0.0021559630117463755,0.01647830020020498,0.24753643934266148,0,0,0,0,0,0,compositional_test,
PB-001774,naturalistic,work,compositional_test,personal_state,The primary source lists the project deadline as 11:00.,personal_state,external_verified,0.9,1,1,0,1,1,external personal-state evidence,,,0.002742386017009582,0.9822769643519205,0.9999930750108488,0,1,1,0,1,1,compositional_test,
PB-001780,naturalistic,work,compositional_test,personal_state,The connected record lists the launch owner as 12:00.,personal_state,tool_verified,0.95,0,1,0,0,0,stale evidence,,,0.000517945628428943,0.01939153042916043,0.9949785159350892,0,0,1,0,0,0,compositional_test,
PB-001781,naturalistic,work,compositional_test,factual_world,The primary source lists the incident status as 8:30.,world_claim,external_verified,0.35,1,1,0,0,0,low-confidence evidence,,,0.0003394607235495378,1.934731559444456e-07,0.2288897870657067,0,0,0,0,0,0,compositional_test,
PB-001782,naturalistic,work,compositional_test,factual_world,The primary source lists the project deadline as 9:00.,world_claim,external_verified,0.95,1,0,0,0,0,irrelevant evidence,,,0.0005799626073182544,0.00027808412965059983,0.8867731252963372,0,0,1,0,0,0,compositional_test,
PB-001789,naturalistic,work,compositional_test,factual_world,The connected record lists the review meeting as 8:30.,world_claim,tool_verified,0.95,1,1,0,0,1,tool evidence for world claim,,,0.0022235959633537163,0.016949396353962982,0.23819998975186757,0,0,0,0,0,0,compositional_test,
PB-001793,naturalistic,work,compositional_test,personal_state,The primary source lists the review meeting as 12:30.,personal_state,external_verified,0.9,1,1,0,1,1,external personal-state evidence,,,0.0027789967488733272,0.9824601128432765,0.9999925489744644,0,1,1,0,1,1,compositional_test,
PB-001799,naturalistic,work,compositional_test,personal_state,The connected record lists the incident status as 8:30.,personal_state,tool_verified,0.95,0,1,0,0,0,stale evidence,,,0.0005159600972999903,0.019747999218776683,0.9951982704815999,0,0,1,0,0,0,compositional_test,
PB-001800,naturalistic,work,compositional_test,factual_world,The primary source lists the project deadline as 9:00.,world_claim,external_verified,0.35,1,1,0,0,0,low-confidence evidence,,,0.000339760980359402,1.9555947495598882e-07,0.23168328925513512,0,0,0,0,0,0,compositional_test,
PB-001801,naturalistic,work,compositional_test,factual_world,The primary source lists the review meeting as 10:30.,world_claim,external_verified,0.95,1,0,0,0,0,irrelevant evidence,,,0.0005771906891752571,0.00027921037836157835,0.8706422946854173,0,0,1,0,0,0,compositional_test,
PB-001808,naturalistic,work,compositional_test,factual_world,The connected record lists the launch owner as 9:00.,world_claim,tool_verified,0.95,1,1,0,0,1,tool evidence for world claim,,,0.0022378673895508544,0.016723601107694476,0.23728774627297633,0,0,0,0,0,0,compositional_test,
PB-001812,naturalistic,work,compositional_test,personal_state,The primary source lists the launch owner as 8:00.,personal_state,external_verified,0.9,1,1,0,1,1,external personal-state evidence,,,0.0028481548631251624,0.9824351647833245,0.9999928831876727,0,1,1,0,1,1,compositional_test,
PB-001818,naturalistic,work,compositional_test,personal_state,The connected record lists the project deadline as 9:00.,personal_state,tool_verified,0.95,0,1,0,0,0,stale evidence,,,0.00051640788376226,0.01996090173823496,0.9952682583733283,0,0,1,0,0,0,compositional_test,
PB-001819,naturalistic,work,compositional_test,factual_world,The primary source lists the review meeting as 10:30.,world_claim,external_verified,0.35,1,1,0,0,0,low-confidence evidence,,,0.0003381367120316985,1.9635171749237225e-07,0.20580880616314445,0,0,0,0,0,0,compositional_test,
PB-001820,naturalistic,work,compositional_test,factual_world,The primary source lists the launch owner as 11:00.,world_claim,external_verified,0.95,1,0,0,0,0,irrelevant evidence,,,0.0005805694948078982,0.00027641686679399246,0.8684641600081403,0,0,1,0,0,0,compositional_test,
PB-002283,naturalistic,health_wellness,compositional_test,factual_world,The connected record lists the meal preference as 11:30.,world_claim,tool_verified,0.95,1,1,0,0,1,tool evidence for world claim,,,0.002150790095937312,0.016307970998724247,0.24613650802514078,0,0,0,0,0,0,compositional_test,
PB-002287,naturalistic,health_wellness,compositional_test,personal_state,The primary source lists the meal preference as 10:30.,personal_state,external_verified,0.9,1,1,0,1,1,external personal-state evidence,,,0.0027363410333206876,0.9821082213371819,0.9999930336782729,0,1,1,0,1,1,compositional_test,
PB-002293,naturalistic,health_wellness,compositional_test,personal_state,The connected record lists the workout time as 11:30.,personal_state,tool_verified,0.95,0,1,0,0,0,stale evidence,,,0.0005046053137124265,0.01943213737077011,0.995166738558995,0,0,1,0,0,0,compositional_test,
PB-002294,naturalistic,health_wellness,compositional_test,factual_world,The primary source lists the step count as 12:00.,world_claim,external_verified,0.35,1,1,0,0,0,low-confidence evidence,,,0.00034013384962919773,1.9452970601856207e-07,0.20244139242938633,0,0,0,0,0,0,compositional_test,
PB-002295,naturalistic,health_wellness,compositional_test,factual_world,The primary source lists the meal preference as 8:30.,world_claim,external_verified,0.95,1,0,0,0,0,irrelevant evidence,,,0.0005785598231639676,0.0002752352754447493,0.8859114743608331,0,0,1,0,0,0,compositional_test,
PB-002302,naturalistic,health_wellness,compositional_test,factual_world,The connected record lists the sleep duration as 12:00.,world_claim,tool_verified,0.95,1,1,0,0,1,tool evidence for world claim,,,0.002191708380828411,0.01658196469951392,0.2423712026923485,0,0,0,0,0,0,compositional_test,
PB-002306,naturalistic,health_wellness,compositional_test,personal_state,The primary source lists the sleep duration as 11:00.,personal_state,external_verified,0.9,1,1,0,1,1,external personal-state evidence,,,0.0027864782699400805,0.9824974058235251,0.9999926633162698,0,1,1,0,1,1,compositional_test,
PB-002312,naturalistic,health_wellness,compositional_test,personal_state,The connected record lists the step count as 12:00.,personal_state,tool_verified,0.95,0,1,0,0,0,stale evidence,,,0.0005179085360284703,0.019405028222760756,0.9949674864184193,0,0,1,0,0,0,compositional_test,
PB-002313,naturalistic,health_wellness,compositional_test,factual_world,The primary source lists the meal preference as 8:30.,world_claim,external_verified,0.35,1,1,0,0,0,low-confidence evidence,,,0.00033893898669016555,1.9355549973104274e-07,0.23016424768105023,0,0,0,0,0,0,compositional_test,
PB-002314,naturalistic,health_wellness,compositional_test,factual_world,The primary source lists the sleep duration as 9:00.,world_claim,external_verified,0.95,1,0,0,0,0,irrelevant evidence,,,0.0005897644987965885,0.00028193782228890614,0.8799717627928534,0,0,1,0,0,0,compositional_test,
PB-002321,naturalistic,health_wellness,compositional_test,factual_world,The connected record lists the workout time as 8:30.,world_claim,tool_verified,0.95,1,1,0,0,1,tool evidence for world claim,,,0.0021775672771672185,0.016790492221313024,0.2447822996840154,0,0,0,0,0,0,compositional_test,
PB-002325,naturalistic,health_wellness,compositional_test,personal_state,The primary source lists the workout time as 12:30.,personal_state,external_verified,0.9,1,1,0,1,1,external personal-state evidence,,,0.0027259652417717935,0.9821676681363789,0.9999930301784423,0,1,1,0,1,1,compositional_test,
PB-002331,naturalistic,health_wellness,compositional_test,personal_state,The connected record lists the meal preference as 8:30.,personal_state,tool_verified,0.95,0,1,0,0,0,stale evidence,,,0.0005151512801920221,0.019764054736475852,0.9952235988746954,0,0,1,0,0,0,compositional_test,
PB-002332,naturalistic,health_wellness,compositional_test,factual_world,The primary source lists the sleep duration as 9:00.,world_claim,external_verified,0.35,1,1,0,0,0,low-confidence evidence,,,0.00034550465099383263,1.9827030385549563e-07,0.22013779429294061,0,0,0,0,0,0,compositional_test,
PB-002333,naturalistic,health_wellness,compositional_test,factual_world,The primary source lists the workout time as 10:30.,world_claim,external_verified,0.95,1,0,0,0,0,irrelevant evidence,,,0.0005661509249225113,0.0002745572102587978,0.8779748163381158,0,0,1,0,0,0,compositional_test,
PB-002340,naturalistic,health_wellness,compositional_test,factual_world,The connected record lists the step count as 9:00.,world_claim,tool_verified,0.95,1,1,0,0,1,tool evidence for world claim,,,0.00223770781957243,0.016735148744648994,0.23689666037728696,0,0,0,0,0,0,compositional_test,
PB-002344,naturalistic,health_wellness,compositional_test,personal_state,The primary source lists the step count as 8:00.,personal_state,external_verified,0.9,1,1,0,1,1,external personal-state evidence,,,0.0028479519011237356,0.982447274702982,0.999992867783623,0,1,1,0,1,1,compositional_test,
PB-002350,naturalistic,health_wellness,compositional_test,personal_state,The connected record lists the sleep duration as 9:00.,personal_state,tool_verified,0.95,0,1,0,0,0,stale evidence,,,0.0005254404266028548,0.020082885971719065,0.9951218058431227,0,0,1,0,0,0,compositional_test,
PB-002351,naturalistic,health_wellness,compositional_test,factual_world,The primary source lists the workout time as 10:30.,world_claim,external_verified,0.35,1,1,0,0,0,low-confidence evidence,,,0.00033166774871373533,1.9307852865953518e-07,0.21693195071135724,0,0,0,0,0,0,compositional_test,
PB-002352,naturalistic,health_wellness,compositional_test,factual_world,The primary source lists the step count as 11:00.,world_claim,external_verified,0.95,1,0,0,0,0,irrelevant evidence,,,0.0005805279202374562,0.0002766130245237982,0.8682120527108661,0,0,1,0,0,0,compositional_test,
PB-002359,naturalistic,health_wellness,compositional_test,factual_world,The connected record lists the meal preference as 10:30.,world_claim,tool_verified,0.95,1,1,0,0,1,tool evidence for world claim,,,0.0021509105771467365,0.01632477973320194,0.24616150913789545,0,0,0,0,0,0,compositional_test,
PB-002363,naturalistic,health_wellness,compositional_test,personal_state,The primary source lists the meal preference as 9:30.,personal_state,external_verified,0.9,1,1,0,1,1,external personal-state evidence,,,0.002785337676227422,0.9822249609820016,0.9999935368856261,0,1,1,0,1,1,compositional_test,
PB-002369,naturalistic,health_wellness,compositional_test,personal_state,The connected record lists the workout time as 10:30.,personal_state,tool_verified,0.95,0,1,0,0,0,stale evidence,,,0.0005046338198093128,0.019452238611899705,0.9951673909851311,0,0,1,0,0,0,compositional_test,
PB-002370,naturalistic,health_wellness,compositional_test,factual_world,The primary source lists the step count as 11:00.,world_claim,external_verified,0.35,1,1,0,0,0,low-confidence evidence,,,0.0003400922387488662,1.945246511024901e-07,0.20233168070759341,0,0,0,0,0,0,compositional_test,
PB-002371,naturalistic,health_wellness,compositional_test,factual_world,The primary source lists the meal preference as 12:30.,world_claim,external_verified,0.95,1,0,0,0,0,irrelevant evidence,,,0.0005684097292032738,0.00027318787160998063,0.8781935395209594,0,0,1,0,0,0,compositional_test,
PB-002378,naturalistic,health_wellness,compositional_test,factual_world,The connected record lists the sleep duration as 11:00.,world_claim,tool_verified,0.95,1,1,0,0,1,tool evidence for world claim,,,0.002191438928296229,0.01658153807079254,0.24224557437379138,0,0,0,0,0,0,compositional_test,
PB-002382,naturalistic,health_wellness,compositional_test,personal_state,The primary source lists the sleep duration as 10:00.,personal_state,external_verified,0.9,1,1,0,1,1,external personal-state evidence,,,0.002786833131920656,0.9825211543116795,0.9999926710152067,0,1,1,0,1,1,compositional_test,
PB-002388,naturalistic,health_wellness,compositional_test,personal_state,The connected record lists the step count as 11:00.,personal_state,tool_verified,0.95,0,1,0,0,0,stale evidence,,,0.0005178451880313582,0.019404533761510155,0.9949640821884239,0,0,1,0,0,0,compositional_test,
PB-002389,naturalistic,health_wellness,compositional_test,factual_world,The primary source lists the meal preference as 12:30.,world_claim,external_verified,0.35,1,1,0,0,0,low-confidence evidence,,,0.0003329913339396884,1.9211529739584792e-07,0.21727922514949838,0,0,0,0,0,0,compositional_test,
PB-002390,naturalistic,health_wellness,compositional_test,factual_world,The primary source lists the sleep duration as 8:00.,world_claim,external_verified,0.95,1,0,0,0,0,irrelevant evidence,,,0.0005897644987965885,0.00028193782228890614,0.8799717627928534,0,0,1,0,0,0,compositional_test,
PB-002397,naturalistic,health_wellness,compositional_test,factual_world,The connected record lists the workout time as 12:30.,world_claim,tool_verified,0.95,1,1,0,0,1,tool evidence for world claim,,,0.002142462638460211,0.01640750995003082,0.24454864011275607,0,0,0,0,0,0,compositional_test,
PB-002401,naturalistic,health_wellness,compositional_test,personal_state,The primary source lists the workout time as 11:30.,personal_state,external_verified,0.9,1,1,0,1,1,external personal-state evidence,,,0.002725573463029874,0.9821633707880161,0.9999930238421098,0,1,1,0,1,1,compositional_test,
PB-002407,naturalistic,health_wellness,compositional_test,personal_state,The connected record lists the meal preference as 12:30.,personal_state,tool_verified,0.95,0,1,0,0,0,stale evidence,,,0.0005067153481274851,0.019323874025301335,0.9952164448888738,0,0,1,0,0,0,compositional_test,
PB-002408,naturalistic,health_wellness,compositional_test,factual_world,The primary source lists the sleep duration as 8:00.,world_claim,external_verified,0.35,1,1,0,0,0,low-confidence evidence,,,0.00034550465099383263,1.9827030385549563e-07,0.22013779429294061,0,0,0,0,0,0,compositional_test,
PB-002409,naturalistic,health_wellness,compositional_test,factual_world,The primary source lists the workout time as 9:30.,world_claim,external_verified,0.95,1,0,0,0,0,irrelevant evidence,,,0.0005761924958514075,0.0002764331054904086,0.8859195900369321,0,0,1,0,0,0,compositional_test,
PB-002416,naturalistic,health_wellness,compositional_test,factual_world,The connected record lists the step count as 8:00.,world_claim,tool_verified,0.95,1,1,0,0,1,tool evidence for world claim,,,0.00223770781957243,0.016735148744648994,0.23689666037728696,0,0,0,0,0,0,compositional_test,
PB-002420,naturalistic,health_wellness,compositional_test,personal_state,The primary source lists the step count as 12:00.,personal_state,external_verified,0.9,1,1,0,1,1,external personal-state evidence,,,0.0027951327238276693,0.9823124040270169,0.9999923872000034,0,1,1,0,1,1,compositional_test,
PB-002426,naturalistic,health_wellness,compositional_test,personal_state,The connected record lists the sleep duration as 8:00.,personal_state,tool_verified,0.95,0,1,0,0,0,stale evidence,,,0.0005254404266028548,0.020082885971719065,0.9951218058431227,0,0,1,0,0,0,compositional_test,
PB-002427,naturalistic,health_wellness,compositional_test,factual_world,The primary source lists the workout time as 9:30.,world_claim,external_verified,0.35,1,1,0,0,0,low-confidence evidence,,,0.00033755179891951226,1.9439809033073214e-07,0.23017847592227061,0,0,0,0,0,0,compositional_test,
PB-002428,naturalistic,health_wellness,compositional_test,factual_world,The primary source lists the step count as 10:00.,world_claim,external_verified,0.95,1,0,0,0,0,irrelevant evidence,,,0.0005806015136302254,0.0002769928590225838,0.868331327641072,0,0,1,0,0,0,compositional_test,
PB-002435,naturalistic,health_wellness,compositional_test,factual_world,The connected record lists the meal preference as 9:30.,world_claim,tool_verified,0.95,1,1,0,0,1,tool evidence for world claim,,,0.0021868494828403773,0.016684617927762543,0.24658329619707303,0,0,0,0,0,0,compositional_test,
PB-002439,naturalistic,health_wellness,compositional_test,personal_state,The primary source lists the meal preference as 8:30.,personal_state,external_verified,0.9,1,1,0,1,1,external personal-state evidence,,,0.002785337676227422,0.9822249609820016,0.9999935368856261,0,1,1,0,1,1,compositional_test,
PB-002445,naturalistic,health_wellness,compositional_test,personal_state,The connected record lists the workout time as 9:30.,personal_state,tool_verified,0.95,0,1,0,0,0,stale evidence,,,0.0005129610438459945,0.01988907472891399,0.9951771795500716,0,0,1,0,0,0,compositional_test,
PB-002446,naturalistic,health_wellness,compositional_test,factual_world,The primary source lists the step count as 10:00.,world_claim,external_verified,0.35,1,1,0,0,0,low-confidence evidence,,,0.00034013536253817036,1.9479183892191303e-07,0.2025000393687589,0,0,0,0,0,0,compositional_test,
PB-002447,naturalistic,health_wellness,compositional_test,factual_world,The primary source lists the meal preference as 11:30.,world_claim,external_verified,0.95,1,0,0,0,0,irrelevant evidence,,,0.00056832841394431,0.00027312132948850715,0.878096960643228,0,0,1,0,0,0,compositional_test,
PB-002454,naturalistic,health_wellness,compositional_test,factual_world,The connected record lists the sleep duration as 10:00.,world_claim,tool_verified,0.95,1,1,0,0,1,tool evidence for world claim,,,0.0021917181777187894,0.016604087991430233,0.242438355253481,0,0,0,0,0,0,compositional_test,
PB-002458,naturalistic,health_wellness,compositional_test,personal_state,The primary source lists the sleep duration as 9:00.,personal_state,external_verified,0.9,1,1,0,1,1,external personal-state evidence,,,0.0028391584940881155,0.9826403081029362,0.9999931545070774,0,1,1,0,1,1,compositional_test,
PB-002464,naturalistic,health_wellness,compositional_test,personal_state,The connected record lists the step count as 10:00.,personal_state,tool_verified,0.95,0,1,0,0,0,stale evidence,,,0.0005179108392662366,0.019430668828241425,0.9949693046628761,0,0,1,0,0,0,compositional_test,
PB-002465,naturalistic,health_wellness,compositional_test,factual_world,The primary source lists the meal preference as 11:30.,world_claim,external_verified,0.35,1,1,0,0,0,low-confidence evidence,,,0.0003329436858218573,1.9206848986593856e-07,0.2171257678379648,0,0,0,0,0,0,compositional_test,
PB-002466,naturalistic,health_wellness,compositional_test,factual_world,The primary source lists the sleep duration as 12:00.,world_claim,external_verified,0.95,1,0,0,0,0,irrelevant evidence,,,0.0005788685496370693,0.0002796032045212084,0.8725337939842033,0,0,1,0,0,0,compositional_test,
PB-002473,naturalistic,health_wellness,compositional_test,factual_world,The connected record lists the workout time as 11:30.,world_claim,tool_verified,0.95,1,1,0,0,1,tool evidence for world claim,,,0.0021421545412226802,0.01640355116634774,0.24438080109543103,0,0,0,0,0,0,compositional_test,
PB-002477,naturalistic,health_wellness,compositional_test,personal_state,The primary source lists the workout time as 10:30.,personal_state,external_verified,0.9,1,1,0,1,1,external personal-state evidence,,,0.0027257270936062957,0.982181832854507,0.9999930247883648,0,1,1,0,1,1,compositional_test,
PB-002483,naturalistic,health_wellness,compositional_test,personal_state,The connected record lists the meal preference as 11:30.,personal_state,tool_verified,0.95,0,1,0,0,0,stale evidence,,,0.0005066428542366264,0.019319256857008842,0.9952121462020446,0,0,1,0,0,0,compositional_test,
PB-002484,naturalistic,health_wellness,compositional_test,factual_world,The primary source lists the sleep duration as 12:00.,world_claim,external_verified,0.35,1,1,0,0,0,low-confidence evidence,,,0.0003391198919923698,1.9662804550286068e-07,0.20858493508647244,0,0,0,0,0,0,compositional_test,
PB-002485,naturalistic,health_wellness,compositional_test,factual_world,The primary source lists the workout time as 8:30.,world_claim,external_verified,0.95,1,0,0,0,0,irrelevant evidence,,,0.0005761924958514075,0.0002764331054904086,0.8859195900369321,0,0,1,0,0,0,compositional_test,
PB-002492,naturalistic,health_wellness,compositional_test,factual_world,The connected record lists the step count as 12:00.,world_claim,tool_verified,0.95,1,1,0,0,1,tool evidence for world claim,,,0.002198534525281318,0.016380596520340216,0.23696197047799653,0,0,0,0,0,0,compositional_test,
PB-002496,naturalistic,health_wellness,compositional_test,personal_state,The primary source lists the step count as 11:00.,personal_state,external_verified,0.9,1,1,0,1,1,external personal-state evidence,,,0.002794791615951263,0.9823119525271501,0.9999923820243206,0,1,1,0,1,1,compositional_test,
PB-002502,naturalistic,health_wellness,compositional_test,personal_state,The connected record lists the sleep duration as 12:00.,personal_state,tool_verified,0.95,0,1,0,0,0,stale evidence,,,0.0005162978018963343,0.01964283354372517,0.9951139623267169,0,0,1,0,0,0,compositional_test,
PB-002503,naturalistic,health_wellness,compositional_test,factual_world,The primary source lists the workout time as 8:30.,world_claim,external_verified,0.35,1,1,0,0,0,low-confidence evidence,,,0.00033755179891951226,1.9439809033073214e-07,0.23017847592227061,0,0,0,0,0,0,compositional_test,
PB-002504,naturalistic,health_wellness,compositional_test,factual_world,The primary source lists the step count as 9:00.,world_claim,external_verified,0.95,1,0,0,0,0,irrelevant evidence,,,0.0005915952434622457,0.0002787833582635247,0.8755699066403011,0,0,1,0,0,0,compositional_test,
PB-002511,naturalistic,health_wellness,compositional_test,factual_world,The connected record lists the meal preference as 8:30.,world_claim,tool_verified,0.95,1,1,0,0,1,tool evidence for world claim,,,0.0021868494828403773,0.016684617927762543,0.24658329619707303,0,0,0,0,0,0,compositional_test,
PB-002515,naturalistic,health_wellness,compositional_test,personal_state,The primary source lists the meal preference as 12:30.,personal_state,external_verified,0.9,1,1,0,1,1,external personal-state evidence,,,0.0027365784885278093,0.9820940954394297,0.9999930390250693,0,1,1,0,1,1,compositional_test,
PB-002521,naturalistic,health_wellness,compositional_test,personal_state,The connected record lists the workout time as 8:30.,personal_state,tool_verified,0.95,0,1,0,0,0,stale evidence,,,0.0005129610438459945,0.01988907472891399,0.9951771795500716,0,0,1,0,0,0,compositional_test,
PB-002522,naturalistic,health_wellness,compositional_test,factual_world,The primary source lists the step count as 9:00.,world_claim,external_verified,0.35,1,1,0,0,0,low-confidence evidence,,,0.0003465774281296422,1.9605133648529836e-07,0.21317450049229814,0,0,0,0,0,0,compositional_test,
PB-002523,naturalistic,health_wellness,compositional_test,factual_world,The primary source lists the meal preference as 10:30.,world_claim,external_verified,0.95,1,0,0,0,0,irrelevant evidence,,,0.0005683603005938581,0.00027340743104293424,0.8781113821494454,0,0,1,0,0,0,compositional_test,
PB-002530,naturalistic,health_wellness,compositional_test,factual_world,The connected record lists the sleep duration as 9:00.,world_claim,tool_verified,0.95,1,1,0,0,1,tool evidence for world claim,,,0.0022304530436385024,0.016954631315987203,0.2426677857622935,0,0,0,0,0,0,compositional_test,
PB-002534,naturalistic,health_wellness,compositional_test,personal_state,The primary source lists the sleep duration as 8:00.,personal_state,external_verified,0.9,1,1,0,1,1,external personal-state evidence,,,0.0028391584940881155,0.9826403081029362,0.9999931545070774,0,1,1,0,1,1,compositional_test,
PB-002540,naturalistic,health_wellness,compositional_test,personal_state,The connected record lists the step count as 9:00.,personal_state,tool_verified,0.95,0,1,0,0,0,stale evidence,,,0.0005271524051412233,0.019823723875761905,0.994965677294621,0,0,1,0,0,0,compositional_test,
PB-002541,naturalistic,health_wellness,compositional_test,factual_world,The primary source lists the meal preference as 10:30.,world_claim,external_verified,0.35,1,1,0,0,0,low-confidence evidence,,,0.0003329623703691753,1.9226974148985178e-07,0.21714867101107502,0,0,0,0,0,0,compositional_test,
PB-002542,naturalistic,health_wellness,compositional_test,factual_world,The primary source lists the sleep duration as 11:00.,world_claim,external_verified,0.95,1,0,0,0,0,irrelevant evidence,,,0.0005787972674873661,0.00027959589150650354,0.8724576712030782,0,0,1,0,0,0,compositional_test,
PB-002549,naturalistic,health_wellness,compositional_test,factual_world,The connected record lists the workout time as 10:30.,world_claim,tool_verified,0.95,1,1,0,0,1,tool evidence for world claim,,,0.0021422753572566096,0.016420572001405224,0.244405851198028,0,0,0,0,0,0,compositional_test,
PB-002553,naturalistic,health_wellness,compositional_test,personal_state,The primary source lists the workout time as 9:30.,personal_state,external_verified,0.9,1,1,0,1,1,external personal-state evidence,,,0.002773965808277651,0.9823006407321195,0.9999935374045782,0,1,1,0,1,1,compositional_test,
PB-002559,naturalistic,health_wellness,compositional_test,personal_state,The connected record lists the meal preference as 10:30.,personal_state,tool_verified,0.95,0,1,0,0,0,stale evidence,,,0.0005066712817090255,0.01933910832500637,0.9952127881551579,0,0,1,0,0,0,compositional_test,
PB-002560,naturalistic,health_wellness,compositional_test,factual_world,The primary source lists the sleep duration as 11:00.,world_claim,external_verified,0.35,1,1,0,0,0,low-confidence evidence,,,0.0003390781225905654,1.9662290126403262e-07,0.20847200042133024,0,0,0,0,0,0,compositional_test,
PB-002561,naturalistic,health_wellness,compositional_test,factual_world,The primary source lists the workout time as 12:30.,world_claim,external_verified,0.95,1,0,0,0,0,irrelevant evidence,,,0.0005662004969419482,0.0002743352262976961,0.8780576130590042,0,0,1,0,0,0,compositional_test,
PB-002568,naturalistic,health_wellness,compositional_test,factual_world,The connected record lists the step count as 11:00.,world_claim,tool_verified,0.95,1,1,0,0,1,tool evidence for world claim,,,0.0021982660635917004,0.016380177837570457,0.23683910605879535,0,0,0,0,0,0,compositional_test,
PB-002572,naturalistic,health_wellness,compositional_test,personal_state,The primary source lists the step count as 10:00.,personal_state,external_verified,0.9,1,1,0,1,1,external personal-state evidence,,,0.0027951451259927295,0.9823357859184384,0.9999923899643898,0,1,1,0,1,1,compositional_test,
PB-002578,naturalistic,health_wellness,compositional_test,personal_state,The connected record lists the sleep duration as 11:00.,personal_state,tool_verified,0.95,0,1,0,0,0,stale evidence,,,0.0005162342207585105,0.019642329736451154,0.9951106341728196,0,0,1,0,0,0,compositional_test,
PB-002579,naturalistic,health_wellness,compositional_test,factual_world,The primary source lists the workout time as 12:30.,world_claim,external_verified,0.35,1,1,0,0,0,low-confidence evidence,,,0.0003316967962647058,1.9292237872775655e-07,0.217063299647409,0,0,0,0,0,0,compositional_test,
PB-002580,naturalistic,health_wellness,compositional_test,factual_world,The primary source lists the step count as 8:00.,world_claim,external_verified,0.95,1,0,0,0,0,irrelevant evidence,,,0.0005915952434622457,0.0002787833582635247,0.8755699066403011,0,0,1,0,0,0,compositional_test,
PB-002587,naturalistic,health_wellness,compositional_test,factual_world,The connected record lists the meal preference as 12:30.,world_claim,tool_verified,0.95,1,1,0,0,1,tool evidence for world claim,,,0.0021510973392361334,0.01631188046113576,0.24630401835424778,0,0,0,0,0,0,compositional_test,
PB-002591,naturalistic,health_wellness,compositional_test,personal_state,The primary source lists the meal preference as 11:30.,personal_state,external_verified,0.9,1,1,0,1,1,external personal-state evidence,,,0.0027361878497006685,0.9820898098836183,0.999993032739619,0,1,1,0,1,1,compositional_test,
PB-002597,naturalistic,health_wellness,compositional_test,personal_state,The connected record lists the workout time as 12:30.,personal_state,tool_verified,0.95,0,1,0,0,0,stale evidence,,,0.0005046780081278749,0.019436812620852464,0.9951711073647773,0,0,1,0,0,0,compositional_test,
PB-002598,naturalistic,health_wellness,compositional_test,factual_world,The primary source lists the step count as 8:00.,world_claim,external_verified,0.35,1,1,0,0,0,low-confidence evidence,,,0.0003465774281296422,1.9605133648529836e-07,0.21317450049229814,0,0,0,0,0,0,compositional_test,
PB-002599,naturalistic,health_wellness,compositional_test,factual_world,The primary source lists the meal preference as 9:30.,world_claim,external_verified,0.95,1,0,0,0,0,irrelevant evidence,,,0.0005785598231639676,0.0002752352754447493,0.8859114743608331,0,0,1,0,0,0,compositional_test,
PB-002606,naturalistic,health_wellness,compositional_test,factual_world,The connected record lists the sleep duration as 8:00.,world_claim,tool_verified,0.95,1,1,0,0,1,tool evidence for world claim,,,0.0022304530436385024,0.016954631315987203,0.2426677857622935,0,0,0,0,0,0,compositional_test,
PB-002610,naturalistic,health_wellness,compositional_test,personal_state,The primary source lists the sleep duration as 12:00.,personal_state,external_verified,0.9,1,1,0,1,1,external personal-state evidence,,,0.0027868206823204495,0.9824978557170891,0.9999926683347784,0,1,1,0,1,1,compositional_test,
PB-002616,naturalistic,health_wellness,compositional_test,personal_state,The connected record lists the step count as 8:00.,personal_state,tool_verified,0.95,0,1,0,0,0,stale evidence,,,0.0005271524051412233,0.019823723875761905,0.994965677294621,0,0,1,0,0,0,compositional_test,
PB-002617,naturalistic,health_wellness,compositional_test,factual_world,The primary source lists the meal preference as 9:30.,world_claim,external_verified,0.35,1,1,0,0,0,low-confidence evidence,,,0.00033893898669016555,1.9355549973104274e-07,0.23016424768105023,0,0,0,0,0,0,compositional_test,
PB-002618,naturalistic,health_wellness,compositional_test,factual_world,The primary source lists the sleep duration as 10:00.,world_claim,external_verified,0.95,1,0,0,0,0,irrelevant evidence,,,0.0005788711413497718,0.00027998243732567217,0.8725744572573058,0,0,1,0,0,0,compositional_test,
PB-002625,naturalistic,health_wellness,compositional_test,factual_world,The connected record lists the workout time as 9:30.,world_claim,tool_verified,0.95,1,1,0,0,1,tool evidence for world claim,,,0.0021775672771672185,0.016790492221313024,0.2447822996840154,0,0,0,0,0,0,compositional_test,
PB-002629,naturalistic,health_wellness,compositional_test,personal_state,The primary source lists the workout time as 8:30.,personal_state,external_verified,0.9,1,1,0,1,1,external personal-state evidence,,,0.002773965808277651,0.9823006407321195,0.9999935374045782,0,1,1,0,1,1,compositional_test,
PB-002635,naturalistic,health_wellness,compositional_test,personal_state,The connected record lists the meal preference as 9:30.,personal_state,tool_verified,0.95,0,1,0,0,0,stale evidence,,,0.0005151512801920221,0.019764054736475852,0.9952235988746954,0,0,1,0,0,0,compositional_test,
PB-002636,naturalistic,health_wellness,compositional_test,factual_world,The primary source lists the sleep duration as 10:00.,world_claim,external_verified,0.35,1,1,0,0,0,low-confidence evidence,,,0.00033912141066560065,1.968948116656331e-07,0.20864530460425315,0,0,0,0,0,0,compositional_test,
PB-002637,naturalistic,health_wellness,compositional_test,factual_world,The primary source lists the workout time as 11:30.,world_claim,external_verified,0.95,1,0,0,0,0,irrelevant evidence,,,0.0005661189457740087,0.0002742679496115877,0.8779602825716246,0,0,1,0,0,0,compositional_test,
PB-002644,naturalistic,health_wellness,compositional_test,factual_world,The connected record lists the step count as 10:00.,world_claim,tool_verified,0.95,1,1,0,0,1,tool evidence for world claim,,,0.0021985442861419406,0.01640230767425191,0.2370276458922315,0,0,0,0,0,0,compositional_test,
PB-002648,naturalistic,health_wellness,compositional_test,personal_state,The primary source lists the step count as 9:00.,personal_state,external_verified,0.9,1,1,0,1,1,external personal-state evidence,,,0.0028479519011237356,0.982447274702982,0.999992867783623,0,1,1,0,1,1,compositional_test,
PB-002654,naturalistic,health_wellness,compositional_test,personal_state,The connected record lists the sleep duration as 10:00.,personal_state,tool_verified,0.95,0,1,0,0,0,stale evidence,,,0.0005163001136117432,0.01966895890204742,0.9951157399313969,0,0,1,0,0,0,compositional_test,
PB-002655,naturalistic,health_wellness,compositional_test,factual_world,The primary source lists the workout time as 11:30.,world_claim,external_verified,0.35,1,1,0,0,0,low-confidence evidence,,,0.00033164900999932997,1.9287505437668013e-07,0.21690890815113606,0,0,0,0,0,0,compositional_test,
PB-002656,naturalistic,health_wellness,compositional_test,factual_world,The primary source lists the step count as 12:00.,world_claim,external_verified,0.95,1,0,0,0,0,irrelevant evidence,,,0.0005805989317582989,0.0002766202106007372,0.868289797584675,0,0,1,0,0,0,compositional_test,
PB-002663,naturalistic,health_wellness,compositional_test,factual_world,The connected record lists the meal preference as 11:30.,world_claim,tool_verified,0.95,1,1,0,0,1,tool evidence for world claim,,,0.002150790095937312,0.016307970998724247,0.24613650802514078,0,0,0,0,0,0,compositional_test,
PB-002667,naturalistic,health_wellness,compositional_test,personal_state,The primary source lists the meal preference as 10:30.,personal_state,external_verified,0.9,1,1,0,1,1,external personal-state evidence,,,0.0027363410333206876,0.9821082213371819,0.9999930336782729,0,1,1,0,1,1,compositional_test,
PB-002673,naturalistic,health_wellness,compositional_test,personal_state,The connected record lists the workout time as 11:30.,personal_state,tool_verified,0.95,0,1,0,0,0,stale evidence,,,0.0005046053137124265,0.01943213737077011,0.995166738558995,0,0,1,0,0,0,compositional_test,
PB-002674,naturalistic,health_wellness,compositional_test,factual_world,The primary source lists the step count as 12:00.,world_claim,external_verified,0.35,1,1,0,0,0,low-confidence evidence,,,0.00034013384962919773,1.9452970601856207e-07,0.20244139242938633,0,0,0,0,0,0,compositional_test,
PB-002675,naturalistic,health_wellness,compositional_test,factual_world,The primary source lists the meal preference as 8:30.,world_claim,external_verified,0.95,1,0,0,0,0,irrelevant evidence,,,0.0005785598231639676,0.0002752352754447493,0.8859114743608331,0,0,1,0,0,0,compositional_test,
PB-002682,naturalistic,health_wellness,compositional_test,factual_world,The connected record lists the sleep duration as 12:00.,world_claim,tool_verified,0.95,1,1,0,0,1,tool evidence for world claim,,,0.002191708380828411,0.01658196469951392,0.2423712026923485,0,0,0,0,0,0,compositional_test,
PB-002686,naturalistic,health_wellness,compositional_test,personal_state,The primary source lists the sleep duration as 11:00.,personal_state,external_verified,0.9,1,1,0,1,1,external personal-state evidence,,,0.0027864782699400805,0.9824974058235251,0.9999926633162698,0,1,1,0,1,1,compositional_test,
PB-002692,naturalistic,health_wellness,compositional_test,personal_state,The connected record lists the step count as 12:00.,personal_state,tool_verified,0.95,0,1,0,0,0,stale evidence,,,0.0005179085360284703,0.019405028222760756,0.9949674864184193,0,0,1,0,0,0,compositional_test,
PB-002693,naturalistic,health_wellness,compositional_test,factual_world,The primary source lists the meal preference as 8:30.,world_claim,external_verified,0.35,1,1,0,0,0,low-confidence evidence,,,0.00033893898669016555,1.9355549973104274e-07,0.23016424768105023,0,0,0,0,0,0,compositional_test,
PB-002694,naturalistic,health_wellness,compositional_test,factual_world,The primary source lists the sleep duration as 9:00.,world_claim,external_verified,0.95,1,0,0,0,0,irrelevant evidence,,,0.0005897644987965885,0.00028193782228890614,0.8799717627928534,0,0,1,0,0,0,compositional_test,
PB-002701,naturalistic,health_wellness,compositional_test,factual_world,The connected record lists the workout time as 8:30.,world_claim,tool_verified,0.95,1,1,0,0,1,tool evidence for world claim,,,0.0021775672771672185,0.016790492221313024,0.2447822996840154,0,0,0,0,0,0,compositional_test,
PB-002705,naturalistic,health_wellness,compositional_test,personal_state,The primary source lists the workout time as 12:30.,personal_state,external_verified,0.9,1,1,0,1,1,external personal-state evidence,,,0.0027259652417717935,0.9821676681363789,0.9999930301784423,0,1,1,0,1,1,compositional_test,
PB-002711,naturalistic,health_wellness,compositional_test,personal_state,The connected record lists the meal preference as 8:30.,personal_state,tool_verified,0.95,0,1,0,0,0,stale evidence,,,0.0005151512801920221,0.019764054736475852,0.9952235988746954,0,0,1,0,0,0,compositional_test,
PB-002712,naturalistic,health_wellness,compositional_test,factual_world,The primary source lists the sleep duration as 9:00.,world_claim,external_verified,0.35,1,1,0,0,0,low-confidence evidence,,,0.00034550465099383263,1.9827030385549563e-07,0.22013779429294061,0,0,0,0,0,0,compositional_test,
PB-002713,naturalistic,health_wellness,compositional_test,factual_world,The primary source lists the workout time as 10:30.,world_claim,external_verified,0.95,1,0,0,0,0,irrelevant evidence,,,0.0005661509249225113,0.0002745572102587978,0.8779748163381158,0,0,1,0,0,0,compositional_test,
PB-002720,naturalistic,health_wellness,compositional_test,factual_world,The connected record lists the step count as 9:00.,world_claim,tool_verified,0.95,1,1,0,0,1,tool evidence for world claim,,,0.00223770781957243,0.016735148744648994,0.23689666037728696,0,0,0,0,0,0,compositional_test,
PB-002724,naturalistic,health_wellness,compositional_test,personal_state,The primary source lists the step count as 8:00.,personal_state,external_verified,0.9,1,1,0,1,1,external personal-state evidence,,,0.0028479519011237356,0.982447274702982,0.999992867783623,0,1,1,0,1,1,compositional_test,
PB-002730,naturalistic,health_wellness,compositional_test,personal_state,The connected record lists the sleep duration as 9:00.,personal_state,tool_verified,0.95,0,1,0,0,0,stale evidence,,,0.0005254404266028548,0.020082885971719065,0.9951218058431227,0,0,1,0,0,0,compositional_test,
PB-002731,naturalistic,health_wellness,compositional_test,factual_world,The primary source lists the workout time as 10:30.,world_claim,external_verified,0.35,1,1,0,0,0,low-confidence evidence,,,0.00033166774871373533,1.9307852865953518e-07,0.21693195071135724,0,0,0,0,0,0,compositional_test,
PB-002732,naturalistic,health_wellness,compositional_test,factual_world,The primary source lists the step count as 11:00.,world_claim,external_verified,0.95,1,0,0,0,0,irrelevant evidence,,,0.0005805279202374562,0.0002766130245237982,0.8682120527108661,0,0,1,0,0,0,compositional_test,
PB-003195,naturalistic,local_life,compositional_test,factual_world,The connected record lists the event time as 11:30.,world_claim,tool_verified,0.95,1,1,0,0,1,tool evidence for world claim,,,0.00213124641621231,0.016266256969845162,0.24773502304186062,0,0,0,0,0,0,compositional_test,
PB-003199,naturalistic,local_life,compositional_test,personal_state,The primary source lists the event time as 10:30.,personal_state,external_verified,0.9,1,1,0,1,1,external personal-state evidence,,,0.002712157018529321,0.9820062015096997,0.9999931961597335,0,1,1,0,1,1,compositional_test,
PB-003205,naturalistic,local_life,compositional_test,personal_state,The connected record lists the commute route as 11:30.,personal_state,tool_verified,0.95,0,1,0,0,0,stale evidence,,,0.0005193519175080983,0.01966061061086501,0.9949585222980101,0,0,1,0,0,0,compositional_test,
PB-003206,naturalistic,local_life,compositional_test,factual_world,The primary source lists the pickup location as 12:00.,world_claim,external_verified,0.35,1,1,0,0,0,low-confidence evidence,,,0.0003401715601057068,1.9456605852375578e-07,0.20253660525082634,0,0,0,0,0,0,compositional_test,
PB-003207,naturalistic,local_life,compositional_test,factual_world,The primary source lists the event time as 8:30.,world_claim,external_verified,0.95,1,0,0,0,0,irrelevant evidence,,,0.00057314937760118,0.00027348874210148997,0.8886762624674889,0,0,1,0,0,0,compositional_test,
PB-003214,naturalistic,local_life,compositional_test,factual_world,The connected record lists the restaurant preference as 12:00.,world_claim,tool_verified,0.95,1,1,0,0,1,tool evidence for world claim,,,0.00215395354091202,0.016441853096797177,0.24698601382141933,0,0,0,0,0,0,compositional_test,
PB-003218,naturalistic,local_life,compositional_test,personal_state,The primary source lists the restaurant preference as 11:00.,personal_state,external_verified,0.9,1,1,0,1,1,external personal-state evidence,,,0.0027398644811610644,0.9822349639449558,0.9999930596564127,0,1,1,0,1,1,compositional_test,
PB-003224,naturalistic,local_life,compositional_test,personal_state,The connected record lists the pickup location as 12:00.,personal_state,tool_verified,0.95,0,1,0,0,0,stale evidence,,,0.0005179659460865823,0.019408584133616825,0.9949704377936955,0,0,1,0,0,0,compositional_test,
PB-003225,naturalistic,local_life,compositional_test,factual_world,The primary source lists the event time as 8:30.,world_claim,external_verified,0.35,1,1,0,0,0,low-confidence evidence,,,0.0003357686205080954,1.923269379235411e-07,0.23509969414761575,0,0,0,0,0,0,compositional_test,
PB-003226,naturalistic,local_life,compositional_test,factual_world,The primary source lists the restaurant preference as 9:00.,world_claim,external_verified,0.95,1,0,0,0,0,irrelevant evidence,,,0.0005793964545954513,0.00027735423313962805,0.8865636642515912,0,0,1,0,0,0,compositional_test,
PB-003233,naturalistic,local_life,compositional_test,factual_world,The connected record lists the commute route as 8:30.,world_claim,tool_verified,0.95,1,1,0,0,1,tool evidence for world claim,,,0.00224448468705646,0.016986154171544098,0.23624770868414907,0,0,0,0,0,0,compositional_test,
PB-003237,naturalistic,local_life,compositional_test,personal_state,The primary source lists the commute route as 12:30.,personal_state,external_verified,0.9,1,1,0,1,1,external personal-state evidence,,,0.002803217182157287,0.9825527816233663,0.9999923678176509,0,1,1,0,1,1,compositional_test,
PB-003243,naturalistic,local_life,compositional_test,personal_state,The connected record lists the event time as 8:30.,personal_state,tool_verified,0.95,0,1,0,0,0,stale evidence,,,0.0005101838612028436,0.0197148157844149,0.9952695861822041,0,0,1,0,0,0,compositional_test,
PB-003244,naturalistic,local_life,compositional_test,factual_world,The primary source lists the restaurant preference as 9:00.,world_claim,external_verified,0.35,1,1,0,0,0,low-confidence evidence,,,0.0003394292300228368,1.9504604130261867e-07,0.2313124522121944,0,0,0,0,0,0,compositional_test,
PB-003245,naturalistic,local_life,compositional_test,factual_world,The primary source lists the commute route as 10:30.,world_claim,external_verified,0.95,1,0,0,0,0,irrelevant evidence,,,0.0005822330111014758,0.00028071677565368747,0.8679136571736612,0,0,1,0,0,0,compositional_test,
PB-003252,naturalistic,local_life,compositional_test,factual_world,The connected record lists the pickup location as 9:00.,world_claim,tool_verified,0.95,1,1,0,0,1,tool evidence for world claim,,,0.0022379548368760974,0.0167381863748943,0.23700146977059958,0,0,0,0,0,0,compositional_test,
PB-003256,naturalistic,local_life,compositional_test,personal_state,The primary source lists the pickup location as 8:00.,personal_state,external_verified,0.9,1,1,0,1,1,external personal-state evidence,,,0.002848266090081059,0.9824504575166155,0.9999928719168306,0,1,1,0,1,1,compositional_test,
PB-003262,naturalistic,local_life,compositional_test,personal_state,The connected record lists the restaurant preference as 9:00.,personal_state,tool_verified,0.95,0,1,0,0,0,stale evidence,,,0.0005158962664832312,0.01991322396350852,0.9952542507464822,0,0,1,0,0,0,compositional_test,
PB-003263,naturalistic,local_life,compositional_test,factual_world,The primary source lists the commute route as 10:30.,world_claim,external_verified,0.35,1,1,0,0,0,low-confidence evidence,,,0.00034109137774914367,1.974113725582779e-07,0.20191151216652017,0,0,0,0,0,0,compositional_test,
PB-003264,naturalistic,local_life,compositional_test,factual_world,The primary source lists the pickup location as 11:00.,world_claim,external_verified,0.95,1,0,0,0,0,irrelevant evidence,,,0.000580592267609661,0.00027666470195933894,0.8682795000068142,0,0,1,0,0,0,compositional_test,
PB-003271,naturalistic,local_life,compositional_test,factual_world,The connected record lists the event time as 10:30.,world_claim,tool_verified,0.95,1,1,0,0,1,tool evidence for world claim,,,0.0021313672915413725,0.016283232288890503,0.24776044581891493,0,0,0,0,0,0,compositional_test,
PB-003275,naturalistic,local_life,compositional_test,personal_state,The primary source lists the event time as 9:30.,personal_state,external_verified,0.9,1,1,0,1,1,external personal-state evidence,,,0.0027593473593208054,0.9821134470325771,0.9999937131300621,0,1,1,0,1,1,compositional_test,
PB-003281,naturalistic,local_life,compositional_test,personal_state,The connected record lists the commute route as 10:30.,personal_state,tool_verified,0.95,0,1,0,0,0,stale evidence,,,0.0005193800866055026,0.019680132479110216,0.9949591755659785,0,0,1,0,0,0,compositional_test,
PB-003282,naturalistic,local_life,compositional_test,factual_world,The primary source lists the pickup location as 11:00.,world_claim,external_verified,0.35,1,1,0,0,0,low-confidence evidence,,,0.0003401299446135666,1.9456100266305329e-07,0.20242685502558158,0,0,0,0,0,0,compositional_test,
PB-003283,naturalistic,local_life,compositional_test,factual_world,The primary source lists the event time as 12:30.,world_claim,external_verified,0.95,1,0,0,0,0,irrelevant evidence,,,0.0005633758615981505,0.000271608466504894,0.8806966136719148,0,0,1,0,0,0,compositional_test,
PB-003290,naturalistic,local_life,compositional_test,factual_world,The connected record lists the restaurant preference as 11:00.,world_claim,tool_verified,0.95,1,1,0,0,1,tool evidence for world claim,,,0.002153681823784877,0.01644141899454555,0.24685545978113652,0,0,0,0,0,0,compositional_test,
PB-003294,naturalistic,local_life,compositional_test,personal_state,The primary source lists the restaurant preference as 10:00.,personal_state,external_verified,0.9,1,1,0,1,1,external personal-state evidence,,,0.002740222511112688,0.9822596892512844,0.9999930671290106,0,1,1,0,1,1,compositional_test,
PB-003300,naturalistic,local_life,compositional_test,personal_state,The connected record lists the pickup location as 11:00.,personal_state,tool_verified,0.95,0,1,0,0,0,stale evidence,,,0.000517902591070996,0.01940808958355108,0.9949670355500508,0,0,1,0,0,0,compositional_test,
PB-003301,naturalistic,local_life,compositional_test,factual_world,The primary source lists the event time as 12:30.,world_claim,external_verified,0.35,1,1,0,0,0,low-confidence evidence,,,0.0003300416560122451,1.9100430276170268e-07,0.2213213264263003,0,0,0,0,0,0,compositional_test,
PB-003302,naturalistic,local_life,compositional_test,factual_world,The primary source lists the restaurant preference as 8:00.,world_claim,external_verified,0.95,1,0,0,0,0,irrelevant evidence,,,0.0005793964545954513,0.00027735423313962805,0.8865636642515912,0,0,1,0,0,0,compositional_test,
PB-003309,naturalistic,local_life,compositional_test,factual_world,The connected record lists the commute route as 12:30.,world_claim,tool_verified,0.95,1,1,0,0,1,tool evidence for world claim,,,0.0022049558090156654,0.016600863550457767,0.2367963533900551,0,0,0,0,0,0,compositional_test,
PB-003313,naturalistic,local_life,compositional_test,personal_state,The primary source lists the commute route as 11:30.,personal_state,external_verified,0.9,1,1,0,1,1,external personal-state evidence,,,0.002802830390539644,0.9825487431333012,0.9999923611558901,0,1,1,0,1,1,compositional_test,
PB-003319,naturalistic,local_life,compositional_test,personal_state,The connected record lists the event time as 12:30.,personal_state,tool_verified,0.95,0,1,0,0,0,stale evidence,,,0.0005021043325539497,0.01927465415014758,0.9952572474741783,0,0,1,0,0,0,compositional_test,
PB-003320,naturalistic,local_life,compositional_test,factual_world,The primary source lists the restaurant preference as 8:00.,world_claim,external_verified,0.35,1,1,0,0,0,low-confidence evidence,,,0.0003394292300228368,1.9504604130261867e-07,0.2313124522121944,0,0,0,0,0,0,compositional_test,
PB-003321,naturalistic,local_life,compositional_test,factual_world,The primary source lists the commute route as 9:30.,world_claim,external_verified,0.95,1,0,0,0,0,irrelevant evidence,,,0.0005933712477550731,0.00028315143869320875,0.8749684307630918,0,0,1,0,0,0,compositional_test,
PB-003328,naturalistic,local_life,compositional_test,factual_world,The connected record lists the pickup location as 8:00.,world_claim,tool_verified,0.95,1,1,0,0,1,tool evidence for world claim,,,0.0022379548368760974,0.0167381863748943,0.23700146977059958,0,0,0,0,0,0,compositional_test,
PB-003332,naturalistic,local_life,compositional_test,personal_state,The primary source lists the pickup location as 12:00.,personal_state,external_verified,0.9,1,1,0,1,1,external personal-state evidence,,,0.002795441857715026,0.9823156503163236,0.9999923916871517,0,1,1,0,1,1,compositional_test,
PB-003338,naturalistic,local_life,compositional_test,personal_state,The connected record lists the restaurant preference as 8:00.,personal_state,tool_verified,0.95,0,1,0,0,0,stale evidence,,,0.0005158962664832312,0.01991322396350852,0.9952542507464822,0,0,1,0,0,0,compositional_test,
PB-003339,naturalistic,local_life,compositional_test,factual_world,The primary source lists the commute route as 9:30.,world_claim,external_verified,0.35,1,1,0,0,0,low-confidence evidence,,,0.000347618130135728,1.9912401051932303e-07,0.21225186460370551,0,0,0,0,0,0,compositional_test,
PB-003340,naturalistic,local_life,compositional_test,factual_world,The primary source lists the pickup location as 10:00.,world_claim,external_verified,0.95,1,0,0,0,0,irrelevant evidence,,,0.0005806658691549926,0.00027704460739995173,0.8683987231464991,0,0,1,0,0,0,compositional_test,
PB-003347,naturalistic,local_life,compositional_test,factual_world,The connected record lists the event time as 9:30.,world_claim,tool_verified,0.95,1,1,0,0,1,tool evidence for world claim,,,0.0021657974075409967,0.01664292063785874,0.24839368667213743,0,0,0,0,0,0,compositional_test,
PB-003351,naturalistic,local_life,compositional_test,personal_state,The primary source lists the event time as 8:30.,personal_state,external_verified,0.9,1,1,0,1,1,external personal-state evidence,,,0.0027593473593208054,0.9821134470325771,0.9999937131300621,0,1,1,0,1,1,compositional_test,
PB-003357,naturalistic,local_life,compositional_test,personal_state,The connected record lists the commute route as 9:30.,personal_state,tool_verified,0.95,0,1,0,0,0,stale evidence,,,0.0005287516242650366,0.020120105986017187,0.9949476470055048,0,0,1,0,0,0,compositional_test,
PB-003358,naturalistic,local_life,compositional_test,factual_world,The primary source lists the pickup location as 10:00.,world_claim,external_verified,0.35,1,1,0,0,0,low-confidence evidence,,,0.00034017307318235784,1.9482824041286871e-07,0.20259527276658326,0,0,0,0,0,0,compositional_test,
PB-003359,naturalistic,local_life,compositional_test,factual_world,The primary source lists the event time as 11:30.,world_claim,external_verified,0.95,1,0,0,0,0,irrelevant evidence,,,0.0005632942626355237,0.0002715414853526045,0.8806005680472903,0,0,1,0,0,0,compositional_test,
PB-003366,naturalistic,local_life,compositional_test,factual_world,The connected record lists the restaurant preference as 10:00.,world_claim,tool_verified,0.95,1,1,0,0,1,tool evidence for world claim,,,0.002153963420156084,0.016464364332872662,0.24705579949121836,0,0,0,0,0,0,compositional_test,
PB-003370,naturalistic,local_life,compositional_test,personal_state,The primary source lists the restaurant preference as 9:00.,personal_state,external_verified,0.9,1,1,0,1,1,external personal-state evidence,,,0.002789356531488893,0.9823584014521477,0.9999935785592452,0,1,1,0,1,1,compositional_test,
PB-003376,naturalistic,local_life,compositional_test,personal_state,The connected record lists the pickup location as 10:00.,personal_state,tool_verified,0.95,0,1,0,0,0,stale evidence,,,0.0005179682495795297,0.019434229344538517,0.9949722549772103,0,0,1,0,0,0,compositional_test,
PB-003377,naturalistic,local_life,compositional_test,factual_world,The primary source lists the event time as 11:30.,world_claim,external_verified,0.35,1,1,0,0,0,low-confidence evidence,,,0.00032999384185271416,1.9095718655441752e-07,0.22116388524335878,0,0,0,0,0,0,compositional_test,
PB-003378,naturalistic,local_life,compositional_test,factual_world,The primary source lists the restaurant preference as 12:00.,world_claim,external_verified,0.95,1,0,0,0,0,irrelevant evidence,,,0.0005691656556028313,0.00027540040406002066,0.8785856128841294,0,0,1,0,0,0,compositional_test,
PB-003385,naturalistic,local_life,compositional_test,factual_world,The connected record lists the commute route as 11:30.,world_claim,tool_verified,0.95,1,1,0,0,1,tool evidence for world claim,,,0.0022046513837911223,0.01659701853031793,0.23663871214706006,0,0,0,0,0,0,compositional_test,
PB-003389,naturalistic,local_life,compositional_test,personal_state,The primary source lists the commute route as 10:30.,personal_state,external_verified,0.9,1,1,0,1,1,external personal-state evidence,,,0.0028029820657491556,0.9825660933694971,0.9999923621507286,0,1,1,0,1,1,compositional_test,
PB-003395,naturalistic,local_life,compositional_test,personal_state,The connected record lists the event time as 11:30.,personal_state,tool_verified,0.95,0,1,0,0,0,stale evidence,,,0.000502031603658591,0.019269991172706887,0.9952529321862056,0,0,1,0,0,0,compositional_test,
PB-003396,naturalistic,local_life,compositional_test,factual_world,The primary source lists the restaurant preference as 12:00.,world_claim,external_verified,0.35,1,1,0,0,0,low-confidence evidence,,,0.0003334342825709058,1.9367165617230655e-07,0.2179040886645815,0,0,0,0,0,0,compositional_test,
PB-003397,naturalistic,local_life,compositional_test,factual_world,The primary source lists the commute route as 8:30.,world_claim,external_verified,0.95,1,0,0,0,0,irrelevant evidence,,,0.0005933712477550731,0.00028315143869320875,0.8749684307630918,0,0,1,0,0,0,compositional_test,
PB-003404,naturalistic,local_life,compositional_test,factual_world,The connected record lists the pickup location as 12:00.,world_claim,tool_verified,0.95,1,1,0,0,1,tool evidence for world claim,,,0.002198777822557662,0.016383607473297385,0.23706859313673678,0,0,0,0,0,0,compositional_test,
PB-003408,naturalistic,local_life,compositional_test,personal_state,The primary source lists the pickup location as 11:00.,personal_state,external_verified,0.9,1,1,0,1,1,external personal-state evidence,,,0.0027951007122187827,0.9823151988978307,0.9999923865145195,0,1,1,0,1,1,compositional_test,
PB-003414,naturalistic,local_life,compositional_test,personal_state,The connected record lists the restaurant preference as 12:00.,personal_state,tool_verified,0.95,0,1,0,0,0,stale evidence,,,0.0005073892690076219,0.01947737094841573,0.9952338865909509,0,0,1,0,0,0,compositional_test,
PB-003415,naturalistic,local_life,compositional_test,factual_world,The primary source lists the commute route as 8:30.,world_claim,external_verified,0.35,1,1,0,0,0,low-confidence evidence,,,0.000347618130135728,1.9912401051932303e-07,0.21225186460370551,0,0,0,0,0,0,compositional_test,
PB-003416,naturalistic,local_life,compositional_test,factual_world,The primary source lists the pickup location as 9:00.,world_claim,external_verified,0.95,1,0,0,0,0,irrelevant evidence,,,0.0005916606565515778,0.0002788348078502494,0.875633047920757,0,0,1,0,0,0,compositional_test,
PB-003423,naturalistic,local_life,compositional_test,factual_world,The connected record lists the event time as 8:30.,world_claim,tool_verified,0.95,1,1,0,0,1,tool evidence for world claim,,,0.0021657974075409967,0.01664292063785874,0.24839368667213743,0,0,0,0,0,0,compositional_test,
PB-003427,naturalistic,local_life,compositional_test,personal_state,The primary source lists the event time as 12:30.,personal_state,external_verified,0.9,1,1,0,1,1,external personal-state evidence,,,0.0027123953114419025,0.9819918196054754,0.9999932014468184,0,1,1,0,1,1,compositional_test,
PB-003433,naturalistic,local_life,compositional_test,personal_state,The connected record lists the commute route as 8:30.,personal_state,tool_verified,0.95,0,1,0,0,0,stale evidence,,,0.0005287516242650366,0.020120105986017187,0.9949476470055048,0,0,1,0,0,0,compositional_test,
PB-003434,naturalistic,local_life,compositional_test,factual_world,The primary source lists the pickup location as 9:00.,world_claim,external_verified,0.35,1,1,0,0,0,low-confidence evidence,,,0.0003466157588281145,1.960875279267374e-07,0.213271747795767,0,0,0,0,0,0,compositional_test,
PB-003435,naturalistic,local_life,compositional_test,factual_world,The primary source lists the event time as 10:30.,world_claim,external_verified,0.95,1,0,0,0,0,irrelevant evidence,,,0.0005633262605181951,0.00027182947598510833,0.8806149100059781,0,0,1,0,0,0,compositional_test,
PB-003442,naturalistic,local_life,compositional_test,factual_world,The connected record lists the restaurant preference as 9:00.,world_claim,tool_verified,0.95,1,1,0,0,1,tool evidence for world claim,,,0.002190006699225306,0.01681094370052926,0.2477870453899871,0,0,0,0,0,0,compositional_test,
PB-003446,naturalistic,local_life,compositional_test,personal_state,The primary source lists the restaurant preference as 8:00.,personal_state,external_verified,0.9,1,1,0,1,1,external personal-state evidence,,,0.002789356531488893,0.9823584014521477,0.9999935785592452,0,1,1,0,1,1,compositional_test,
PB-003452,naturalistic,local_life,compositional_test,personal_state,The connected record lists the pickup location as 9:00.,personal_state,tool_verified,0.95,0,1,0,0,0,stale evidence,,,0.0005272106965008526,0.019827310814801123,0.9949685800887157,0,0,1,0,0,0,compositional_test,
PB-003453,naturalistic,local_life,compositional_test,factual_world,The primary source lists the event time as 10:30.,world_claim,external_verified,0.35,1,1,0,0,0,low-confidence evidence,,,0.00033001259150082214,1.9115976636785804e-07,0.22118738301095253,0,0,0,0,0,0,compositional_test,
PB-003454,naturalistic,local_life,compositional_test,factual_world,The primary source lists the restaurant preference as 11:00.,world_claim,external_verified,0.95,1,0,0,0,0,irrelevant evidence,,,0.0005690937424242999,0.00027539301335280256,0.8785106990985296,0,0,1,0,0,0,compositional_test,
PB-003461,naturalistic,local_life,compositional_test,factual_world,The connected record lists the commute route as 10:30.,world_claim,tool_verified,0.95,1,1,0,0,1,tool evidence for world claim,,,0.0022047707601045756,0.01661354997735208,0.2366622402740176,0,0,0,0,0,0,compositional_test,
PB-003465,naturalistic,local_life,compositional_test,personal_state,The primary source lists the commute route as 9:30.,personal_state,external_verified,0.9,1,1,0,1,1,external personal-state evidence,,,0.0028564822625545177,0.9827134479484994,0.9999928283813025,0,1,1,0,1,1,compositional_test,
PB-003471,naturalistic,local_life,compositional_test,personal_state,The connected record lists the event time as 10:30.,personal_state,tool_verified,0.95,0,1,0,0,0,stale evidence,,,0.0005020601232692952,0.019290039693913914,0.9952535766215553,0,0,1,0,0,0,compositional_test,
PB-003472,naturalistic,local_life,compositional_test,factual_world,The primary source lists the restaurant preference as 11:00.,world_claim,external_verified,0.35,1,1,0,0,0,low-confidence evidence,,,0.0003333921437422515,1.936664573254394e-07,0.21778446105027743,0,0,0,0,0,0,compositional_test,
PB-003473,naturalistic,local_life,compositional_test,factual_world,The primary source lists the commute route as 12:30.,world_claim,external_verified,0.95,1,0,0,0,0,irrelevant evidence,,,0.0005822819580498174,0.0002804988574115189,0.8679987232691446,0,0,1,0,0,0,compositional_test,
PB-003480,naturalistic,local_life,compositional_test,factual_world,The connected record lists the pickup location as 11:00.,world_claim,tool_verified,0.95,1,1,0,0,1,tool evidence for world claim,,,0.0021985093312246237,0.016383188714850467,0.2369456906010561,0,0,0,0,0,0,compositional_test,
PB-003484,naturalistic,local_life,compositional_test,personal_state,The primary source lists the pickup location as 10:00.,personal_state,external_verified,0.9,1,1,0,1,1,external personal-state evidence,,,0.002795454261247886,0.9823390279935093,0.9999923944499087,0,1,1,0,1,1,compositional_test,
PB-003490,naturalistic,local_life,compositional_test,personal_state,The connected record lists the restaurant preference as 11:00.,personal_state,tool_verified,0.95,0,1,0,0,0,stale evidence,,,0.0005073251572155244,0.019476858288659426,0.9952305551462406,0,0,1,0,0,0,compositional_test,
PB-003491,naturalistic,local_life,compositional_test,factual_world,The primary source lists the commute route as 12:30.,world_claim,external_verified,0.35,1,1,0,0,0,low-confidence evidence,,,0.00034112005941157694,1.9725808068243338e-07,0.20203114458093424,0,0,0,0,0,0,compositional_test,
PB-003492,naturalistic,local_life,compositional_test,factual_world,The primary source lists the pickup location as 8:00.,world_claim,external_verified,0.95,1,0,0,0,0,irrelevant evidence,,,0.0005916606565515778,0.0002788348078502494,0.875633047920757,0,0,1,0,0,0,compositional_test,
PB-003499,naturalistic,local_life,compositional_test,factual_world,The connected record lists the event time as 12:30.,world_claim,tool_verified,0.95,1,1,0,0,1,tool evidence for world claim,,,0.0021315546647360435,0.016270205158111794,0.24790535877174613,0,0,0,0,0,0,compositional_test,
PB-003503,naturalistic,local_life,compositional_test,personal_state,The primary source lists the event time as 11:30.,personal_state,external_verified,0.9,1,1,0,1,1,external personal-state evidence,,,0.0027120032946378308,0.981987456354725,0.9999931952315568,0,1,1,0,1,1,compositional_test,
PB-003509,naturalistic,local_life,compositional_test,personal_state,The connected record lists the commute route as 12:30.,personal_state,tool_verified,0.95,0,1,0,0,0,stale evidence,,,0.0005194237524037323,0.019665151178617935,0.9949628968083268,0,0,1,0,0,0,compositional_test,
PB-003510,naturalistic,local_life,compositional_test,factual_world,The primary source lists the pickup location as 8:00.,world_claim,external_verified,0.35,1,1,0,0,0,low-confidence evidence,,,0.0003466157588281145,1.960875279267374e-07,0.213271747795767,0,0,0,0,0,0,compositional_test,
PB-003511,naturalistic,local_life,compositional_test,factual_world,The primary source lists the event time as 9:30.,world_claim,external_verified,0.95,1,0,0,0,0,irrelevant evidence,,,0.00057314937760118,0.00027348874210148997,0.8886762624674889,0,0,1,0,0,0,compositional_test,
PB-003518,naturalistic,local_life,compositional_test,factual_world,The connected record lists the restaurant preference as 8:00.,world_claim,tool_verified,0.95,1,1,0,0,1,tool evidence for world claim,,,0.002190006699225306,0.01681094370052926,0.2477870453899871,0,0,0,0,0,0,compositional_test,
PB-003522,naturalistic,local_life,compositional_test,personal_state,The primary source lists the restaurant preference as 12:00.,personal_state,external_verified,0.9,1,1,0,1,1,external personal-state evidence,,,0.002740209950350641,0.9822354323512613,0.9999930645274067,0,1,1,0,1,1,compositional_test,
PB-003528,naturalistic,local_life,compositional_test,personal_state,The connected record lists the pickup location as 8:00.,personal_state,tool_verified,0.95,0,1,0,0,0,stale evidence,,,0.0005272106965008526,0.019827310814801123,0.9949685800887157,0,0,1,0,0,0,compositional_test,
PB-003529,naturalistic,local_life,compositional_test,factual_world,The primary source lists the event time as 9:30.,world_claim,external_verified,0.35,1,1,0,0,0,low-confidence evidence,,,0.0003357686205080954,1.923269379235411e-07,0.23509969414761575,0,0,0,0,0,0,compositional_test,
PB-003530,naturalistic,local_life,compositional_test,factual_world,The primary source lists the restaurant preference as 10:00.,world_claim,external_verified,0.95,1,0,0,0,0,irrelevant evidence,,,0.0005691682702631476,0.0002757836726810317,0.8786256296673715,0,0,1,0,0,0,compositional_test,
PB-003537,naturalistic,local_life,compositional_test,factual_world,The connected record lists the commute route as 9:30.,world_claim,tool_verified,0.95,1,1,0,0,1,tool evidence for world claim,,,0.00224448468705646,0.016986154171544098,0.23624770868414907,0,0,0,0,0,0,compositional_test,
PB-003541,naturalistic,local_life,compositional_test,personal_state,The primary source lists the commute route as 8:30.,personal_state,external_verified,0.9,1,1,0,1,1,external personal-state evidence,,,0.0028564822625545177,0.9827134479484994,0.9999928283813025,0,1,1,0,1,1,compositional_test,
PB-003547,naturalistic,local_life,compositional_test,personal_state,The connected record lists the event time as 9:30.,personal_state,tool_verified,0.95,0,1,0,0,0,stale evidence,,,0.0005101838612028436,0.0197148157844149,0.9952695861822041,0,0,1,0,0,0,compositional_test,
PB-003548,naturalistic,local_life,compositional_test,factual_world,The primary source lists the restaurant preference as 10:00.,world_claim,external_verified,0.35,1,1,0,0,0,low-confidence evidence,,,0.00033343581467849294,1.9394125901125425e-07,0.21796803578333784,0,0,0,0,0,0,compositional_test,
PB-003549,naturalistic,local_life,compositional_test,factual_world,The primary source lists the commute route as 11:30.,world_claim,external_verified,0.95,1,0,0,0,0,irrelevant evidence,,,0.0005822014350986688,0.00028043281153512935,0.8678987253867992,0,0,1,0,0,0,compositional_test,
PB-003556,naturalistic,local_life,compositional_test,factual_world,The connected record lists the pickup location as 10:00.,world_claim,tool_verified,0.95,1,1,0,0,1,tool evidence for world claim,,,0.0021987875844960724,0.016405322551423077,0.2371342889182854,0,0,0,0,0,0,compositional_test,
PB-003560,naturalistic,local_life,compositional_test,personal_state,The primary source lists the pickup location as 9:00.,personal_state,external_verified,0.9,1,1,0,1,1,external personal-state evidence,,,0.002848266090081059,0.9824504575166155,0.9999928719168306,0,1,1,0,1,1,compositional_test,
PB-003566,naturalistic,local_life,compositional_test,personal_state,The connected record lists the restaurant preference as 10:00.,personal_state,tool_verified,0.95,0,1,0,0,0,stale evidence,,,0.0005073916000207049,0.01950395582571672,0.9952356659289715,0,0,1,0,0,0,compositional_test,
PB-003567,naturalistic,local_life,compositional_test,factual_world,The primary source lists the commute route as 11:30.,world_claim,external_verified,0.35,1,1,0,0,0,low-confidence evidence,,,0.000341072875018044,1.9721162154569865e-07,0.20189052509706676,0,0,0,0,0,0,compositional_test,
PB-003568,naturalistic,local_life,compositional_test,factual_world,The primary source lists the pickup location as 12:00.,world_claim,external_verified,0.95,1,0,0,0,0,irrelevant evidence,,,0.0005806632869970503,0.0002766718893784251,0.8683572111248238,0,0,1,0,0,0,compositional_test,
PB-003575,naturalistic,local_life,compositional_test,factual_world,The connected record lists the event time as 11:30.,world_claim,tool_verified,0.95,1,1,0,0,1,tool evidence for world claim,,,0.00213124641621231,0.016266256969845162,0.24773502304186062,0,0,0,0,0,0,compositional_test,
PB-003579,naturalistic,local_life,compositional_test,personal_state,The primary source lists the event time as 10:30.,personal_state,external_verified,0.9,1,1,0,1,1,external personal-state evidence,,,0.002712157018529321,0.9820062015096997,0.9999931961597335,0,1,1,0,1,1,compositional_test,
PB-003585,naturalistic,local_life,compositional_test,personal_state,The connected record lists the commute route as 11:30.,personal_state,tool_verified,0.95,0,1,0,0,0,stale evidence,,,0.0005193519175080983,0.01966061061086501,0.9949585222980101,0,0,1,0,0,0,compositional_test,
PB-003586,naturalistic,local_life,compositional_test,factual_world,The primary source lists the pickup location as 12:00.,world_claim,external_verified,0.35,1,1,0,0,0,low-confidence evidence,,,0.0003401715601057068,1.9456605852375578e-07,0.20253660525082634,0,0,0,0,0,0,compositional_test,
PB-003587,naturalistic,local_life,compositional_test,factual_world,The primary source lists the event time as 8:30.,world_claim,external_verified,0.95,1,0,0,0,0,irrelevant evidence,,,0.00057314937760118,0.00027348874210148997,0.8886762624674889,0,0,1,0,0,0,compositional_test,
PB-003594,naturalistic,local_life,compositional_test,factual_world,The connected record lists the restaurant preference as 12:00.,world_claim,tool_verified,0.95,1,1,0,0,1,tool evidence for world claim,,,0.00215395354091202,0.016441853096797177,0.24698601382141933,0,0,0,0,0,0,compositional_test,
PB-003598,naturalistic,local_life,compositional_test,personal_state,The primary source lists the restaurant preference as 11:00.,personal_state,external_verified,0.9,1,1,0,1,1,external personal-state evidence,,,0.0027398644811610644,0.9822349639449558,0.9999930596564127,0,1,1,0,1,1,compositional_test,
PB-003604,naturalistic,local_life,compositional_test,personal_state,The connected record lists the pickup location as 12:00.,personal_state,tool_verified,0.95,0,1,0,0,0,stale evidence,,,0.0005179659460865823,0.019408584133616825,0.9949704377936955,0,0,1,0,0,0,compositional_test,
PB-003605,naturalistic,local_life,compositional_test,factual_world,The primary source lists the event time as 8:30.,world_claim,external_verified,0.35,1,1,0,0,0,low-confidence evidence,,,0.0003357686205080954,1.923269379235411e-07,0.23509969414761575,0,0,0,0,0,0,compositional_test,
PB-003606,naturalistic,local_life,compositional_test,factual_world,The primary source lists the restaurant preference as 9:00.,world_claim,external_verified,0.95,1,0,0,0,0,irrelevant evidence,,,0.0005793964545954513,0.00027735423313962805,0.8865636642515912,0,0,1,0,0,0,compositional_test,
PB-003613,naturalistic,local_life,compositional_test,factual_world,The connected record lists the commute route as 8:30.,world_claim,tool_verified,0.95,1,1,0,0,1,tool evidence for world claim,,,0.00224448468705646,0.016986154171544098,0.23624770868414907,0,0,0,0,0,0,compositional_test,
PB-003617,naturalistic,local_life,compositional_test,personal_state,The primary source lists the commute route as 12:30.,personal_state,external_verified,0.9,1,1,0,1,1,external personal-state evidence,,,0.002803217182157287,0.9825527816233663,0.9999923678176509,0,1,1,0,1,1,compositional_test,
PB-003623,naturalistic,local_life,compositional_test,personal_state,The connected record lists the event time as 8:30.,personal_state,tool_verified,0.95,0,1,0,0,0,stale evidence,,,0.0005101838612028436,0.0197148157844149,0.9952695861822041,0,0,1,0,0,0,compositional_test,
PB-003624,naturalistic,local_life,compositional_test,factual_world,The primary source lists the restaurant preference as 9:00.,world_claim,external_verified,0.35,1,1,0,0,0,low-confidence evidence,,,0.0003394292300228368,1.9504604130261867e-07,0.2313124522121944,0,0,0,0,0,0,compositional_test,
PB-003625,naturalistic,local_life,compositional_test,factual_world,The primary source lists the commute route as 10:30.,world_claim,external_verified,0.95,1,0,0,0,0,irrelevant evidence,,,0.0005822330111014758,0.00028071677565368747,0.8679136571736612,0,0,1,0,0,0,compositional_test,
PB-003632,naturalistic,local_life,compositional_test,factual_world,The connected record lists the pickup location as 9:00.,world_claim,tool_verified,0.95,1,1,0,0,1,tool evidence for world claim,,,0.0022379548368760974,0.0167381863748943,0.23700146977059958,0,0,0,0,0,0,compositional_test,
PB-003636,naturalistic,local_life,compositional_test,personal_state,The primary source lists the pickup location as 8:00.,personal_state,external_verified,0.9,1,1,0,1,1,external personal-state evidence,,,0.002848266090081059,0.9824504575166155,0.9999928719168306,0,1,1,0,1,1,compositional_test,
PB-003642,naturalistic,local_life,compositional_test,personal_state,The connected record lists the restaurant preference as 9:00.,personal_state,tool_verified,0.95,0,1,0,0,0,stale evidence,,,0.0005158962664832312,0.01991322396350852,0.9952542507464822,0,0,1,0,0,0,compositional_test,
PB-003643,naturalistic,local_life,compositional_test,factual_world,The primary source lists the commute route as 10:30.,world_claim,external_verified,0.35,1,1,0,0,0,low-confidence evidence,,,0.00034109137774914367,1.974113725582779e-07,0.20191151216652017,0,0,0,0,0,0,compositional_test,
PB-003644,naturalistic,local_life,compositional_test,factual_world,The primary source lists the pickup location as 11:00.,world_claim,external_verified,0.95,1,0,0,0,0,irrelevant evidence,,,0.000580592267609661,0.00027666470195933894,0.8682795000068142,0,0,1,0,0,0,compositional_test,
PI-0000-0,provenance_intervention,travel,provenance_intervention,factual_world,Context reports domain item 0 has value 0.,world_claim,explicit_user,0.95,1,1,0,0,0,paired provenance intervention,,,0.006113410240879637,0.034085262067255866,0.012249227036495808,0,0,0,0,0,0,provenance_intervention,PI-0000
PI-0000-1,provenance_intervention,travel,provenance_intervention,factual_world,Context reports domain item 0 has value 0.,world_claim,tool_verified,0.95,1,1,0,0,1,paired provenance intervention,,,0.0025222303195247893,0.017336653360773738,0.14061784751663484,0,0,0,0,0,0,provenance_intervention,PI-0000
PI-0001-0,provenance_intervention,travel,provenance_intervention,factual_world,Context reports domain item 0 has value 0.,world_claim,third_party,0.95,1,1,0,0,0,paired provenance intervention,,,0.002780583290572326,0.010963045927023789,0.04894780553571563,0,0,0,0,0,0,provenance_intervention,PI-0001
PI-0001-1,provenance_intervention,travel,provenance_intervention,factual_world,Context reports domain item 0 has value 0.,world_claim,external_verified,0.95,1,1,0,0,1,paired provenance intervention,,,0.002695742254294709,0.007325103152136295,0.9077947537600799,0,0,1,0,0,1,provenance_intervention,PI-0001
PI-0002-0,provenance_intervention,travel,provenance_intervention,factual_world,Context reports domain item 1 has value 1.,world_claim,explicit_user,0.95,1,1,0,0,0,paired provenance intervention,,,0.006113410240879637,0.034085262067255866,0.012249227036495808,0,0,0,0,0,0,provenance_intervention,PI-0002
PI-0002-1,provenance_intervention,travel,provenance_intervention,factual_world,Context reports domain item 1 has value 1.,world_claim,tool_verified,0.95,1,1,0,0,1,paired provenance intervention,,,0.0025222303195247893,0.017336653360773738,0.14061784751663484,0,0,0,0,0,0,provenance_intervention,PI-0002
PI-0003-0,provenance_intervention,travel,provenance_intervention,factual_world,Context reports domain item 1 has value 1.,world_claim,third_party,0.95,1,1,0,0,0,paired provenance intervention,,,0.002780583290572326,0.010963045927023789,0.04894780553571563,0,0,0,0,0,0,provenance_intervention,PI-0003
PI-0003-1,provenance_intervention,travel,provenance_intervention,factual_world,Context reports domain item 1 has value 1.,world_claim,external_verified,0.95,1,1,0,0,1,paired provenance intervention,,,0.002695742254294709,0.007325103152136295,0.9077947537600799,0,0,1,0,0,1,provenance_intervention,PI-0003
PI-0004-0,provenance_intervention,travel,provenance_intervention,factual_world,Context reports domain item 2 has value 2.,world_claim,explicit_user,0.95,1,1,0,0,0,paired provenance intervention,,,0.006113410240879637,0.034085262067255866,0.012249227036495808,0,0,0,0,0,0,provenance_intervention,PI-0004
PI-0004-1,provenance_intervention,travel,provenance_intervention,factual_world,Context reports domain item 2 has value 2.,world_claim,tool_verified,0.95,1,1,0,0,1,paired provenance intervention,,,0.0025222303195247893,0.017336653360773738,0.14061784751663484,0,0,0,0,0,0,provenance_intervention,PI-0004
PI-0005-0,provenance_intervention,travel,provenance_intervention,factual_world,Context reports domain item 2 has value 2.,world_claim,third_party,0.95,1,1,0,0,0,paired provenance intervention,,,0.002780583290572326,0.010963045927023789,0.04894780553571563,0,0,0,0,0,0,provenance_intervention,PI-0005
PI-0005-1,provenance_intervention,travel,provenance_intervention,factual_world,Context reports domain item 2 has value 2.,world_claim,external_verified,0.95,1,1,0,0,1,paired provenance intervention,,,0.002695742254294709,0.007325103152136295,0.9077947537600799,0,0,1,0,0,1,provenance_intervention,PI-0005
PI-0006-0,provenance_intervention,travel,provenance_intervention,factual_world,Context reports domain item 3 has value 3.,world_claim,explicit_user,0.95,1,1,0,0,0,paired provenance intervention,,,0.006113410240879637,0.034085262067255866,0.012249227036495808,0,0,0,0,0,0,provenance_intervention,PI-0006
PI-0006-1,provenance_intervention,travel,provenance_intervention,factual_world,Context reports domain item 3 has value 3.,world_claim,tool_verified,0.95,1,1,0,0,1,paired provenance intervention,,,0.0025222303195247893,0.017336653360773738,0.14061784751663484,0,0,0,0,0,0,provenance_intervention,PI-0006
PI-0007-0,provenance_intervention,travel,provenance_intervention,factual_world,Context reports domain item 3 has value 3.,world_claim,third_party,0.95,1,1,0,0,0,paired provenance intervention,,,0.002780583290572326,0.010963045927023789,0.04894780553571563,0,0,0,0,0,0,provenance_intervention,PI-0007
PI-0007-1,provenance_intervention,travel,provenance_intervention,factual_world,Context reports domain item 3 has value 3.,world_claim,external_verified,0.95,1,1,0,0,1,paired provenance intervention,,,0.002695742254294709,0.007325103152136295,0.9077947537600799,0,0,1,0,0,1,provenance_intervention,PI-0007
PI-0008-0,provenance_intervention,travel,provenance_intervention,factual_world,Context reports domain item 4 has value 4.,world_claim,explicit_user,0.95,1,1,0,0,0,paired provenance intervention,,,0.006113410240879637,0.034085262067255866,0.012249227036495808,0,0,0,0,0,0,provenance_intervention,PI-0008
PI-0008-1,provenance_intervention,travel,provenance_intervention,factual_world,Context reports domain item 4 has value 4.,world_claim,tool_verified,0.95,1,1,0,0,1,paired provenance intervention,,,0.0025222303195247893,0.017336653360773738,0.14061784751663484,0,0,0,0,0,0,provenance_intervention,PI-0008
PI-0009-0,provenance_intervention,travel,provenance_intervention,factual_world,Context reports domain item 4 has value 4.,world_claim,third_party,0.95,1,1,0,0,0,paired provenance intervention,,,0.002780583290572326,0.010963045927023789,0.04894780553571563,0,0,0,0,0,0,provenance_intervention,PI-0009
PI-0009-1,provenance_intervention,travel,provenance_intervention,factual_world,Context reports domain item 4 has value 4.,world_claim,external_verified,0.95,1,1,0,0,1,paired provenance intervention,,,0.002695742254294709,0.007325103152136295,0.9077947537600799,0,0,1,0,0,1,provenance_intervention,PI-0009
PI-0010-0,provenance_intervention,travel,provenance_intervention,factual_world,Context reports domain item 5 has value 5.,world_claim,explicit_user,0.95,1,1,0,0,0,paired provenance intervention,,,0.006113410240879637,0.034085262067255866,0.012249227036495808,0,0,0,0,0,0,provenance_intervention,PI-0010
PI-0010-1,provenance_intervention,travel,provenance_intervention,factual_world,Context reports domain item 5 has value 5.,world_claim,tool_verified,0.95,1,1,0,0,1,paired provenance intervention,,,0.0025222303195247893,0.017336653360773738,0.14061784751663484,0,0,0,0,0,0,provenance_intervention,PI-0010
PI-0011-0,provenance_intervention,travel,provenance_intervention,factual_world,Context reports domain item 5 has value 5.,world_claim,third_party,0.95,1,1,0,0,0,paired provenance intervention,,,0.002780583290572326,0.010963045927023789,0.04894780553571563,0,0,0,0,0,0,provenance_intervention,PI-0011
PI-0011-1,provenance_intervention,travel,provenance_intervention,factual_world,Context reports domain item 5 has value 5.,world_claim,external_verified,0.95,1,1,0,0,1,paired provenance intervention,,,0.002695742254294709,0.007325103152136295,0.9077947537600799,0,0,1,0,0,1,provenance_intervention,PI-0011
PI-0012-0,provenance_intervention,travel,provenance_intervention,factual_world,Context reports domain item 6 has value 6.,world_claim,explicit_user,0.95,1,1,0,0,0,paired provenance intervention,,,0.006113410240879637,0.034085262067255866,0.012249227036495808,0,0,0,0,0,0,provenance_intervention,PI-0012
PI-0012-1,provenance_intervention,travel,provenance_intervention,factual_world,Context reports domain item 6 has value 6.,world_claim,tool_verified,0.95,1,1,0,0,1,paired provenance intervention,,,0.0025222303195247893,0.017336653360773738,0.14061784751663484,0,0,0,0,0,0,provenance_intervention,PI-0012
PI-0013-0,provenance_intervention,travel,provenance_intervention,factual_world,Context reports domain item 6 has value 6.,world_claim,third_party,0.95,1,1,0,0,0,paired provenance intervention,,,0.002780583290572326,0.010963045927023789,0.04894780553571563,0,0,0,0,0,0,provenance_intervention,PI-0013
PI-0013-1,provenance_intervention,travel,provenance_intervention,factual_world,Context reports domain item 6 has value 6.,world_claim,external_verified,0.95,1,1,0,0,1,paired provenance intervention,,,0.002695742254294709,0.007325103152136295,0.9077947537600799,0,0,1,0,0,1,provenance_intervention,PI-0013
PI-0014-0,provenance_intervention,travel,provenance_intervention,factual_world,Context reports domain item 7 has value 0.,world_claim,explicit_user,0.95,1,1,0,0,0,paired provenance intervention,,,0.006113410240879637,0.034085262067255866,0.012249227036495808,0,0,0,0,0,0,provenance_intervention,PI-0014
PI-0014-1,provenance_intervention,travel,provenance_intervention,factual_world,Context reports domain item 7 has value 0.,world_claim,tool_verified,0.95,1,1,0,0,1,paired provenance intervention,,,0.0025222303195247893,0.017336653360773738,0.14061784751663484,0,0,0,0,0,0,provenance_intervention,PI-0014
PI-0015-0,provenance_intervention,travel,provenance_intervention,factual_world,Context reports domain item 7 has value 0.,world_claim,third_party,0.95,1,1,0,0,0,paired provenance intervention,,,0.002780583290572326,0.010963045927023789,0.04894780553571563,0,0,0,0,0,0,provenance_intervention,PI-0015
PI-0015-1,provenance_intervention,travel,provenance_intervention,factual_world,Context reports domain item 7 has value 0.,world_claim,external_verified,0.95,1,1,0,0,1,paired provenance intervention,,,0.002695742254294709,0.007325103152136295,0.9077947537600799,0,0,1,0,0,1,provenance_intervention,PI-0015
PI-0016-0,provenance_intervention,travel,provenance_intervention,factual_world,Context reports domain item 8 has value 1.,world_claim,explicit_user,0.95,1,1,0,0,0,paired provenance intervention,,,0.006113410240879637,0.034085262067255866,0.012249227036495808,0,0,0,0,0,0,provenance_intervention,PI-0016
PI-0016-1,provenance_intervention,travel,provenance_intervention,factual_world,Context reports domain item 8 has value 1.,world_claim,tool_verified,0.95,1,1,0,0,1,paired provenance intervention,,,0.0025222303195247893,0.017336653360773738,0.14061784751663484,0,0,0,0,0,0,provenance_intervention,PI-0016
PI-0017-0,provenance_intervention,travel,provenance_intervention,factual_world,Context reports domain item 8 has value 1.,world_claim,third_party,0.95,1,1,0,0,0,paired provenance intervention,,,0.002780583290572326,0.010963045927023789,0.04894780553571563,0,0,0,0,0,0,provenance_intervention,PI-0017
PI-0017-1,provenance_intervention,travel,provenance_intervention,factual_world,Context reports domain item 8 has value 1.,world_claim,external_verified,0.95,1,1,0,0,1,paired provenance intervention,,,0.002695742254294709,0.007325103152136295,0.9077947537600799,0,0,1,0,0,1,provenance_intervention,PI-0017
PI-0018-0,provenance_intervention,travel,provenance_intervention,factual_world,Context reports domain item 9 has value 2.,world_claim,explicit_user,0.95,1,1,0,0,0,paired provenance intervention,,,0.006113410240879637,0.034085262067255866,0.012249227036495808,0,0,0,0,0,0,provenance_intervention,PI-0018
PI-0018-1,provenance_intervention,travel,provenance_intervention,factual_world,Context reports domain item 9 has value 2.,world_claim,tool_verified,0.95,1,1,0,0,1,paired provenance intervention,,,0.0025222303195247893,0.017336653360773738,0.14061784751663484,0,0,0,0,0,0,provenance_intervention,PI-0018
PI-0019-0,provenance_intervention,travel,provenance_intervention,factual_world,Context reports domain item 9 has value 2.,world_claim,third_party,0.95,1,1,0,0,0,paired provenance intervention,,,0.002780583290572326,0.010963045927023789,0.04894780553571563,0,0,0,0,0,0,provenance_intervention,PI-0019
PI-0019-1,provenance_intervention,travel,provenance_intervention,factual_world,Context reports domain item 9 has value 2.,world_claim,external_verified,0.95,1,1,0,0,1,paired provenance intervention,,,0.002695742254294709,0.007325103152136295,0.9077947537600799,0,0,1,0,0,1,provenance_intervention,PI-0019
PI-0020-0,provenance_intervention,travel,provenance_intervention,factual_world,Context reports domain item 0 has value 3.,world_claim,explicit_user,0.95,1,1,0,0,0,paired provenance intervention,,,0.006113410240879637,0.034085262067255866,0.012249227036495808,0,0,0,0,0,0,provenance_intervention,PI-0020
PI-0020-1,provenance_intervention,travel,provenance_intervention,factual_world,Context reports domain item 0 has value 3.,world_claim,tool_verified,0.95,1,1,0,0,1,paired provenance intervention,,,0.0025222303195247893,0.017336653360773738,0.14061784751663484,0,0,0,0,0,0,provenance_intervention,PI-0020
PI-0021-0,provenance_intervention,travel,provenance_intervention,factual_world,Context reports domain item 0 has value 3.,world_claim,third_party,0.95,1,1,0,0,0,paired provenance intervention,,,0.002780583290572326,0.010963045927023789,0.04894780553571563,0,0,0,0,0,0,provenance_intervention,PI-0021
PI-0021-1,provenance_intervention,travel,provenance_intervention,factual_world,Context reports domain item 0 has value 3.,world_claim,external_verified,0.95,1,1,0,0,1,paired provenance intervention,,,0.002695742254294709,0.007325103152136295,0.9077947537600799,0,0,1,0,0,1,provenance_intervention,PI-0021
PI-0022-0,provenance_intervention,travel,provenance_intervention,factual_world,Context reports domain item 1 has value 4.,world_claim,explicit_user,0.95,1,1,0,0,0,paired provenance intervention,,,0.006113410240879637,0.034085262067255866,0.012249227036495808,0,0,0,0,0,0,provenance_intervention,PI-0022
PI-0022-1,provenance_intervention,travel,provenance_intervention,factual_world,Context reports domain item 1 has value 4.,world_claim,tool_verified,0.95,1,1,0,0,1,paired provenance intervention,,,0.0025222303195247893,0.017336653360773738,0.14061784751663484,0,0,0,0,0,0,provenance_intervention,PI-0022
PI-0023-0,provenance_intervention,travel,provenance_intervention,factual_world,Context reports domain item 1 has value 4.,world_claim,third_party,0.95,1,1,0,0,0,paired provenance intervention,,,0.002780583290572326,0.010963045927023789,0.04894780553571563,0,0,0,0,0,0,provenance_intervention,PI-0023
PI-0023-1,provenance_intervention,travel,provenance_intervention,factual_world,Context reports domain item 1 has value 4.,world_claim,external_verified,0.95,1,1,0,0,1,paired provenance intervention,,,0.002695742254294709,0.007325103152136295,0.9077947537600799,0,0,1,0,0,1,provenance_intervention,PI-0023
PI-0024-0,provenance_intervention,travel,provenance_intervention,factual_world,Context reports domain item 2 has value 5.,world_claim,explicit_user,0.95,1,1,0,0,0,paired provenance intervention,,,0.006113410240879637,0.034085262067255866,0.012249227036495808,0,0,0,0,0,0,provenance_intervention,PI-0024
PI-0024-1,provenance_intervention,travel,provenance_intervention,factual_world,Context reports domain item 2 has value 5.,world_claim,tool_verified,0.95,1,1,0,0,1,paired provenance intervention,,,0.0025222303195247893,0.017336653360773738,0.14061784751663484,0,0,0,0,0,0,provenance_intervention,PI-0024
PI-0025-0,provenance_intervention,travel,provenance_intervention,factual_world,Context reports domain item 2 has value 5.,world_claim,third_party,0.95,1,1,0,0,0,paired provenance intervention,,,0.002780583290572326,0.010963045927023789,0.04894780553571563,0,0,0,0,0,0,provenance_intervention,PI-0025
PI-0025-1,provenance_intervention,travel,provenance_intervention,factual_world,Context reports domain item 2 has value 5.,world_claim,external_verified,0.95,1,1,0,0,1,paired provenance intervention,,,0.002695742254294709,0.007325103152136295,0.9077947537600799,0,0,1,0,0,1,provenance_intervention,PI-0025
PI-0026-0,provenance_intervention,travel,provenance_intervention,factual_world,Context reports domain item 3 has value 6.,world_claim,explicit_user,0.95,1,1,0,0,0,paired provenance intervention,,,0.006113410240879637,0.034085262067255866,0.012249227036495808,0,0,0,0,0,0,provenance_intervention,PI-0026
PI-0026-1,provenance_intervention,travel,provenance_intervention,factual_world,Context reports domain item 3 has value 6.,world_claim,tool_verified,0.95,1,1,0,0,1,paired provenance intervention,,,0.0025222303195247893,0.017336653360773738,0.14061784751663484,0,0,0,0,0,0,provenance_intervention,PI-0026
PI-0027-0,provenance_intervention,travel,provenance_intervention,factual_world,Context reports domain item 3 has value 6.,world_claim,third_party,0.95,1,1,0,0,0,paired provenance intervention,,,0.002780583290572326,0.010963045927023789,0.04894780553571563,0,0,0,0,0,0,provenance_intervention,PI-0027
PI-0027-1,provenance_intervention,travel,provenance_intervention,factual_world,Context reports domain item 3 has value 6.,world_claim,external_verified,0.95,1,1,0,0,1,paired provenance intervention,,,0.002695742254294709,0.007325103152136295,0.9077947537600799,0,0,1,0,0,1,provenance_intervention,PI-0027
PI-0028-0,provenance_intervention,travel,provenance_intervention,factual_world,Context reports domain item 4 has value 0.,world_claim,explicit_user,0.95,1,1,0,0,0,paired provenance intervention,,,0.006113410240879637,0.034085262067255866,0.012249227036495808,0,0,0,0,0,0,provenance_intervention,PI-0028
PI-0028-1,provenance_intervention,travel,provenance_intervention,factual_world,Context reports domain item 4 has value 0.,world_claim,tool_verified,0.95,1,1,0,0,1,paired provenance intervention,,,0.0025222303195247893,0.017336653360773738,0.14061784751663484,0,0,0,0,0,0,provenance_intervention,PI-0028
PI-0029-0,provenance_intervention,travel,provenance_intervention,factual_world,Context reports domain item 4 has value 0.,world_claim,third_party,0.95,1,1,0,0,0,paired provenance intervention,,,0.002780583290572326,0.010963045927023789,0.04894780553571563,0,0,0,0,0,0,provenance_intervention,PI-0029
PI-0029-1,provenance_intervention,travel,provenance_intervention,factual_world,Context reports domain item 4 has value 0.,world_claim,external_verified,0.95,1,1,0,0,1,paired provenance intervention,,,0.002695742254294709,0.007325103152136295,0.9077947537600799,0,0,1,0,0,1,provenance_intervention,PI-0029
PI-0030-0,provenance_intervention,travel,provenance_intervention,factual_world,Context reports domain item 5 has value 1.,world_claim,explicit_user,0.95,1,1,0,0,0,paired provenance intervention,,,0.006113410240879637,0.034085262067255866,0.012249227036495808,0,0,0,0,0,0,provenance_intervention,PI-0030
PI-0030-1,provenance_intervention,travel,provenance_intervention,factual_world,Context reports domain item 5 has value 1.,world_claim,tool_verified,0.95,1,1,0,0,1,paired provenance intervention,,,0.0025222303195247893,0.017336653360773738,0.14061784751663484,0,0,0,0,0,0,provenance_intervention,PI-0030
PI-0031-0,provenance_intervention,travel,provenance_intervention,factual_world,Context reports domain item 5 has value 1.,world_claim,third_party,0.95,1,1,0,0,0,paired provenance intervention,,,0.002780583290572326,0.010963045927023789,0.04894780553571563,0,0,0,0,0,0,provenance_intervention,PI-0031
PI-0031-1,provenance_intervention,travel,provenance_intervention,factual_world,Context reports domain item 5 has value 1.,world_claim,external_verified,0.95,1,1,0,0,1,paired provenance intervention,,,0.002695742254294709,0.007325103152136295,0.9077947537600799,0,0,1,0,0,1,provenance_intervention,PI-0031
PI-0032-0,provenance_intervention,travel,provenance_intervention,factual_world,Context reports domain item 6 has value 2.,world_claim,explicit_user,0.95,1,1,0,0,0,paired provenance intervention,,,0.006113410240879637,0.034085262067255866,0.012249227036495808,0,0,0,0,0,0,provenance_intervention,PI-0032
PI-0032-1,provenance_intervention,travel,provenance_intervention,factual_world,Context reports domain item 6 has value 2.,world_claim,tool_verified,0.95,1,1,0,0,1,paired provenance intervention,,,0.0025222303195247893,0.017336653360773738,0.14061784751663484,0,0,0,0,0,0,provenance_intervention,PI-0032
PI-0033-0,provenance_intervention,travel,provenance_intervention,factual_world,Context reports domain item 6 has value 2.,world_claim,third_party,0.95,1,1,0,0,0,paired provenance intervention,,,0.002780583290572326,0.010963045927023789,0.04894780553571563,0,0,0,0,0,0,provenance_intervention,PI-0033
PI-0033-1,provenance_intervention,travel,provenance_intervention,factual_world,Context reports domain item 6 has value 2.,world_claim,external_verified,0.95,1,1,0,0,1,paired provenance intervention,,,0.002695742254294709,0.007325103152136295,0.9077947537600799,0,0,1,0,0,1,provenance_intervention,PI-0033
PI-0034-0,provenance_intervention,travel,provenance_intervention,factual_world,Context reports domain item 7 has value 3.,world_claim,explicit_user,0.95,1,1,0,0,0,paired provenance intervention,,,0.006113410240879637,0.034085262067255866,0.012249227036495808,0,0,0,0,0,0,provenance_intervention,PI-0034
PI-0034-1,provenance_intervention,travel,provenance_intervention,factual_world,Context reports domain item 7 has value 3.,world_claim,tool_verified,0.95,1,1,0,0,1,paired provenance intervention,,,0.0025222303195247893,0.017336653360773738,0.14061784751663484,0,0,0,0,0,0,provenance_intervention,PI-0034
PI-0035-0,provenance_intervention,travel,provenance_intervention,factual_world,Context reports domain item 7 has value 3.,world_claim,third_party,0.95,1,1,0,0,0,paired provenance intervention,,,0.002780583290572326,0.010963045927023789,0.04894780553571563,0,0,0,0,0,0,provenance_intervention,PI-0035
PI-0035-1,provenance_intervention,travel,provenance_intervention,factual_world,Context reports domain item 7 has value 3.,world_claim,external_verified,0.95,1,1,0,0,1,paired provenance intervention,,,0.002695742254294709,0.007325103152136295,0.9077947537600799,0,0,1,0,0,1,provenance_intervention,PI-0035
PI-0036-0,provenance_intervention,travel,provenance_intervention,factual_world,Context reports domain item 8 has value 4.,world_claim,explicit_user,0.95,1,1,0,0,0,paired provenance intervention,,,0.006113410240879637,0.034085262067255866,0.012249227036495808,0,0,0,0,0,0,provenance_intervention,PI-0036
PI-0036-1,provenance_intervention,travel,provenance_intervention,factual_world,Context reports domain item 8 has value 4.,world_claim,tool_verified,0.95,1,1,0,0,1,paired provenance intervention,,,0.0025222303195247893,0.017336653360773738,0.14061784751663484,0,0,0,0,0,0,provenance_intervention,PI-0036
PI-0037-0,provenance_intervention,travel,provenance_intervention,factual_world,Context reports domain item 8 has value 4.,world_claim,third_party,0.95,1,1,0,0,0,paired provenance intervention,,,0.002780583290572326,0.010963045927023789,0.04894780553571563,0,0,0,0,0,0,provenance_intervention,PI-0037
PI-0037-1,provenance_intervention,travel,provenance_intervention,factual_world,Context reports domain item 8 has value 4.,world_claim,external_verified,0.95,1,1,0,0,1,paired provenance intervention,,,0.002695742254294709,0.007325103152136295,0.9077947537600799,0,0,1,0,0,1,provenance_intervention,PI-0037
PI-0038-0,provenance_intervention,travel,provenance_intervention,factual_world,Context reports domain item 9 has value 5.,world_claim,explicit_user,0.95,1,1,0,0,0,paired provenance intervention,,,0.006113410240879637,0.034085262067255866,0.012249227036495808,0,0,0,0,0,0,provenance_intervention,PI-0038
PI-0038-1,provenance_intervention,travel,provenance_intervention,factual_world,Context reports domain item 9 has value 5.,world_claim,tool_verified,0.95,1,1,0,0,1,paired provenance intervention,,,0.0025222303195247893,0.017336653360773738,0.14061784751663484,0,0,0,0,0,0,provenance_intervention,PI-0038
PI-0039-0,provenance_intervention,travel,provenance_intervention,factual_world,Context reports domain item 9 has value 5.,world_claim,third_party,0.95,1,1,0,0,0,paired provenance intervention,,,0.002780583290572326,0.010963045927023789,0.04894780553571563,0,0,0,0,0,0,provenance_intervention,PI-0039
PI-0039-1,provenance_intervention,travel,provenance_intervention,factual_world,Context reports domain item 9 has value 5.,world_claim,external_verified,0.95,1,1,0,0,1,paired provenance intervention,,,0.002695742254294709,0.007325103152136295,0.9077947537600799,0,0,1,0,0,1,provenance_intervention,PI-0039
PI-0040-0,provenance_intervention,travel,provenance_intervention,factual_world,Context reports domain item 0 has value 6.,world_claim,explicit_user,0.95,1,1,0,0,0,paired provenance intervention,,,0.006113410240879637,0.034085262067255866,0.012249227036495808,0,0,0,0,0,0,provenance_intervention,PI-0040
PI-0040-1,provenance_intervention,travel,provenance_intervention,factual_world,Context reports domain item 0 has value 6.,world_claim,tool_verified,0.95,1,1,0,0,1,paired provenance intervention,,,0.0025222303195247893,0.017336653360773738,0.14061784751663484,0,0,0,0,0,0,provenance_intervention,PI-0040
PI-0041-0,provenance_intervention,travel,provenance_intervention,factual_world,Context reports domain item 0 has value 6.,world_claim,third_party,0.95,1,1,0,0,0,paired provenance intervention,,,0.002780583290572326,0.010963045927023789,0.04894780553571563,0,0,0,0,0,0,provenance_intervention,PI-0041
PI-0041-1,provenance_intervention,travel,provenance_intervention,factual_world,Context reports domain item 0 has value 6.,world_claim,external_verified,0.95,1,1,0,0,1,paired provenance intervention,,,0.002695742254294709,0.007325103152136295,0.9077947537600799,0,0,1,0,0,1,provenance_intervention,PI-0041
PI-0042-0,provenance_intervention,travel,provenance_intervention,factual_world,Context reports domain item 1 has value 0.,world_claim,explicit_user,0.95,1,1,0,0,0,paired provenance intervention,,,0.006113410240879637,0.034085262067255866,0.012249227036495808,0,0,0,0,0,0,provenance_intervention,PI-0042
PI-0042-1,provenance_intervention,travel,provenance_intervention,factual_world,Context reports domain item 1 has value 0.,world_claim,tool_verified,0.95,1,1,0,0,1,paired provenance intervention,,,0.0025222303195247893,0.017336653360773738,0.14061784751663484,0,0,0,0,0,0,provenance_intervention,PI-0042
PI-0043-0,provenance_intervention,travel,provenance_intervention,factual_world,Context reports domain item 1 has value 0.,world_claim,third_party,0.95,1,1,0,0,0,paired provenance intervention,,,0.002780583290572326,0.010963045927023789,0.04894780553571563,0,0,0,0,0,0,provenance_intervention,PI-0043
PI-0043-1,provenance_intervention,travel,provenance_intervention,factual_world,Context reports domain item 1 has value 0.,world_claim,external_verified,0.95,1,1,0,0,1,paired provenance intervention,,,0.002695742254294709,0.007325103152136295,0.9077947537600799,0,0,1,0,0,1,provenance_intervention,PI-0043
PI-0044-0,provenance_intervention,travel,provenance_intervention,factual_world,Context reports domain item 2 has value 1.,world_claim,explicit_user,0.95,1,1,0,0,0,paired provenance intervention,,,0.006113410240879637,0.034085262067255866,0.012249227036495808,0,0,0,0,0,0,provenance_intervention,PI-0044
PI-0044-1,provenance_intervention,travel,provenance_intervention,factual_world,Context reports domain item 2 has value 1.,world_claim,tool_verified,0.95,1,1,0,0,1,paired provenance intervention,,,0.0025222303195247893,0.017336653360773738,0.14061784751663484,0,0,0,0,0,0,provenance_intervention,PI-0044
PI-0045-0,provenance_intervention,travel,provenance_intervention,factual_world,Context reports domain item 2 has value 1.,world_claim,third_party,0.95,1,1,0,0,0,paired provenance intervention,,,0.002780583290572326,0.010963045927023789,0.04894780553571563,0,0,0,0,0,0,provenance_intervention,PI-0045
PI-0045-1,provenance_intervention,travel,provenance_intervention,factual_world,Context reports domain item 2 has value 1.,world_claim,external_verified,0.95,1,1,0,0,1,paired provenance intervention,,,0.002695742254294709,0.007325103152136295,0.9077947537600799,0,0,1,0,0,1,provenance_intervention,PI-0045
PI-0046-0,provenance_intervention,travel,provenance_intervention,factual_world,Context reports domain item 3 has value 2.,world_claim,explicit_user,0.95,1,1,0,0,0,paired provenance intervention,,,0.006113410240879637,0.034085262067255866,0.012249227036495808,0,0,0,0,0,0,provenance_intervention,PI-0046
PI-0046-1,provenance_intervention,travel,provenance_intervention,factual_world,Context reports domain item 3 has value 2.,world_claim,tool_verified,0.95,1,1,0,0,1,paired provenance intervention,,,0.0025222303195247893,0.017336653360773738,0.14061784751663484,0,0,0,0,0,0,provenance_intervention,PI-0046
PI-0047-0,provenance_intervention,travel,provenance_intervention,factual_world,Context reports domain item 3 has value 2.,world_claim,third_party,0.95,1,1,0,0,0,paired provenance intervention,,,0.002780583290572326,0.010963045927023789,0.04894780553571563,0,0,0,0,0,0,provenance_intervention,PI-0047
PI-0047-1,provenance_intervention,travel,provenance_intervention,factual_world,Context reports domain item 3 has value 2.,world_claim,external_verified,0.95,1,1,0,0,1,paired provenance intervention,,,0.002695742254294709,0.007325103152136295,0.9077947537600799,0,0,1,0,0,1,provenance_intervention,PI-0047
PI-0048-0,provenance_intervention,travel,provenance_intervention,factual_world,Context reports domain item 4 has value 3.,world_claim,explicit_user,0.95,1,1,0,0,0,paired provenance intervention,,,0.006113410240879637,0.034085262067255866,0.012249227036495808,0,0,0,0,0,0,provenance_intervention,PI-0048
PI-0048-1,provenance_intervention,travel,provenance_intervention,factual_world,Context reports domain item 4 has value 3.,world_claim,tool_verified,0.95,1,1,0,0,1,paired provenance intervention,,,0.0025222303195247893,0.017336653360773738,0.14061784751663484,0,0,0,0,0,0,provenance_intervention,PI-0048
PI-0049-0,provenance_intervention,travel,provenance_intervention,factual_world,Context reports domain item 4 has value 3.,world_claim,third_party,0.95,1,1,0,0,0,paired provenance intervention,,,0.002780583290572326,0.010963045927023789,0.04894780553571563,0,0,0,0,0,0,provenance_intervention,PI-0049
PI-0049-1,provenance_intervention,travel,provenance_intervention,factual_world,Context reports domain item 4 has value 3.,world_claim,external_verified,0.95,1,1,0,0,1,paired provenance intervention,,,0.002695742254294709,0.007325103152136295,0.9077947537600799,0,0,1,0,0,1,provenance_intervention,PI-0049
PI-0050-0,provenance_intervention,calendar,provenance_intervention,factual_world,Context reports domain item 0 has value 0.,world_claim,explicit_user,0.95,1,1,0,0,0,paired provenance intervention,,,0.006131030787882754,0.0341955529632398,0.012070158032698746,0,0,0,0,0,0,provenance_intervention,PI-0050
PI-0050-1,provenance_intervention,calendar,provenance_intervention,factual_world,Context reports domain item 0 has value 0.,world_claim,tool_verified,0.95,1,1,0,0,1,paired provenance intervention,,,0.002529526431756337,0.017393726087906326,0.13882593411517594,0,0,0,0,0,0,provenance_intervention,PI-0050
PI-0051-0,provenance_intervention,calendar,provenance_intervention,factual_world,Context reports domain item 0 has value 0.,world_claim,third_party,0.95,1,1,0,0,0,paired provenance intervention,,,0.002788624656909273,0.010999371429274835,0.04825845855016809,0,0,0,0,0,0,provenance_intervention,PI-0051
PI-0051-1,provenance_intervention,calendar,provenance_intervention,factual_world,Context reports domain item 0 has value 0.,world_claim,external_verified,0.95,1,1,0,0,1,paired provenance intervention,,,0.002703538927996169,0.007349464087127608,0.9065392952958921,0,0,1,0,0,1,provenance_intervention,PI-0051
PI-0052-0,provenance_intervention,calendar,provenance_intervention,factual_world,Context reports domain item 1 has value 1.,world_claim,explicit_user,0.95,1,1,0,0,0,paired provenance intervention,,,0.006131030787882754,0.0341955529632398,0.012070158032698746,0,0,0,0,0,0,provenance_intervention,PI-0052
PI-0052-1,provenance_intervention,calendar,provenance_intervention,factual_world,Context reports domain item 1 has value 1.,world_claim,tool_verified,0.95,1,1,0,0,1,paired provenance intervention,,,0.002529526431756337,0.017393726087906326,0.13882593411517594,0,0,0,0,0,0,provenance_intervention,PI-0052
PI-0053-0,provenance_intervention,calendar,provenance_intervention,factual_world,Context reports domain item 1 has value 1.,world_claim,third_party,0.95,1,1,0,0,0,paired provenance intervention,,,0.002788624656909273,0.010999371429274835,0.04825845855016809,0,0,0,0,0,0,provenance_intervention,PI-0053
PI-0053-1,provenance_intervention,calendar,provenance_intervention,factual_world,Context reports domain item 1 has value 1.,world_claim,external_verified,0.95,1,1,0,0,1,paired provenance intervention,,,0.002703538927996169,0.007349464087127608,0.9065392952958921,0,0,1,0,0,1,provenance_intervention,PI-0053
PI-0054-0,provenance_intervention,calendar,provenance_intervention,factual_world,Context reports domain item 2 has value 2.,world_claim,explicit_user,0.95,1,1,0,0,0,paired provenance intervention,,,0.006131030787882754,0.0341955529632398,0.012070158032698746,0,0,0,0,0,0,provenance_intervention,PI-0054
PI-0054-1,provenance_intervention,calendar,provenance_intervention,factual_world,Context reports domain item 2 has value 2.,world_claim,tool_verified,0.95,1,1,0,0,1,paired provenance intervention,,,0.002529526431756337,0.017393726087906326,0.13882593411517594,0,0,0,0,0,0,provenance_intervention,PI-0054
PI-0055-0,provenance_intervention,calendar,provenance_intervention,factual_world,Context reports domain item 2 has value 2.,world_claim,third_party,0.95,1,1,0,0,0,paired provenance intervention,,,0.002788624656909273,0.010999371429274835,0.04825845855016809,0,0,0,0,0,0,provenance_intervention,PI-0055
PI-0055-1,provenance_intervention,calendar,provenance_intervention,factual_world,Context reports domain item 2 has value 2.,world_claim,external_verified,0.95,1,1,0,0,1,paired provenance intervention,,,0.002703538927996169,0.007349464087127608,0.9065392952958921,0,0,1,0,0,1,provenance_intervention,PI-0055
PI-0056-0,provenance_intervention,calendar,provenance_intervention,factual_world,Context reports domain item 3 has value 3.,world_claim,explicit_user,0.95,1,1,0,0,0,paired provenance intervention,,,0.006131030787882754,0.0341955529632398,0.012070158032698746,0,0,0,0,0,0,provenance_intervention,PI-0056
PI-0056-1,provenance_intervention,calendar,provenance_intervention,factual_world,Context reports domain item 3 has value 3.,world_claim,tool_verified,0.95,1,1,0,0,1,paired provenance intervention,,,0.002529526431756337,0.017393726087906326,0.13882593411517594,0,0,0,0,0,0,provenance_intervention,PI-0056
PI-0057-0,provenance_intervention,calendar,provenance_intervention,factual_world,Context reports domain item 3 has value 3.,world_claim,third_party,0.95,1,1,0,0,0,paired provenance intervention,,,0.002788624656909273,0.010999371429274835,0.04825845855016809,0,0,0,0,0,0,provenance_intervention,PI-0057
PI-0057-1,provenance_intervention,calendar,provenance_intervention,factual_world,Context reports domain item 3 has value 3.,world_claim,external_verified,0.95,1,1,0,0,1,paired provenance intervention,,,0.002703538927996169,0.007349464087127608,0.9065392952958921,0,0,1,0,0,1,provenance_intervention,PI-0057
PI-0058-0,provenance_intervention,calendar,provenance_intervention,factual_world,Context reports domain item 4 has value 4.,world_claim,explicit_user,0.95,1,1,0,0,0,paired provenance intervention,,,0.006131030787882754,0.0341955529632398,0.012070158032698746,0,0,0,0,0,0,provenance_intervention,PI-0058
PI-0058-1,provenance_intervention,calendar,provenance_intervention,factual_world,Context reports domain item 4 has value 4.,world_claim,tool_verified,0.95,1,1,0,0,1,paired provenance intervention,,,0.002529526431756337,0.017393726087906326,0.13882593411517594,0,0,0,0,0,0,provenance_intervention,PI-0058
PI-0059-0,provenance_intervention,calendar,provenance_intervention,factual_world,Context reports domain item 4 has value 4.,world_claim,third_party,0.95,1,1,0,0,0,paired provenance intervention,,,0.002788624656909273,0.010999371429274835,0.04825845855016809,0,0,0,0,0,0,provenance_intervention,PI-0059
PI-0059-1,provenance_intervention,calendar,provenance_intervention,factual_world,Context reports domain item 4 has value 4.,world_claim,external_verified,0.95,1,1,0,0,1,paired provenance intervention,,,0.002703538927996169,0.007349464087127608,0.9065392952958921,0,0,1,0,0,1,provenance_intervention,PI-0059
PI-0060-0,provenance_intervention,calendar,provenance_intervention,factual_world,Context reports domain item 5 has value 5.,world_claim,explicit_user,0.95,1,1,0,0,0,paired provenance intervention,,,0.006131030787882754,0.0341955529632398,0.012070158032698746,0,0,0,0,0,0,provenance_intervention,PI-0060
PI-0060-1,provenance_intervention,calendar,provenance_intervention,factual_world,Context reports domain item 5 has value 5.,world_claim,tool_verified,0.95,1,1,0,0,1,paired provenance intervention,,,0.002529526431756337,0.017393726087906326,0.13882593411517594,0,0,0,0,0,0,provenance_intervention,PI-0060
PI-0061-0,provenance_intervention,calendar,provenance_intervention,factual_world,Context reports domain item 5 has value 5.,world_claim,third_party,0.95,1,1,0,0,0,paired provenance intervention,,,0.002788624656909273,0.010999371429274835,0.04825845855016809,0,0,0,0,0,0,provenance_intervention,PI-0061
PI-0061-1,provenance_intervention,calendar,provenance_intervention,factual_world,Context reports domain item 5 has value 5.,world_claim,external_verified,0.95,1,1,0,0,1,paired provenance intervention,,,0.002703538927996169,0.007349464087127608,0.9065392952958921,0,0,1,0,0,1,provenance_intervention,PI-0061
PI-0062-0,provenance_intervention,calendar,provenance_intervention,factual_world,Context reports domain item 6 has value 6.,world_claim,explicit_user,0.95,1,1,0,0,0,paired provenance intervention,,,0.006131030787882754,0.0341955529632398,0.012070158032698746,0,0,0,0,0,0,provenance_intervention,PI-0062
PI-0062-1,provenance_intervention,calendar,provenance_intervention,factual_world,Context reports domain item 6 has value 6.,world_claim,tool_verified,0.95,1,1,0,0,1,paired provenance intervention,,,0.002529526431756337,0.017393726087906326,0.13882593411517594,0,0,0,0,0,0,provenance_intervention,PI-0062
PI-0063-0,provenance_intervention,calendar,provenance_intervention,factual_world,Context reports domain item 6 has value 6.,world_claim,third_party,0.95,1,1,0,0,0,paired provenance intervention,,,0.002788624656909273,0.010999371429274835,0.04825845855016809,0,0,0,0,0,0,provenance_intervention,PI-0063
PI-0063-1,provenance_intervention,calendar,provenance_intervention,factual_world,Context reports domain item 6 has value 6.,world_claim,external_verified,0.95,1,1,0,0,1,paired provenance intervention,,,0.002703538927996169,0.007349464087127608,0.9065392952958921,0,0,1,0,0,1,provenance_intervention,PI-0063
PI-0064-0,provenance_intervention,calendar,provenance_intervention,factual_world,Context reports domain item 7 has value 0.,world_claim,explicit_user,0.95,1,1,0,0,0,paired provenance intervention,,,0.006131030787882754,0.0341955529632398,0.012070158032698746,0,0,0,0,0,0,provenance_intervention,PI-0064
PI-0064-1,provenance_intervention,calendar,provenance_intervention,factual_world,Context reports domain item 7 has value 0.,world_claim,tool_verified,0.95,1,1,0,0,1,paired provenance intervention,,,0.002529526431756337,0.017393726087906326,0.13882593411517594,0,0,0,0,0,0,provenance_intervention,PI-0064
PI-0065-0,provenance_intervention,calendar,provenance_intervention,factual_world,Context reports domain item 7 has value 0.,world_claim,third_party,0.95,1,1,0,0,0,paired provenance intervention,,,0.002788624656909273,0.010999371429274835,0.04825845855016809,0,0,0,0,0,0,provenance_intervention,PI-0065
PI-0065-1,provenance_intervention,calendar,provenance_intervention,factual_world,Context reports domain item 7 has value 0.,world_claim,external_verified,0.95,1,1,0,0,1,paired provenance intervention,,,0.002703538927996169,0.007349464087127608,0.9065392952958921,0,0,1,0,0,1,provenance_intervention,PI-0065
PI-0066-0,provenance_intervention,calendar,provenance_intervention,factual_world,Context reports domain item 8 has value 1.,world_claim,explicit_user,0.95,1,1,0,0,0,paired provenance intervention,,,0.006131030787882754,0.0341955529632398,0.012070158032698746,0,0,0,0,0,0,provenance_intervention,PI-0066
PI-0066-1,provenance_intervention,calendar,provenance_intervention,factual_world,Context reports domain item 8 has value 1.,world_claim,tool_verified,0.95,1,1,0,0,1,paired provenance intervention,,,0.002529526431756337,0.017393726087906326,0.13882593411517594,0,0,0,0,0,0,provenance_intervention,PI-0066
PI-0067-0,provenance_intervention,calendar,provenance_intervention,factual_world,Context reports domain item 8 has value 1.,world_claim,third_party,0.95,1,1,0,0,0,paired provenance intervention,,,0.002788624656909273,0.010999371429274835,0.04825845855016809,0,0,0,0,0,0,provenance_intervention,PI-0067
PI-0067-1,provenance_intervention,calendar,provenance_intervention,factual_world,Context reports domain item 8 has value 1.,world_claim,external_verified,0.95,1,1,0,0,1,paired provenance intervention,,,0.002703538927996169,0.007349464087127608,0.9065392952958921,0,0,1,0,0,1,provenance_intervention,PI-0067
PI-0068-0,provenance_intervention,calendar,provenance_intervention,factual_world,Context reports domain item 9 has value 2.,world_claim,explicit_user,0.95,1,1,0,0,0,paired provenance intervention,,,0.006131030787882754,0.0341955529632398,0.012070158032698746,0,0,0,0,0,0,provenance_intervention,PI-0068
PI-0068-1,provenance_intervention,calendar,provenance_intervention,factual_world,Context reports domain item 9 has value 2.,world_claim,tool_verified,0.95,1,1,0,0,1,paired provenance intervention,,,0.002529526431756337,0.017393726087906326,0.13882593411517594,0,0,0,0,0,0,provenance_intervention,PI-0068
PI-0069-0,provenance_intervention,calendar,provenance_intervention,factual_world,Context reports domain item 9 has value 2.,world_claim,third_party,0.95,1,1,0,0,0,paired provenance intervention,,,0.002788624656909273,0.010999371429274835,0.04825845855016809,0,0,0,0,0,0,provenance_intervention,PI-0069
PI-0069-1,provenance_intervention,calendar,provenance_intervention,factual_world,Context reports domain item 9 has value 2.,world_claim,external_verified,0.95,1,1,0,0,1,paired provenance intervention,,,0.002703538927996169,0.007349464087127608,0.9065392952958921,0,0,1,0,0,1,provenance_intervention,PI-0069
PI-0070-0,provenance_intervention,calendar,provenance_intervention,factual_world,Context reports domain item 0 has value 3.,world_claim,explicit_user,0.95,1,1,0,0,0,paired provenance intervention,,,0.006131030787882754,0.0341955529632398,0.012070158032698746,0,0,0,0,0,0,provenance_intervention,PI-0070
PI-0070-1,provenance_intervention,calendar,provenance_intervention,factual_world,Context reports domain item 0 has value 3.,world_claim,tool_verified,0.95,1,1,0,0,1,paired provenance intervention,,,0.002529526431756337,0.017393726087906326,0.13882593411517594,0,0,0,0,0,0,provenance_intervention,PI-0070
PI-0071-0,provenance_intervention,calendar,provenance_intervention,factual_world,Context reports domain item 0 has value 3.,world_claim,third_party,0.95,1,1,0,0,0,paired provenance intervention,,,0.002788624656909273,0.010999371429274835,0.04825845855016809,0,0,0,0,0,0,provenance_intervention,PI-0071
PI-0071-1,provenance_intervention,calendar,provenance_intervention,factual_world,Context reports domain item 0 has value 3.,world_claim,external_verified,0.95,1,1,0,0,1,paired provenance intervention,,,0.002703538927996169,0.007349464087127608,0.9065392952958921,0,0,1,0,0,1,provenance_intervention,PI-0071
PI-0072-0,provenance_intervention,calendar,provenance_intervention,factual_world,Context reports domain item 1 has value 4.,world_claim,explicit_user,0.95,1,1,0,0,0,paired provenance intervention,,,0.006131030787882754,0.0341955529632398,0.012070158032698746,0,0,0,0,0,0,provenance_intervention,PI-0072
PI-0072-1,provenance_intervention,calendar,provenance_intervention,factual_world,Context reports domain item 1 has value 4.,world_claim,tool_verified,0.95,1,1,0,0,1,paired provenance intervention,,,0.002529526431756337,0.017393726087906326,0.13882593411517594,0,0,0,0,0,0,provenance_intervention,PI-0072
PI-0073-0,provenance_intervention,calendar,provenance_intervention,factual_world,Context reports domain item 1 has value 4.,world_claim,third_party,0.95,1,1,0,0,0,paired provenance intervention,,,0.002788624656909273,0.010999371429274835,0.04825845855016809,0,0,0,0,0,0,provenance_intervention,PI-0073
PI-0073-1,provenance_intervention,calendar,provenance_intervention,factual_world,Context reports domain item 1 has value 4.,world_claim,external_verified,0.95,1,1,0,0,1,paired provenance intervention,,,0.002703538927996169,0.007349464087127608,0.9065392952958921,0,0,1,0,0,1,provenance_intervention,PI-0073
PI-0074-0,provenance_intervention,calendar,provenance_intervention,factual_world,Context reports domain item 2 has value 5.,world_claim,explicit_user,0.95,1,1,0,0,0,paired provenance intervention,,,0.006131030787882754,0.0341955529632398,0.012070158032698746,0,0,0,0,0,0,provenance_intervention,PI-0074
PI-0074-1,provenance_intervention,calendar,provenance_intervention,factual_world,Context reports domain item 2 has value 5.,world_claim,tool_verified,0.95,1,1,0,0,1,paired provenance intervention,,,0.002529526431756337,0.017393726087906326,0.13882593411517594,0,0,0,0,0,0,provenance_intervention,PI-0074
PI-0075-0,provenance_intervention,calendar,provenance_intervention,factual_world,Context reports domain item 2 has value 5.,world_claim,third_party,0.95,1,1,0,0,0,paired provenance intervention,,,0.002788624656909273,0.010999371429274835,0.04825845855016809,0,0,0,0,0,0,provenance_intervention,PI-0075
PI-0075-1,provenance_intervention,calendar,provenance_intervention,factual_world,Context reports domain item 2 has value 5.,world_claim,external_verified,0.95,1,1,0,0,1,paired provenance intervention,,,0.002703538927996169,0.007349464087127608,0.9065392952958921,0,0,1,0,0,1,provenance_intervention,PI-0075
PI-0076-0,provenance_intervention,calendar,provenance_intervention,factual_world,Context reports domain item 3 has value 6.,world_claim,explicit_user,0.95,1,1,0,0,0,paired provenance intervention,,,0.006131030787882754,0.0341955529632398,0.012070158032698746,0,0,0,0,0,0,provenance_intervention,PI-0076
PI-0076-1,provenance_intervention,calendar,provenance_intervention,factual_world,Context reports domain item 3 has value 6.,world_claim,tool_verified,0.95,1,1,0,0,1,paired provenance intervention,,,0.002529526431756337,0.017393726087906326,0.13882593411517594,0,0,0,0,0,0,provenance_intervention,PI-0076
PI-0077-0,provenance_intervention,calendar,provenance_intervention,factual_world,Context reports domain item 3 has value 6.,world_claim,third_party,0.95,1,1,0,0,0,paired provenance intervention,,,0.002788624656909273,0.010999371429274835,0.04825845855016809,0,0,0,0,0,0,provenance_intervention,PI-0077
PI-0077-1,provenance_intervention,calendar,provenance_intervention,factual_world,Context reports domain item 3 has value 6.,world_claim,external_verified,0.95,1,1,0,0,1,paired provenance intervention,,,0.002703538927996169,0.007349464087127608,0.9065392952958921,0,0,1,0,0,1,provenance_intervention,PI-0077
PI-0078-0,provenance_intervention,calendar,provenance_intervention,factual_world,Context reports domain item 4 has value 0.,world_claim,explicit_user,0.95,1,1,0,0,0,paired provenance intervention,,,0.006131030787882754,0.0341955529632398,0.012070158032698746,0,0,0,0,0,0,provenance_intervention,PI-0078
PI-0078-1,provenance_intervention,calendar,provenance_intervention,factual_world,Context reports domain item 4 has value 0.,world_claim,tool_verified,0.95,1,1,0,0,1,paired provenance intervention,,,0.002529526431756337,0.017393726087906326,0.13882593411517594,0,0,0,0,0,0,provenance_intervention,PI-0078
PI-0079-0,provenance_intervention,calendar,provenance_intervention,factual_world,Context reports domain item 4 has value 0.,world_claim,third_party,0.95,1,1,0,0,0,paired provenance intervention,,,0.002788624656909273,0.010999371429274835,0.04825845855016809,0,0,0,0,0,0,provenance_intervention,PI-0079
PI-0079-1,provenance_intervention,calendar,provenance_intervention,factual_world,Context reports domain item 4 has value 0.,world_claim,external_verified,0.95,1,1,0,0,1,paired provenance intervention,,,0.002703538927996169,0.007349464087127608,0.9065392952958921,0,0,1,0,0,1,provenance_intervention,PI-0079
PI-0080-0,provenance_intervention,calendar,provenance_intervention,factual_world,Context reports domain item 5 has value 1.,world_claim,explicit_user,0.95,1,1,0,0,0,paired provenance intervention,,,0.006131030787882754,0.0341955529632398,0.012070158032698746,0,0,0,0,0,0,provenance_intervention,PI-0080
PI-0080-1,provenance_intervention,calendar,provenance_intervention,factual_world,Context reports domain item 5 has value 1.,world_claim,tool_verified,0.95,1,1,0,0,1,paired provenance intervention,,,0.002529526431756337,0.017393726087906326,0.13882593411517594,0,0,0,0,0,0,provenance_intervention,PI-0080
PI-0081-0,provenance_intervention,calendar,provenance_intervention,factual_world,Context reports domain item 5 has value 1.,world_claim,third_party,0.95,1,1,0,0,0,paired provenance intervention,,,0.002788624656909273,0.010999371429274835,0.04825845855016809,0,0,0,0,0,0,provenance_intervention,PI-0081
PI-0081-1,provenance_intervention,calendar,provenance_intervention,factual_world,Context reports domain item 5 has value 1.,world_claim,external_verified,0.95,1,1,0,0,1,paired provenance intervention,,,0.002703538927996169,0.007349464087127608,0.9065392952958921,0,0,1,0,0,1,provenance_intervention,PI-0081
PI-0082-0,provenance_intervention,calendar,provenance_intervention,factual_world,Context reports domain item 6 has value 2.,world_claim,explicit_user,0.95,1,1,0,0,0,paired provenance intervention,,,0.006131030787882754,0.0341955529632398,0.012070158032698746,0,0,0,0,0,0,provenance_intervention,PI-0082
PI-0082-1,provenance_intervention,calendar,provenance_intervention,factual_world,Context reports domain item 6 has value 2.,world_claim,tool_verified,0.95,1,1,0,0,1,paired provenance intervention,,,0.002529526431756337,0.017393726087906326,0.13882593411517594,0,0,0,0,0,0,provenance_intervention,PI-0082
PI-0083-0,provenance_intervention,calendar,provenance_intervention,factual_world,Context reports domain item 6 has value 2.,world_claim,third_party,0.95,1,1,0,0,0,paired provenance intervention,,,0.002788624656909273,0.010999371429274835,0.04825845855016809,0,0,0,0,0,0,provenance_intervention,PI-0083
PI-0083-1,provenance_intervention,calendar,provenance_intervention,factual_world,Context reports domain item 6 has value 2.,world_claim,external_verified,0.95,1,1,0,0,1,paired provenance intervention,,,0.002703538927996169,0.007349464087127608,0.9065392952958921,0,0,1,0,0,1,provenance_intervention,PI-0083
PI-0084-0,provenance_intervention,calendar,provenance_intervention,factual_world,Context reports domain item 7 has value 3.,world_claim,explicit_user,0.95,1,1,0,0,0,paired provenance intervention,,,0.006131030787882754,0.0341955529632398,0.012070158032698746,0,0,0,0,0,0,provenance_intervention,PI-0084
PI-0084-1,provenance_intervention,calendar,provenance_intervention,factual_world,Context reports domain item 7 has value 3.,world_claim,tool_verified,0.95,1,1,0,0,1,paired provenance intervention,,,0.002529526431756337,0.017393726087906326,0.13882593411517594,0,0,0,0,0,0,provenance_intervention,PI-0084
PI-0085-0,provenance_intervention,calendar,provenance_intervention,factual_world,Context reports domain item 7 has value 3.,world_claim,third_party,0.95,1,1,0,0,0,paired provenance intervention,,,0.002788624656909273,0.010999371429274835,0.04825845855016809,0,0,0,0,0,0,provenance_intervention,PI-0085
PI-0085-1,provenance_intervention,calendar,provenance_intervention,factual_world,Context reports domain item 7 has value 3.,world_claim,external_verified,0.95,1,1,0,0,1,paired provenance intervention,,,0.002703538927996169,0.007349464087127608,0.9065392952958921,0,0,1,0,0,1,provenance_intervention,PI-0085
PI-0086-0,provenance_intervention,calendar,provenance_intervention,factual_world,Context reports domain item 8 has value 4.,world_claim,explicit_user,0.95,1,1,0,0,0,paired provenance intervention,,,0.006131030787882754,0.0341955529632398,0.012070158032698746,0,0,0,0,0,0,provenance_intervention,PI-0086
PI-0086-1,provenance_intervention,calendar,provenance_intervention,factual_world,Context reports domain item 8 has value 4.,world_claim,tool_verified,0.95,1,1,0,0,1,paired provenance intervention,,,0.002529526431756337,0.017393726087906326,0.13882593411517594,0,0,0,0,0,0,provenance_intervention,PI-0086
PI-0087-0,provenance_intervention,calendar,provenance_intervention,factual_world,Context reports domain item 8 has value 4.,world_claim,third_party,0.95,1,1,0,0,0,paired provenance intervention,,,0.002788624656909273,0.010999371429274835,0.04825845855016809,0,0,0,0,0,0,provenance_intervention,PI-0087
PI-0087-1,provenance_intervention,calendar,provenance_intervention,factual_world,Context reports domain item 8 has value 4.,world_claim,external_verified,0.95,1,1,0,0,1,paired provenance intervention,,,0.002703538927996169,0.007349464087127608,0.9065392952958921,0,0,1,0,0,1,provenance_intervention,PI-0087
PI-0088-0,provenance_intervention,calendar,provenance_intervention,factual_world,Context reports domain item 9 has value 5.,world_claim,explicit_user,0.95,1,1,0,0,0,paired provenance intervention,,,0.006131030787882754,0.0341955529632398,0.012070158032698746,0,0,0,0,0,0,provenance_intervention,PI-0088
PI-0088-1,provenance_intervention,calendar,provenance_intervention,factual_world,Context reports domain item 9 has value 5.,world_claim,tool_verified,0.95,1,1,0,0,1,paired provenance intervention,,,0.002529526431756337,0.017393726087906326,0.13882593411517594,0,0,0,0,0,0,provenance_intervention,PI-0088
PI-0089-0,provenance_intervention,calendar,provenance_intervention,factual_world,Context reports domain item 9 has value 5.,world_claim,third_party,0.95,1,1,0,0,0,paired provenance intervention,,,0.002788624656909273,0.010999371429274835,0.04825845855016809,0,0,0,0,0,0,provenance_intervention,PI-0089
PI-0089-1,provenance_intervention,calendar,provenance_intervention,factual_world,Context reports domain item 9 has value 5.,world_claim,external_verified,0.95,1,1,0,0,1,paired provenance intervention,,,0.002703538927996169,0.007349464087127608,0.9065392952958921,0,0,1,0,0,1,provenance_intervention,PI-0089
PI-0090-0,provenance_intervention,calendar,provenance_intervention,factual_world,Context reports domain item 0 has value 6.,world_claim,explicit_user,0.95,1,1,0,0,0,paired provenance intervention,,,0.006131030787882754,0.0341955529632398,0.012070158032698746,0,0,0,0,0,0,provenance_intervention,PI-0090
PI-0090-1,provenance_intervention,calendar,provenance_intervention,factual_world,Context reports domain item 0 has value 6.,world_claim,tool_verified,0.95,1,1,0,0,1,paired provenance intervention,,,0.002529526431756337,0.017393726087906326,0.13882593411517594,0,0,0,0,0,0,provenance_intervention,PI-0090
PI-0091-0,provenance_intervention,calendar,provenance_intervention,factual_world,Context reports domain item 0 has value 6.,world_claim,third_party,0.95,1,1,0,0,0,paired provenance intervention,,,0.002788624656909273,0.010999371429274835,0.04825845855016809,0,0,0,0,0,0,provenance_intervention,PI-0091
PI-0091-1,provenance_intervention,calendar,provenance_intervention,factual_world,Context reports domain item 0 has value 6.,world_claim,external_verified,0.95,1,1,0,0,1,paired provenance intervention,,,0.002703538927996169,0.007349464087127608,0.9065392952958921,0,0,1,0,0,1,provenance_intervention,PI-0091
PI-0092-0,provenance_intervention,calendar,provenance_intervention,factual_world,Context reports domain item 1 has value 0.,world_claim,explicit_user,0.95,1,1,0,0,0,paired provenance intervention,,,0.006131030787882754,0.0341955529632398,0.012070158032698746,0,0,0,0,0,0,provenance_intervention,PI-0092
PI-0092-1,provenance_intervention,calendar,provenance_intervention,factual_world,Context reports domain item 1 has value 0.,world_claim,tool_verified,0.95,1,1,0,0,1,paired provenance intervention,,,0.002529526431756337,0.017393726087906326,0.13882593411517594,0,0,0,0,0,0,provenance_intervention,PI-0092
PI-0093-0,provenance_intervention,calendar,provenance_intervention,factual_world,Context reports domain item 1 has value 0.,world_claim,third_party,0.95,1,1,0,0,0,paired provenance intervention,,,0.002788624656909273,0.010999371429274835,0.04825845855016809,0,0,0,0,0,0,provenance_intervention,PI-0093
PI-0093-1,provenance_intervention,calendar,provenance_intervention,factual_world,Context reports domain item 1 has value 0.,world_claim,external_verified,0.95,1,1,0,0,1,paired provenance intervention,,,0.002703538927996169,0.007349464087127608,0.9065392952958921,0,0,1,0,0,1,provenance_intervention,PI-0093
PI-0094-0,provenance_intervention,calendar,provenance_intervention,factual_world,Context reports domain item 2 has value 1.,world_claim,explicit_user,0.95,1,1,0,0,0,paired provenance intervention,,,0.006131030787882754,0.0341955529632398,0.012070158032698746,0,0,0,0,0,0,provenance_intervention,PI-0094
PI-0094-1,provenance_intervention,calendar,provenance_intervention,factual_world,Context reports domain item 2 has value 1.,world_claim,tool_verified,0.95,1,1,0,0,1,paired provenance intervention,,,0.002529526431756337,0.017393726087906326,0.13882593411517594,0,0,0,0,0,0,provenance_intervention,PI-0094
PI-0095-0,provenance_intervention,calendar,provenance_intervention,factual_world,Context reports domain item 2 has value 1.,world_claim,third_party,0.95,1,1,0,0,0,paired provenance intervention,,,0.002788624656909273,0.010999371429274835,0.04825845855016809,0,0,0,0,0,0,provenance_intervention,PI-0095
PI-0095-1,provenance_intervention,calendar,provenance_intervention,factual_world,Context reports domain item 2 has value 1.,world_claim,external_verified,0.95,1,1,0,0,1,paired provenance intervention,,,0.002703538927996169,0.007349464087127608,0.9065392952958921,0,0,1,0,0,1,provenance_intervention,PI-0095
PI-0096-0,provenance_intervention,calendar,provenance_intervention,factual_world,Context reports domain item 3 has value 2.,world_claim,explicit_user,0.95,1,1,0,0,0,paired provenance intervention,,,0.006131030787882754,0.0341955529632398,0.012070158032698746,0,0,0,0,0,0,provenance_intervention,PI-0096
PI-0096-1,provenance_intervention,calendar,provenance_intervention,factual_world,Context reports domain item 3 has value 2.,world_claim,tool_verified,0.95,1,1,0,0,1,paired provenance intervention,,,0.002529526431756337,0.017393726087906326,0.13882593411517594,0,0,0,0,0,0,provenance_intervention,PI-0096
PI-0097-0,provenance_intervention,calendar,provenance_intervention,factual_world,Context reports domain item 3 has value 2.,world_claim,third_party,0.95,1,1,0,0,0,paired provenance intervention,,,0.002788624656909273,0.010999371429274835,0.04825845855016809,0,0,0,0,0,0,provenance_intervention,PI-0097
PI-0097-1,provenance_intervention,calendar,provenance_intervention,factual_world,Context reports domain item 3 has value 2.,world_claim,external_verified,0.95,1,1,0,0,1,paired provenance intervention,,,0.002703538927996169,0.007349464087127608,0.9065392952958921,0,0,1,0,0,1,provenance_intervention,PI-0097
PI-0098-0,provenance_intervention,calendar,provenance_intervention,factual_world,Context reports domain item 4 has value 3.,world_claim,explicit_user,0.95,1,1,0,0,0,paired provenance intervention,,,0.006131030787882754,0.0341955529632398,0.012070158032698746,0,0,0,0,0,0,provenance_intervention,PI-0098
PI-0098-1,provenance_intervention,calendar,provenance_intervention,factual_world,Context reports domain item 4 has value 3.,world_claim,tool_verified,0.95,1,1,0,0,1,paired provenance intervention,,,0.002529526431756337,0.017393726087906326,0.13882593411517594,0,0,0,0,0,0,provenance_intervention,PI-0098
PI-0099-0,provenance_intervention,calendar,provenance_intervention,factual_world,Context reports domain item 4 has value 3.,world_claim,third_party,0.95,1,1,0,0,0,paired provenance intervention,,,0.002788624656909273,0.010999371429274835,0.04825845855016809,0,0,0,0,0,0,provenance_intervention,PI-0099
PI-0099-1,provenance_intervention,calendar,provenance_intervention,factual_world,Context reports domain item 4 has value 3.,world_claim,external_verified,0.95,1,1,0,0,1,paired provenance intervention,,,0.002703538927996169,0.007349464087127608,0.9065392952958921,0,0,1,0,0,1,provenance_intervention,PI-0099
PI-0100-0,provenance_intervention,commerce,provenance_intervention,factual_world,Context reports domain item 0 has value 0.,world_claim,explicit_user,0.95,1,1,0,0,0,paired provenance intervention,,,0.006122586107948871,0.03415497918066059,0.01210082696366243,0,0,0,0,0,0,provenance_intervention,PI-0100
PI-0100-1,provenance_intervention,commerce,provenance_intervention,factual_world,Context reports domain item 0 has value 0.,world_claim,tool_verified,0.95,1,1,0,0,1,paired provenance intervention,,,0.002526029737431477,0.017372729445061984,0.1391333169166178,0,0,0,0,0,0,provenance_intervention,PI-0100
PI-0101-0,provenance_intervention,commerce,provenance_intervention,factual_world,Context reports domain item 0 has value 0.,world_claim,third_party,0.95,1,1,0,0,0,paired provenance intervention,,,0.002784770797734472,0.010986007359785777,0.04837657533840143,0,0,0,0,0,0,provenance_intervention,PI-0101
PI-0101-1,provenance_intervention,commerce,provenance_intervention,factual_world,Context reports domain item 0 has value 0.,world_claim,external_verified,0.95,1,1,0,0,1,paired provenance intervention,,,0.0026998023383336543,0.007340501685619558,0.9067567041913197,0,0,1,0,0,1,provenance_intervention,PI-0101
PI-0102-0,provenance_intervention,commerce,provenance_intervention,factual_world,Context reports domain item 1 has value 1.,world_claim,explicit_user,0.95,1,1,0,0,0,paired provenance intervention,,,0.006122586107948871,0.03415497918066059,0.01210082696366243,0,0,0,0,0,0,provenance_intervention,PI-0102
PI-0102-1,provenance_intervention,commerce,provenance_intervention,factual_world,Context reports domain item 1 has value 1.,world_claim,tool_verified,0.95,1,1,0,0,1,paired provenance intervention,,,0.002526029737431477,0.017372729445061984,0.1391333169166178,0,0,0,0,0,0,provenance_intervention,PI-0102
PI-0103-0,provenance_intervention,commerce,provenance_intervention,factual_world,Context reports domain item 1 has value 1.,world_claim,third_party,0.95,1,1,0,0,0,paired provenance intervention,,,0.002784770797734472,0.010986007359785777,0.04837657533840143,0,0,0,0,0,0,provenance_intervention,PI-0103
PI-0103-1,provenance_intervention,commerce,provenance_intervention,factual_world,Context reports domain item 1 has value 1.,world_claim,external_verified,0.95,1,1,0,0,1,paired provenance intervention,,,0.0026998023383336543,0.007340501685619558,0.9067567041913197,0,0,1,0,0,1,provenance_intervention,PI-0103
PI-0104-0,provenance_intervention,commerce,provenance_intervention,factual_world,Context reports domain item 2 has value 2.,world_claim,explicit_user,0.95,1,1,0,0,0,paired provenance intervention,,,0.006122586107948871,0.03415497918066059,0.01210082696366243,0,0,0,0,0,0,provenance_intervention,PI-0104
PI-0104-1,provenance_intervention,commerce,provenance_intervention,factual_world,Context reports domain item 2 has value 2.,world_claim,tool_verified,0.95,1,1,0,0,1,paired provenance intervention,,,0.002526029737431477,0.017372729445061984,0.1391333169166178,0,0,0,0,0,0,provenance_intervention,PI-0104
PI-0105-0,provenance_intervention,commerce,provenance_intervention,factual_world,Context reports domain item 2 has value 2.,world_claim,third_party,0.95,1,1,0,0,0,paired provenance intervention,,,0.002784770797734472,0.010986007359785777,0.04837657533840143,0,0,0,0,0,0,provenance_intervention,PI-0105
PI-0105-1,provenance_intervention,commerce,provenance_intervention,factual_world,Context reports domain item 2 has value 2.,world_claim,external_verified,0.95,1,1,0,0,1,paired provenance intervention,,,0.0026998023383336543,0.007340501685619558,0.9067567041913197,0,0,1,0,0,1,provenance_intervention,PI-0105
PI-0106-0,provenance_intervention,commerce,provenance_intervention,factual_world,Context reports domain item 3 has value 3.,world_claim,explicit_user,0.95,1,1,0,0,0,paired provenance intervention,,,0.006122586107948871,0.03415497918066059,0.01210082696366243,0,0,0,0,0,0,provenance_intervention,PI-0106
PI-0106-1,provenance_intervention,commerce,provenance_intervention,factual_world,Context reports domain item 3 has value 3.,world_claim,tool_verified,0.95,1,1,0,0,1,paired provenance intervention,,,0.002526029737431477,0.017372729445061984,0.1391333169166178,0,0,0,0,0,0,provenance_intervention,PI-0106
PI-0107-0,provenance_intervention,commerce,provenance_intervention,factual_world,Context reports domain item 3 has value 3.,world_claim,third_party,0.95,1,1,0,0,0,paired provenance intervention,,,0.002784770797734472,0.010986007359785777,0.04837657533840143,0,0,0,0,0,0,provenance_intervention,PI-0107
PI-0107-1,provenance_intervention,commerce,provenance_intervention,factual_world,Context reports domain item 3 has value 3.,world_claim,external_verified,0.95,1,1,0,0,1,paired provenance intervention,,,0.0026998023383336543,0.007340501685619558,0.9067567041913197,0,0,1,0,0,1,provenance_intervention,PI-0107
PI-0108-0,provenance_intervention,commerce,provenance_intervention,factual_world,Context reports domain item 4 has value 4.,world_claim,explicit_user,0.95,1,1,0,0,0,paired provenance intervention,,,0.006122586107948871,0.03415497918066059,0.01210082696366243,0,0,0,0,0,0,provenance_intervention,PI-0108
PI-0108-1,provenance_intervention,commerce,provenance_intervention,factual_world,Context reports domain item 4 has value 4.,world_claim,tool_verified,0.95,1,1,0,0,1,paired provenance intervention,,,0.002526029737431477,0.017372729445061984,0.1391333169166178,0,0,0,0,0,0,provenance_intervention,PI-0108
PI-0109-0,provenance_intervention,commerce,provenance_intervention,factual_world,Context reports domain item 4 has value 4.,world_claim,third_party,0.95,1,1,0,0,0,paired provenance intervention,,,0.002784770797734472,0.010986007359785777,0.04837657533840143,0,0,0,0,0,0,provenance_intervention,PI-0109
PI-0109-1,provenance_intervention,commerce,provenance_intervention,factual_world,Context reports domain item 4 has value 4.,world_claim,external_verified,0.95,1,1,0,0,1,paired provenance intervention,,,0.0026998023383336543,0.007340501685619558,0.9067567041913197,0,0,1,0,0,1,provenance_intervention,PI-0109
PI-0110-0,provenance_intervention,commerce,provenance_intervention,factual_world,Context reports domain item 5 has value 5.,world_claim,explicit_user,0.95,1,1,0,0,0,paired provenance intervention,,,0.006122586107948871,0.03415497918066059,0.01210082696366243,0,0,0,0,0,0,provenance_intervention,PI-0110
PI-0110-1,provenance_intervention,commerce,provenance_intervention,factual_world,Context reports domain item 5 has value 5.,world_claim,tool_verified,0.95,1,1,0,0,1,paired provenance intervention,,,0.002526029737431477,0.017372729445061984,0.1391333169166178,0,0,0,0,0,0,provenance_intervention,PI-0110
PI-0111-0,provenance_intervention,commerce,provenance_intervention,factual_world,Context reports domain item 5 has value 5.,world_claim,third_party,0.95,1,1,0,0,0,paired provenance intervention,,,0.002784770797734472,0.010986007359785777,0.04837657533840143,0,0,0,0,0,0,provenance_intervention,PI-0111
PI-0111-1,provenance_intervention,commerce,provenance_intervention,factual_world,Context reports domain item 5 has value 5.,world_claim,external_verified,0.95,1,1,0,0,1,paired provenance intervention,,,0.0026998023383336543,0.007340501685619558,0.9067567041913197,0,0,1,0,0,1,provenance_intervention,PI-0111
PI-0112-0,provenance_intervention,commerce,provenance_intervention,factual_world,Context reports domain item 6 has value 6.,world_claim,explicit_user,0.95,1,1,0,0,0,paired provenance intervention,,,0.006122586107948871,0.03415497918066059,0.01210082696366243,0,0,0,0,0,0,provenance_intervention,PI-0112
PI-0112-1,provenance_intervention,commerce,provenance_intervention,factual_world,Context reports domain item 6 has value 6.,world_claim,tool_verified,0.95,1,1,0,0,1,paired provenance intervention,,,0.002526029737431477,0.017372729445061984,0.1391333169166178,0,0,0,0,0,0,provenance_intervention,PI-0112
PI-0113-0,provenance_intervention,commerce,provenance_intervention,factual_world,Context reports domain item 6 has value 6.,world_claim,third_party,0.95,1,1,0,0,0,paired provenance intervention,,,0.002784770797734472,0.010986007359785777,0.04837657533840143,0,0,0,0,0,0,provenance_intervention,PI-0113
PI-0113-1,provenance_intervention,commerce,provenance_intervention,factual_world,Context reports domain item 6 has value 6.,world_claim,external_verified,0.95,1,1,0,0,1,paired provenance intervention,,,0.0026998023383336543,0.007340501685619558,0.9067567041913197,0,0,1,0,0,1,provenance_intervention,PI-0113
PI-0114-0,provenance_intervention,commerce,provenance_intervention,factual_world,Context reports domain item 7 has value 0.,world_claim,explicit_user,0.95,1,1,0,0,0,paired provenance intervention,,,0.006122586107948871,0.03415497918066059,0.01210082696366243,0,0,0,0,0,0,provenance_intervention,PI-0114
PI-0114-1,provenance_intervention,commerce,provenance_intervention,factual_world,Context reports domain item 7 has value 0.,world_claim,tool_verified,0.95,1,1,0,0,1,paired provenance intervention,,,0.002526029737431477,0.017372729445061984,0.1391333169166178,0,0,0,0,0,0,provenance_intervention,PI-0114
PI-0115-0,provenance_intervention,commerce,provenance_intervention,factual_world,Context reports domain item 7 has value 0.,world_claim,third_party,0.95,1,1,0,0,0,paired provenance intervention,,,0.002784770797734472,0.010986007359785777,0.04837657533840143,0,0,0,0,0,0,provenance_intervention,PI-0115
PI-0115-1,provenance_intervention,commerce,provenance_intervention,factual_world,Context reports domain item 7 has value 0.,world_claim,external_verified,0.95,1,1,0,0,1,paired provenance intervention,,,0.0026998023383336543,0.007340501685619558,0.9067567041913197,0,0,1,0,0,1,provenance_intervention,PI-0115
PI-0116-0,provenance_intervention,commerce,provenance_intervention,factual_world,Context reports domain item 8 has value 1.,world_claim,explicit_user,0.95,1,1,0,0,0,paired provenance intervention,,,0.006122586107948871,0.03415497918066059,0.01210082696366243,0,0,0,0,0,0,provenance_intervention,PI-0116
PI-0116-1,provenance_intervention,commerce,provenance_intervention,factual_world,Context reports domain item 8 has value 1.,world_claim,tool_verified,0.95,1,1,0,0,1,paired provenance intervention,,,0.002526029737431477,0.017372729445061984,0.1391333169166178,0,0,0,0,0,0,provenance_intervention,PI-0116
PI-0117-0,provenance_intervention,commerce,provenance_intervention,factual_world,Context reports domain item 8 has value 1.,world_claim,third_party,0.95,1,1,0,0,0,paired provenance intervention,,,0.002784770797734472,0.010986007359785777,0.04837657533840143,0,0,0,0,0,0,provenance_intervention,PI-0117
PI-0117-1,provenance_intervention,commerce,provenance_intervention,factual_world,Context reports domain item 8 has value 1.,world_claim,external_verified,0.95,1,1,0,0,1,paired provenance intervention,,,0.0026998023383336543,0.007340501685619558,0.9067567041913197,0,0,1,0,0,1,provenance_intervention,PI-0117
PI-0118-0,provenance_intervention,commerce,provenance_intervention,factual_world,Context reports domain item 9 has value 2.,world_claim,explicit_user,0.95,1,1,0,0,0,paired provenance intervention,,,0.006122586107948871,0.03415497918066059,0.01210082696366243,0,0,0,0,0,0,provenance_intervention,PI-0118
PI-0118-1,provenance_intervention,commerce,provenance_intervention,factual_world,Context reports domain item 9 has value 2.,world_claim,tool_verified,0.95,1,1,0,0,1,paired provenance intervention,,,0.002526029737431477,0.017372729445061984,0.1391333169166178,0,0,0,0,0,0,provenance_intervention,PI-0118
PI-0119-0,provenance_intervention,commerce,provenance_intervention,factual_world,Context reports domain item 9 has value 2.,world_claim,third_party,0.95,1,1,0,0,0,paired provenance intervention,,,0.002784770797734472,0.010986007359785777,0.04837657533840143,0,0,0,0,0,0,provenance_intervention,PI-0119
PI-0119-1,provenance_intervention,commerce,provenance_intervention,factual_world,Context reports domain item 9 has value 2.,world_claim,external_verified,0.95,1,1,0,0,1,paired provenance intervention,,,0.0026998023383336543,0.007340501685619558,0.9067567041913197,0,0,1,0,0,1,provenance_intervention,PI-0119
PI-0120-0,provenance_intervention,commerce,provenance_intervention,factual_world,Context reports domain item 0 has value 3.,world_claim,explicit_user,0.95,1,1,0,0,0,paired provenance intervention,,,0.006122586107948871,0.03415497918066059,0.01210082696366243,0,0,0,0,0,0,provenance_intervention,PI-0120
PI-0120-1,provenance_intervention,commerce,provenance_intervention,factual_world,Context reports domain item 0 has value 3.,world_claim,tool_verified,0.95,1,1,0,0,1,paired provenance intervention,,,0.002526029737431477,0.017372729445061984,0.1391333169166178,0,0,0,0,0,0,provenance_intervention,PI-0120
PI-0121-0,provenance_intervention,commerce,provenance_intervention,factual_world,Context reports domain item 0 has value 3.,world_claim,third_party,0.95,1,1,0,0,0,paired provenance intervention,,,0.002784770797734472,0.010986007359785777,0.04837657533840143,0,0,0,0,0,0,provenance_intervention,PI-0121
PI-0121-1,provenance_intervention,commerce,provenance_intervention,factual_world,Context reports domain item 0 has value 3.,world_claim,external_verified,0.95,1,1,0,0,1,paired provenance intervention,,,0.0026998023383336543,0.007340501685619558,0.9067567041913197,0,0,1,0,0,1,provenance_intervention,PI-0121
PI-0122-0,provenance_intervention,commerce,provenance_intervention,factual_world,Context reports domain item 1 has value 4.,world_claim,explicit_user,0.95,1,1,0,0,0,paired provenance intervention,,,0.006122586107948871,0.03415497918066059,0.01210082696366243,0,0,0,0,0,0,provenance_intervention,PI-0122
PI-0122-1,provenance_intervention,commerce,provenance_intervention,factual_world,Context reports domain item 1 has value 4.,world_claim,tool_verified,0.95,1,1,0,0,1,paired provenance intervention,,,0.002526029737431477,0.017372729445061984,0.1391333169166178,0,0,0,0,0,0,provenance_intervention,PI-0122
PI-0123-0,provenance_intervention,commerce,provenance_intervention,factual_world,Context reports domain item 1 has value 4.,world_claim,third_party,0.95,1,1,0,0,0,paired provenance intervention,,,0.002784770797734472,0.010986007359785777,0.04837657533840143,0,0,0,0,0,0,provenance_intervention,PI-0123
PI-0123-1,provenance_intervention,commerce,provenance_intervention,factual_world,Context reports domain item 1 has value 4.,world_claim,external_verified,0.95,1,1,0,0,1,paired provenance intervention,,,0.0026998023383336543,0.007340501685619558,0.9067567041913197,0,0,1,0,0,1,provenance_intervention,PI-0123
PI-0124-0,provenance_intervention,commerce,provenance_intervention,factual_world,Context reports domain item 2 has value 5.,world_claim,explicit_user,0.95,1,1,0,0,0,paired provenance intervention,,,0.006122586107948871,0.03415497918066059,0.01210082696366243,0,0,0,0,0,0,provenance_intervention,PI-0124
PI-0124-1,provenance_intervention,commerce,provenance_intervention,factual_world,Context reports domain item 2 has value 5.,world_claim,tool_verified,0.95,1,1,0,0,1,paired provenance intervention,,,0.002526029737431477,0.017372729445061984,0.1391333169166178,0,0,0,0,0,0,provenance_intervention,PI-0124
PI-0125-0,provenance_intervention,commerce,provenance_intervention,factual_world,Context reports domain item 2 has value 5.,world_claim,third_party,0.95,1,1,0,0,0,paired provenance intervention,,,0.002784770797734472,0.010986007359785777,0.04837657533840143,0,0,0,0,0,0,provenance_intervention,PI-0125
PI-0125-1,provenance_intervention,commerce,provenance_intervention,factual_world,Context reports domain item 2 has value 5.,world_claim,external_verified,0.95,1,1,0,0,1,paired provenance intervention,,,0.0026998023383336543,0.007340501685619558,0.9067567041913197,0,0,1,0,0,1,provenance_intervention,PI-0125
PI-0126-0,provenance_intervention,commerce,provenance_intervention,factual_world,Context reports domain item 3 has value 6.,world_claim,explicit_user,0.95,1,1,0,0,0,paired provenance intervention,,,0.006122586107948871,0.03415497918066059,0.01210082696366243,0,0,0,0,0,0,provenance_intervention,PI-0126
PI-0126-1,provenance_intervention,commerce,provenance_intervention,factual_world,Context reports domain item 3 has value 6.,world_claim,tool_verified,0.95,1,1,0,0,1,paired provenance intervention,,,0.002526029737431477,0.017372729445061984,0.1391333169166178,0,0,0,0,0,0,provenance_intervention,PI-0126
PI-0127-0,provenance_intervention,commerce,provenance_intervention,factual_world,Context reports domain item 3 has value 6.,world_claim,third_party,0.95,1,1,0,0,0,paired provenance intervention,,,0.002784770797734472,0.010986007359785777,0.04837657533840143,0,0,0,0,0,0,provenance_intervention,PI-0127
PI-0127-1,provenance_intervention,commerce,provenance_intervention,factual_world,Context reports domain item 3 has value 6.,world_claim,external_verified,0.95,1,1,0,0,1,paired provenance intervention,,,0.0026998023383336543,0.007340501685619558,0.9067567041913197,0,0,1,0,0,1,provenance_intervention,PI-0127
PI-0128-0,provenance_intervention,commerce,provenance_intervention,factual_world,Context reports domain item 4 has value 0.,world_claim,explicit_user,0.95,1,1,0,0,0,paired provenance intervention,,,0.006122586107948871,0.03415497918066059,0.01210082696366243,0,0,0,0,0,0,provenance_intervention,PI-0128
PI-0128-1,provenance_intervention,commerce,provenance_intervention,factual_world,Context reports domain item 4 has value 0.,world_claim,tool_verified,0.95,1,1,0,0,1,paired provenance intervention,,,0.002526029737431477,0.017372729445061984,0.1391333169166178,0,0,0,0,0,0,provenance_intervention,PI-0128
PI-0129-0,provenance_intervention,commerce,provenance_intervention,factual_world,Context reports domain item 4 has value 0.,world_claim,third_party,0.95,1,1,0,0,0,paired provenance intervention,,,0.002784770797734472,0.010986007359785777,0.04837657533840143,0,0,0,0,0,0,provenance_intervention,PI-0129
PI-0129-1,provenance_intervention,commerce,provenance_intervention,factual_world,Context reports domain item 4 has value 0.,world_claim,external_verified,0.95,1,1,0,0,1,paired provenance intervention,,,0.0026998023383336543,0.007340501685619558,0.9067567041913197,0,0,1,0,0,1,provenance_intervention,PI-0129
PI-0130-0,provenance_intervention,commerce,provenance_intervention,factual_world,Context reports domain item 5 has value 1.,world_claim,explicit_user,0.95,1,1,0,0,0,paired provenance intervention,,,0.006122586107948871,0.03415497918066059,0.01210082696366243,0,0,0,0,0,0,provenance_intervention,PI-0130
PI-0130-1,provenance_intervention,commerce,provenance_intervention,factual_world,Context reports domain item 5 has value 1.,world_claim,tool_verified,0.95,1,1,0,0,1,paired provenance intervention,,,0.002526029737431477,0.017372729445061984,0.1391333169166178,0,0,0,0,0,0,provenance_intervention,PI-0130
PI-0131-0,provenance_intervention,commerce,provenance_intervention,factual_world,Context reports domain item 5 has value 1.,world_claim,third_party,0.95,1,1,0,0,0,paired provenance intervention,,,0.002784770797734472,0.010986007359785777,0.04837657533840143,0,0,0,0,0,0,provenance_intervention,PI-0131
PI-0131-1,provenance_intervention,commerce,provenance_intervention,factual_world,Context reports domain item 5 has value 1.,world_claim,external_verified,0.95,1,1,0,0,1,paired provenance intervention,,,0.0026998023383336543,0.007340501685619558,0.9067567041913197,0,0,1,0,0,1,provenance_intervention,PI-0131
PI-0132-0,provenance_intervention,commerce,provenance_intervention,factual_world,Context reports domain item 6 has value 2.,world_claim,explicit_user,0.95,1,1,0,0,0,paired provenance intervention,,,0.006122586107948871,0.03415497918066059,0.01210082696366243,0,0,0,0,0,0,provenance_intervention,PI-0132
PI-0132-1,provenance_intervention,commerce,provenance_intervention,factual_world,Context reports domain item 6 has value 2.,world_claim,tool_verified,0.95,1,1,0,0,1,paired provenance intervention,,,0.002526029737431477,0.017372729445061984,0.1391333169166178,0,0,0,0,0,0,provenance_intervention,PI-0132
PI-0133-0,provenance_intervention,commerce,provenance_intervention,factual_world,Context reports domain item 6 has value 2.,world_claim,third_party,0.95,1,1,0,0,0,paired provenance intervention,,,0.002784770797734472,0.010986007359785777,0.04837657533840143,0,0,0,0,0,0,provenance_intervention,PI-0133
PI-0133-1,provenance_intervention,commerce,provenance_intervention,factual_world,Context reports domain item 6 has value 2.,world_claim,external_verified,0.95,1,1,0,0,1,paired provenance intervention,,,0.0026998023383336543,0.007340501685619558,0.9067567041913197,0,0,1,0,0,1,provenance_intervention,PI-0133
PI-0134-0,provenance_intervention,commerce,provenance_intervention,factual_world,Context reports domain item 7 has value 3.,world_claim,explicit_user,0.95,1,1,0,0,0,paired provenance intervention,,,0.006122586107948871,0.03415497918066059,0.01210082696366243,0,0,0,0,0,0,provenance_intervention,PI-0134
PI-0134-1,provenance_intervention,commerce,provenance_intervention,factual_world,Context reports domain item 7 has value 3.,world_claim,tool_verified,0.95,1,1,0,0,1,paired provenance intervention,,,0.002526029737431477,0.017372729445061984,0.1391333169166178,0,0,0,0,0,0,provenance_intervention,PI-0134
PI-0135-0,provenance_intervention,commerce,provenance_intervention,factual_world,Context reports domain item 7 has value 3.,world_claim,third_party,0.95,1,1,0,0,0,paired provenance intervention,,,0.002784770797734472,0.010986007359785777,0.04837657533840143,0,0,0,0,0,0,provenance_intervention,PI-0135
PI-0135-1,provenance_intervention,commerce,provenance_intervention,factual_world,Context reports domain item 7 has value 3.,world_claim,external_verified,0.95,1,1,0,0,1,paired provenance intervention,,,0.0026998023383336543,0.007340501685619558,0.9067567041913197,0,0,1,0,0,1,provenance_intervention,PI-0135
PI-0136-0,provenance_intervention,commerce,provenance_intervention,factual_world,Context reports domain item 8 has value 4.,world_claim,explicit_user,0.95,1,1,0,0,0,paired provenance intervention,,,0.006122586107948871,0.03415497918066059,0.01210082696366243,0,0,0,0,0,0,provenance_intervention,PI-0136
PI-0136-1,provenance_intervention,commerce,provenance_intervention,factual_world,Context reports domain item 8 has value 4.,world_claim,tool_verified,0.95,1,1,0,0,1,paired provenance intervention,,,0.002526029737431477,0.017372729445061984,0.1391333169166178,0,0,0,0,0,0,provenance_intervention,PI-0136
PI-0137-0,provenance_intervention,commerce,provenance_intervention,factual_world,Context reports domain item 8 has value 4.,world_claim,third_party,0.95,1,1,0,0,0,paired provenance intervention,,,0.002784770797734472,0.010986007359785777,0.04837657533840143,0,0,0,0,0,0,provenance_intervention,PI-0137
PI-0137-1,provenance_intervention,commerce,provenance_intervention,factual_world,Context reports domain item 8 has value 4.,world_claim,external_verified,0.95,1,1,0,0,1,paired provenance intervention,,,0.0026998023383336543,0.007340501685619558,0.9067567041913197,0,0,1,0,0,1,provenance_intervention,PI-0137
PI-0138-0,provenance_intervention,commerce,provenance_intervention,factual_world,Context reports domain item 9 has value 5.,world_claim,explicit_user,0.95,1,1,0,0,0,paired provenance intervention,,,0.006122586107948871,0.03415497918066059,0.01210082696366243,0,0,0,0,0,0,provenance_intervention,PI-0138
PI-0138-1,provenance_intervention,commerce,provenance_intervention,factual_world,Context reports domain item 9 has value 5.,world_claim,tool_verified,0.95,1,1,0,0,1,paired provenance intervention,,,0.002526029737431477,0.017372729445061984,0.1391333169166178,0,0,0,0,0,0,provenance_intervention,PI-0138
PI-0139-0,provenance_intervention,commerce,provenance_intervention,factual_world,Context reports domain item 9 has value 5.,world_claim,third_party,0.95,1,1,0,0,0,paired provenance intervention,,,0.002784770797734472,0.010986007359785777,0.04837657533840143,0,0,0,0,0,0,provenance_intervention,PI-0139
PI-0139-1,provenance_intervention,commerce,provenance_intervention,factual_world,Context reports domain item 9 has value 5.,world_claim,external_verified,0.95,1,1,0,0,1,paired provenance intervention,,,0.0026998023383336543,0.007340501685619558,0.9067567041913197,0,0,1,0,0,1,provenance_intervention,PI-0139
PI-0140-0,provenance_intervention,commerce,provenance_intervention,factual_world,Context reports domain item 0 has value 6.,world_claim,explicit_user,0.95,1,1,0,0,0,paired provenance intervention,,,0.006122586107948871,0.03415497918066059,0.01210082696366243,0,0,0,0,0,0,provenance_intervention,PI-0140
PI-0140-1,provenance_intervention,commerce,provenance_intervention,factual_world,Context reports domain item 0 has value 6.,world_claim,tool_verified,0.95,1,1,0,0,1,paired provenance intervention,,,0.002526029737431477,0.017372729445061984,0.1391333169166178,0,0,0,0,0,0,provenance_intervention,PI-0140
PI-0141-0,provenance_intervention,commerce,provenance_intervention,factual_world,Context reports domain item 0 has value 6.,world_claim,third_party,0.95,1,1,0,0,0,paired provenance intervention,,,0.002784770797734472,0.010986007359785777,0.04837657533840143,0,0,0,0,0,0,provenance_intervention,PI-0141
PI-0141-1,provenance_intervention,commerce,provenance_intervention,factual_world,Context reports domain item 0 has value 6.,world_claim,external_verified,0.95,1,1,0,0,1,paired provenance intervention,,,0.0026998023383336543,0.007340501685619558,0.9067567041913197,0,0,1,0,0,1,provenance_intervention,PI-0141
PI-0142-0,provenance_intervention,commerce,provenance_intervention,factual_world,Context reports domain item 1 has value 0.,world_claim,explicit_user,0.95,1,1,0,0,0,paired provenance intervention,,,0.006122586107948871,0.03415497918066059,0.01210082696366243,0,0,0,0,0,0,provenance_intervention,PI-0142
PI-0142-1,provenance_intervention,commerce,provenance_intervention,factual_world,Context reports domain item 1 has value 0.,world_claim,tool_verified,0.95,1,1,0,0,1,paired provenance intervention,,,0.002526029737431477,0.017372729445061984,0.1391333169166178,0,0,0,0,0,0,provenance_intervention,PI-0142
PI-0143-0,provenance_intervention,commerce,provenance_intervention,factual_world,Context reports domain item 1 has value 0.,world_claim,third_party,0.95,1,1,0,0,0,paired provenance intervention,,,0.002784770797734472,0.010986007359785777,0.04837657533840143,0,0,0,0,0,0,provenance_intervention,PI-0143
PI-0143-1,provenance_intervention,commerce,provenance_intervention,factual_world,Context reports domain item 1 has value 0.,world_claim,external_verified,0.95,1,1,0,0,1,paired provenance intervention,,,0.0026998023383336543,0.007340501685619558,0.9067567041913197,0,0,1,0,0,1,provenance_intervention,PI-0143
PI-0144-0,provenance_intervention,commerce,provenance_intervention,factual_world,Context reports domain item 2 has value 1.,world_claim,explicit_user,0.95,1,1,0,0,0,paired provenance intervention,,,0.006122586107948871,0.03415497918066059,0.01210082696366243,0,0,0,0,0,0,provenance_intervention,PI-0144
PI-0144-1,provenance_intervention,commerce,provenance_intervention,factual_world,Context reports domain item 2 has value 1.,world_claim,tool_verified,0.95,1,1,0,0,1,paired provenance intervention,,,0.002526029737431477,0.017372729445061984,0.1391333169166178,0,0,0,0,0,0,provenance_intervention,PI-0144
PI-0145-0,provenance_intervention,commerce,provenance_intervention,factual_world,Context reports domain item 2 has value 1.,world_claim,third_party,0.95,1,1,0,0,0,paired provenance intervention,,,0.002784770797734472,0.010986007359785777,0.04837657533840143,0,0,0,0,0,0,provenance_intervention,PI-0145
PI-0145-1,provenance_intervention,commerce,provenance_intervention,factual_world,Context reports domain item 2 has value 1.,world_claim,external_verified,0.95,1,1,0,0,1,paired provenance intervention,,,0.0026998023383336543,0.007340501685619558,0.9067567041913197,0,0,1,0,0,1,provenance_intervention,PI-0145
PI-0146-0,provenance_intervention,commerce,provenance_intervention,factual_world,Context reports domain item 3 has value 2.,world_claim,explicit_user,0.95,1,1,0,0,0,paired provenance intervention,,,0.006122586107948871,0.03415497918066059,0.01210082696366243,0,0,0,0,0,0,provenance_intervention,PI-0146
PI-0146-1,provenance_intervention,commerce,provenance_intervention,factual_world,Context reports domain item 3 has value 2.,world_claim,tool_verified,0.95,1,1,0,0,1,paired provenance intervention,,,0.002526029737431477,0.017372729445061984,0.1391333169166178,0,0,0,0,0,0,provenance_intervention,PI-0146
PI-0147-0,provenance_intervention,commerce,provenance_intervention,factual_world,Context reports domain item 3 has value 2.,world_claim,third_party,0.95,1,1,0,0,0,paired provenance intervention,,,0.002784770797734472,0.010986007359785777,0.04837657533840143,0,0,0,0,0,0,provenance_intervention,PI-0147
PI-0147-1,provenance_intervention,commerce,provenance_intervention,factual_world,Context reports domain item 3 has value 2.,world_claim,external_verified,0.95,1,1,0,0,1,paired provenance intervention,,,0.0026998023383336543,0.007340501685619558,0.9067567041913197,0,0,1,0,0,1,provenance_intervention,PI-0147
PI-0148-0,provenance_intervention,commerce,provenance_intervention,factual_world,Context reports domain item 4 has value 3.,world_claim,explicit_user,0.95,1,1,0,0,0,paired provenance intervention,,,0.006122586107948871,0.03415497918066059,0.01210082696366243,0,0,0,0,0,0,provenance_intervention,PI-0148
PI-0148-1,provenance_intervention,commerce,provenance_intervention,factual_world,Context reports domain item 4 has value 3.,world_claim,tool_verified,0.95,1,1,0,0,1,paired provenance intervention,,,0.002526029737431477,0.017372729445061984,0.1391333169166178,0,0,0,0,0,0,provenance_intervention,PI-0148
PI-0149-0,provenance_intervention,commerce,provenance_intervention,factual_world,Context reports domain item 4 has value 3.,world_claim,third_party,0.95,1,1,0,0,0,paired provenance intervention,,,0.002784770797734472,0.010986007359785777,0.04837657533840143,0,0,0,0,0,0,provenance_intervention,PI-0149
PI-0149-1,provenance_intervention,commerce,provenance_intervention,factual_world,Context reports domain item 4 has value 3.,world_claim,external_verified,0.95,1,1,0,0,1,paired provenance intervention,,,0.0026998023383336543,0.007340501685619558,0.9067567041913197,0,0,1,0,0,1,provenance_intervention,PI-0149
PI-0150-0,provenance_intervention,work,provenance_intervention,factual_world,Context reports domain item 0 has value 0.,world_claim,explicit_user,0.95,1,1,0,0,0,paired provenance intervention,,,0.006126930170212969,0.03415077159778958,0.012089257520153699,0,0,0,0,0,0,provenance_intervention,PI-0150
PI-0150-1,provenance_intervention,work,provenance_intervention,factual_world,Context reports domain item 0 has value 0.,world_claim,tool_verified,0.95,1,1,0,0,1,paired provenance intervention,,,0.002527828481868186,0.01737055210056715,0.13901738440827965,0,0,0,0,0,0,provenance_intervention,PI-0150
PI-0151-0,provenance_intervention,work,provenance_intervention,factual_world,Context reports domain item 0 has value 0.,world_claim,third_party,0.95,1,1,0,0,0,paired provenance intervention,,,0.00278675327269945,0.01098462152248485,0.04833201994434375,0,0,0,0,0,0,provenance_intervention,PI-0151
PI-0151-1,provenance_intervention,work,provenance_intervention,factual_world,Context reports domain item 0 has value 0.,world_claim,external_verified,0.95,1,1,0,0,1,paired provenance intervention,,,0.002701724488235919,0.0073395723003855905,0.9066748069291599,0,0,1,0,0,1,provenance_intervention,PI-0151
PI-0152-0,provenance_intervention,work,provenance_intervention,factual_world,Context reports domain item 1 has value 1.,world_claim,explicit_user,0.95,1,1,0,0,0,paired provenance intervention,,,0.006126930170212969,0.03415077159778958,0.012089257520153699,0,0,0,0,0,0,provenance_intervention,PI-0152
PI-0152-1,provenance_intervention,work,provenance_intervention,factual_world,Context reports domain item 1 has value 1.,world_claim,tool_verified,0.95,1,1,0,0,1,paired provenance intervention,,,0.002527828481868186,0.01737055210056715,0.13901738440827965,0,0,0,0,0,0,provenance_intervention,PI-0152
PI-0153-0,provenance_intervention,work,provenance_intervention,factual_world,Context reports domain item 1 has value 1.,world_claim,third_party,0.95,1,1,0,0,0,paired provenance intervention,,,0.00278675327269945,0.01098462152248485,0.04833201994434375,0,0,0,0,0,0,provenance_intervention,PI-0153
PI-0153-1,provenance_intervention,work,provenance_intervention,factual_world,Context reports domain item 1 has value 1.,world_claim,external_verified,0.95,1,1,0,0,1,paired provenance intervention,,,0.002701724488235919,0.0073395723003855905,0.9066748069291599,0,0,1,0,0,1,provenance_intervention,PI-0153
PI-0154-0,provenance_intervention,work,provenance_intervention,factual_world,Context reports domain item 2 has value 2.,world_claim,explicit_user,0.95,1,1,0,0,0,paired provenance intervention,,,0.006126930170212969,0.03415077159778958,0.012089257520153699,0,0,0,0,0,0,provenance_intervention,PI-0154
PI-0154-1,provenance_intervention,work,provenance_intervention,factual_world,Context reports domain item 2 has value 2.,world_claim,tool_verified,0.95,1,1,0,0,1,paired provenance intervention,,,0.002527828481868186,0.01737055210056715,0.13901738440827965,0,0,0,0,0,0,provenance_intervention,PI-0154
PI-0155-0,provenance_intervention,work,provenance_intervention,factual_world,Context reports domain item 2 has value 2.,world_claim,third_party,0.95,1,1,0,0,0,paired provenance intervention,,,0.00278675327269945,0.01098462152248485,0.04833201994434375,0,0,0,0,0,0,provenance_intervention,PI-0155
PI-0155-1,provenance_intervention,work,provenance_intervention,factual_world,Context reports domain item 2 has value 2.,world_claim,external_verified,0.95,1,1,0,0,1,paired provenance intervention,,,0.002701724488235919,0.0073395723003855905,0.9066748069291599,0,0,1,0,0,1,provenance_intervention,PI-0155
PI-0156-0,provenance_intervention,work,provenance_intervention,factual_world,Context reports domain item 3 has value 3.,world_claim,explicit_user,0.95,1,1,0,0,0,paired provenance intervention,,,0.006126930170212969,0.03415077159778958,0.012089257520153699,0,0,0,0,0,0,provenance_intervention,PI-0156
PI-0156-1,provenance_intervention,work,provenance_intervention,factual_world,Context reports domain item 3 has value 3.,world_claim,tool_verified,0.95,1,1,0,0,1,paired provenance intervention,,,0.002527828481868186,0.01737055210056715,0.13901738440827965,0,0,0,0,0,0,provenance_intervention,PI-0156
PI-0157-0,provenance_intervention,work,provenance_intervention,factual_world,Context reports domain item 3 has value 3.,world_claim,third_party,0.95,1,1,0,0,0,paired provenance intervention,,,0.00278675327269945,0.01098462152248485,0.04833201994434375,0,0,0,0,0,0,provenance_intervention,PI-0157
PI-0157-1,provenance_intervention,work,provenance_intervention,factual_world,Context reports domain item 3 has value 3.,world_claim,external_verified,0.95,1,1,0,0,1,paired provenance intervention,,,0.002701724488235919,0.0073395723003855905,0.9066748069291599,0,0,1,0,0,1,provenance_intervention,PI-0157
PI-0158-0,provenance_intervention,work,provenance_intervention,factual_world,Context reports domain item 4 has value 4.,world_claim,explicit_user,0.95,1,1,0,0,0,paired provenance intervention,,,0.006126930170212969,0.03415077159778958,0.012089257520153699,0,0,0,0,0,0,provenance_intervention,PI-0158
PI-0158-1,provenance_intervention,work,provenance_intervention,factual_world,Context reports domain item 4 has value 4.,world_claim,tool_verified,0.95,1,1,0,0,1,paired provenance intervention,,,0.002527828481868186,0.01737055210056715,0.13901738440827965,0,0,0,0,0,0,provenance_intervention,PI-0158
PI-0159-0,provenance_intervention,work,provenance_intervention,factual_world,Context reports domain item 4 has value 4.,world_claim,third_party,0.95,1,1,0,0,0,paired provenance intervention,,,0.00278675327269945,0.01098462152248485,0.04833201994434375,0,0,0,0,0,0,provenance_intervention,PI-0159
PI-0159-1,provenance_intervention,work,provenance_intervention,factual_world,Context reports domain item 4 has value 4.,world_claim,external_verified,0.95,1,1,0,0,1,paired provenance intervention,,,0.002701724488235919,0.0073395723003855905,0.9066748069291599,0,0,1,0,0,1,provenance_intervention,PI-0159
PI-0160-0,provenance_intervention,work,provenance_intervention,factual_world,Context reports domain item 5 has value 5.,world_claim,explicit_user,0.95,1,1,0,0,0,paired provenance intervention,,,0.006126930170212969,0.03415077159778958,0.012089257520153699,0,0,0,0,0,0,provenance_intervention,PI-0160
PI-0160-1,provenance_intervention,work,provenance_intervention,factual_world,Context reports domain item 5 has value 5.,world_claim,tool_verified,0.95,1,1,0,0,1,paired provenance intervention,,,0.002527828481868186,0.01737055210056715,0.13901738440827965,0,0,0,0,0,0,provenance_intervention,PI-0160
PI-0161-0,provenance_intervention,work,provenance_intervention,factual_world,Context reports domain item 5 has value 5.,world_claim,third_party,0.95,1,1,0,0,0,paired provenance intervention,,,0.00278675327269945,0.01098462152248485,0.04833201994434375,0,0,0,0,0,0,provenance_intervention,PI-0161
PI-0161-1,provenance_intervention,work,provenance_intervention,factual_world,Context reports domain item 5 has value 5.,world_claim,external_verified,0.95,1,1,0,0,1,paired provenance intervention,,,0.002701724488235919,0.0073395723003855905,0.9066748069291599,0,0,1,0,0,1,provenance_intervention,PI-0161
PI-0162-0,provenance_intervention,work,provenance_intervention,factual_world,Context reports domain item 6 has value 6.,world_claim,explicit_user,0.95,1,1,0,0,0,paired provenance intervention,,,0.006126930170212969,0.03415077159778958,0.012089257520153699,0,0,0,0,0,0,provenance_intervention,PI-0162
PI-0162-1,provenance_intervention,work,provenance_intervention,factual_world,Context reports domain item 6 has value 6.,world_claim,tool_verified,0.95,1,1,0,0,1,paired provenance intervention,,,0.002527828481868186,0.01737055210056715,0.13901738440827965,0,0,0,0,0,0,provenance_intervention,PI-0162
PI-0163-0,provenance_intervention,work,provenance_intervention,factual_world,Context reports domain item 6 has value 6.,world_claim,third_party,0.95,1,1,0,0,0,paired provenance intervention,,,0.00278675327269945,0.01098462152248485,0.04833201994434375,0,0,0,0,0,0,provenance_intervention,PI-0163
PI-0163-1,provenance_intervention,work,provenance_intervention,factual_world,Context reports domain item 6 has value 6.,world_claim,external_verified,0.95,1,1,0,0,1,paired provenance intervention,,,0.002701724488235919,0.0073395723003855905,0.9066748069291599,0,0,1,0,0,1,provenance_intervention,PI-0163
PI-0164-0,provenance_intervention,work,provenance_intervention,factual_world,Context reports domain item 7 has value 0.,world_claim,explicit_user,0.95,1,1,0,0,0,paired provenance intervention,,,0.006126930170212969,0.03415077159778958,0.012089257520153699,0,0,0,0,0,0,provenance_intervention,PI-0164
PI-0164-1,provenance_intervention,work,provenance_intervention,factual_world,Context reports domain item 7 has value 0.,world_claim,tool_verified,0.95,1,1,0,0,1,paired provenance intervention,,,0.002527828481868186,0.01737055210056715,0.13901738440827965,0,0,0,0,0,0,provenance_intervention,PI-0164
PI-0165-0,provenance_intervention,work,provenance_intervention,factual_world,Context reports domain item 7 has value 0.,world_claim,third_party,0.95,1,1,0,0,0,paired provenance intervention,,,0.00278675327269945,0.01098462152248485,0.04833201994434375,0,0,0,0,0,0,provenance_intervention,PI-0165
PI-0165-1,provenance_intervention,work,provenance_intervention,factual_world,Context reports domain item 7 has value 0.,world_claim,external_verified,0.95,1,1,0,0,1,paired provenance intervention,,,0.002701724488235919,0.0073395723003855905,0.9066748069291599,0,0,1,0,0,1,provenance_intervention,PI-0165
PI-0166-0,provenance_intervention,work,provenance_intervention,factual_world,Context reports domain item 8 has value 1.,world_claim,explicit_user,0.95,1,1,0,0,0,paired provenance intervention,,,0.006126930170212969,0.03415077159778958,0.012089257520153699,0,0,0,0,0,0,provenance_intervention,PI-0166
PI-0166-1,provenance_intervention,work,provenance_intervention,factual_world,Context reports domain item 8 has value 1.,world_claim,tool_verified,0.95,1,1,0,0,1,paired provenance intervention,,,0.002527828481868186,0.01737055210056715,0.13901738440827965,0,0,0,0,0,0,provenance_intervention,PI-0166
PI-0167-0,provenance_intervention,work,provenance_intervention,factual_world,Context reports domain item 8 has value 1.,world_claim,third_party,0.95,1,1,0,0,0,paired provenance intervention,,,0.00278675327269945,0.01098462152248485,0.04833201994434375,0,0,0,0,0,0,provenance_intervention,PI-0167
PI-0167-1,provenance_intervention,work,provenance_intervention,factual_world,Context reports domain item 8 has value 1.,world_claim,external_verified,0.95,1,1,0,0,1,paired provenance intervention,,,0.002701724488235919,0.0073395723003855905,0.9066748069291599,0,0,1,0,0,1,provenance_intervention,PI-0167
PI-0168-0,provenance_intervention,work,provenance_intervention,factual_world,Context reports domain item 9 has value 2.,world_claim,explicit_user,0.95,1,1,0,0,0,paired provenance intervention,,,0.006126930170212969,0.03415077159778958,0.012089257520153699,0,0,0,0,0,0,provenance_intervention,PI-0168
PI-0168-1,provenance_intervention,work,provenance_intervention,factual_world,Context reports domain item 9 has value 2.,world_claim,tool_verified,0.95,1,1,0,0,1,paired provenance intervention,,,0.002527828481868186,0.01737055210056715,0.13901738440827965,0,0,0,0,0,0,provenance_intervention,PI-0168
PI-0169-0,provenance_intervention,work,provenance_intervention,factual_world,Context reports domain item 9 has value 2.,world_claim,third_party,0.95,1,1,0,0,0,paired provenance intervention,,,0.00278675327269945,0.01098462152248485,0.04833201994434375,0,0,0,0,0,0,provenance_intervention,PI-0169
PI-0169-1,provenance_intervention,work,provenance_intervention,factual_world,Context reports domain item 9 has value 2.,world_claim,external_verified,0.95,1,1,0,0,1,paired provenance intervention,,,0.002701724488235919,0.0073395723003855905,0.9066748069291599,0,0,1,0,0,1,provenance_intervention,PI-0169
PI-0170-0,provenance_intervention,work,provenance_intervention,factual_world,Context reports domain item 0 has value 3.,world_claim,explicit_user,0.95,1,1,0,0,0,paired provenance intervention,,,0.006126930170212969,0.03415077159778958,0.012089257520153699,0,0,0,0,0,0,provenance_intervention,PI-0170
PI-0170-1,provenance_intervention,work,provenance_intervention,factual_world,Context reports domain item 0 has value 3.,world_claim,tool_verified,0.95,1,1,0,0,1,paired provenance intervention,,,0.002527828481868186,0.01737055210056715,0.13901738440827965,0,0,0,0,0,0,provenance_intervention,PI-0170
PI-0171-0,provenance_intervention,work,provenance_intervention,factual_world,Context reports domain item 0 has value 3.,world_claim,third_party,0.95,1,1,0,0,0,paired provenance intervention,,,0.00278675327269945,0.01098462152248485,0.04833201994434375,0,0,0,0,0,0,provenance_intervention,PI-0171
PI-0171-1,provenance_intervention,work,provenance_intervention,factual_world,Context reports domain item 0 has value 3.,world_claim,external_verified,0.95,1,1,0,0,1,paired provenance intervention,,,0.002701724488235919,0.0073395723003855905,0.9066748069291599,0,0,1,0,0,1,provenance_intervention,PI-0171
PI-0172-0,provenance_intervention,work,provenance_intervention,factual_world,Context reports domain item 1 has value 4.,world_claim,explicit_user,0.95,1,1,0,0,0,paired provenance intervention,,,0.006126930170212969,0.03415077159778958,0.012089257520153699,0,0,0,0,0,0,provenance_intervention,PI-0172
PI-0172-1,provenance_intervention,work,provenance_intervention,factual_world,Context reports domain item 1 has value 4.,world_claim,tool_verified,0.95,1,1,0,0,1,paired provenance intervention,,,0.002527828481868186,0.01737055210056715,0.13901738440827965,0,0,0,0,0,0,provenance_intervention,PI-0172
PI-0173-0,provenance_intervention,work,provenance_intervention,factual_world,Context reports domain item 1 has value 4.,world_claim,third_party,0.95,1,1,0,0,0,paired provenance intervention,,,0.00278675327269945,0.01098462152248485,0.04833201994434375,0,0,0,0,0,0,provenance_intervention,PI-0173
PI-0173-1,provenance_intervention,work,provenance_intervention,factual_world,Context reports domain item 1 has value 4.,world_claim,external_verified,0.95,1,1,0,0,1,paired provenance intervention,,,0.002701724488235919,0.0073395723003855905,0.9066748069291599,0,0,1,0,0,1,provenance_intervention,PI-0173
PI-0174-0,provenance_intervention,work,provenance_intervention,factual_world,Context reports domain item 2 has value 5.,world_claim,explicit_user,0.95,1,1,0,0,0,paired provenance intervention,,,0.006126930170212969,0.03415077159778958,0.012089257520153699,0,0,0,0,0,0,provenance_intervention,PI-0174
PI-0174-1,provenance_intervention,work,provenance_intervention,factual_world,Context reports domain item 2 has value 5.,world_claim,tool_verified,0.95,1,1,0,0,1,paired provenance intervention,,,0.002527828481868186,0.01737055210056715,0.13901738440827965,0,0,0,0,0,0,provenance_intervention,PI-0174
PI-0175-0,provenance_intervention,work,provenance_intervention,factual_world,Context reports domain item 2 has value 5.,world_claim,third_party,0.95,1,1,0,0,0,paired provenance intervention,,,0.00278675327269945,0.01098462152248485,0.04833201994434375,0,0,0,0,0,0,provenance_intervention,PI-0175
PI-0175-1,provenance_intervention,work,provenance_intervention,factual_world,Context reports domain item 2 has value 5.,world_claim,external_verified,0.95,1,1,0,0,1,paired provenance intervention,,,0.002701724488235919,0.0073395723003855905,0.9066748069291599,0,0,1,0,0,1,provenance_intervention,PI-0175
PI-0176-0,provenance_intervention,work,provenance_intervention,factual_world,Context reports domain item 3 has value 6.,world_claim,explicit_user,0.95,1,1,0,0,0,paired provenance intervention,,,0.006126930170212969,0.03415077159778958,0.012089257520153699,0,0,0,0,0,0,provenance_intervention,PI-0176
PI-0176-1,provenance_intervention,work,provenance_intervention,factual_world,Context reports domain item 3 has value 6.,world_claim,tool_verified,0.95,1,1,0,0,1,paired provenance intervention,,,0.002527828481868186,0.01737055210056715,0.13901738440827965,0,0,0,0,0,0,provenance_intervention,PI-0176
PI-0177-0,provenance_intervention,work,provenance_intervention,factual_world,Context reports domain item 3 has value 6.,world_claim,third_party,0.95,1,1,0,0,0,paired provenance intervention,,,0.00278675327269945,0.01098462152248485,0.04833201994434375,0,0,0,0,0,0,provenance_intervention,PI-0177
PI-0177-1,provenance_intervention,work,provenance_intervention,factual_world,Context reports domain item 3 has value 6.,world_claim,external_verified,0.95,1,1,0,0,1,paired provenance intervention,,,0.002701724488235919,0.0073395723003855905,0.9066748069291599,0,0,1,0,0,1,provenance_intervention,PI-0177
PI-0178-0,provenance_intervention,work,provenance_intervention,factual_world,Context reports domain item 4 has value 0.,world_claim,explicit_user,0.95,1,1,0,0,0,paired provenance intervention,,,0.006126930170212969,0.03415077159778958,0.012089257520153699,0,0,0,0,0,0,provenance_intervention,PI-0178
PI-0178-1,provenance_intervention,work,provenance_intervention,factual_world,Context reports domain item 4 has value 0.,world_claim,tool_verified,0.95,1,1,0,0,1,paired provenance intervention,,,0.002527828481868186,0.01737055210056715,0.13901738440827965,0,0,0,0,0,0,provenance_intervention,PI-0178
PI-0179-0,provenance_intervention,work,provenance_intervention,factual_world,Context reports domain item 4 has value 0.,world_claim,third_party,0.95,1,1,0,0,0,paired provenance intervention,,,0.00278675327269945,0.01098462152248485,0.04833201994434375,0,0,0,0,0,0,provenance_intervention,PI-0179
PI-0179-1,provenance_intervention,work,provenance_intervention,factual_world,Context reports domain item 4 has value 0.,world_claim,external_verified,0.95,1,1,0,0,1,paired provenance intervention,,,0.002701724488235919,0.0073395723003855905,0.9066748069291599,0,0,1,0,0,1,provenance_intervention,PI-0179
PI-0180-0,provenance_intervention,work,provenance_intervention,factual_world,Context reports domain item 5 has value 1.,world_claim,explicit_user,0.95,1,1,0,0,0,paired provenance intervention,,,0.006126930170212969,0.03415077159778958,0.012089257520153699,0,0,0,0,0,0,provenance_intervention,PI-0180
PI-0180-1,provenance_intervention,work,provenance_intervention,factual_world,Context reports domain item 5 has value 1.,world_claim,tool_verified,0.95,1,1,0,0,1,paired provenance intervention,,,0.002527828481868186,0.01737055210056715,0.13901738440827965,0,0,0,0,0,0,provenance_intervention,PI-0180
PI-0181-0,provenance_intervention,work,provenance_intervention,factual_world,Context reports domain item 5 has value 1.,world_claim,third_party,0.95,1,1,0,0,0,paired provenance intervention,,,0.00278675327269945,0.01098462152248485,0.04833201994434375,0,0,0,0,0,0,provenance_intervention,PI-0181
PI-0181-1,provenance_intervention,work,provenance_intervention,factual_world,Context reports domain item 5 has value 1.,world_claim,external_verified,0.95,1,1,0,0,1,paired provenance intervention,,,0.002701724488235919,0.0073395723003855905,0.9066748069291599,0,0,1,0,0,1,provenance_intervention,PI-0181
PI-0182-0,provenance_intervention,work,provenance_intervention,factual_world,Context reports domain item 6 has value 2.,world_claim,explicit_user,0.95,1,1,0,0,0,paired provenance intervention,,,0.006126930170212969,0.03415077159778958,0.012089257520153699,0,0,0,0,0,0,provenance_intervention,PI-0182
PI-0182-1,provenance_intervention,work,provenance_intervention,factual_world,Context reports domain item 6 has value 2.,world_claim,tool_verified,0.95,1,1,0,0,1,paired provenance intervention,,,0.002527828481868186,0.01737055210056715,0.13901738440827965,0,0,0,0,0,0,provenance_intervention,PI-0182
PI-0183-0,provenance_intervention,work,provenance_intervention,factual_world,Context reports domain item 6 has value 2.,world_claim,third_party,0.95,1,1,0,0,0,paired provenance intervention,,,0.00278675327269945,0.01098462152248485,0.04833201994434375,0,0,0,0,0,0,provenance_intervention,PI-0183
PI-0183-1,provenance_intervention,work,provenance_intervention,factual_world,Context reports domain item 6 has value 2.,world_claim,external_verified,0.95,1,1,0,0,1,paired provenance intervention,,,0.002701724488235919,0.0073395723003855905,0.9066748069291599,0,0,1,0,0,1,provenance_intervention,PI-0183
PI-0184-0,provenance_intervention,work,provenance_intervention,factual_world,Context reports domain item 7 has value 3.,world_claim,explicit_user,0.95,1,1,0,0,0,paired provenance intervention,,,0.006126930170212969,0.03415077159778958,0.012089257520153699,0,0,0,0,0,0,provenance_intervention,PI-0184
PI-0184-1,provenance_intervention,work,provenance_intervention,factual_world,Context reports domain item 7 has value 3.,world_claim,tool_verified,0.95,1,1,0,0,1,paired provenance intervention,,,0.002527828481868186,0.01737055210056715,0.13901738440827965,0,0,0,0,0,0,provenance_intervention,PI-0184
PI-0185-0,provenance_intervention,work,provenance_intervention,factual_world,Context reports domain item 7 has value 3.,world_claim,third_party,0.95,1,1,0,0,0,paired provenance intervention,,,0.00278675327269945,0.01098462152248485,0.04833201994434375,0,0,0,0,0,0,provenance_intervention,PI-0185
PI-0185-1,provenance_intervention,work,provenance_intervention,factual_world,Context reports domain item 7 has value 3.,world_claim,external_verified,0.95,1,1,0,0,1,paired provenance intervention,,,0.002701724488235919,0.0073395723003855905,0.9066748069291599,0,0,1,0,0,1,provenance_intervention,PI-0185
PI-0186-0,provenance_intervention,work,provenance_intervention,factual_world,Context reports domain item 8 has value 4.,world_claim,explicit_user,0.95,1,1,0,0,0,paired provenance intervention,,,0.006126930170212969,0.03415077159778958,0.012089257520153699,0,0,0,0,0,0,provenance_intervention,PI-0186
PI-0186-1,provenance_intervention,work,provenance_intervention,factual_world,Context reports domain item 8 has value 4.,world_claim,tool_verified,0.95,1,1,0,0,1,paired provenance intervention,,,0.002527828481868186,0.01737055210056715,0.13901738440827965,0,0,0,0,0,0,provenance_intervention,PI-0186
PI-0187-0,provenance_intervention,work,provenance_intervention,factual_world,Context reports domain item 8 has value 4.,world_claim,third_party,0.95,1,1,0,0,0,paired provenance intervention,,,0.00278675327269945,0.01098462152248485,0.04833201994434375,0,0,0,0,0,0,provenance_intervention,PI-0187
PI-0187-1,provenance_intervention,work,provenance_intervention,factual_world,Context reports domain item 8 has value 4.,world_claim,external_verified,0.95,1,1,0,0,1,paired provenance intervention,,,0.002701724488235919,0.0073395723003855905,0.9066748069291599,0,0,1,0,0,1,provenance_intervention,PI-0187
PI-0188-0,provenance_intervention,work,provenance_intervention,factual_world,Context reports domain item 9 has value 5.,world_claim,explicit_user,0.95,1,1,0,0,0,paired provenance intervention,,,0.006126930170212969,0.03415077159778958,0.012089257520153699,0,0,0,0,0,0,provenance_intervention,PI-0188
PI-0188-1,provenance_intervention,work,provenance_intervention,factual_world,Context reports domain item 9 has value 5.,world_claim,tool_verified,0.95,1,1,0,0,1,paired provenance intervention,,,0.002527828481868186,0.01737055210056715,0.13901738440827965,0,0,0,0,0,0,provenance_intervention,PI-0188
PI-0189-0,provenance_intervention,work,provenance_intervention,factual_world,Context reports domain item 9 has value 5.,world_claim,third_party,0.95,1,1,0,0,0,paired provenance intervention,,,0.00278675327269945,0.01098462152248485,0.04833201994434375,0,0,0,0,0,0,provenance_intervention,PI-0189
PI-0189-1,provenance_intervention,work,provenance_intervention,factual_world,Context reports domain item 9 has value 5.,world_claim,external_verified,0.95,1,1,0,0,1,paired provenance intervention,,,0.002701724488235919,0.0073395723003855905,0.9066748069291599,0,0,1,0,0,1,provenance_intervention,PI-0189
PI-0190-0,provenance_intervention,work,provenance_intervention,factual_world,Context reports domain item 0 has value 6.,world_claim,explicit_user,0.95,1,1,0,0,0,paired provenance intervention,,,0.006126930170212969,0.03415077159778958,0.012089257520153699,0,0,0,0,0,0,provenance_intervention,PI-0190
PI-0190-1,provenance_intervention,work,provenance_intervention,factual_world,Context reports domain item 0 has value 6.,world_claim,tool_verified,0.95,1,1,0,0,1,paired provenance intervention,,,0.002527828481868186,0.01737055210056715,0.13901738440827965,0,0,0,0,0,0,provenance_intervention,PI-0190
PI-0191-0,provenance_intervention,work,provenance_intervention,factual_world,Context reports domain item 0 has value 6.,world_claim,third_party,0.95,1,1,0,0,0,paired provenance intervention,,,0.00278675327269945,0.01098462152248485,0.04833201994434375,0,0,0,0,0,0,provenance_intervention,PI-0191
PI-0191-1,provenance_intervention,work,provenance_intervention,factual_world,Context reports domain item 0 has value 6.,world_claim,external_verified,0.95,1,1,0,0,1,paired provenance intervention,,,0.002701724488235919,0.0073395723003855905,0.9066748069291599,0,0,1,0,0,1,provenance_intervention,PI-0191
PI-0192-0,provenance_intervention,work,provenance_intervention,factual_world,Context reports domain item 1 has value 0.,world_claim,explicit_user,0.95,1,1,0,0,0,paired provenance intervention,,,0.006126930170212969,0.03415077159778958,0.012089257520153699,0,0,0,0,0,0,provenance_intervention,PI-0192
PI-0192-1,provenance_intervention,work,provenance_intervention,factual_world,Context reports domain item 1 has value 0.,world_claim,tool_verified,0.95,1,1,0,0,1,paired provenance intervention,,,0.002527828481868186,0.01737055210056715,0.13901738440827965,0,0,0,0,0,0,provenance_intervention,PI-0192
PI-0193-0,provenance_intervention,work,provenance_intervention,factual_world,Context reports domain item 1 has value 0.,world_claim,third_party,0.95,1,1,0,0,0,paired provenance intervention,,,0.00278675327269945,0.01098462152248485,0.04833201994434375,0,0,0,0,0,0,provenance_intervention,PI-0193
PI-0193-1,provenance_intervention,work,provenance_intervention,factual_world,Context reports domain item 1 has value 0.,world_claim,external_verified,0.95,1,1,0,0,1,paired provenance intervention,,,0.002701724488235919,0.0073395723003855905,0.9066748069291599,0,0,1,0,0,1,provenance_intervention,PI-0193
PI-0194-0,provenance_intervention,work,provenance_intervention,factual_world,Context reports domain item 2 has value 1.,world_claim,explicit_user,0.95,1,1,0,0,0,paired provenance intervention,,,0.006126930170212969,0.03415077159778958,0.012089257520153699,0,0,0,0,0,0,provenance_intervention,PI-0194
PI-0194-1,provenance_intervention,work,provenance_intervention,factual_world,Context reports domain item 2 has value 1.,world_claim,tool_verified,0.95,1,1,0,0,1,paired provenance intervention,,,0.002527828481868186,0.01737055210056715,0.13901738440827965,0,0,0,0,0,0,provenance_intervention,PI-0194
PI-0195-0,provenance_intervention,work,provenance_intervention,factual_world,Context reports domain item 2 has value 1.,world_claim,third_party,0.95,1,1,0,0,0,paired provenance intervention,,,0.00278675327269945,0.01098462152248485,0.04833201994434375,0,0,0,0,0,0,provenance_intervention,PI-0195
PI-0195-1,provenance_intervention,work,provenance_intervention,factual_world,Context reports domain item 2 has value 1.,world_claim,external_verified,0.95,1,1,0,0,1,paired provenance intervention,,,0.002701724488235919,0.0073395723003855905,0.9066748069291599,0,0,1,0,0,1,provenance_intervention,PI-0195
PI-0196-0,provenance_intervention,work,provenance_intervention,factual_world,Context reports domain item 3 has value 2.,world_claim,explicit_user,0.95,1,1,0,0,0,paired provenance intervention,,,0.006126930170212969,0.03415077159778958,0.012089257520153699,0,0,0,0,0,0,provenance_intervention,PI-0196
PI-0196-1,provenance_intervention,work,provenance_intervention,factual_world,Context reports domain item 3 has value 2.,world_claim,tool_verified,0.95,1,1,0,0,1,paired provenance intervention,,,0.002527828481868186,0.01737055210056715,0.13901738440827965,0,0,0,0,0,0,provenance_intervention,PI-0196
PI-0197-0,provenance_intervention,work,provenance_intervention,factual_world,Context reports domain item 3 has value 2.,world_claim,third_party,0.95,1,1,0,0,0,paired provenance intervention,,,0.00278675327269945,0.01098462152248485,0.04833201994434375,0,0,0,0,0,0,provenance_intervention,PI-0197
PI-0197-1,provenance_intervention,work,provenance_intervention,factual_world,Context reports domain item 3 has value 2.,world_claim,external_verified,0.95,1,1,0,0,1,paired provenance intervention,,,0.002701724488235919,0.0073395723003855905,0.9066748069291599,0,0,1,0,0,1,provenance_intervention,PI-0197
PI-0198-0,provenance_intervention,work,provenance_intervention,factual_world,Context reports domain item 4 has value 3.,world_claim,explicit_user,0.95,1,1,0,0,0,paired provenance intervention,,,0.006126930170212969,0.03415077159778958,0.012089257520153699,0,0,0,0,0,0,provenance_intervention,PI-0198
PI-0198-1,provenance_intervention,work,provenance_intervention,factual_world,Context reports domain item 4 has value 3.,world_claim,tool_verified,0.95,1,1,0,0,1,paired provenance intervention,,,0.002527828481868186,0.01737055210056715,0.13901738440827965,0,0,0,0,0,0,provenance_intervention,PI-0198
PI-0199-0,provenance_intervention,work,provenance_intervention,factual_world,Context reports domain item 4 has value 3.,world_claim,third_party,0.95,1,1,0,0,0,paired provenance intervention,,,0.00278675327269945,0.01098462152248485,0.04833201994434375,0,0,0,0,0,0,provenance_intervention,PI-0199
PI-0199-1,provenance_intervention,work,provenance_intervention,factual_world,Context reports domain item 4 has value 3.,world_claim,external_verified,0.95,1,1,0,0,1,paired provenance intervention,,,0.002701724488235919,0.0073395723003855905,0.9066748069291599,0,0,1,0,0,1,provenance_intervention,PI-0199
PI-0200-0,provenance_intervention,finance,provenance_intervention,factual_world,Context reports domain item 0 has value 0.,world_claim,explicit_user,0.95,1,1,0,0,0,paired provenance intervention,,,0.006138123268584804,0.033238264203420305,0.012432222079991461,0,0,0,0,0,0,provenance_intervention,PI-0200
PI-0200-1,provenance_intervention,finance,provenance_intervention,factual_world,Context reports domain item 0 has value 0.,world_claim,tool_verified,0.95,1,1,0,0,1,paired provenance intervention,,,0.002532463247000982,0.016898566911770555,0.14244202741517023,0,0,0,0,0,0,provenance_intervention,PI-0200
PI-0201-0,provenance_intervention,finance,provenance_intervention,factual_world,Context reports domain item 0 has value 0.,world_claim,third_party,0.95,1,1,0,0,0,paired provenance intervention,,,0.0027918614468160985,0.010684265438616324,0.04965149306381407,0,0,0,0,0,0,provenance_intervention,PI-0201
PI-0201-1,provenance_intervention,finance,provenance_intervention,factual_world,Context reports domain item 0 has value 0.,world_claim,external_verified,0.95,1,1,0,0,1,paired provenance intervention,,,0.0027066772259414095,0.0071381646378638475,0.9090438147282213,0,0,1,0,0,1,provenance_intervention,PI-0201
PI-0202-0,provenance_intervention,finance,provenance_intervention,factual_world,Context reports domain item 1 has value 1.,world_claim,explicit_user,0.95,1,1,0,0,0,paired provenance intervention,,,0.006138123268584804,0.033238264203420305,0.012432222079991461,0,0,0,0,0,0,provenance_intervention,PI-0202
PI-0202-1,provenance_intervention,finance,provenance_intervention,factual_world,Context reports domain item 1 has value 1.,world_claim,tool_verified,0.95,1,1,0,0,1,paired provenance intervention,,,0.002532463247000982,0.016898566911770555,0.14244202741517023,0,0,0,0,0,0,provenance_intervention,PI-0202
PI-0203-0,provenance_intervention,finance,provenance_intervention,factual_world,Context reports domain item 1 has value 1.,world_claim,third_party,0.95,1,1,0,0,0,paired provenance intervention,,,0.0027918614468160985,0.010684265438616324,0.04965149306381407,0,0,0,0,0,0,provenance_intervention,PI-0203
PI-0203-1,provenance_intervention,finance,provenance_intervention,factual_world,Context reports domain item 1 has value 1.,world_claim,external_verified,0.95,1,1,0,0,1,paired provenance intervention,,,0.0027066772259414095,0.0071381646378638475,0.9090438147282213,0,0,1,0,0,1,provenance_intervention,PI-0203
PI-0204-0,provenance_intervention,finance,provenance_intervention,factual_world,Context reports domain item 2 has value 2.,world_claim,explicit_user,0.95,1,1,0,0,0,paired provenance intervention,,,0.006138123268584804,0.033238264203420305,0.012432222079991461,0,0,0,0,0,0,provenance_intervention,PI-0204
PI-0204-1,provenance_intervention,finance,provenance_intervention,factual_world,Context reports domain item 2 has value 2.,world_claim,tool_verified,0.95,1,1,0,0,1,paired provenance intervention,,,0.002532463247000982,0.016898566911770555,0.14244202741517023,0,0,0,0,0,0,provenance_intervention,PI-0204
PI-0205-0,provenance_intervention,finance,provenance_intervention,factual_world,Context reports domain item 2 has value 2.,world_claim,third_party,0.95,1,1,0,0,0,paired provenance intervention,,,0.0027918614468160985,0.010684265438616324,0.04965149306381407,0,0,0,0,0,0,provenance_intervention,PI-0205
PI-0205-1,provenance_intervention,finance,provenance_intervention,factual_world,Context reports domain item 2 has value 2.,world_claim,external_verified,0.95,1,1,0,0,1,paired provenance intervention,,,0.0027066772259414095,0.0071381646378638475,0.9090438147282213,0,0,1,0,0,1,provenance_intervention,PI-0205
PI-0206-0,provenance_intervention,finance,provenance_intervention,factual_world,Context reports domain item 3 has value 3.,world_claim,explicit_user,0.95,1,1,0,0,0,paired provenance intervention,,,0.006138123268584804,0.033238264203420305,0.012432222079991461,0,0,0,0,0,0,provenance_intervention,PI-0206
PI-0206-1,provenance_intervention,finance,provenance_intervention,factual_world,Context reports domain item 3 has value 3.,world_claim,tool_verified,0.95,1,1,0,0,1,paired provenance intervention,,,0.002532463247000982,0.016898566911770555,0.14244202741517023,0,0,0,0,0,0,provenance_intervention,PI-0206
PI-0207-0,provenance_intervention,finance,provenance_intervention,factual_world,Context reports domain item 3 has value 3.,world_claim,third_party,0.95,1,1,0,0,0,paired provenance intervention,,,0.0027918614468160985,0.010684265438616324,0.04965149306381407,0,0,0,0,0,0,provenance_intervention,PI-0207
PI-0207-1,provenance_intervention,finance,provenance_intervention,factual_world,Context reports domain item 3 has value 3.,world_claim,external_verified,0.95,1,1,0,0,1,paired provenance intervention,,,0.0027066772259414095,0.0071381646378638475,0.9090438147282213,0,0,1,0,0,1,provenance_intervention,PI-0207
PI-0208-0,provenance_intervention,finance,provenance_intervention,factual_world,Context reports domain item 4 has value 4.,world_claim,explicit_user,0.95,1,1,0,0,0,paired provenance intervention,,,0.006138123268584804,0.033238264203420305,0.012432222079991461,0,0,0,0,0,0,provenance_intervention,PI-0208
PI-0208-1,provenance_intervention,finance,provenance_intervention,factual_world,Context reports domain item 4 has value 4.,world_claim,tool_verified,0.95,1,1,0,0,1,paired provenance intervention,,,0.002532463247000982,0.016898566911770555,0.14244202741517023,0,0,0,0,0,0,provenance_intervention,PI-0208
PI-0209-0,provenance_intervention,finance,provenance_intervention,factual_world,Context reports domain item 4 has value 4.,world_claim,third_party,0.95,1,1,0,0,0,paired provenance intervention,,,0.0027918614468160985,0.010684265438616324,0.04965149306381407,0,0,0,0,0,0,provenance_intervention,PI-0209
PI-0209-1,provenance_intervention,finance,provenance_intervention,factual_world,Context reports domain item 4 has value 4.,world_claim,external_verified,0.95,1,1,0,0,1,paired provenance intervention,,,0.0027066772259414095,0.0071381646378638475,0.9090438147282213,0,0,1,0,0,1,provenance_intervention,PI-0209
PI-0210-0,provenance_intervention,finance,provenance_intervention,factual_world,Context reports domain item 5 has value 5.,world_claim,explicit_user,0.95,1,1,0,0,0,paired provenance intervention,,,0.006138123268584804,0.033238264203420305,0.012432222079991461,0,0,0,0,0,0,provenance_intervention,PI-0210
PI-0210-1,provenance_intervention,finance,provenance_intervention,factual_world,Context reports domain item 5 has value 5.,world_claim,tool_verified,0.95,1,1,0,0,1,paired provenance intervention,,,0.002532463247000982,0.016898566911770555,0.14244202741517023,0,0,0,0,0,0,provenance_intervention,PI-0210
PI-0211-0,provenance_intervention,finance,provenance_intervention,factual_world,Context reports domain item 5 has value 5.,world_claim,third_party,0.95,1,1,0,0,0,paired provenance intervention,,,0.0027918614468160985,0.010684265438616324,0.04965149306381407,0,0,0,0,0,0,provenance_intervention,PI-0211
PI-0211-1,provenance_intervention,finance,provenance_intervention,factual_world,Context reports domain item 5 has value 5.,world_claim,external_verified,0.95,1,1,0,0,1,paired provenance intervention,,,0.0027066772259414095,0.0071381646378638475,0.9090438147282213,0,0,1,0,0,1,provenance_intervention,PI-0211
PI-0212-0,provenance_intervention,finance,provenance_intervention,factual_world,Context reports domain item 6 has value 6.,world_claim,explicit_user,0.95,1,1,0,0,0,paired provenance intervention,,,0.006138123268584804,0.033238264203420305,0.012432222079991461,0,0,0,0,0,0,provenance_intervention,PI-0212
PI-0212-1,provenance_intervention,finance,provenance_intervention,factual_world,Context reports domain item 6 has value 6.,world_claim,tool_verified,0.95,1,1,0,0,1,paired provenance intervention,,,0.002532463247000982,0.016898566911770555,0.14244202741517023,0,0,0,0,0,0,provenance_intervention,PI-0212
PI-0213-0,provenance_intervention,finance,provenance_intervention,factual_world,Context reports domain item 6 has value 6.,world_claim,third_party,0.95,1,1,0,0,0,paired provenance intervention,,,0.0027918614468160985,0.010684265438616324,0.04965149306381407,0,0,0,0,0,0,provenance_intervention,PI-0213
PI-0213-1,provenance_intervention,finance,provenance_intervention,factual_world,Context reports domain item 6 has value 6.,world_claim,external_verified,0.95,1,1,0,0,1,paired provenance intervention,,,0.0027066772259414095,0.0071381646378638475,0.9090438147282213,0,0,1,0,0,1,provenance_intervention,PI-0213
PI-0214-0,provenance_intervention,finance,provenance_intervention,factual_world,Context reports domain item 7 has value 0.,world_claim,explicit_user,0.95,1,1,0,0,0,paired provenance intervention,,,0.006138123268584804,0.033238264203420305,0.012432222079991461,0,0,0,0,0,0,provenance_intervention,PI-0214
PI-0214-1,provenance_intervention,finance,provenance_intervention,factual_world,Context reports domain item 7 has value 0.,world_claim,tool_verified,0.95,1,1,0,0,1,paired provenance intervention,,,0.002532463247000982,0.016898566911770555,0.14244202741517023,0,0,0,0,0,0,provenance_intervention,PI-0214
PI-0215-0,provenance_intervention,finance,provenance_intervention,factual_world,Context reports domain item 7 has value 0.,world_claim,third_party,0.95,1,1,0,0,0,paired provenance intervention,,,0.0027918614468160985,0.010684265438616324,0.04965149306381407,0,0,0,0,0,0,provenance_intervention,PI-0215
PI-0215-1,provenance_intervention,finance,provenance_intervention,factual_world,Context reports domain item 7 has value 0.,world_claim,external_verified,0.95,1,1,0,0,1,paired provenance intervention,,,0.0027066772259414095,0.0071381646378638475,0.9090438147282213,0,0,1,0,0,1,provenance_intervention,PI-0215
PI-0216-0,provenance_intervention,finance,provenance_intervention,factual_world,Context reports domain item 8 has value 1.,world_claim,explicit_user,0.95,1,1,0,0,0,paired provenance intervention,,,0.006138123268584804,0.033238264203420305,0.012432222079991461,0,0,0,0,0,0,provenance_intervention,PI-0216
PI-0216-1,provenance_intervention,finance,provenance_intervention,factual_world,Context reports domain item 8 has value 1.,world_claim,tool_verified,0.95,1,1,0,0,1,paired provenance intervention,,,0.002532463247000982,0.016898566911770555,0.14244202741517023,0,0,0,0,0,0,provenance_intervention,PI-0216
PI-0217-0,provenance_intervention,finance,provenance_intervention,factual_world,Context reports domain item 8 has value 1.,world_claim,third_party,0.95,1,1,0,0,0,paired provenance intervention,,,0.0027918614468160985,0.010684265438616324,0.04965149306381407,0,0,0,0,0,0,provenance_intervention,PI-0217
PI-0217-1,provenance_intervention,finance,provenance_intervention,factual_world,Context reports domain item 8 has value 1.,world_claim,external_verified,0.95,1,1,0,0,1,paired provenance intervention,,,0.0027066772259414095,0.0071381646378638475,0.9090438147282213,0,0,1,0,0,1,provenance_intervention,PI-0217
PI-0218-0,provenance_intervention,finance,provenance_intervention,factual_world,Context reports domain item 9 has value 2.,world_claim,explicit_user,0.95,1,1,0,0,0,paired provenance intervention,,,0.006138123268584804,0.033238264203420305,0.012432222079991461,0,0,0,0,0,0,provenance_intervention,PI-0218
PI-0218-1,provenance_intervention,finance,provenance_intervention,factual_world,Context reports domain item 9 has value 2.,world_claim,tool_verified,0.95,1,1,0,0,1,paired provenance intervention,,,0.002532463247000982,0.016898566911770555,0.14244202741517023,0,0,0,0,0,0,provenance_intervention,PI-0218
PI-0219-0,provenance_intervention,finance,provenance_intervention,factual_world,Context reports domain item 9 has value 2.,world_claim,third_party,0.95,1,1,0,0,0,paired provenance intervention,,,0.0027918614468160985,0.010684265438616324,0.04965149306381407,0,0,0,0,0,0,provenance_intervention,PI-0219
PI-0219-1,provenance_intervention,finance,provenance_intervention,factual_world,Context reports domain item 9 has value 2.,world_claim,external_verified,0.95,1,1,0,0,1,paired provenance intervention,,,0.0027066772259414095,0.0071381646378638475,0.9090438147282213,0,0,1,0,0,1,provenance_intervention,PI-0219
PI-0220-0,provenance_intervention,finance,provenance_intervention,factual_world,Context reports domain item 0 has value 3.,world_claim,explicit_user,0.95,1,1,0,0,0,paired provenance intervention,,,0.006138123268584804,0.033238264203420305,0.012432222079991461,0,0,0,0,0,0,provenance_intervention,PI-0220
PI-0220-1,provenance_intervention,finance,provenance_intervention,factual_world,Context reports domain item 0 has value 3.,world_claim,tool_verified,0.95,1,1,0,0,1,paired provenance intervention,,,0.002532463247000982,0.016898566911770555,0.14244202741517023,0,0,0,0,0,0,provenance_intervention,PI-0220
PI-0221-0,provenance_intervention,finance,provenance_intervention,factual_world,Context reports domain item 0 has value 3.,world_claim,third_party,0.95,1,1,0,0,0,paired provenance intervention,,,0.0027918614468160985,0.010684265438616324,0.04965149306381407,0,0,0,0,0,0,provenance_intervention,PI-0221
PI-0221-1,provenance_intervention,finance,provenance_intervention,factual_world,Context reports domain item 0 has value 3.,world_claim,external_verified,0.95,1,1,0,0,1,paired provenance intervention,,,0.0027066772259414095,0.0071381646378638475,0.9090438147282213,0,0,1,0,0,1,provenance_intervention,PI-0221
PI-0222-0,provenance_intervention,finance,provenance_intervention,factual_world,Context reports domain item 1 has value 4.,world_claim,explicit_user,0.95,1,1,0,0,0,paired provenance intervention,,,0.006138123268584804,0.033238264203420305,0.012432222079991461,0,0,0,0,0,0,provenance_intervention,PI-0222
PI-0222-1,provenance_intervention,finance,provenance_intervention,factual_world,Context reports domain item 1 has value 4.,world_claim,tool_verified,0.95,1,1,0,0,1,paired provenance intervention,,,0.002532463247000982,0.016898566911770555,0.14244202741517023,0,0,0,0,0,0,provenance_intervention,PI-0222
PI-0223-0,provenance_intervention,finance,provenance_intervention,factual_world,Context reports domain item 1 has value 4.,world_claim,third_party,0.95,1,1,0,0,0,paired provenance intervention,,,0.0027918614468160985,0.010684265438616324,0.04965149306381407,0,0,0,0,0,0,provenance_intervention,PI-0223
PI-0223-1,provenance_intervention,finance,provenance_intervention,factual_world,Context reports domain item 1 has value 4.,world_claim,external_verified,0.95,1,1,0,0,1,paired provenance intervention,,,0.0027066772259414095,0.0071381646378638475,0.9090438147282213,0,0,1,0,0,1,provenance_intervention,PI-0223
PI-0224-0,provenance_intervention,finance,provenance_intervention,factual_world,Context reports domain item 2 has value 5.,world_claim,explicit_user,0.95,1,1,0,0,0,paired provenance intervention,,,0.006138123268584804,0.033238264203420305,0.012432222079991461,0,0,0,0,0,0,provenance_intervention,PI-0224
PI-0224-1,provenance_intervention,finance,provenance_intervention,factual_world,Context reports domain item 2 has value 5.,world_claim,tool_verified,0.95,1,1,0,0,1,paired provenance intervention,,,0.002532463247000982,0.016898566911770555,0.14244202741517023,0,0,0,0,0,0,provenance_intervention,PI-0224
PI-0225-0,provenance_intervention,finance,provenance_intervention,factual_world,Context reports domain item 2 has value 5.,world_claim,third_party,0.95,1,1,0,0,0,paired provenance intervention,,,0.0027918614468160985,0.010684265438616324,0.04965149306381407,0,0,0,0,0,0,provenance_intervention,PI-0225
PI-0225-1,provenance_intervention,finance,provenance_intervention,factual_world,Context reports domain item 2 has value 5.,world_claim,external_verified,0.95,1,1,0,0,1,paired provenance intervention,,,0.0027066772259414095,0.0071381646378638475,0.9090438147282213,0,0,1,0,0,1,provenance_intervention,PI-0225
PI-0226-0,provenance_intervention,finance,provenance_intervention,factual_world,Context reports domain item 3 has value 6.,world_claim,explicit_user,0.95,1,1,0,0,0,paired provenance intervention,,,0.006138123268584804,0.033238264203420305,0.012432222079991461,0,0,0,0,0,0,provenance_intervention,PI-0226
PI-0226-1,provenance_intervention,finance,provenance_intervention,factual_world,Context reports domain item 3 has value 6.,world_claim,tool_verified,0.95,1,1,0,0,1,paired provenance intervention,,,0.002532463247000982,0.016898566911770555,0.14244202741517023,0,0,0,0,0,0,provenance_intervention,PI-0226
PI-0227-0,provenance_intervention,finance,provenance_intervention,factual_world,Context reports domain item 3 has value 6.,world_claim,third_party,0.95,1,1,0,0,0,paired provenance intervention,,,0.0027918614468160985,0.010684265438616324,0.04965149306381407,0,0,0,0,0,0,provenance_intervention,PI-0227
PI-0227-1,provenance_intervention,finance,provenance_intervention,factual_world,Context reports domain item 3 has value 6.,world_claim,external_verified,0.95,1,1,0,0,1,paired provenance intervention,,,0.0027066772259414095,0.0071381646378638475,0.9090438147282213,0,0,1,0,0,1,provenance_intervention,PI-0227
PI-0228-0,provenance_intervention,finance,provenance_intervention,factual_world,Context reports domain item 4 has value 0.,world_claim,explicit_user,0.95,1,1,0,0,0,paired provenance intervention,,,0.006138123268584804,0.033238264203420305,0.012432222079991461,0,0,0,0,0,0,provenance_intervention,PI-0228
PI-0228-1,provenance_intervention,finance,provenance_intervention,factual_world,Context reports domain item 4 has value 0.,world_claim,tool_verified,0.95,1,1,0,0,1,paired provenance intervention,,,0.002532463247000982,0.016898566911770555,0.14244202741517023,0,0,0,0,0,0,provenance_intervention,PI-0228
PI-0229-0,provenance_intervention,finance,provenance_intervention,factual_world,Context reports domain item 4 has value 0.,world_claim,third_party,0.95,1,1,0,0,0,paired provenance intervention,,,0.0027918614468160985,0.010684265438616324,0.04965149306381407,0,0,0,0,0,0,provenance_intervention,PI-0229
PI-0229-1,provenance_intervention,finance,provenance_intervention,factual_world,Context reports domain item 4 has value 0.,world_claim,external_verified,0.95,1,1,0,0,1,paired provenance intervention,,,0.0027066772259414095,0.0071381646378638475,0.9090438147282213,0,0,1,0,0,1,provenance_intervention,PI-0229
PI-0230-0,provenance_intervention,finance,provenance_intervention,factual_world,Context reports domain item 5 has value 1.,world_claim,explicit_user,0.95,1,1,0,0,0,paired provenance intervention,,,0.006138123268584804,0.033238264203420305,0.012432222079991461,0,0,0,0,0,0,provenance_intervention,PI-0230
PI-0230-1,provenance_intervention,finance,provenance_intervention,factual_world,Context reports domain item 5 has value 1.,world_claim,tool_verified,0.95,1,1,0,0,1,paired provenance intervention,,,0.002532463247000982,0.016898566911770555,0.14244202741517023,0,0,0,0,0,0,provenance_intervention,PI-0230
PI-0231-0,provenance_intervention,finance,provenance_intervention,factual_world,Context reports domain item 5 has value 1.,world_claim,third_party,0.95,1,1,0,0,0,paired provenance intervention,,,0.0027918614468160985,0.010684265438616324,0.04965149306381407,0,0,0,0,0,0,provenance_intervention,PI-0231
PI-0231-1,provenance_intervention,finance,provenance_intervention,factual_world,Context reports domain item 5 has value 1.,world_claim,external_verified,0.95,1,1,0,0,1,paired provenance intervention,,,0.0027066772259414095,0.0071381646378638475,0.9090438147282213,0,0,1,0,0,1,provenance_intervention,PI-0231
PI-0232-0,provenance_intervention,finance,provenance_intervention,factual_world,Context reports domain item 6 has value 2.,world_claim,explicit_user,0.95,1,1,0,0,0,paired provenance intervention,,,0.006138123268584804,0.033238264203420305,0.012432222079991461,0,0,0,0,0,0,provenance_intervention,PI-0232
PI-0232-1,provenance_intervention,finance,provenance_intervention,factual_world,Context reports domain item 6 has value 2.,world_claim,tool_verified,0.95,1,1,0,0,1,paired provenance intervention,,,0.002532463247000982,0.016898566911770555,0.14244202741517023,0,0,0,0,0,0,provenance_intervention,PI-0232
PI-0233-0,provenance_intervention,finance,provenance_intervention,factual_world,Context reports domain item 6 has value 2.,world_claim,third_party,0.95,1,1,0,0,0,paired provenance intervention,,,0.0027918614468160985,0.010684265438616324,0.04965149306381407,0,0,0,0,0,0,provenance_intervention,PI-0233
PI-0233-1,provenance_intervention,finance,provenance_intervention,factual_world,Context reports domain item 6 has value 2.,world_claim,external_verified,0.95,1,1,0,0,1,paired provenance intervention,,,0.0027066772259414095,0.0071381646378638475,0.9090438147282213,0,0,1,0,0,1,provenance_intervention,PI-0233
PI-0234-0,provenance_intervention,finance,provenance_intervention,factual_world,Context reports domain item 7 has value 3.,world_claim,explicit_user,0.95,1,1,0,0,0,paired provenance intervention,,,0.006138123268584804,0.033238264203420305,0.012432222079991461,0,0,0,0,0,0,provenance_intervention,PI-0234
PI-0234-1,provenance_intervention,finance,provenance_intervention,factual_world,Context reports domain item 7 has value 3.,world_claim,tool_verified,0.95,1,1,0,0,1,paired provenance intervention,,,0.002532463247000982,0.016898566911770555,0.14244202741517023,0,0,0,0,0,0,provenance_intervention,PI-0234
PI-0235-0,provenance_intervention,finance,provenance_intervention,factual_world,Context reports domain item 7 has value 3.,world_claim,third_party,0.95,1,1,0,0,0,paired provenance intervention,,,0.0027918614468160985,0.010684265438616324,0.04965149306381407,0,0,0,0,0,0,provenance_intervention,PI-0235
PI-0235-1,provenance_intervention,finance,provenance_intervention,factual_world,Context reports domain item 7 has value 3.,world_claim,external_verified,0.95,1,1,0,0,1,paired provenance intervention,,,0.0027066772259414095,0.0071381646378638475,0.9090438147282213,0,0,1,0,0,1,provenance_intervention,PI-0235
PI-0236-0,provenance_intervention,finance,provenance_intervention,factual_world,Context reports domain item 8 has value 4.,world_claim,explicit_user,0.95,1,1,0,0,0,paired provenance intervention,,,0.006138123268584804,0.033238264203420305,0.012432222079991461,0,0,0,0,0,0,provenance_intervention,PI-0236
PI-0236-1,provenance_intervention,finance,provenance_intervention,factual_world,Context reports domain item 8 has value 4.,world_claim,tool_verified,0.95,1,1,0,0,1,paired provenance intervention,,,0.002532463247000982,0.016898566911770555,0.14244202741517023,0,0,0,0,0,0,provenance_intervention,PI-0236
PI-0237-0,provenance_intervention,finance,provenance_intervention,factual_world,Context reports domain item 8 has value 4.,world_claim,third_party,0.95,1,1,0,0,0,paired provenance intervention,,,0.0027918614468160985,0.010684265438616324,0.04965149306381407,0,0,0,0,0,0,provenance_intervention,PI-0237
PI-0237-1,provenance_intervention,finance,provenance_intervention,factual_world,Context reports domain item 8 has value 4.,world_claim,external_verified,0.95,1,1,0,0,1,paired provenance intervention,,,0.0027066772259414095,0.0071381646378638475,0.9090438147282213,0,0,1,0,0,1,provenance_intervention,PI-0237
PI-0238-0,provenance_intervention,finance,provenance_intervention,factual_world,Context reports domain item 9 has value 5.,world_claim,explicit_user,0.95,1,1,0,0,0,paired provenance intervention,,,0.006138123268584804,0.033238264203420305,0.012432222079991461,0,0,0,0,0,0,provenance_intervention,PI-0238
PI-0238-1,provenance_intervention,finance,provenance_intervention,factual_world,Context reports domain item 9 has value 5.,world_claim,tool_verified,0.95,1,1,0,0,1,paired provenance intervention,,,0.002532463247000982,0.016898566911770555,0.14244202741517023,0,0,0,0,0,0,provenance_intervention,PI-0238
PI-0239-0,provenance_intervention,finance,provenance_intervention,factual_world,Context reports domain item 9 has value 5.,world_claim,third_party,0.95,1,1,0,0,0,paired provenance intervention,,,0.0027918614468160985,0.010684265438616324,0.04965149306381407,0,0,0,0,0,0,provenance_intervention,PI-0239
PI-0239-1,provenance_intervention,finance,provenance_intervention,factual_world,Context reports domain item 9 has value 5.,world_claim,external_verified,0.95,1,1,0,0,1,paired provenance intervention,,,0.0027066772259414095,0.0071381646378638475,0.9090438147282213,0,0,1,0,0,1,provenance_intervention,PI-0239
PI-0240-0,provenance_intervention,finance,provenance_intervention,factual_world,Context reports domain item 0 has value 6.,world_claim,explicit_user,0.95,1,1,0,0,0,paired provenance intervention,,,0.006138123268584804,0.033238264203420305,0.012432222079991461,0,0,0,0,0,0,provenance_intervention,PI-0240
PI-0240-1,provenance_intervention,finance,provenance_intervention,factual_world,Context reports domain item 0 has value 6.,world_claim,tool_verified,0.95,1,1,0,0,1,paired provenance intervention,,,0.002532463247000982,0.016898566911770555,0.14244202741517023,0,0,0,0,0,0,provenance_intervention,PI-0240
PI-0241-0,provenance_intervention,finance,provenance_intervention,factual_world,Context reports domain item 0 has value 6.,world_claim,third_party,0.95,1,1,0,0,0,paired provenance intervention,,,0.0027918614468160985,0.010684265438616324,0.04965149306381407,0,0,0,0,0,0,provenance_intervention,PI-0241
PI-0241-1,provenance_intervention,finance,provenance_intervention,factual_world,Context reports domain item 0 has value 6.,world_claim,external_verified,0.95,1,1,0,0,1,paired provenance intervention,,,0.0027066772259414095,0.0071381646378638475,0.9090438147282213,0,0,1,0,0,1,provenance_intervention,PI-0241
PI-0242-0,provenance_intervention,finance,provenance_intervention,factual_world,Context reports domain item 1 has value 0.,world_claim,explicit_user,0.95,1,1,0,0,0,paired provenance intervention,,,0.006138123268584804,0.033238264203420305,0.012432222079991461,0,0,0,0,0,0,provenance_intervention,PI-0242
PI-0242-1,provenance_intervention,finance,provenance_intervention,factual_world,Context reports domain item 1 has value 0.,world_claim,tool_verified,0.95,1,1,0,0,1,paired provenance intervention,,,0.002532463247000982,0.016898566911770555,0.14244202741517023,0,0,0,0,0,0,provenance_intervention,PI-0242
PI-0243-0,provenance_intervention,finance,provenance_intervention,factual_world,Context reports domain item 1 has value 0.,world_claim,third_party,0.95,1,1,0,0,0,paired provenance intervention,,,0.0027918614468160985,0.010684265438616324,0.04965149306381407,0,0,0,0,0,0,provenance_intervention,PI-0243
PI-0243-1,provenance_intervention,finance,provenance_intervention,factual_world,Context reports domain item 1 has value 0.,world_claim,external_verified,0.95,1,1,0,0,1,paired provenance intervention,,,0.0027066772259414095,0.0071381646378638475,0.9090438147282213,0,0,1,0,0,1,provenance_intervention,PI-0243
PI-0244-0,provenance_intervention,finance,provenance_intervention,factual_world,Context reports domain item 2 has value 1.,world_claim,explicit_user,0.95,1,1,0,0,0,paired provenance intervention,,,0.006138123268584804,0.033238264203420305,0.012432222079991461,0,0,0,0,0,0,provenance_intervention,PI-0244
PI-0244-1,provenance_intervention,finance,provenance_intervention,factual_world,Context reports domain item 2 has value 1.,world_claim,tool_verified,0.95,1,1,0,0,1,paired provenance intervention,,,0.002532463247000982,0.016898566911770555,0.14244202741517023,0,0,0,0,0,0,provenance_intervention,PI-0244
PI-0245-0,provenance_intervention,finance,provenance_intervention,factual_world,Context reports domain item 2 has value 1.,world_claim,third_party,0.95,1,1,0,0,0,paired provenance intervention,,,0.0027918614468160985,0.010684265438616324,0.04965149306381407,0,0,0,0,0,0,provenance_intervention,PI-0245
PI-0245-1,provenance_intervention,finance,provenance_intervention,factual_world,Context reports domain item 2 has value 1.,world_claim,external_verified,0.95,1,1,0,0,1,paired provenance intervention,,,0.0027066772259414095,0.0071381646378638475,0.9090438147282213,0,0,1,0,0,1,provenance_intervention,PI-0245
PI-0246-0,provenance_intervention,finance,provenance_intervention,factual_world,Context reports domain item 3 has value 2.,world_claim,explicit_user,0.95,1,1,0,0,0,paired provenance intervention,,,0.006138123268584804,0.033238264203420305,0.012432222079991461,0,0,0,0,0,0,provenance_intervention,PI-0246
PI-0246-1,provenance_intervention,finance,provenance_intervention,factual_world,Context reports domain item 3 has value 2.,world_claim,tool_verified,0.95,1,1,0,0,1,paired provenance intervention,,,0.002532463247000982,0.016898566911770555,0.14244202741517023,0,0,0,0,0,0,provenance_intervention,PI-0246
PI-0247-0,provenance_intervention,finance,provenance_intervention,factual_world,Context reports domain item 3 has value 2.,world_claim,third_party,0.95,1,1,0,0,0,paired provenance intervention,,,0.0027918614468160985,0.010684265438616324,0.04965149306381407,0,0,0,0,0,0,provenance_intervention,PI-0247
PI-0247-1,provenance_intervention,finance,provenance_intervention,factual_world,Context reports domain item 3 has value 2.,world_claim,external_verified,0.95,1,1,0,0,1,paired provenance intervention,,,0.0027066772259414095,0.0071381646378638475,0.9090438147282213,0,0,1,0,0,1,provenance_intervention,PI-0247
PI-0248-0,provenance_intervention,finance,provenance_intervention,factual_world,Context reports domain item 4 has value 3.,world_claim,explicit_user,0.95,1,1,0,0,0,paired provenance intervention,,,0.006138123268584804,0.033238264203420305,0.012432222079991461,0,0,0,0,0,0,provenance_intervention,PI-0248
PI-0248-1,provenance_intervention,finance,provenance_intervention,factual_world,Context reports domain item 4 has value 3.,world_claim,tool_verified,0.95,1,1,0,0,1,paired provenance intervention,,,0.002532463247000982,0.016898566911770555,0.14244202741517023,0,0,0,0,0,0,provenance_intervention,PI-0248
PI-0249-0,provenance_intervention,finance,provenance_intervention,factual_world,Context reports domain item 4 has value 3.,world_claim,third_party,0.95,1,1,0,0,0,paired provenance intervention,,,0.0027918614468160985,0.010684265438616324,0.04965149306381407,0,0,0,0,0,0,provenance_intervention,PI-0249
PI-0249-1,provenance_intervention,finance,provenance_intervention,factual_world,Context reports domain item 4 has value 3.,world_claim,external_verified,0.95,1,1,0,0,1,paired provenance intervention,,,0.0027066772259414095,0.0071381646378638475,0.9090438147282213,0,0,1,0,0,1,provenance_intervention,PI-0249
PI-0250-0,provenance_intervention,health,provenance_intervention,factual_world,Context reports domain item 0 has value 0.,world_claim,explicit_user,0.95,1,1,0,0,0,paired provenance intervention,,,0.006138123268584804,0.033238264203420305,0.012432222079991461,0,0,0,0,0,0,provenance_intervention,PI-0250
PI-0250-1,provenance_intervention,health,provenance_intervention,factual_world,Context reports domain item 0 has value 0.,world_claim,tool_verified,0.95,1,1,0,0,1,paired provenance intervention,,,0.002532463247000982,0.016898566911770555,0.14244202741517023,0,0,0,0,0,0,provenance_intervention,PI-0250
PI-0251-0,provenance_intervention,health,provenance_intervention,factual_world,Context reports domain item 0 has value 0.,world_claim,third_party,0.95,1,1,0,0,0,paired provenance intervention,,,0.0027918614468160985,0.010684265438616324,0.04965149306381407,0,0,0,0,0,0,provenance_intervention,PI-0251
PI-0251-1,provenance_intervention,health,provenance_intervention,factual_world,Context reports domain item 0 has value 0.,world_claim,external_verified,0.95,1,1,0,0,1,paired provenance intervention,,,0.0027066772259414095,0.0071381646378638475,0.9090438147282213,0,0,1,0,0,1,provenance_intervention,PI-0251
PI-0252-0,provenance_intervention,health,provenance_intervention,factual_world,Context reports domain item 1 has value 1.,world_claim,explicit_user,0.95,1,1,0,0,0,paired provenance intervention,,,0.006138123268584804,0.033238264203420305,0.012432222079991461,0,0,0,0,0,0,provenance_intervention,PI-0252
PI-0252-1,provenance_intervention,health,provenance_intervention,factual_world,Context reports domain item 1 has value 1.,world_claim,tool_verified,0.95,1,1,0,0,1,paired provenance intervention,,,0.002532463247000982,0.016898566911770555,0.14244202741517023,0,0,0,0,0,0,provenance_intervention,PI-0252
PI-0253-0,provenance_intervention,health,provenance_intervention,factual_world,Context reports domain item 1 has value 1.,world_claim,third_party,0.95,1,1,0,0,0,paired provenance intervention,,,0.0027918614468160985,0.010684265438616324,0.04965149306381407,0,0,0,0,0,0,provenance_intervention,PI-0253
PI-0253-1,provenance_intervention,health,provenance_intervention,factual_world,Context reports domain item 1 has value 1.,world_claim,external_verified,0.95,1,1,0,0,1,paired provenance intervention,,,0.0027066772259414095,0.0071381646378638475,0.9090438147282213,0,0,1,0,0,1,provenance_intervention,PI-0253
PI-0254-0,provenance_intervention,health,provenance_intervention,factual_world,Context reports domain item 2 has value 2.,world_claim,explicit_user,0.95,1,1,0,0,0,paired provenance intervention,,,0.006138123268584804,0.033238264203420305,0.012432222079991461,0,0,0,0,0,0,provenance_intervention,PI-0254
PI-0254-1,provenance_intervention,health,provenance_intervention,factual_world,Context reports domain item 2 has value 2.,world_claim,tool_verified,0.95,1,1,0,0,1,paired provenance intervention,,,0.002532463247000982,0.016898566911770555,0.14244202741517023,0,0,0,0,0,0,provenance_intervention,PI-0254
PI-0255-0,provenance_intervention,health,provenance_intervention,factual_world,Context reports domain item 2 has value 2.,world_claim,third_party,0.95,1,1,0,0,0,paired provenance intervention,,,0.0027918614468160985,0.010684265438616324,0.04965149306381407,0,0,0,0,0,0,provenance_intervention,PI-0255
PI-0255-1,provenance_intervention,health,provenance_intervention,factual_world,Context reports domain item 2 has value 2.,world_claim,external_verified,0.95,1,1,0,0,1,paired provenance intervention,,,0.0027066772259414095,0.0071381646378638475,0.9090438147282213,0,0,1,0,0,1,provenance_intervention,PI-0255
PI-0256-0,provenance_intervention,health,provenance_intervention,factual_world,Context reports domain item 3 has value 3.,world_claim,explicit_user,0.95,1,1,0,0,0,paired provenance intervention,,,0.006138123268584804,0.033238264203420305,0.012432222079991461,0,0,0,0,0,0,provenance_intervention,PI-0256
PI-0256-1,provenance_intervention,health,provenance_intervention,factual_world,Context reports domain item 3 has value 3.,world_claim,tool_verified,0.95,1,1,0,0,1,paired provenance intervention,,,0.002532463247000982,0.016898566911770555,0.14244202741517023,0,0,0,0,0,0,provenance_intervention,PI-0256
PI-0257-0,provenance_intervention,health,provenance_intervention,factual_world,Context reports domain item 3 has value 3.,world_claim,third_party,0.95,1,1,0,0,0,paired provenance intervention,,,0.0027918614468160985,0.010684265438616324,0.04965149306381407,0,0,0,0,0,0,provenance_intervention,PI-0257
PI-0257-1,provenance_intervention,health,provenance_intervention,factual_world,Context reports domain item 3 has value 3.,world_claim,external_verified,0.95,1,1,0,0,1,paired provenance intervention,,,0.0027066772259414095,0.0071381646378638475,0.9090438147282213,0,0,1,0,0,1,provenance_intervention,PI-0257
PI-0258-0,provenance_intervention,health,provenance_intervention,factual_world,Context reports domain item 4 has value 4.,world_claim,explicit_user,0.95,1,1,0,0,0,paired provenance intervention,,,0.006138123268584804,0.033238264203420305,0.012432222079991461,0,0,0,0,0,0,provenance_intervention,PI-0258
PI-0258-1,provenance_intervention,health,provenance_intervention,factual_world,Context reports domain item 4 has value 4.,world_claim,tool_verified,0.95,1,1,0,0,1,paired provenance intervention,,,0.002532463247000982,0.016898566911770555,0.14244202741517023,0,0,0,0,0,0,provenance_intervention,PI-0258
PI-0259-0,provenance_intervention,health,provenance_intervention,factual_world,Context reports domain item 4 has value 4.,world_claim,third_party,0.95,1,1,0,0,0,paired provenance intervention,,,0.0027918614468160985,0.010684265438616324,0.04965149306381407,0,0,0,0,0,0,provenance_intervention,PI-0259
PI-0259-1,provenance_intervention,health,provenance_intervention,factual_world,Context reports domain item 4 has value 4.,world_claim,external_verified,0.95,1,1,0,0,1,paired provenance intervention,,,0.0027066772259414095,0.0071381646378638475,0.9090438147282213,0,0,1,0,0,1,provenance_intervention,PI-0259
PI-0260-0,provenance_intervention,health,provenance_intervention,factual_world,Context reports domain item 5 has value 5.,world_claim,explicit_user,0.95,1,1,0,0,0,paired provenance intervention,,,0.006138123268584804,0.033238264203420305,0.012432222079991461,0,0,0,0,0,0,provenance_intervention,PI-0260
PI-0260-1,provenance_intervention,health,provenance_intervention,factual_world,Context reports domain item 5 has value 5.,world_claim,tool_verified,0.95,1,1,0,0,1,paired provenance intervention,,,0.002532463247000982,0.016898566911770555,0.14244202741517023,0,0,0,0,0,0,provenance_intervention,PI-0260
PI-0261-0,provenance_intervention,health,provenance_intervention,factual_world,Context reports domain item 5 has value 5.,world_claim,third_party,0.95,1,1,0,0,0,paired provenance intervention,,,0.0027918614468160985,0.010684265438616324,0.04965149306381407,0,0,0,0,0,0,provenance_intervention,PI-0261
PI-0261-1,provenance_intervention,health,provenance_intervention,factual_world,Context reports domain item 5 has value 5.,world_claim,external_verified,0.95,1,1,0,0,1,paired provenance intervention,,,0.0027066772259414095,0.0071381646378638475,0.9090438147282213,0,0,1,0,0,1,provenance_intervention,PI-0261
PI-0262-0,provenance_intervention,health,provenance_intervention,factual_world,Context reports domain item 6 has value 6.,world_claim,explicit_user,0.95,1,1,0,0,0,paired provenance intervention,,,0.006138123268584804,0.033238264203420305,0.012432222079991461,0,0,0,0,0,0,provenance_intervention,PI-0262
PI-0262-1,provenance_intervention,health,provenance_intervention,factual_world,Context reports domain item 6 has value 6.,world_claim,tool_verified,0.95,1,1,0,0,1,paired provenance intervention,,,0.002532463247000982,0.016898566911770555,0.14244202741517023,0,0,0,0,0,0,provenance_intervention,PI-0262
PI-0263-0,provenance_intervention,health,provenance_intervention,factual_world,Context reports domain item 6 has value 6.,world_claim,third_party,0.95,1,1,0,0,0,paired provenance intervention,,,0.0027918614468160985,0.010684265438616324,0.04965149306381407,0,0,0,0,0,0,provenance_intervention,PI-0263
PI-0263-1,provenance_intervention,health,provenance_intervention,factual_world,Context reports domain item 6 has value 6.,world_claim,external_verified,0.95,1,1,0,0,1,paired provenance intervention,,,0.0027066772259414095,0.0071381646378638475,0.9090438147282213,0,0,1,0,0,1,provenance_intervention,PI-0263
PI-0264-0,provenance_intervention,health,provenance_intervention,factual_world,Context reports domain item 7 has value 0.,world_claim,explicit_user,0.95,1,1,0,0,0,paired provenance intervention,,,0.006138123268584804,0.033238264203420305,0.012432222079991461,0,0,0,0,0,0,provenance_intervention,PI-0264
PI-0264-1,provenance_intervention,health,provenance_intervention,factual_world,Context reports domain item 7 has value 0.,world_claim,tool_verified,0.95,1,1,0,0,1,paired provenance intervention,,,0.002532463247000982,0.016898566911770555,0.14244202741517023,0,0,0,0,0,0,provenance_intervention,PI-0264
PI-0265-0,provenance_intervention,health,provenance_intervention,factual_world,Context reports domain item 7 has value 0.,world_claim,third_party,0.95,1,1,0,0,0,paired provenance intervention,,,0.0027918614468160985,0.010684265438616324,0.04965149306381407,0,0,0,0,0,0,provenance_intervention,PI-0265
PI-0265-1,provenance_intervention,health,provenance_intervention,factual_world,Context reports domain item 7 has value 0.,world_claim,external_verified,0.95,1,1,0,0,1,paired provenance intervention,,,0.0027066772259414095,0.0071381646378638475,0.9090438147282213,0,0,1,0,0,1,provenance_intervention,PI-0265
PI-0266-0,provenance_intervention,health,provenance_intervention,factual_world,Context reports domain item 8 has value 1.,world_claim,explicit_user,0.95,1,1,0,0,0,paired provenance intervention,,,0.006138123268584804,0.033238264203420305,0.012432222079991461,0,0,0,0,0,0,provenance_intervention,PI-0266
PI-0266-1,provenance_intervention,health,provenance_intervention,factual_world,Context reports domain item 8 has value 1.,world_claim,tool_verified,0.95,1,1,0,0,1,paired provenance intervention,,,0.002532463247000982,0.016898566911770555,0.14244202741517023,0,0,0,0,0,0,provenance_intervention,PI-0266
PI-0267-0,provenance_intervention,health,provenance_intervention,factual_world,Context reports domain item 8 has value 1.,world_claim,third_party,0.95,1,1,0,0,0,paired provenance intervention,,,0.0027918614468160985,0.010684265438616324,0.04965149306381407,0,0,0,0,0,0,provenance_intervention,PI-0267
PI-0267-1,provenance_intervention,health,provenance_intervention,factual_world,Context reports domain item 8 has value 1.,world_claim,external_verified,0.95,1,1,0,0,1,paired provenance intervention,,,0.0027066772259414095,0.0071381646378638475,0.9090438147282213,0,0,1,0,0,1,provenance_intervention,PI-0267
PI-0268-0,provenance_intervention,health,provenance_intervention,factual_world,Context reports domain item 9 has value 2.,world_claim,explicit_user,0.95,1,1,0,0,0,paired provenance intervention,,,0.006138123268584804,0.033238264203420305,0.012432222079991461,0,0,0,0,0,0,provenance_intervention,PI-0268
PI-0268-1,provenance_intervention,health,provenance_intervention,factual_world,Context reports domain item 9 has value 2.,world_claim,tool_verified,0.95,1,1,0,0,1,paired provenance intervention,,,0.002532463247000982,0.016898566911770555,0.14244202741517023,0,0,0,0,0,0,provenance_intervention,PI-0268
PI-0269-0,provenance_intervention,health,provenance_intervention,factual_world,Context reports domain item 9 has value 2.,world_claim,third_party,0.95,1,1,0,0,0,paired provenance intervention,,,0.0027918614468160985,0.010684265438616324,0.04965149306381407,0,0,0,0,0,0,provenance_intervention,PI-0269
PI-0269-1,provenance_intervention,health,provenance_intervention,factual_world,Context reports domain item 9 has value 2.,world_claim,external_verified,0.95,1,1,0,0,1,paired provenance intervention,,,0.0027066772259414095,0.0071381646378638475,0.9090438147282213,0,0,1,0,0,1,provenance_intervention,PI-0269
PI-0270-0,provenance_intervention,health,provenance_intervention,factual_world,Context reports domain item 0 has value 3.,world_claim,explicit_user,0.95,1,1,0,0,0,paired provenance intervention,,,0.006138123268584804,0.033238264203420305,0.012432222079991461,0,0,0,0,0,0,provenance_intervention,PI-0270
PI-0270-1,provenance_intervention,health,provenance_intervention,factual_world,Context reports domain item 0 has value 3.,world_claim,tool_verified,0.95,1,1,0,0,1,paired provenance intervention,,,0.002532463247000982,0.016898566911770555,0.14244202741517023,0,0,0,0,0,0,provenance_intervention,PI-0270
PI-0271-0,provenance_intervention,health,provenance_intervention,factual_world,Context reports domain item 0 has value 3.,world_claim,third_party,0.95,1,1,0,0,0,paired provenance intervention,,,0.0027918614468160985,0.010684265438616324,0.04965149306381407,0,0,0,0,0,0,provenance_intervention,PI-0271
PI-0271-1,provenance_intervention,health,provenance_intervention,factual_world,Context reports domain item 0 has value 3.,world_claim,external_verified,0.95,1,1,0,0,1,paired provenance intervention,,,0.0027066772259414095,0.0071381646378638475,0.9090438147282213,0,0,1,0,0,1,provenance_intervention,PI-0271
PI-0272-0,provenance_intervention,health,provenance_intervention,factual_world,Context reports domain item 1 has value 4.,world_claim,explicit_user,0.95,1,1,0,0,0,paired provenance intervention,,,0.006138123268584804,0.033238264203420305,0.012432222079991461,0,0,0,0,0,0,provenance_intervention,PI-0272
PI-0272-1,provenance_intervention,health,provenance_intervention,factual_world,Context reports domain item 1 has value 4.,world_claim,tool_verified,0.95,1,1,0,0,1,paired provenance intervention,,,0.002532463247000982,0.016898566911770555,0.14244202741517023,0,0,0,0,0,0,provenance_intervention,PI-0272
PI-0273-0,provenance_intervention,health,provenance_intervention,factual_world,Context reports domain item 1 has value 4.,world_claim,third_party,0.95,1,1,0,0,0,paired provenance intervention,,,0.0027918614468160985,0.010684265438616324,0.04965149306381407,0,0,0,0,0,0,provenance_intervention,PI-0273
PI-0273-1,provenance_intervention,health,provenance_intervention,factual_world,Context reports domain item 1 has value 4.,world_claim,external_verified,0.95,1,1,0,0,1,paired provenance intervention,,,0.0027066772259414095,0.0071381646378638475,0.9090438147282213,0,0,1,0,0,1,provenance_intervention,PI-0273
PI-0274-0,provenance_intervention,health,provenance_intervention,factual_world,Context reports domain item 2 has value 5.,world_claim,explicit_user,0.95,1,1,0,0,0,paired provenance intervention,,,0.006138123268584804,0.033238264203420305,0.012432222079991461,0,0,0,0,0,0,provenance_intervention,PI-0274
PI-0274-1,provenance_intervention,health,provenance_intervention,factual_world,Context reports domain item 2 has value 5.,world_claim,tool_verified,0.95,1,1,0,0,1,paired provenance intervention,,,0.002532463247000982,0.016898566911770555,0.14244202741517023,0,0,0,0,0,0,provenance_intervention,PI-0274
PI-0275-0,provenance_intervention,health,provenance_intervention,factual_world,Context reports domain item 2 has value 5.,world_claim,third_party,0.95,1,1,0,0,0,paired provenance intervention,,,0.0027918614468160985,0.010684265438616324,0.04965149306381407,0,0,0,0,0,0,provenance_intervention,PI-0275
PI-0275-1,provenance_intervention,health,provenance_intervention,factual_world,Context reports domain item 2 has value 5.,world_claim,external_verified,0.95,1,1,0,0,1,paired provenance intervention,,,0.0027066772259414095,0.0071381646378638475,0.9090438147282213,0,0,1,0,0,1,provenance_intervention,PI-0275
PI-0276-0,provenance_intervention,health,provenance_intervention,factual_world,Context reports domain item 3 has value 6.,world_claim,explicit_user,0.95,1,1,0,0,0,paired provenance intervention,,,0.006138123268584804,0.033238264203420305,0.012432222079991461,0,0,0,0,0,0,provenance_intervention,PI-0276
PI-0276-1,provenance_intervention,health,provenance_intervention,factual_world,Context reports domain item 3 has value 6.,world_claim,tool_verified,0.95,1,1,0,0,1,paired provenance intervention,,,0.002532463247000982,0.016898566911770555,0.14244202741517023,0,0,0,0,0,0,provenance_intervention,PI-0276
PI-0277-0,provenance_intervention,health,provenance_intervention,factual_world,Context reports domain item 3 has value 6.,world_claim,third_party,0.95,1,1,0,0,0,paired provenance intervention,,,0.0027918614468160985,0.010684265438616324,0.04965149306381407,0,0,0,0,0,0,provenance_intervention,PI-0277
PI-0277-1,provenance_intervention,health,provenance_intervention,factual_world,Context reports domain item 3 has value 6.,world_claim,external_verified,0.95,1,1,0,0,1,paired provenance intervention,,,0.0027066772259414095,0.0071381646378638475,0.9090438147282213,0,0,1,0,0,1,provenance_intervention,PI-0277
PI-0278-0,provenance_intervention,health,provenance_intervention,factual_world,Context reports domain item 4 has value 0.,world_claim,explicit_user,0.95,1,1,0,0,0,paired provenance intervention,,,0.006138123268584804,0.033238264203420305,0.012432222079991461,0,0,0,0,0,0,provenance_intervention,PI-0278
PI-0278-1,provenance_intervention,health,provenance_intervention,factual_world,Context reports domain item 4 has value 0.,world_claim,tool_verified,0.95,1,1,0,0,1,paired provenance intervention,,,0.002532463247000982,0.016898566911770555,0.14244202741517023,0,0,0,0,0,0,provenance_intervention,PI-0278
PI-0279-0,provenance_intervention,health,provenance_intervention,factual_world,Context reports domain item 4 has value 0.,world_claim,third_party,0.95,1,1,0,0,0,paired provenance intervention,,,0.0027918614468160985,0.010684265438616324,0.04965149306381407,0,0,0,0,0,0,provenance_intervention,PI-0279
PI-0279-1,provenance_intervention,health,provenance_intervention,factual_world,Context reports domain item 4 has value 0.,world_claim,external_verified,0.95,1,1,0,0,1,paired provenance intervention,,,0.0027066772259414095,0.0071381646378638475,0.9090438147282213,0,0,1,0,0,1,provenance_intervention,PI-0279
PI-0280-0,provenance_intervention,health,provenance_intervention,factual_world,Context reports domain item 5 has value 1.,world_claim,explicit_user,0.95,1,1,0,0,0,paired provenance intervention,,,0.006138123268584804,0.033238264203420305,0.012432222079991461,0,0,0,0,0,0,provenance_intervention,PI-0280
PI-0280-1,provenance_intervention,health,provenance_intervention,factual_world,Context reports domain item 5 has value 1.,world_claim,tool_verified,0.95,1,1,0,0,1,paired provenance intervention,,,0.002532463247000982,0.016898566911770555,0.14244202741517023,0,0,0,0,0,0,provenance_intervention,PI-0280
PI-0281-0,provenance_intervention,health,provenance_intervention,factual_world,Context reports domain item 5 has value 1.,world_claim,third_party,0.95,1,1,0,0,0,paired provenance intervention,,,0.0027918614468160985,0.010684265438616324,0.04965149306381407,0,0,0,0,0,0,provenance_intervention,PI-0281
PI-0281-1,provenance_intervention,health,provenance_intervention,factual_world,Context reports domain item 5 has value 1.,world_claim,external_verified,0.95,1,1,0,0,1,paired provenance intervention,,,0.0027066772259414095,0.0071381646378638475,0.9090438147282213,0,0,1,0,0,1,provenance_intervention,PI-0281
PI-0282-0,provenance_intervention,health,provenance_intervention,factual_world,Context reports domain item 6 has value 2.,world_claim,explicit_user,0.95,1,1,0,0,0,paired provenance intervention,,,0.006138123268584804,0.033238264203420305,0.012432222079991461,0,0,0,0,0,0,provenance_intervention,PI-0282
PI-0282-1,provenance_intervention,health,provenance_intervention,factual_world,Context reports domain item 6 has value 2.,world_claim,tool_verified,0.95,1,1,0,0,1,paired provenance intervention,,,0.002532463247000982,0.016898566911770555,0.14244202741517023,0,0,0,0,0,0,provenance_intervention,PI-0282
PI-0283-0,provenance_intervention,health,provenance_intervention,factual_world,Context reports domain item 6 has value 2.,world_claim,third_party,0.95,1,1,0,0,0,paired provenance intervention,,,0.0027918614468160985,0.010684265438616324,0.04965149306381407,0,0,0,0,0,0,provenance_intervention,PI-0283
PI-0283-1,provenance_intervention,health,provenance_intervention,factual_world,Context reports domain item 6 has value 2.,world_claim,external_verified,0.95,1,1,0,0,1,paired provenance intervention,,,0.0027066772259414095,0.0071381646378638475,0.9090438147282213,0,0,1,0,0,1,provenance_intervention,PI-0283
PI-0284-0,provenance_intervention,health,provenance_intervention,factual_world,Context reports domain item 7 has value 3.,world_claim,explicit_user,0.95,1,1,0,0,0,paired provenance intervention,,,0.006138123268584804,0.033238264203420305,0.012432222079991461,0,0,0,0,0,0,provenance_intervention,PI-0284
PI-0284-1,provenance_intervention,health,provenance_intervention,factual_world,Context reports domain item 7 has value 3.,world_claim,tool_verified,0.95,1,1,0,0,1,paired provenance intervention,,,0.002532463247000982,0.016898566911770555,0.14244202741517023,0,0,0,0,0,0,provenance_intervention,PI-0284
PI-0285-0,provenance_intervention,health,provenance_intervention,factual_world,Context reports domain item 7 has value 3.,world_claim,third_party,0.95,1,1,0,0,0,paired provenance intervention,,,0.0027918614468160985,0.010684265438616324,0.04965149306381407,0,0,0,0,0,0,provenance_intervention,PI-0285
PI-0285-1,provenance_intervention,health,provenance_intervention,factual_world,Context reports domain item 7 has value 3.,world_claim,external_verified,0.95,1,1,0,0,1,paired provenance intervention,,,0.0027066772259414095,0.0071381646378638475,0.9090438147282213,0,0,1,0,0,1,provenance_intervention,PI-0285
PI-0286-0,provenance_intervention,health,provenance_intervention,factual_world,Context reports domain item 8 has value 4.,world_claim,explicit_user,0.95,1,1,0,0,0,paired provenance intervention,,,0.006138123268584804,0.033238264203420305,0.012432222079991461,0,0,0,0,0,0,provenance_intervention,PI-0286
PI-0286-1,provenance_intervention,health,provenance_intervention,factual_world,Context reports domain item 8 has value 4.,world_claim,tool_verified,0.95,1,1,0,0,1,paired provenance intervention,,,0.002532463247000982,0.016898566911770555,0.14244202741517023,0,0,0,0,0,0,provenance_intervention,PI-0286
PI-0287-0,provenance_intervention,health,provenance_intervention,factual_world,Context reports domain item 8 has value 4.,world_claim,third_party,0.95,1,1,0,0,0,paired provenance intervention,,,0.0027918614468160985,0.010684265438616324,0.04965149306381407,0,0,0,0,0,0,provenance_intervention,PI-0287
PI-0287-1,provenance_intervention,health,provenance_intervention,factual_world,Context reports domain item 8 has value 4.,world_claim,external_verified,0.95,1,1,0,0,1,paired provenance intervention,,,0.0027066772259414095,0.0071381646378638475,0.9090438147282213,0,0,1,0,0,1,provenance_intervention,PI-0287
PI-0288-0,provenance_intervention,health,provenance_intervention,factual_world,Context reports domain item 9 has value 5.,world_claim,explicit_user,0.95,1,1,0,0,0,paired provenance intervention,,,0.006138123268584804,0.033238264203420305,0.012432222079991461,0,0,0,0,0,0,provenance_intervention,PI-0288
PI-0288-1,provenance_intervention,health,provenance_intervention,factual_world,Context reports domain item 9 has value 5.,world_claim,tool_verified,0.95,1,1,0,0,1,paired provenance intervention,,,0.002532463247000982,0.016898566911770555,0.14244202741517023,0,0,0,0,0,0,provenance_intervention,PI-0288
PI-0289-0,provenance_intervention,health,provenance_intervention,factual_world,Context reports domain item 9 has value 5.,world_claim,third_party,0.95,1,1,0,0,0,paired provenance intervention,,,0.0027918614468160985,0.010684265438616324,0.04965149306381407,0,0,0,0,0,0,provenance_intervention,PI-0289
PI-0289-1,provenance_intervention,health,provenance_intervention,factual_world,Context reports domain item 9 has value 5.,world_claim,external_verified,0.95,1,1,0,0,1,paired provenance intervention,,,0.0027066772259414095,0.0071381646378638475,0.9090438147282213,0,0,1,0,0,1,provenance_intervention,PI-0289
PI-0290-0,provenance_intervention,health,provenance_intervention,factual_world,Context reports domain item 0 has value 6.,world_claim,explicit_user,0.95,1,1,0,0,0,paired provenance intervention,,,0.006138123268584804,0.033238264203420305,0.012432222079991461,0,0,0,0,0,0,provenance_intervention,PI-0290
PI-0290-1,provenance_intervention,health,provenance_intervention,factual_world,Context reports domain item 0 has value 6.,world_claim,tool_verified,0.95,1,1,0,0,1,paired provenance intervention,,,0.002532463247000982,0.016898566911770555,0.14244202741517023,0,0,0,0,0,0,provenance_intervention,PI-0290
PI-0291-0,provenance_intervention,health,provenance_intervention,factual_world,Context reports domain item 0 has value 6.,world_claim,third_party,0.95,1,1,0,0,0,paired provenance intervention,,,0.0027918614468160985,0.010684265438616324,0.04965149306381407,0,0,0,0,0,0,provenance_intervention,PI-0291
PI-0291-1,provenance_intervention,health,provenance_intervention,factual_world,Context reports domain item 0 has value 6.,world_claim,external_verified,0.95,1,1,0,0,1,paired provenance intervention,,,0.0027066772259414095,0.0071381646378638475,0.9090438147282213,0,0,1,0,0,1,provenance_intervention,PI-0291
PI-0292-0,provenance_intervention,health,provenance_intervention,factual_world,Context reports domain item 1 has value 0.,world_claim,explicit_user,0.95,1,1,0,0,0,paired provenance intervention,,,0.006138123268584804,0.033238264203420305,0.012432222079991461,0,0,0,0,0,0,provenance_intervention,PI-0292
PI-0292-1,provenance_intervention,health,provenance_intervention,factual_world,Context reports domain item 1 has value 0.,world_claim,tool_verified,0.95,1,1,0,0,1,paired provenance intervention,,,0.002532463247000982,0.016898566911770555,0.14244202741517023,0,0,0,0,0,0,provenance_intervention,PI-0292
PI-0293-0,provenance_intervention,health,provenance_intervention,factual_world,Context reports domain item 1 has value 0.,world_claim,third_party,0.95,1,1,0,0,0,paired provenance intervention,,,0.0027918614468160985,0.010684265438616324,0.04965149306381407,0,0,0,0,0,0,provenance_intervention,PI-0293
PI-0293-1,provenance_intervention,health,provenance_intervention,factual_world,Context reports domain item 1 has value 0.,world_claim,external_verified,0.95,1,1,0,0,1,paired provenance intervention,,,0.0027066772259414095,0.0071381646378638475,0.9090438147282213,0,0,1,0,0,1,provenance_intervention,PI-0293
PI-0294-0,provenance_intervention,health,provenance_intervention,factual_world,Context reports domain item 2 has value 1.,world_claim,explicit_user,0.95,1,1,0,0,0,paired provenance intervention,,,0.006138123268584804,0.033238264203420305,0.012432222079991461,0,0,0,0,0,0,provenance_intervention,PI-0294
PI-0294-1,provenance_intervention,health,provenance_intervention,factual_world,Context reports domain item 2 has value 1.,world_claim,tool_verified,0.95,1,1,0,0,1,paired provenance intervention,,,0.002532463247000982,0.016898566911770555,0.14244202741517023,0,0,0,0,0,0,provenance_intervention,PI-0294
PI-0295-0,provenance_intervention,health,provenance_intervention,factual_world,Context reports domain item 2 has value 1.,world_claim,third_party,0.95,1,1,0,0,0,paired provenance intervention,,,0.0027918614468160985,0.010684265438616324,0.04965149306381407,0,0,0,0,0,0,provenance_intervention,PI-0295
PI-0295-1,provenance_intervention,health,provenance_intervention,factual_world,Context reports domain item 2 has value 1.,world_claim,external_verified,0.95,1,1,0,0,1,paired provenance intervention,,,0.0027066772259414095,0.0071381646378638475,0.9090438147282213,0,0,1,0,0,1,provenance_intervention,PI-0295
PI-0296-0,provenance_intervention,health,provenance_intervention,factual_world,Context reports domain item 3 has value 2.,world_claim,explicit_user,0.95,1,1,0,0,0,paired provenance intervention,,,0.006138123268584804,0.033238264203420305,0.012432222079991461,0,0,0,0,0,0,provenance_intervention,PI-0296
PI-0296-1,provenance_intervention,health,provenance_intervention,factual_world,Context reports domain item 3 has value 2.,world_claim,tool_verified,0.95,1,1,0,0,1,paired provenance intervention,,,0.002532463247000982,0.016898566911770555,0.14244202741517023,0,0,0,0,0,0,provenance_intervention,PI-0296
PI-0297-0,provenance_intervention,health,provenance_intervention,factual_world,Context reports domain item 3 has value 2.,world_claim,third_party,0.95,1,1,0,0,0,paired provenance intervention,,,0.0027918614468160985,0.010684265438616324,0.04965149306381407,0,0,0,0,0,0,provenance_intervention,PI-0297
PI-0297-1,provenance_intervention,health,provenance_intervention,factual_world,Context reports domain item 3 has value 2.,world_claim,external_verified,0.95,1,1,0,0,1,paired provenance intervention,,,0.0027066772259414095,0.0071381646378638475,0.9090438147282213,0,0,1,0,0,1,provenance_intervention,PI-0297
PI-0298-0,provenance_intervention,health,provenance_intervention,factual_world,Context reports domain item 4 has value 3.,world_claim,explicit_user,0.95,1,1,0,0,0,paired provenance intervention,,,0.006138123268584804,0.033238264203420305,0.012432222079991461,0,0,0,0,0,0,provenance_intervention,PI-0298
PI-0298-1,provenance_intervention,health,provenance_intervention,factual_world,Context reports domain item 4 has value 3.,world_claim,tool_verified,0.95,1,1,0,0,1,paired provenance intervention,,,0.002532463247000982,0.016898566911770555,0.14244202741517023,0,0,0,0,0,0,provenance_intervention,PI-0298
PI-0299-0,provenance_intervention,health,provenance_intervention,factual_world,Context reports domain item 4 has value 3.,world_claim,third_party,0.95,1,1,0,0,0,paired provenance intervention,,,0.0027918614468160985,0.010684265438616324,0.04965149306381407,0,0,0,0,0,0,provenance_intervention,PI-0299
PI-0299-1,provenance_intervention,health,provenance_intervention,factual_world,Context reports domain item 4 has value 3.,world_claim,external_verified,0.95,1,1,0,0,1,paired provenance intervention,,,0.0027066772259414095,0.0071381646378638475,0.9090438147282213,0,0,1,0,0,1,provenance_intervention,PI-0299
PI-0300-0,provenance_intervention,education,provenance_intervention,factual_world,Context reports domain item 0 has value 0.,world_claim,explicit_user,0.95,1,1,0,0,0,paired provenance intervention,,,0.006138123268584804,0.033238264203420305,0.012432222079991461,0,0,0,0,0,0,provenance_intervention,PI-0300
PI-0300-1,provenance_intervention,education,provenance_intervention,factual_world,Context reports domain item 0 has value 0.,world_claim,tool_verified,0.95,1,1,0,0,1,paired provenance intervention,,,0.002532463247000982,0.016898566911770555,0.14244202741517023,0,0,0,0,0,0,provenance_intervention,PI-0300
PI-0301-0,provenance_intervention,education,provenance_intervention,factual_world,Context reports domain item 0 has value 0.,world_claim,third_party,0.95,1,1,0,0,0,paired provenance intervention,,,0.0027918614468160985,0.010684265438616324,0.04965149306381407,0,0,0,0,0,0,provenance_intervention,PI-0301
PI-0301-1,provenance_intervention,education,provenance_intervention,factual_world,Context reports domain item 0 has value 0.,world_claim,external_verified,0.95,1,1,0,0,1,paired provenance intervention,,,0.0027066772259414095,0.0071381646378638475,0.9090438147282213,0,0,1,0,0,1,provenance_intervention,PI-0301
PI-0302-0,provenance_intervention,education,provenance_intervention,factual_world,Context reports domain item 1 has value 1.,world_claim,explicit_user,0.95,1,1,0,0,0,paired provenance intervention,,,0.006138123268584804,0.033238264203420305,0.012432222079991461,0,0,0,0,0,0,provenance_intervention,PI-0302
PI-0302-1,provenance_intervention,education,provenance_intervention,factual_world,Context reports domain item 1 has value 1.,world_claim,tool_verified,0.95,1,1,0,0,1,paired provenance intervention,,,0.002532463247000982,0.016898566911770555,0.14244202741517023,0,0,0,0,0,0,provenance_intervention,PI-0302
PI-0303-0,provenance_intervention,education,provenance_intervention,factual_world,Context reports domain item 1 has value 1.,world_claim,third_party,0.95,1,1,0,0,0,paired provenance intervention,,,0.0027918614468160985,0.010684265438616324,0.04965149306381407,0,0,0,0,0,0,provenance_intervention,PI-0303
PI-0303-1,provenance_intervention,education,provenance_intervention,factual_world,Context reports domain item 1 has value 1.,world_claim,external_verified,0.95,1,1,0,0,1,paired provenance intervention,,,0.0027066772259414095,0.0071381646378638475,0.9090438147282213,0,0,1,0,0,1,provenance_intervention,PI-0303
PI-0304-0,provenance_intervention,education,provenance_intervention,factual_world,Context reports domain item 2 has value 2.,world_claim,explicit_user,0.95,1,1,0,0,0,paired provenance intervention,,,0.006138123268584804,0.033238264203420305,0.012432222079991461,0,0,0,0,0,0,provenance_intervention,PI-0304
PI-0304-1,provenance_intervention,education,provenance_intervention,factual_world,Context reports domain item 2 has value 2.,world_claim,tool_verified,0.95,1,1,0,0,1,paired provenance intervention,,,0.002532463247000982,0.016898566911770555,0.14244202741517023,0,0,0,0,0,0,provenance_intervention,PI-0304
PI-0305-0,provenance_intervention,education,provenance_intervention,factual_world,Context reports domain item 2 has value 2.,world_claim,third_party,0.95,1,1,0,0,0,paired provenance intervention,,,0.0027918614468160985,0.010684265438616324,0.04965149306381407,0,0,0,0,0,0,provenance_intervention,PI-0305
PI-0305-1,provenance_intervention,education,provenance_intervention,factual_world,Context reports domain item 2 has value 2.,world_claim,external_verified,0.95,1,1,0,0,1,paired provenance intervention,,,0.0027066772259414095,0.0071381646378638475,0.9090438147282213,0,0,1,0,0,1,provenance_intervention,PI-0305
PI-0306-0,provenance_intervention,education,provenance_intervention,factual_world,Context reports domain item 3 has value 3.,world_claim,explicit_user,0.95,1,1,0,0,0,paired provenance intervention,,,0.006138123268584804,0.033238264203420305,0.012432222079991461,0,0,0,0,0,0,provenance_intervention,PI-0306
PI-0306-1,provenance_intervention,education,provenance_intervention,factual_world,Context reports domain item 3 has value 3.,world_claim,tool_verified,0.95,1,1,0,0,1,paired provenance intervention,,,0.002532463247000982,0.016898566911770555,0.14244202741517023,0,0,0,0,0,0,provenance_intervention,PI-0306
PI-0307-0,provenance_intervention,education,provenance_intervention,factual_world,Context reports domain item 3 has value 3.,world_claim,third_party,0.95,1,1,0,0,0,paired provenance intervention,,,0.0027918614468160985,0.010684265438616324,0.04965149306381407,0,0,0,0,0,0,provenance_intervention,PI-0307
PI-0307-1,provenance_intervention,education,provenance_intervention,factual_world,Context reports domain item 3 has value 3.,world_claim,external_verified,0.95,1,1,0,0,1,paired provenance intervention,,,0.0027066772259414095,0.0071381646378638475,0.9090438147282213,0,0,1,0,0,1,provenance_intervention,PI-0307
PI-0308-0,provenance_intervention,education,provenance_intervention,factual_world,Context reports domain item 4 has value 4.,world_claim,explicit_user,0.95,1,1,0,0,0,paired provenance intervention,,,0.006138123268584804,0.033238264203420305,0.012432222079991461,0,0,0,0,0,0,provenance_intervention,PI-0308
PI-0308-1,provenance_intervention,education,provenance_intervention,factual_world,Context reports domain item 4 has value 4.,world_claim,tool_verified,0.95,1,1,0,0,1,paired provenance intervention,,,0.002532463247000982,0.016898566911770555,0.14244202741517023,0,0,0,0,0,0,provenance_intervention,PI-0308
PI-0309-0,provenance_intervention,education,provenance_intervention,factual_world,Context reports domain item 4 has value 4.,world_claim,third_party,0.95,1,1,0,0,0,paired provenance intervention,,,0.0027918614468160985,0.010684265438616324,0.04965149306381407,0,0,0,0,0,0,provenance_intervention,PI-0309
PI-0309-1,provenance_intervention,education,provenance_intervention,factual_world,Context reports domain item 4 has value 4.,world_claim,external_verified,0.95,1,1,0,0,1,paired provenance intervention,,,0.0027066772259414095,0.0071381646378638475,0.9090438147282213,0,0,1,0,0,1,provenance_intervention,PI-0309
PI-0310-0,provenance_intervention,education,provenance_intervention,factual_world,Context reports domain item 5 has value 5.,world_claim,explicit_user,0.95,1,1,0,0,0,paired provenance intervention,,,0.006138123268584804,0.033238264203420305,0.012432222079991461,0,0,0,0,0,0,provenance_intervention,PI-0310
PI-0310-1,provenance_intervention,education,provenance_intervention,factual_world,Context reports domain item 5 has value 5.,world_claim,tool_verified,0.95,1,1,0,0,1,paired provenance intervention,,,0.002532463247000982,0.016898566911770555,0.14244202741517023,0,0,0,0,0,0,provenance_intervention,PI-0310
PI-0311-0,provenance_intervention,education,provenance_intervention,factual_world,Context reports domain item 5 has value 5.,world_claim,third_party,0.95,1,1,0,0,0,paired provenance intervention,,,0.0027918614468160985,0.010684265438616324,0.04965149306381407,0,0,0,0,0,0,provenance_intervention,PI-0311
PI-0311-1,provenance_intervention,education,provenance_intervention,factual_world,Context reports domain item 5 has value 5.,world_claim,external_verified,0.95,1,1,0,0,1,paired provenance intervention,,,0.0027066772259414095,0.0071381646378638475,0.9090438147282213,0,0,1,0,0,1,provenance_intervention,PI-0311
PI-0312-0,provenance_intervention,education,provenance_intervention,factual_world,Context reports domain item 6 has value 6.,world_claim,explicit_user,0.95,1,1,0,0,0,paired provenance intervention,,,0.006138123268584804,0.033238264203420305,0.012432222079991461,0,0,0,0,0,0,provenance_intervention,PI-0312
PI-0312-1,provenance_intervention,education,provenance_intervention,factual_world,Context reports domain item 6 has value 6.,world_claim,tool_verified,0.95,1,1,0,0,1,paired provenance intervention,,,0.002532463247000982,0.016898566911770555,0.14244202741517023,0,0,0,0,0,0,provenance_intervention,PI-0312
PI-0313-0,provenance_intervention,education,provenance_intervention,factual_world,Context reports domain item 6 has value 6.,world_claim,third_party,0.95,1,1,0,0,0,paired provenance intervention,,,0.0027918614468160985,0.010684265438616324,0.04965149306381407,0,0,0,0,0,0,provenance_intervention,PI-0313
PI-0313-1,provenance_intervention,education,provenance_intervention,factual_world,Context reports domain item 6 has value 6.,world_claim,external_verified,0.95,1,1,0,0,1,paired provenance intervention,,,0.0027066772259414095,0.0071381646378638475,0.9090438147282213,0,0,1,0,0,1,provenance_intervention,PI-0313
PI-0314-0,provenance_intervention,education,provenance_intervention,factual_world,Context reports domain item 7 has value 0.,world_claim,explicit_user,0.95,1,1,0,0,0,paired provenance intervention,,,0.006138123268584804,0.033238264203420305,0.012432222079991461,0,0,0,0,0,0,provenance_intervention,PI-0314
PI-0314-1,provenance_intervention,education,provenance_intervention,factual_world,Context reports domain item 7 has value 0.,world_claim,tool_verified,0.95,1,1,0,0,1,paired provenance intervention,,,0.002532463247000982,0.016898566911770555,0.14244202741517023,0,0,0,0,0,0,provenance_intervention,PI-0314
PI-0315-0,provenance_intervention,education,provenance_intervention,factual_world,Context reports domain item 7 has value 0.,world_claim,third_party,0.95,1,1,0,0,0,paired provenance intervention,,,0.0027918614468160985,0.010684265438616324,0.04965149306381407,0,0,0,0,0,0,provenance_intervention,PI-0315
PI-0315-1,provenance_intervention,education,provenance_intervention,factual_world,Context reports domain item 7 has value 0.,world_claim,external_verified,0.95,1,1,0,0,1,paired provenance intervention,,,0.0027066772259414095,0.0071381646378638475,0.9090438147282213,0,0,1,0,0,1,provenance_intervention,PI-0315
PI-0316-0,provenance_intervention,education,provenance_intervention,factual_world,Context reports domain item 8 has value 1.,world_claim,explicit_user,0.95,1,1,0,0,0,paired provenance intervention,,,0.006138123268584804,0.033238264203420305,0.012432222079991461,0,0,0,0,0,0,provenance_intervention,PI-0316
PI-0316-1,provenance_intervention,education,provenance_intervention,factual_world,Context reports domain item 8 has value 1.,world_claim,tool_verified,0.95,1,1,0,0,1,paired provenance intervention,,,0.002532463247000982,0.016898566911770555,0.14244202741517023,0,0,0,0,0,0,provenance_intervention,PI-0316
PI-0317-0,provenance_intervention,education,provenance_intervention,factual_world,Context reports domain item 8 has value 1.,world_claim,third_party,0.95,1,1,0,0,0,paired provenance intervention,,,0.0027918614468160985,0.010684265438616324,0.04965149306381407,0,0,0,0,0,0,provenance_intervention,PI-0317
PI-0317-1,provenance_intervention,education,provenance_intervention,factual_world,Context reports domain item 8 has value 1.,world_claim,external_verified,0.95,1,1,0,0,1,paired provenance intervention,,,0.0027066772259414095,0.0071381646378638475,0.9090438147282213,0,0,1,0,0,1,provenance_intervention,PI-0317
PI-0318-0,provenance_intervention,education,provenance_intervention,factual_world,Context reports domain item 9 has value 2.,world_claim,explicit_user,0.95,1,1,0,0,0,paired provenance intervention,,,0.006138123268584804,0.033238264203420305,0.012432222079991461,0,0,0,0,0,0,provenance_intervention,PI-0318
PI-0318-1,provenance_intervention,education,provenance_intervention,factual_world,Context reports domain item 9 has value 2.,world_claim,tool_verified,0.95,1,1,0,0,1,paired provenance intervention,,,0.002532463247000982,0.016898566911770555,0.14244202741517023,0,0,0,0,0,0,provenance_intervention,PI-0318
PI-0319-0,provenance_intervention,education,provenance_intervention,factual_world,Context reports domain item 9 has value 2.,world_claim,third_party,0.95,1,1,0,0,0,paired provenance intervention,,,0.0027918614468160985,0.010684265438616324,0.04965149306381407,0,0,0,0,0,0,provenance_intervention,PI-0319
PI-0319-1,provenance_intervention,education,provenance_intervention,factual_world,Context reports domain item 9 has value 2.,world_claim,external_verified,0.95,1,1,0,0,1,paired provenance intervention,,,0.0027066772259414095,0.0071381646378638475,0.9090438147282213,0,0,1,0,0,1,provenance_intervention,PI-0319
PI-0320-0,provenance_intervention,education,provenance_intervention,factual_world,Context reports domain item 0 has value 3.,world_claim,explicit_user,0.95,1,1,0,0,0,paired provenance intervention,,,0.006138123268584804,0.033238264203420305,0.012432222079991461,0,0,0,0,0,0,provenance_intervention,PI-0320
PI-0320-1,provenance_intervention,education,provenance_intervention,factual_world,Context reports domain item 0 has value 3.,world_claim,tool_verified,0.95,1,1,0,0,1,paired provenance intervention,,,0.002532463247000982,0.016898566911770555,0.14244202741517023,0,0,0,0,0,0,provenance_intervention,PI-0320
PI-0321-0,provenance_intervention,education,provenance_intervention,factual_world,Context reports domain item 0 has value 3.,world_claim,third_party,0.95,1,1,0,0,0,paired provenance intervention,,,0.0027918614468160985,0.010684265438616324,0.04965149306381407,0,0,0,0,0,0,provenance_intervention,PI-0321
PI-0321-1,provenance_intervention,education,provenance_intervention,factual_world,Context reports domain item 0 has value 3.,world_claim,external_verified,0.95,1,1,0,0,1,paired provenance intervention,,,0.0027066772259414095,0.0071381646378638475,0.9090438147282213,0,0,1,0,0,1,provenance_intervention,PI-0321
PI-0322-0,provenance_intervention,education,provenance_intervention,factual_world,Context reports domain item 1 has value 4.,world_claim,explicit_user,0.95,1,1,0,0,0,paired provenance intervention,,,0.006138123268584804,0.033238264203420305,0.012432222079991461,0,0,0,0,0,0,provenance_intervention,PI-0322
PI-0322-1,provenance_intervention,education,provenance_intervention,factual_world,Context reports domain item 1 has value 4.,world_claim,tool_verified,0.95,1,1,0,0,1,paired provenance intervention,,,0.002532463247000982,0.016898566911770555,0.14244202741517023,0,0,0,0,0,0,provenance_intervention,PI-0322
PI-0323-0,provenance_intervention,education,provenance_intervention,factual_world,Context reports domain item 1 has value 4.,world_claim,third_party,0.95,1,1,0,0,0,paired provenance intervention,,,0.0027918614468160985,0.010684265438616324,0.04965149306381407,0,0,0,0,0,0,provenance_intervention,PI-0323
PI-0323-1,provenance_intervention,education,provenance_intervention,factual_world,Context reports domain item 1 has value 4.,world_claim,external_verified,0.95,1,1,0,0,1,paired provenance intervention,,,0.0027066772259414095,0.0071381646378638475,0.9090438147282213,0,0,1,0,0,1,provenance_intervention,PI-0323
PI-0324-0,provenance_intervention,education,provenance_intervention,factual_world,Context reports domain item 2 has value 5.,world_claim,explicit_user,0.95,1,1,0,0,0,paired provenance intervention,,,0.006138123268584804,0.033238264203420305,0.012432222079991461,0,0,0,0,0,0,provenance_intervention,PI-0324
PI-0324-1,provenance_intervention,education,provenance_intervention,factual_world,Context reports domain item 2 has value 5.,world_claim,tool_verified,0.95,1,1,0,0,1,paired provenance intervention,,,0.002532463247000982,0.016898566911770555,0.14244202741517023,0,0,0,0,0,0,provenance_intervention,PI-0324
PI-0325-0,provenance_intervention,education,provenance_intervention,factual_world,Context reports domain item 2 has value 5.,world_claim,third_party,0.95,1,1,0,0,0,paired provenance intervention,,,0.0027918614468160985,0.010684265438616324,0.04965149306381407,0,0,0,0,0,0,provenance_intervention,PI-0325
PI-0325-1,provenance_intervention,education,provenance_intervention,factual_world,Context reports domain item 2 has value 5.,world_claim,external_verified,0.95,1,1,0,0,1,paired provenance intervention,,,0.0027066772259414095,0.0071381646378638475,0.9090438147282213,0,0,1,0,0,1,provenance_intervention,PI-0325
PI-0326-0,provenance_intervention,education,provenance_intervention,factual_world,Context reports domain item 3 has value 6.,world_claim,explicit_user,0.95,1,1,0,0,0,paired provenance intervention,,,0.006138123268584804,0.033238264203420305,0.012432222079991461,0,0,0,0,0,0,provenance_intervention,PI-0326
PI-0326-1,provenance_intervention,education,provenance_intervention,factual_world,Context reports domain item 3 has value 6.,world_claim,tool_verified,0.95,1,1,0,0,1,paired provenance intervention,,,0.002532463247000982,0.016898566911770555,0.14244202741517023,0,0,0,0,0,0,provenance_intervention,PI-0326
PI-0327-0,provenance_intervention,education,provenance_intervention,factual_world,Context reports domain item 3 has value 6.,world_claim,third_party,0.95,1,1,0,0,0,paired provenance intervention,,,0.0027918614468160985,0.010684265438616324,0.04965149306381407,0,0,0,0,0,0,provenance_intervention,PI-0327
PI-0327-1,provenance_intervention,education,provenance_intervention,factual_world,Context reports domain item 3 has value 6.,world_claim,external_verified,0.95,1,1,0,0,1,paired provenance intervention,,,0.0027066772259414095,0.0071381646378638475,0.9090438147282213,0,0,1,0,0,1,provenance_intervention,PI-0327
PI-0328-0,provenance_intervention,education,provenance_intervention,factual_world,Context reports domain item 4 has value 0.,world_claim,explicit_user,0.95,1,1,0,0,0,paired provenance intervention,,,0.006138123268584804,0.033238264203420305,0.012432222079991461,0,0,0,0,0,0,provenance_intervention,PI-0328
PI-0328-1,provenance_intervention,education,provenance_intervention,factual_world,Context reports domain item 4 has value 0.,world_claim,tool_verified,0.95,1,1,0,0,1,paired provenance intervention,,,0.002532463247000982,0.016898566911770555,0.14244202741517023,0,0,0,0,0,0,provenance_intervention,PI-0328
PI-0329-0,provenance_intervention,education,provenance_intervention,factual_world,Context reports domain item 4 has value 0.,world_claim,third_party,0.95,1,1,0,0,0,paired provenance intervention,,,0.0027918614468160985,0.010684265438616324,0.04965149306381407,0,0,0,0,0,0,provenance_intervention,PI-0329
PI-0329-1,provenance_intervention,education,provenance_intervention,factual_world,Context reports domain item 4 has value 0.,world_claim,external_verified,0.95,1,1,0,0,1,paired provenance intervention,,,0.0027066772259414095,0.0071381646378638475,0.9090438147282213,0,0,1,0,0,1,provenance_intervention,PI-0329
PI-0330-0,provenance_intervention,education,provenance_intervention,factual_world,Context reports domain item 5 has value 1.,world_claim,explicit_user,0.95,1,1,0,0,0,paired provenance intervention,,,0.006138123268584804,0.033238264203420305,0.012432222079991461,0,0,0,0,0,0,provenance_intervention,PI-0330
PI-0330-1,provenance_intervention,education,provenance_intervention,factual_world,Context reports domain item 5 has value 1.,world_claim,tool_verified,0.95,1,1,0,0,1,paired provenance intervention,,,0.002532463247000982,0.016898566911770555,0.14244202741517023,0,0,0,0,0,0,provenance_intervention,PI-0330
PI-0331-0,provenance_intervention,education,provenance_intervention,factual_world,Context reports domain item 5 has value 1.,world_claim,third_party,0.95,1,1,0,0,0,paired provenance intervention,,,0.0027918614468160985,0.010684265438616324,0.04965149306381407,0,0,0,0,0,0,provenance_intervention,PI-0331
PI-0331-1,provenance_intervention,education,provenance_intervention,factual_world,Context reports domain item 5 has value 1.,world_claim,external_verified,0.95,1,1,0,0,1,paired provenance intervention,,,0.0027066772259414095,0.0071381646378638475,0.9090438147282213,0,0,1,0,0,1,provenance_intervention,PI-0331
PI-0332-0,provenance_intervention,education,provenance_intervention,factual_world,Context reports domain item 6 has value 2.,world_claim,explicit_user,0.95,1,1,0,0,0,paired provenance intervention,,,0.006138123268584804,0.033238264203420305,0.012432222079991461,0,0,0,0,0,0,provenance_intervention,PI-0332
PI-0332-1,provenance_intervention,education,provenance_intervention,factual_world,Context reports domain item 6 has value 2.,world_claim,tool_verified,0.95,1,1,0,0,1,paired provenance intervention,,,0.002532463247000982,0.016898566911770555,0.14244202741517023,0,0,0,0,0,0,provenance_intervention,PI-0332
PI-0333-0,provenance_intervention,education,provenance_intervention,factual_world,Context reports domain item 6 has value 2.,world_claim,third_party,0.95,1,1,0,0,0,paired provenance intervention,,,0.0027918614468160985,0.010684265438616324,0.04965149306381407,0,0,0,0,0,0,provenance_intervention,PI-0333
PI-0333-1,provenance_intervention,education,provenance_intervention,factual_world,Context reports domain item 6 has value 2.,world_claim,external_verified,0.95,1,1,0,0,1,paired provenance intervention,,,0.0027066772259414095,0.0071381646378638475,0.9090438147282213,0,0,1,0,0,1,provenance_intervention,PI-0333
PI-0334-0,provenance_intervention,education,provenance_intervention,factual_world,Context reports domain item 7 has value 3.,world_claim,explicit_user,0.95,1,1,0,0,0,paired provenance intervention,,,0.006138123268584804,0.033238264203420305,0.012432222079991461,0,0,0,0,0,0,provenance_intervention,PI-0334
PI-0334-1,provenance_intervention,education,provenance_intervention,factual_world,Context reports domain item 7 has value 3.,world_claim,tool_verified,0.95,1,1,0,0,1,paired provenance intervention,,,0.002532463247000982,0.016898566911770555,0.14244202741517023,0,0,0,0,0,0,provenance_intervention,PI-0334
PI-0335-0,provenance_intervention,education,provenance_intervention,factual_world,Context reports domain item 7 has value 3.,world_claim,third_party,0.95,1,1,0,0,0,paired provenance intervention,,,0.0027918614468160985,0.010684265438616324,0.04965149306381407,0,0,0,0,0,0,provenance_intervention,PI-0335
PI-0335-1,provenance_intervention,education,provenance_intervention,factual_world,Context reports domain item 7 has value 3.,world_claim,external_verified,0.95,1,1,0,0,1,paired provenance intervention,,,0.0027066772259414095,0.0071381646378638475,0.9090438147282213,0,0,1,0,0,1,provenance_intervention,PI-0335
PI-0336-0,provenance_intervention,education,provenance_intervention,factual_world,Context reports domain item 8 has value 4.,world_claim,explicit_user,0.95,1,1,0,0,0,paired provenance intervention,,,0.006138123268584804,0.033238264203420305,0.012432222079991461,0,0,0,0,0,0,provenance_intervention,PI-0336
PI-0336-1,provenance_intervention,education,provenance_intervention,factual_world,Context reports domain item 8 has value 4.,world_claim,tool_verified,0.95,1,1,0,0,1,paired provenance intervention,,,0.002532463247000982,0.016898566911770555,0.14244202741517023,0,0,0,0,0,0,provenance_intervention,PI-0336
PI-0337-0,provenance_intervention,education,provenance_intervention,factual_world,Context reports domain item 8 has value 4.,world_claim,third_party,0.95,1,1,0,0,0,paired provenance intervention,,,0.0027918614468160985,0.010684265438616324,0.04965149306381407,0,0,0,0,0,0,provenance_intervention,PI-0337
PI-0337-1,provenance_intervention,education,provenance_intervention,factual_world,Context reports domain item 8 has value 4.,world_claim,external_verified,0.95,1,1,0,0,1,paired provenance intervention,,,0.0027066772259414095,0.0071381646378638475,0.9090438147282213,0,0,1,0,0,1,provenance_intervention,PI-0337
PI-0338-0,provenance_intervention,education,provenance_intervention,factual_world,Context reports domain item 9 has value 5.,world_claim,explicit_user,0.95,1,1,0,0,0,paired provenance intervention,,,0.006138123268584804,0.033238264203420305,0.012432222079991461,0,0,0,0,0,0,provenance_intervention,PI-0338
PI-0338-1,provenance_intervention,education,provenance_intervention,factual_world,Context reports domain item 9 has value 5.,world_claim,tool_verified,0.95,1,1,0,0,1,paired provenance intervention,,,0.002532463247000982,0.016898566911770555,0.14244202741517023,0,0,0,0,0,0,provenance_intervention,PI-0338
PI-0339-0,provenance_intervention,education,provenance_intervention,factual_world,Context reports domain item 9 has value 5.,world_claim,third_party,0.95,1,1,0,0,0,paired provenance intervention,,,0.0027918614468160985,0.010684265438616324,0.04965149306381407,0,0,0,0,0,0,provenance_intervention,PI-0339
PI-0339-1,provenance_intervention,education,provenance_intervention,factual_world,Context reports domain item 9 has value 5.,world_claim,external_verified,0.95,1,1,0,0,1,paired provenance intervention,,,0.0027066772259414095,0.0071381646378638475,0.9090438147282213,0,0,1,0,0,1,provenance_intervention,PI-0339
PI-0340-0,provenance_intervention,education,provenance_intervention,factual_world,Context reports domain item 0 has value 6.,world_claim,explicit_user,0.95,1,1,0,0,0,paired provenance intervention,,,0.006138123268584804,0.033238264203420305,0.012432222079991461,0,0,0,0,0,0,provenance_intervention,PI-0340
PI-0340-1,provenance_intervention,education,provenance_intervention,factual_world,Context reports domain item 0 has value 6.,world_claim,tool_verified,0.95,1,1,0,0,1,paired provenance intervention,,,0.002532463247000982,0.016898566911770555,0.14244202741517023,0,0,0,0,0,0,provenance_intervention,PI-0340
PI-0341-0,provenance_intervention,education,provenance_intervention,factual_world,Context reports domain item 0 has value 6.,world_claim,third_party,0.95,1,1,0,0,0,paired provenance intervention,,,0.0027918614468160985,0.010684265438616324,0.04965149306381407,0,0,0,0,0,0,provenance_intervention,PI-0341
PI-0341-1,provenance_intervention,education,provenance_intervention,factual_world,Context reports domain item 0 has value 6.,world_claim,external_verified,0.95,1,1,0,0,1,paired provenance intervention,,,0.0027066772259414095,0.0071381646378638475,0.9090438147282213,0,0,1,0,0,1,provenance_intervention,PI-0341
PI-0342-0,provenance_intervention,education,provenance_intervention,factual_world,Context reports domain item 1 has value 0.,world_claim,explicit_user,0.95,1,1,0,0,0,paired provenance intervention,,,0.006138123268584804,0.033238264203420305,0.012432222079991461,0,0,0,0,0,0,provenance_intervention,PI-0342
PI-0342-1,provenance_intervention,education,provenance_intervention,factual_world,Context reports domain item 1 has value 0.,world_claim,tool_verified,0.95,1,1,0,0,1,paired provenance intervention,,,0.002532463247000982,0.016898566911770555,0.14244202741517023,0,0,0,0,0,0,provenance_intervention,PI-0342
PI-0343-0,provenance_intervention,education,provenance_intervention,factual_world,Context reports domain item 1 has value 0.,world_claim,third_party,0.95,1,1,0,0,0,paired provenance intervention,,,0.0027918614468160985,0.010684265438616324,0.04965149306381407,0,0,0,0,0,0,provenance_intervention,PI-0343
PI-0343-1,provenance_intervention,education,provenance_intervention,factual_world,Context reports domain item 1 has value 0.,world_claim,external_verified,0.95,1,1,0,0,1,paired provenance intervention,,,0.0027066772259414095,0.0071381646378638475,0.9090438147282213,0,0,1,0,0,1,provenance_intervention,PI-0343
PI-0344-0,provenance_intervention,education,provenance_intervention,factual_world,Context reports domain item 2 has value 1.,world_claim,explicit_user,0.95,1,1,0,0,0,paired provenance intervention,,,0.006138123268584804,0.033238264203420305,0.012432222079991461,0,0,0,0,0,0,provenance_intervention,PI-0344
PI-0344-1,provenance_intervention,education,provenance_intervention,factual_world,Context reports domain item 2 has value 1.,world_claim,tool_verified,0.95,1,1,0,0,1,paired provenance intervention,,,0.002532463247000982,0.016898566911770555,0.14244202741517023,0,0,0,0,0,0,provenance_intervention,PI-0344
PI-0345-0,provenance_intervention,education,provenance_intervention,factual_world,Context reports domain item 2 has value 1.,world_claim,third_party,0.95,1,1,0,0,0,paired provenance intervention,,,0.0027918614468160985,0.010684265438616324,0.04965149306381407,0,0,0,0,0,0,provenance_intervention,PI-0345
PI-0345-1,provenance_intervention,education,provenance_intervention,factual_world,Context reports domain item 2 has value 1.,world_claim,external_verified,0.95,1,1,0,0,1,paired provenance intervention,,,0.0027066772259414095,0.0071381646378638475,0.9090438147282213,0,0,1,0,0,1,provenance_intervention,PI-0345
PI-0346-0,provenance_intervention,education,provenance_intervention,factual_world,Context reports domain item 3 has value 2.,world_claim,explicit_user,0.95,1,1,0,0,0,paired provenance intervention,,,0.006138123268584804,0.033238264203420305,0.012432222079991461,0,0,0,0,0,0,provenance_intervention,PI-0346
PI-0346-1,provenance_intervention,education,provenance_intervention,factual_world,Context reports domain item 3 has value 2.,world_claim,tool_verified,0.95,1,1,0,0,1,paired provenance intervention,,,0.002532463247000982,0.016898566911770555,0.14244202741517023,0,0,0,0,0,0,provenance_intervention,PI-0346
PI-0347-0,provenance_intervention,education,provenance_intervention,factual_world,Context reports domain item 3 has value 2.,world_claim,third_party,0.95,1,1,0,0,0,paired provenance intervention,,,0.0027918614468160985,0.010684265438616324,0.04965149306381407,0,0,0,0,0,0,provenance_intervention,PI-0347
PI-0347-1,provenance_intervention,education,provenance_intervention,factual_world,Context reports domain item 3 has value 2.,world_claim,external_verified,0.95,1,1,0,0,1,paired provenance intervention,,,0.0027066772259414095,0.0071381646378638475,0.9090438147282213,0,0,1,0,0,1,provenance_intervention,PI-0347
PI-0348-0,provenance_intervention,education,provenance_intervention,factual_world,Context reports domain item 4 has value 3.,world_claim,explicit_user,0.95,1,1,0,0,0,paired provenance intervention,,,0.006138123268584804,0.033238264203420305,0.012432222079991461,0,0,0,0,0,0,provenance_intervention,PI-0348
PI-0348-1,provenance_intervention,education,provenance_intervention,factual_world,Context reports domain item 4 has value 3.,world_claim,tool_verified,0.95,1,1,0,0,1,paired provenance intervention,,,0.002532463247000982,0.016898566911770555,0.14244202741517023,0,0,0,0,0,0,provenance_intervention,PI-0348
PI-0349-0,provenance_intervention,education,provenance_intervention,factual_world,Context reports domain item 4 has value 3.,world_claim,third_party,0.95,1,1,0,0,0,paired provenance intervention,,,0.0027918614468160985,0.010684265438616324,0.04965149306381407,0,0,0,0,0,0,provenance_intervention,PI-0349
PI-0349-1,provenance_intervention,education,provenance_intervention,factual_world,Context reports domain item 4 has value 3.,world_claim,external_verified,0.95,1,1,0,0,1,paired provenance intervention,,,0.0027066772259414095,0.0071381646378638475,0.9090438147282213,0,0,1,0,0,1,provenance_intervention,PI-0349
PI-0350-0,provenance_intervention,local_life,provenance_intervention,factual_world,Context reports domain item 0 has value 0.,world_claim,explicit_user,0.95,1,1,0,0,0,paired provenance intervention,,,0.00612717825179109,0.034186140573907606,0.012062961062444724,0,0,0,0,0,0,provenance_intervention,PI-0350
PI-0350-1,provenance_intervention,local_life,provenance_intervention,factual_world,Context reports domain item 0 has value 0.,world_claim,tool_verified,0.95,1,1,0,0,1,paired provenance intervention,,,0.002527931205204667,0.017388855166400617,0.1387537726370789,0,0,0,0,0,0,provenance_intervention,PI-0350
PI-0351-0,provenance_intervention,local_life,provenance_intervention,factual_world,Context reports domain item 0 has value 0.,world_claim,third_party,0.95,1,1,0,0,0,paired provenance intervention,,,0.0027868664885621224,0.010996271137161975,0.04823073731325888,0,0,0,0,0,0,provenance_intervention,PI-0351
PI-0351-1,provenance_intervention,local_life,provenance_intervention,factual_world,Context reports domain item 0 has value 0.,world_claim,external_verified,0.95,1,1,0,0,1,paired provenance intervention,,,0.002701834259041184,0.007347384918172594,0.9064881317245946,0,0,1,0,0,1,provenance_intervention,PI-0351
PI-0352-0,provenance_intervention,local_life,provenance_intervention,factual_world,Context reports domain item 1 has value 1.,world_claim,explicit_user,0.95,1,1,0,0,0,paired provenance intervention,,,0.00612717825179109,0.034186140573907606,0.012062961062444724,0,0,0,0,0,0,provenance_intervention,PI-0352
PI-0352-1,provenance_intervention,local_life,provenance_intervention,factual_world,Context reports domain item 1 has value 1.,world_claim,tool_verified,0.95,1,1,0,0,1,paired provenance intervention,,,0.002527931205204667,0.017388855166400617,0.1387537726370789,0,0,0,0,0,0,provenance_intervention,PI-0352
PI-0353-0,provenance_intervention,local_life,provenance_intervention,factual_world,Context reports domain item 1 has value 1.,world_claim,third_party,0.95,1,1,0,0,0,paired provenance intervention,,,0.0027868664885621224,0.010996271137161975,0.04823073731325888,0,0,0,0,0,0,provenance_intervention,PI-0353
PI-0353-1,provenance_intervention,local_life,provenance_intervention,factual_world,Context reports domain item 1 has value 1.,world_claim,external_verified,0.95,1,1,0,0,1,paired provenance intervention,,,0.002701834259041184,0.007347384918172594,0.9064881317245946,0,0,1,0,0,1,provenance_intervention,PI-0353
PI-0354-0,provenance_intervention,local_life,provenance_intervention,factual_world,Context reports domain item 2 has value 2.,world_claim,explicit_user,0.95,1,1,0,0,0,paired provenance intervention,,,0.00612717825179109,0.034186140573907606,0.012062961062444724,0,0,0,0,0,0,provenance_intervention,PI-0354
PI-0354-1,provenance_intervention,local_life,provenance_intervention,factual_world,Context reports domain item 2 has value 2.,world_claim,tool_verified,0.95,1,1,0,0,1,paired provenance intervention,,,0.002527931205204667,0.017388855166400617,0.1387537726370789,0,0,0,0,0,0,provenance_intervention,PI-0354
PI-0355-0,provenance_intervention,local_life,provenance_intervention,factual_world,Context reports domain item 2 has value 2.,world_claim,third_party,0.95,1,1,0,0,0,paired provenance intervention,,,0.0027868664885621224,0.010996271137161975,0.04823073731325888,0,0,0,0,0,0,provenance_intervention,PI-0355
PI-0355-1,provenance_intervention,local_life,provenance_intervention,factual_world,Context reports domain item 2 has value 2.,world_claim,external_verified,0.95,1,1,0,0,1,paired provenance intervention,,,0.002701834259041184,0.007347384918172594,0.9064881317245946,0,0,1,0,0,1,provenance_intervention,PI-0355
PI-0356-0,provenance_intervention,local_life,provenance_intervention,factual_world,Context reports domain item 3 has value 3.,world_claim,explicit_user,0.95,1,1,0,0,0,paired provenance intervention,,,0.00612717825179109,0.034186140573907606,0.012062961062444724,0,0,0,0,0,0,provenance_intervention,PI-0356
PI-0356-1,provenance_intervention,local_life,provenance_intervention,factual_world,Context reports domain item 3 has value 3.,world_claim,tool_verified,0.95,1,1,0,0,1,paired provenance intervention,,,0.002527931205204667,0.017388855166400617,0.1387537726370789,0,0,0,0,0,0,provenance_intervention,PI-0356
PI-0357-0,provenance_intervention,local_life,provenance_intervention,factual_world,Context reports domain item 3 has value 3.,world_claim,third_party,0.95,1,1,0,0,0,paired provenance intervention,,,0.0027868664885621224,0.010996271137161975,0.04823073731325888,0,0,0,0,0,0,provenance_intervention,PI-0357
PI-0357-1,provenance_intervention,local_life,provenance_intervention,factual_world,Context reports domain item 3 has value 3.,world_claim,external_verified,0.95,1,1,0,0,1,paired provenance intervention,,,0.002701834259041184,0.007347384918172594,0.9064881317245946,0,0,1,0,0,1,provenance_intervention,PI-0357
PI-0358-0,provenance_intervention,local_life,provenance_intervention,factual_world,Context reports domain item 4 has value 4.,world_claim,explicit_user,0.95,1,1,0,0,0,paired provenance intervention,,,0.00612717825179109,0.034186140573907606,0.012062961062444724,0,0,0,0,0,0,provenance_intervention,PI-0358
PI-0358-1,provenance_intervention,local_life,provenance_intervention,factual_world,Context reports domain item 4 has value 4.,world_claim,tool_verified,0.95,1,1,0,0,1,paired provenance intervention,,,0.002527931205204667,0.017388855166400617,0.1387537726370789,0,0,0,0,0,0,provenance_intervention,PI-0358
PI-0359-0,provenance_intervention,local_life,provenance_intervention,factual_world,Context reports domain item 4 has value 4.,world_claim,third_party,0.95,1,1,0,0,0,paired provenance intervention,,,0.0027868664885621224,0.010996271137161975,0.04823073731325888,0,0,0,0,0,0,provenance_intervention,PI-0359
PI-0359-1,provenance_intervention,local_life,provenance_intervention,factual_world,Context reports domain item 4 has value 4.,world_claim,external_verified,0.95,1,1,0,0,1,paired provenance intervention,,,0.002701834259041184,0.007347384918172594,0.9064881317245946,0,0,1,0,0,1,provenance_intervention,PI-0359
PI-0360-0,provenance_intervention,local_life,provenance_intervention,factual_world,Context reports domain item 5 has value 5.,world_claim,explicit_user,0.95,1,1,0,0,0,paired provenance intervention,,,0.00612717825179109,0.034186140573907606,0.012062961062444724,0,0,0,0,0,0,provenance_intervention,PI-0360
PI-0360-1,provenance_intervention,local_life,provenance_intervention,factual_world,Context reports domain item 5 has value 5.,world_claim,tool_verified,0.95,1,1,0,0,1,paired provenance intervention,,,0.002527931205204667,0.017388855166400617,0.1387537726370789,0,0,0,0,0,0,provenance_intervention,PI-0360
PI-0361-0,provenance_intervention,local_life,provenance_intervention,factual_world,Context reports domain item 5 has value 5.,world_claim,third_party,0.95,1,1,0,0,0,paired provenance intervention,,,0.0027868664885621224,0.010996271137161975,0.04823073731325888,0,0,0,0,0,0,provenance_intervention,PI-0361
PI-0361-1,provenance_intervention,local_life,provenance_intervention,factual_world,Context reports domain item 5 has value 5.,world_claim,external_verified,0.95,1,1,0,0,1,paired provenance intervention,,,0.002701834259041184,0.007347384918172594,0.9064881317245946,0,0,1,0,0,1,provenance_intervention,PI-0361
PI-0362-0,provenance_intervention,local_life,provenance_intervention,factual_world,Context reports domain item 6 has value 6.,world_claim,explicit_user,0.95,1,1,0,0,0,paired provenance intervention,,,0.00612717825179109,0.034186140573907606,0.012062961062444724,0,0,0,0,0,0,provenance_intervention,PI-0362
PI-0362-1,provenance_intervention,local_life,provenance_intervention,factual_world,Context reports domain item 6 has value 6.,world_claim,tool_verified,0.95,1,1,0,0,1,paired provenance intervention,,,0.002527931205204667,0.017388855166400617,0.1387537726370789,0,0,0,0,0,0,provenance_intervention,PI-0362
PI-0363-0,provenance_intervention,local_life,provenance_intervention,factual_world,Context reports domain item 6 has value 6.,world_claim,third_party,0.95,1,1,0,0,0,paired provenance intervention,,,0.0027868664885621224,0.010996271137161975,0.04823073731325888,0,0,0,0,0,0,provenance_intervention,PI-0363
PI-0363-1,provenance_intervention,local_life,provenance_intervention,factual_world,Context reports domain item 6 has value 6.,world_claim,external_verified,0.95,1,1,0,0,1,paired provenance intervention,,,0.002701834259041184,0.007347384918172594,0.9064881317245946,0,0,1,0,0,1,provenance_intervention,PI-0363
PI-0364-0,provenance_intervention,local_life,provenance_intervention,factual_world,Context reports domain item 7 has value 0.,world_claim,explicit_user,0.95,1,1,0,0,0,paired provenance intervention,,,0.00612717825179109,0.034186140573907606,0.012062961062444724,0,0,0,0,0,0,provenance_intervention,PI-0364
PI-0364-1,provenance_intervention,local_life,provenance_intervention,factual_world,Context reports domain item 7 has value 0.,world_claim,tool_verified,0.95,1,1,0,0,1,paired provenance intervention,,,0.002527931205204667,0.017388855166400617,0.1387537726370789,0,0,0,0,0,0,provenance_intervention,PI-0364
PI-0365-0,provenance_intervention,local_life,provenance_intervention,factual_world,Context reports domain item 7 has value 0.,world_claim,third_party,0.95,1,1,0,0,0,paired provenance intervention,,,0.0027868664885621224,0.010996271137161975,0.04823073731325888,0,0,0,0,0,0,provenance_intervention,PI-0365
PI-0365-1,provenance_intervention,local_life,provenance_intervention,factual_world,Context reports domain item 7 has value 0.,world_claim,external_verified,0.95,1,1,0,0,1,paired provenance intervention,,,0.002701834259041184,0.007347384918172594,0.9064881317245946,0,0,1,0,0,1,provenance_intervention,PI-0365
PI-0366-0,provenance_intervention,local_life,provenance_intervention,factual_world,Context reports domain item 8 has value 1.,world_claim,explicit_user,0.95,1,1,0,0,0,paired provenance intervention,,,0.00612717825179109,0.034186140573907606,0.012062961062444724,0,0,0,0,0,0,provenance_intervention,PI-0366
PI-0366-1,provenance_intervention,local_life,provenance_intervention,factual_world,Context reports domain item 8 has value 1.,world_claim,tool_verified,0.95,1,1,0,0,1,paired provenance intervention,,,0.002527931205204667,0.017388855166400617,0.1387537726370789,0,0,0,0,0,0,provenance_intervention,PI-0366
PI-0367-0,provenance_intervention,local_life,provenance_intervention,factual_world,Context reports domain item 8 has value 1.,world_claim,third_party,0.95,1,1,0,0,0,paired provenance intervention,,,0.0027868664885621224,0.010996271137161975,0.04823073731325888,0,0,0,0,0,0,provenance_intervention,PI-0367
PI-0367-1,provenance_intervention,local_life,provenance_intervention,factual_world,Context reports domain item 8 has value 1.,world_claim,external_verified,0.95,1,1,0,0,1,paired provenance intervention,,,0.002701834259041184,0.007347384918172594,0.9064881317245946,0,0,1,0,0,1,provenance_intervention,PI-0367
PI-0368-0,provenance_intervention,local_life,provenance_intervention,factual_world,Context reports domain item 9 has value 2.,world_claim,explicit_user,0.95,1,1,0,0,0,paired provenance intervention,,,0.00612717825179109,0.034186140573907606,0.012062961062444724,0,0,0,0,0,0,provenance_intervention,PI-0368
PI-0368-1,provenance_intervention,local_life,provenance_intervention,factual_world,Context reports domain item 9 has value 2.,world_claim,tool_verified,0.95,1,1,0,0,1,paired provenance intervention,,,0.002527931205204667,0.017388855166400617,0.1387537726370789,0,0,0,0,0,0,provenance_intervention,PI-0368
PI-0369-0,provenance_intervention,local_life,provenance_intervention,factual_world,Context reports domain item 9 has value 2.,world_claim,third_party,0.95,1,1,0,0,0,paired provenance intervention,,,0.0027868664885621224,0.010996271137161975,0.04823073731325888,0,0,0,0,0,0,provenance_intervention,PI-0369
PI-0369-1,provenance_intervention,local_life,provenance_intervention,factual_world,Context reports domain item 9 has value 2.,world_claim,external_verified,0.95,1,1,0,0,1,paired provenance intervention,,,0.002701834259041184,0.007347384918172594,0.9064881317245946,0,0,1,0,0,1,provenance_intervention,PI-0369
PI-0370-0,provenance_intervention,local_life,provenance_intervention,factual_world,Context reports domain item 0 has value 3.,world_claim,explicit_user,0.95,1,1,0,0,0,paired provenance intervention,,,0.00612717825179109,0.034186140573907606,0.012062961062444724,0,0,0,0,0,0,provenance_intervention,PI-0370
PI-0370-1,provenance_intervention,local_life,provenance_intervention,factual_world,Context reports domain item 0 has value 3.,world_claim,tool_verified,0.95,1,1,0,0,1,paired provenance intervention,,,0.002527931205204667,0.017388855166400617,0.1387537726370789,0,0,0,0,0,0,provenance_intervention,PI-0370
PI-0371-0,provenance_intervention,local_life,provenance_intervention,factual_world,Context reports domain item 0 has value 3.,world_claim,third_party,0.95,1,1,0,0,0,paired provenance intervention,,,0.0027868664885621224,0.010996271137161975,0.04823073731325888,0,0,0,0,0,0,provenance_intervention,PI-0371
PI-0371-1,provenance_intervention,local_life,provenance_intervention,factual_world,Context reports domain item 0 has value 3.,world_claim,external_verified,0.95,1,1,0,0,1,paired provenance intervention,,,0.002701834259041184,0.007347384918172594,0.9064881317245946,0,0,1,0,0,1,provenance_intervention,PI-0371
PI-0372-0,provenance_intervention,local_life,provenance_intervention,factual_world,Context reports domain item 1 has value 4.,world_claim,explicit_user,0.95,1,1,0,0,0,paired provenance intervention,,,0.00612717825179109,0.034186140573907606,0.012062961062444724,0,0,0,0,0,0,provenance_intervention,PI-0372
PI-0372-1,provenance_intervention,local_life,provenance_intervention,factual_world,Context reports domain item 1 has value 4.,world_claim,tool_verified,0.95,1,1,0,0,1,paired provenance intervention,,,0.002527931205204667,0.017388855166400617,0.1387537726370789,0,0,0,0,0,0,provenance_intervention,PI-0372
PI-0373-0,provenance_intervention,local_life,provenance_intervention,factual_world,Context reports domain item 1 has value 4.,world_claim,third_party,0.95,1,1,0,0,0,paired provenance intervention,,,0.0027868664885621224,0.010996271137161975,0.04823073731325888,0,0,0,0,0,0,provenance_intervention,PI-0373
PI-0373-1,provenance_intervention,local_life,provenance_intervention,factual_world,Context reports domain item 1 has value 4.,world_claim,external_verified,0.95,1,1,0,0,1,paired provenance intervention,,,0.002701834259041184,0.007347384918172594,0.9064881317245946,0,0,1,0,0,1,provenance_intervention,PI-0373
PI-0374-0,provenance_intervention,local_life,provenance_intervention,factual_world,Context reports domain item 2 has value 5.,world_claim,explicit_user,0.95,1,1,0,0,0,paired provenance intervention,,,0.00612717825179109,0.034186140573907606,0.012062961062444724,0,0,0,0,0,0,provenance_intervention,PI-0374
PI-0374-1,provenance_intervention,local_life,provenance_intervention,factual_world,Context reports domain item 2 has value 5.,world_claim,tool_verified,0.95,1,1,0,0,1,paired provenance intervention,,,0.002527931205204667,0.017388855166400617,0.1387537726370789,0,0,0,0,0,0,provenance_intervention,PI-0374
PI-0375-0,provenance_intervention,local_life,provenance_intervention,factual_world,Context reports domain item 2 has value 5.,world_claim,third_party,0.95,1,1,0,0,0,paired provenance intervention,,,0.0027868664885621224,0.010996271137161975,0.04823073731325888,0,0,0,0,0,0,provenance_intervention,PI-0375
PI-0375-1,provenance_intervention,local_life,provenance_intervention,factual_world,Context reports domain item 2 has value 5.,world_claim,external_verified,0.95,1,1,0,0,1,paired provenance intervention,,,0.002701834259041184,0.007347384918172594,0.9064881317245946,0,0,1,0,0,1,provenance_intervention,PI-0375
PI-0376-0,provenance_intervention,local_life,provenance_intervention,factual_world,Context reports domain item 3 has value 6.,world_claim,explicit_user,0.95,1,1,0,0,0,paired provenance intervention,,,0.00612717825179109,0.034186140573907606,0.012062961062444724,0,0,0,0,0,0,provenance_intervention,PI-0376
PI-0376-1,provenance_intervention,local_life,provenance_intervention,factual_world,Context reports domain item 3 has value 6.,world_claim,tool_verified,0.95,1,1,0,0,1,paired provenance intervention,,,0.002527931205204667,0.017388855166400617,0.1387537726370789,0,0,0,0,0,0,provenance_intervention,PI-0376
PI-0377-0,provenance_intervention,local_life,provenance_intervention,factual_world,Context reports domain item 3 has value 6.,world_claim,third_party,0.95,1,1,0,0,0,paired provenance intervention,,,0.0027868664885621224,0.010996271137161975,0.04823073731325888,0,0,0,0,0,0,provenance_intervention,PI-0377
PI-0377-1,provenance_intervention,local_life,provenance_intervention,factual_world,Context reports domain item 3 has value 6.,world_claim,external_verified,0.95,1,1,0,0,1,paired provenance intervention,,,0.002701834259041184,0.007347384918172594,0.9064881317245946,0,0,1,0,0,1,provenance_intervention,PI-0377
PI-0378-0,provenance_intervention,local_life,provenance_intervention,factual_world,Context reports domain item 4 has value 0.,world_claim,explicit_user,0.95,1,1,0,0,0,paired provenance intervention,,,0.00612717825179109,0.034186140573907606,0.012062961062444724,0,0,0,0,0,0,provenance_intervention,PI-0378
PI-0378-1,provenance_intervention,local_life,provenance_intervention,factual_world,Context reports domain item 4 has value 0.,world_claim,tool_verified,0.95,1,1,0,0,1,paired provenance intervention,,,0.002527931205204667,0.017388855166400617,0.1387537726370789,0,0,0,0,0,0,provenance_intervention,PI-0378
PI-0379-0,provenance_intervention,local_life,provenance_intervention,factual_world,Context reports domain item 4 has value 0.,world_claim,third_party,0.95,1,1,0,0,0,paired provenance intervention,,,0.0027868664885621224,0.010996271137161975,0.04823073731325888,0,0,0,0,0,0,provenance_intervention,PI-0379
PI-0379-1,provenance_intervention,local_life,provenance_intervention,factual_world,Context reports domain item 4 has value 0.,world_claim,external_verified,0.95,1,1,0,0,1,paired provenance intervention,,,0.002701834259041184,0.007347384918172594,0.9064881317245946,0,0,1,0,0,1,provenance_intervention,PI-0379
PI-0380-0,provenance_intervention,local_life,provenance_intervention,factual_world,Context reports domain item 5 has value 1.,world_claim,explicit_user,0.95,1,1,0,0,0,paired provenance intervention,,,0.00612717825179109,0.034186140573907606,0.012062961062444724,0,0,0,0,0,0,provenance_intervention,PI-0380
PI-0380-1,provenance_intervention,local_life,provenance_intervention,factual_world,Context reports domain item 5 has value 1.,world_claim,tool_verified,0.95,1,1,0,0,1,paired provenance intervention,,,0.002527931205204667,0.017388855166400617,0.1387537726370789,0,0,0,0,0,0,provenance_intervention,PI-0380
PI-0381-0,provenance_intervention,local_life,provenance_intervention,factual_world,Context reports domain item 5 has value 1.,world_claim,third_party,0.95,1,1,0,0,0,paired provenance intervention,,,0.0027868664885621224,0.010996271137161975,0.04823073731325888,0,0,0,0,0,0,provenance_intervention,PI-0381
PI-0381-1,provenance_intervention,local_life,provenance_intervention,factual_world,Context reports domain item 5 has value 1.,world_claim,external_verified,0.95,1,1,0,0,1,paired provenance intervention,,,0.002701834259041184,0.007347384918172594,0.9064881317245946,0,0,1,0,0,1,provenance_intervention,PI-0381
PI-0382-0,provenance_intervention,local_life,provenance_intervention,factual_world,Context reports domain item 6 has value 2.,world_claim,explicit_user,0.95,1,1,0,0,0,paired provenance intervention,,,0.00612717825179109,0.034186140573907606,0.012062961062444724,0,0,0,0,0,0,provenance_intervention,PI-0382
PI-0382-1,provenance_intervention,local_life,provenance_intervention,factual_world,Context reports domain item 6 has value 2.,world_claim,tool_verified,0.95,1,1,0,0,1,paired provenance intervention,,,0.002527931205204667,0.017388855166400617,0.1387537726370789,0,0,0,0,0,0,provenance_intervention,PI-0382
PI-0383-0,provenance_intervention,local_life,provenance_intervention,factual_world,Context reports domain item 6 has value 2.,world_claim,third_party,0.95,1,1,0,0,0,paired provenance intervention,,,0.0027868664885621224,0.010996271137161975,0.04823073731325888,0,0,0,0,0,0,provenance_intervention,PI-0383
PI-0383-1,provenance_intervention,local_life,provenance_intervention,factual_world,Context reports domain item 6 has value 2.,world_claim,external_verified,0.95,1,1,0,0,1,paired provenance intervention,,,0.002701834259041184,0.007347384918172594,0.9064881317245946,0,0,1,0,0,1,provenance_intervention,PI-0383
PI-0384-0,provenance_intervention,local_life,provenance_intervention,factual_world,Context reports domain item 7 has value 3.,world_claim,explicit_user,0.95,1,1,0,0,0,paired provenance intervention,,,0.00612717825179109,0.034186140573907606,0.012062961062444724,0,0,0,0,0,0,provenance_intervention,PI-0384
PI-0384-1,provenance_intervention,local_life,provenance_intervention,factual_world,Context reports domain item 7 has value 3.,world_claim,tool_verified,0.95,1,1,0,0,1,paired provenance intervention,,,0.002527931205204667,0.017388855166400617,0.1387537726370789,0,0,0,0,0,0,provenance_intervention,PI-0384
PI-0385-0,provenance_intervention,local_life,provenance_intervention,factual_world,Context reports domain item 7 has value 3.,world_claim,third_party,0.95,1,1,0,0,0,paired provenance intervention,,,0.0027868664885621224,0.010996271137161975,0.04823073731325888,0,0,0,0,0,0,provenance_intervention,PI-0385
PI-0385-1,provenance_intervention,local_life,provenance_intervention,factual_world,Context reports domain item 7 has value 3.,world_claim,external_verified,0.95,1,1,0,0,1,paired provenance intervention,,,0.002701834259041184,0.007347384918172594,0.9064881317245946,0,0,1,0,0,1,provenance_intervention,PI-0385
PI-0386-0,provenance_intervention,local_life,provenance_intervention,factual_world,Context reports domain item 8 has value 4.,world_claim,explicit_user,0.95,1,1,0,0,0,paired provenance intervention,,,0.00612717825179109,0.034186140573907606,0.012062961062444724,0,0,0,0,0,0,provenance_intervention,PI-0386
PI-0386-1,provenance_intervention,local_life,provenance_intervention,factual_world,Context reports domain item 8 has value 4.,world_claim,tool_verified,0.95,1,1,0,0,1,paired provenance intervention,,,0.002527931205204667,0.017388855166400617,0.1387537726370789,0,0,0,0,0,0,provenance_intervention,PI-0386
PI-0387-0,provenance_intervention,local_life,provenance_intervention,factual_world,Context reports domain item 8 has value 4.,world_claim,third_party,0.95,1,1,0,0,0,paired provenance intervention,,,0.0027868664885621224,0.010996271137161975,0.04823073731325888,0,0,0,0,0,0,provenance_intervention,PI-0387
PI-0387-1,provenance_intervention,local_life,provenance_intervention,factual_world,Context reports domain item 8 has value 4.,world_claim,external_verified,0.95,1,1,0,0,1,paired provenance intervention,,,0.002701834259041184,0.007347384918172594,0.9064881317245946,0,0,1,0,0,1,provenance_intervention,PI-0387
PI-0388-0,provenance_intervention,local_life,provenance_intervention,factual_world,Context reports domain item 9 has value 5.,world_claim,explicit_user,0.95,1,1,0,0,0,paired provenance intervention,,,0.00612717825179109,0.034186140573907606,0.012062961062444724,0,0,0,0,0,0,provenance_intervention,PI-0388
PI-0388-1,provenance_intervention,local_life,provenance_intervention,factual_world,Context reports domain item 9 has value 5.,world_claim,tool_verified,0.95,1,1,0,0,1,paired provenance intervention,,,0.002527931205204667,0.017388855166400617,0.1387537726370789,0,0,0,0,0,0,provenance_intervention,PI-0388
PI-0389-0,provenance_intervention,local_life,provenance_intervention,factual_world,Context reports domain item 9 has value 5.,world_claim,third_party,0.95,1,1,0,0,0,paired provenance intervention,,,0.0027868664885621224,0.010996271137161975,0.04823073731325888,0,0,0,0,0,0,provenance_intervention,PI-0389
PI-0389-1,provenance_intervention,local_life,provenance_intervention,factual_world,Context reports domain item 9 has value 5.,world_claim,external_verified,0.95,1,1,0,0,1,paired provenance intervention,,,0.002701834259041184,0.007347384918172594,0.9064881317245946,0,0,1,0,0,1,provenance_intervention,PI-0389
PI-0390-0,provenance_intervention,local_life,provenance_intervention,factual_world,Context reports domain item 0 has value 6.,world_claim,explicit_user,0.95,1,1,0,0,0,paired provenance intervention,,,0.00612717825179109,0.034186140573907606,0.012062961062444724,0,0,0,0,0,0,provenance_intervention,PI-0390
PI-0390-1,provenance_intervention,local_life,provenance_intervention,factual_world,Context reports domain item 0 has value 6.,world_claim,tool_verified,0.95,1,1,0,0,1,paired provenance intervention,,,0.002527931205204667,0.017388855166400617,0.1387537726370789,0,0,0,0,0,0,provenance_intervention,PI-0390
PI-0391-0,provenance_intervention,local_life,provenance_intervention,factual_world,Context reports domain item 0 has value 6.,world_claim,third_party,0.95,1,1,0,0,0,paired provenance intervention,,,0.0027868664885621224,0.010996271137161975,0.04823073731325888,0,0,0,0,0,0,provenance_intervention,PI-0391
PI-0391-1,provenance_intervention,local_life,provenance_intervention,factual_world,Context reports domain item 0 has value 6.,world_claim,external_verified,0.95,1,1,0,0,1,paired provenance intervention,,,0.002701834259041184,0.007347384918172594,0.9064881317245946,0,0,1,0,0,1,provenance_intervention,PI-0391
PI-0392-0,provenance_intervention,local_life,provenance_intervention,factual_world,Context reports domain item 1 has value 0.,world_claim,explicit_user,0.95,1,1,0,0,0,paired provenance intervention,,,0.00612717825179109,0.034186140573907606,0.012062961062444724,0,0,0,0,0,0,provenance_intervention,PI-0392
PI-0392-1,provenance_intervention,local_life,provenance_intervention,factual_world,Context reports domain item 1 has value 0.,world_claim,tool_verified,0.95,1,1,0,0,1,paired provenance intervention,,,0.002527931205204667,0.017388855166400617,0.1387537726370789,0,0,0,0,0,0,provenance_intervention,PI-0392
PI-0393-0,provenance_intervention,local_life,provenance_intervention,factual_world,Context reports domain item 1 has value 0.,world_claim,third_party,0.95,1,1,0,0,0,paired provenance intervention,,,0.0027868664885621224,0.010996271137161975,0.04823073731325888,0,0,0,0,0,0,provenance_intervention,PI-0393
PI-0393-1,provenance_intervention,local_life,provenance_intervention,factual_world,Context reports domain item 1 has value 0.,world_claim,external_verified,0.95,1,1,0,0,1,paired provenance intervention,,,0.002701834259041184,0.007347384918172594,0.9064881317245946,0,0,1,0,0,1,provenance_intervention,PI-0393
PI-0394-0,provenance_intervention,local_life,provenance_intervention,factual_world,Context reports domain item 2 has value 1.,world_claim,explicit_user,0.95,1,1,0,0,0,paired provenance intervention,,,0.00612717825179109,0.034186140573907606,0.012062961062444724,0,0,0,0,0,0,provenance_intervention,PI-0394
PI-0394-1,provenance_intervention,local_life,provenance_intervention,factual_world,Context reports domain item 2 has value 1.,world_claim,tool_verified,0.95,1,1,0,0,1,paired provenance intervention,,,0.002527931205204667,0.017388855166400617,0.1387537726370789,0,0,0,0,0,0,provenance_intervention,PI-0394
PI-0395-0,provenance_intervention,local_life,provenance_intervention,factual_world,Context reports domain item 2 has value 1.,world_claim,third_party,0.95,1,1,0,0,0,paired provenance intervention,,,0.0027868664885621224,0.010996271137161975,0.04823073731325888,0,0,0,0,0,0,provenance_intervention,PI-0395
PI-0395-1,provenance_intervention,local_life,provenance_intervention,factual_world,Context reports domain item 2 has value 1.,world_claim,external_verified,0.95,1,1,0,0,1,paired provenance intervention,,,0.002701834259041184,0.007347384918172594,0.9064881317245946,0,0,1,0,0,1,provenance_intervention,PI-0395
PI-0396-0,provenance_intervention,local_life,provenance_intervention,factual_world,Context reports domain item 3 has value 2.,world_claim,explicit_user,0.95,1,1,0,0,0,paired provenance intervention,,,0.00612717825179109,0.034186140573907606,0.012062961062444724,0,0,0,0,0,0,provenance_intervention,PI-0396
PI-0396-1,provenance_intervention,local_life,provenance_intervention,factual_world,Context reports domain item 3 has value 2.,world_claim,tool_verified,0.95,1,1,0,0,1,paired provenance intervention,,,0.002527931205204667,0.017388855166400617,0.1387537726370789,0,0,0,0,0,0,provenance_intervention,PI-0396
PI-0397-0,provenance_intervention,local_life,provenance_intervention,factual_world,Context reports domain item 3 has value 2.,world_claim,third_party,0.95,1,1,0,0,0,paired provenance intervention,,,0.0027868664885621224,0.010996271137161975,0.04823073731325888,0,0,0,0,0,0,provenance_intervention,PI-0397
PI-0397-1,provenance_intervention,local_life,provenance_intervention,factual_world,Context reports domain item 3 has value 2.,world_claim,external_verified,0.95,1,1,0,0,1,paired provenance intervention,,,0.002701834259041184,0.007347384918172594,0.9064881317245946,0,0,1,0,0,1,provenance_intervention,PI-0397
PI-0398-0,provenance_intervention,local_life,provenance_intervention,factual_world,Context reports domain item 4 has value 3.,world_claim,explicit_user,0.95,1,1,0,0,0,paired provenance intervention,,,0.00612717825179109,0.034186140573907606,0.012062961062444724,0,0,0,0,0,0,provenance_intervention,PI-0398
PI-0398-1,provenance_intervention,local_life,provenance_intervention,factual_world,Context reports domain item 4 has value 3.,world_claim,tool_verified,0.95,1,1,0,0,1,paired provenance intervention,,,0.002527931205204667,0.017388855166400617,0.1387537726370789,0,0,0,0,0,0,provenance_intervention,PI-0398
PI-0399-0,provenance_intervention,local_life,provenance_intervention,factual_world,Context reports domain item 4 has value 3.,world_claim,third_party,0.95,1,1,0,0,0,paired provenance intervention,,,0.0027868664885621224,0.010996271137161975,0.04823073731325888,0,0,0,0,0,0,provenance_intervention,PI-0399
PI-0399-1,provenance_intervention,local_life,provenance_intervention,factual_world,Context reports domain item 4 has value 3.,world_claim,external_verified,0.95,1,1,0,0,1,paired provenance intervention,,,0.002701834259041184,0.007347384918172594,0.9064881317245946,0,0,1,0,0,1,provenance_intervention,PI-0399
