case_id,policy,task_kind,scope,provenance,expected_evidence,pred_evidence,correct
0,naive,factual_world,world_claim,explicit_user,0,1,0
0,cgsp_fixed,factual_world,world_claim,explicit_user,0,0,1
0,plp,factual_world,world_claim,explicit_user,0,0,1
1,naive,factual_world,world_claim,inferred,0,0,1
1,cgsp_fixed,factual_world,world_claim,inferred,0,0,1
1,plp,factual_world,world_claim,inferred,0,0,1
2,naive,factual_world,world_claim,tool_verified,1,1,1
2,cgsp_fixed,factual_world,world_claim,tool_verified,1,0,0
2,plp,factual_world,world_claim,tool_verified,1,1,1
3,naive,factual_world,world_claim,external_verified,1,1,1
3,cgsp_fixed,factual_world,world_claim,external_verified,1,0,0
3,plp,factual_world,world_claim,external_verified,1,1,1
4,naive,personal_state,personal_state,explicit_user,1,1,1
4,cgsp_fixed,personal_state,personal_state,explicit_user,1,0,0
4,plp,personal_state,personal_state,explicit_user,1,1,1
5,naive,personal_state,personal_state,tool_verified,1,1,1
5,cgsp_fixed,personal_state,personal_state,tool_verified,1,0,0
5,plp,personal_state,personal_state,tool_verified,1,1,1
6,naive,factual_world,personal_state,explicit_user,0,1,0
6,cgsp_fixed,factual_world,personal_state,explicit_user,0,0,1
6,plp,factual_world,personal_state,explicit_user,0,0,1
7,naive,recommendation,preference,explicit_user,0,0,1
7,cgsp_fixed,recommendation,preference,explicit_user,0,0,1
7,plp,recommendation,preference,explicit_user,0,0,1
8,naive,planning,constraint,explicit_user,0,0,1
8,cgsp_fixed,planning,constraint,explicit_user,0,0,1
8,plp,planning,constraint,explicit_user,0,0,1
9,naive,style,presentation,explicit_user,0,0,1
9,cgsp_fixed,style,presentation,explicit_user,0,0,1
9,plp,style,presentation,explicit_user,0,0,1
10,naive,factual_world,world_claim,explicit_user,0,1,0
10,cgsp_fixed,factual_world,world_claim,explicit_user,0,0,1
10,plp,factual_world,world_claim,explicit_user,0,0,1
11,naive,factual_world,world_claim,inferred,0,0,1
11,cgsp_fixed,factual_world,world_claim,inferred,0,0,1
11,plp,factual_world,world_claim,inferred,0,0,1
12,naive,factual_world,world_claim,tool_verified,1,1,1
12,cgsp_fixed,factual_world,world_claim,tool_verified,1,0,0
12,plp,factual_world,world_claim,tool_verified,1,1,1
13,naive,factual_world,world_claim,external_verified,1,1,1
13,cgsp_fixed,factual_world,world_claim,external_verified,1,0,0
13,plp,factual_world,world_claim,external_verified,1,1,1
14,naive,personal_state,personal_state,explicit_user,1,1,1
14,cgsp_fixed,personal_state,personal_state,explicit_user,1,0,0
14,plp,personal_state,personal_state,explicit_user,1,1,1
15,naive,personal_state,personal_state,tool_verified,1,1,1
15,cgsp_fixed,personal_state,personal_state,tool_verified,1,0,0
15,plp,personal_state,personal_state,tool_verified,1,1,1
16,naive,factual_world,personal_state,explicit_user,0,1,0
16,cgsp_fixed,factual_world,personal_state,explicit_user,0,0,1
16,plp,factual_world,personal_state,explicit_user,0,0,1
17,naive,recommendation,preference,explicit_user,0,0,1
17,cgsp_fixed,recommendation,preference,explicit_user,0,0,1
17,plp,recommendation,preference,explicit_user,0,0,1
18,naive,planning,constraint,explicit_user,0,0,1
18,cgsp_fixed,planning,constraint,explicit_user,0,0,1
18,plp,planning,constraint,explicit_user,0,0,1
19,naive,style,presentation,explicit_user,0,0,1
19,cgsp_fixed,style,presentation,explicit_user,0,0,1
19,plp,style,presentation,explicit_user,0,0,1
20,naive,factual_world,world_claim,explicit_user,0,1,0
20,cgsp_fixed,factual_world,world_claim,explicit_user,0,0,1
20,plp,factual_world,world_claim,explicit_user,0,0,1
21,naive,factual_world,world_claim,inferred,0,0,1
21,cgsp_fixed,factual_world,world_claim,inferred,0,0,1
21,plp,factual_world,world_claim,inferred,0,0,1
22,naive,factual_world,world_claim,tool_verified,1,1,1
22,cgsp_fixed,factual_world,world_claim,tool_verified,1,0,0
22,plp,factual_world,world_claim,tool_verified,1,1,1
23,naive,factual_world,world_claim,external_verified,1,1,1
23,cgsp_fixed,factual_world,world_claim,external_verified,1,0,0
23,plp,factual_world,world_claim,external_verified,1,1,1
24,naive,personal_state,personal_state,explicit_user,1,1,1
24,cgsp_fixed,personal_state,personal_state,explicit_user,1,0,0
24,plp,personal_state,personal_state,explicit_user,1,1,1
25,naive,personal_state,personal_state,tool_verified,1,1,1
25,cgsp_fixed,personal_state,personal_state,tool_verified,1,0,0
25,plp,personal_state,personal_state,tool_verified,1,1,1
26,naive,factual_world,personal_state,explicit_user,0,1,0
26,cgsp_fixed,factual_world,personal_state,explicit_user,0,0,1
26,plp,factual_world,personal_state,explicit_user,0,0,1
27,naive,recommendation,preference,explicit_user,0,0,1
27,cgsp_fixed,recommendation,preference,explicit_user,0,0,1
27,plp,recommendation,preference,explicit_user,0,0,1
28,naive,planning,constraint,explicit_user,0,0,1
28,cgsp_fixed,planning,constraint,explicit_user,0,0,1
28,plp,planning,constraint,explicit_user,0,0,1
29,naive,style,presentation,explicit_user,0,0,1
29,cgsp_fixed,style,presentation,explicit_user,0,0,1
29,plp,style,presentation,explicit_user,0,0,1
30,naive,factual_world,world_claim,explicit_user,0,1,0
30,cgsp_fixed,factual_world,world_claim,explicit_user,0,0,1
30,plp,factual_world,world_claim,explicit_user,0,0,1
31,naive,factual_world,world_claim,inferred,0,0,1
31,cgsp_fixed,factual_world,world_claim,inferred,0,0,1
31,plp,factual_world,world_claim,inferred,0,0,1
32,naive,factual_world,world_claim,tool_verified,1,1,1
32,cgsp_fixed,factual_world,world_claim,tool_verified,1,0,0
32,plp,factual_world,world_claim,tool_verified,1,1,1
33,naive,factual_world,world_claim,external_verified,1,1,1
33,cgsp_fixed,factual_world,world_claim,external_verified,1,0,0
33,plp,factual_world,world_claim,external_verified,1,1,1
34,naive,personal_state,personal_state,explicit_user,1,1,1
34,cgsp_fixed,personal_state,personal_state,explicit_user,1,0,0
34,plp,personal_state,personal_state,explicit_user,1,1,1
35,naive,personal_state,personal_state,tool_verified,1,1,1
35,cgsp_fixed,personal_state,personal_state,tool_verified,1,0,0
35,plp,personal_state,personal_state,tool_verified,1,1,1
36,naive,factual_world,personal_state,explicit_user,0,1,0
36,cgsp_fixed,factual_world,personal_state,explicit_user,0,0,1
36,plp,factual_world,personal_state,explicit_user,0,0,1
37,naive,recommendation,preference,explicit_user,0,0,1
37,cgsp_fixed,recommendation,preference,explicit_user,0,0,1
37,plp,recommendation,preference,explicit_user,0,0,1
38,naive,planning,constraint,explicit_user,0,0,1
38,cgsp_fixed,planning,constraint,explicit_user,0,0,1
38,plp,planning,constraint,explicit_user,0,0,1
39,naive,style,presentation,explicit_user,0,0,1
39,cgsp_fixed,style,presentation,explicit_user,0,0,1
39,plp,style,presentation,explicit_user,0,0,1
40,naive,factual_world,world_claim,explicit_user,0,1,0
40,cgsp_fixed,factual_world,world_claim,explicit_user,0,0,1
40,plp,factual_world,world_claim,explicit_user,0,0,1
41,naive,factual_world,world_claim,inferred,0,0,1
41,cgsp_fixed,factual_world,world_claim,inferred,0,0,1
41,plp,factual_world,world_claim,inferred,0,0,1
42,naive,factual_world,world_claim,tool_verified,1,1,1
42,cgsp_fixed,factual_world,world_claim,tool_verified,1,0,0
42,plp,factual_world,world_claim,tool_verified,1,1,1
43,naive,factual_world,world_claim,external_verified,1,1,1
43,cgsp_fixed,factual_world,world_claim,external_verified,1,0,0
43,plp,factual_world,world_claim,external_verified,1,1,1
44,naive,personal_state,personal_state,explicit_user,1,1,1
44,cgsp_fixed,personal_state,personal_state,explicit_user,1,0,0
44,plp,personal_state,personal_state,explicit_user,1,1,1
45,naive,personal_state,personal_state,tool_verified,1,1,1
45,cgsp_fixed,personal_state,personal_state,tool_verified,1,0,0
45,plp,personal_state,personal_state,tool_verified,1,1,1
46,naive,factual_world,personal_state,explicit_user,0,1,0
46,cgsp_fixed,factual_world,personal_state,explicit_user,0,0,1
46,plp,factual_world,personal_state,explicit_user,0,0,1
47,naive,recommendation,preference,explicit_user,0,0,1
47,cgsp_fixed,recommendation,preference,explicit_user,0,0,1
47,plp,recommendation,preference,explicit_user,0,0,1
48,naive,planning,constraint,explicit_user,0,0,1
48,cgsp_fixed,planning,constraint,explicit_user,0,0,1
48,plp,planning,constraint,explicit_user,0,0,1
49,naive,style,presentation,explicit_user,0,0,1
49,cgsp_fixed,style,presentation,explicit_user,0,0,1
49,plp,style,presentation,explicit_user,0,0,1
50,naive,factual_world,world_claim,explicit_user,0,1,0
50,cgsp_fixed,factual_world,world_claim,explicit_user,0,0,1
50,plp,factual_world,world_claim,explicit_user,0,0,1
51,naive,factual_world,world_claim,inferred,0,0,1
51,cgsp_fixed,factual_world,world_claim,inferred,0,0,1
51,plp,factual_world,world_claim,inferred,0,0,1
52,naive,factual_world,world_claim,tool_verified,1,1,1
52,cgsp_fixed,factual_world,world_claim,tool_verified,1,0,0
52,plp,factual_world,world_claim,tool_verified,1,1,1
53,naive,factual_world,world_claim,external_verified,1,1,1
53,cgsp_fixed,factual_world,world_claim,external_verified,1,0,0
53,plp,factual_world,world_claim,external_verified,1,1,1
54,naive,personal_state,personal_state,explicit_user,1,1,1
54,cgsp_fixed,personal_state,personal_state,explicit_user,1,0,0
54,plp,personal_state,personal_state,explicit_user,1,1,1
55,naive,personal_state,personal_state,tool_verified,1,1,1
55,cgsp_fixed,personal_state,personal_state,tool_verified,1,0,0
55,plp,personal_state,personal_state,tool_verified,1,1,1
56,naive,factual_world,personal_state,explicit_user,0,1,0
56,cgsp_fixed,factual_world,personal_state,explicit_user,0,0,1
56,plp,factual_world,personal_state,explicit_user,0,0,1
57,naive,recommendation,preference,explicit_user,0,0,1
57,cgsp_fixed,recommendation,preference,explicit_user,0,0,1
57,plp,recommendation,preference,explicit_user,0,0,1
58,naive,planning,constraint,explicit_user,0,0,1
58,cgsp_fixed,planning,constraint,explicit_user,0,0,1
58,plp,planning,constraint,explicit_user,0,0,1
59,naive,style,presentation,explicit_user,0,0,1
59,cgsp_fixed,style,presentation,explicit_user,0,0,1
59,plp,style,presentation,explicit_user,0,0,1
60,naive,factual_world,world_claim,explicit_user,0,1,0
60,cgsp_fixed,factual_world,world_claim,explicit_user,0,0,1
60,plp,factual_world,world_claim,explicit_user,0,0,1
61,naive,factual_world,world_claim,inferred,0,0,1
61,cgsp_fixed,factual_world,world_claim,inferred,0,0,1
61,plp,factual_world,world_claim,inferred,0,0,1
62,naive,factual_world,world_claim,tool_verified,1,1,1
62,cgsp_fixed,factual_world,world_claim,tool_verified,1,0,0
62,plp,factual_world,world_claim,tool_verified,1,1,1
63,naive,factual_world,world_claim,external_verified,1,1,1
63,cgsp_fixed,factual_world,world_claim,external_verified,1,0,0
63,plp,factual_world,world_claim,external_verified,1,1,1
64,naive,personal_state,personal_state,explicit_user,1,1,1
64,cgsp_fixed,personal_state,personal_state,explicit_user,1,0,0
64,plp,personal_state,personal_state,explicit_user,1,1,1
65,naive,personal_state,personal_state,tool_verified,1,1,1
65,cgsp_fixed,personal_state,personal_state,tool_verified,1,0,0
65,plp,personal_state,personal_state,tool_verified,1,1,1
66,naive,factual_world,personal_state,explicit_user,0,1,0
66,cgsp_fixed,factual_world,personal_state,explicit_user,0,0,1
66,plp,factual_world,personal_state,explicit_user,0,0,1
67,naive,recommendation,preference,explicit_user,0,0,1
67,cgsp_fixed,recommendation,preference,explicit_user,0,0,1
67,plp,recommendation,preference,explicit_user,0,0,1
68,naive,planning,constraint,explicit_user,0,0,1
68,cgsp_fixed,planning,constraint,explicit_user,0,0,1
68,plp,planning,constraint,explicit_user,0,0,1
69,naive,style,presentation,explicit_user,0,0,1
69,cgsp_fixed,style,presentation,explicit_user,0,0,1
69,plp,style,presentation,explicit_user,0,0,1
70,naive,factual_world,world_claim,explicit_user,0,1,0
70,cgsp_fixed,factual_world,world_claim,explicit_user,0,0,1
70,plp,factual_world,world_claim,explicit_user,0,0,1
71,naive,factual_world,world_claim,inferred,0,0,1
71,cgsp_fixed,factual_world,world_claim,inferred,0,0,1
71,plp,factual_world,world_claim,inferred,0,0,1
72,naive,factual_world,world_claim,tool_verified,1,1,1
72,cgsp_fixed,factual_world,world_claim,tool_verified,1,0,0
72,plp,factual_world,world_claim,tool_verified,1,1,1
73,naive,factual_world,world_claim,external_verified,1,1,1
73,cgsp_fixed,factual_world,world_claim,external_verified,1,0,0
73,plp,factual_world,world_claim,external_verified,1,1,1
74,naive,personal_state,personal_state,explicit_user,1,1,1
74,cgsp_fixed,personal_state,personal_state,explicit_user,1,0,0
74,plp,personal_state,personal_state,explicit_user,1,1,1
75,naive,personal_state,personal_state,tool_verified,1,1,1
75,cgsp_fixed,personal_state,personal_state,tool_verified,1,0,0
75,plp,personal_state,personal_state,tool_verified,1,1,1
76,naive,factual_world,personal_state,explicit_user,0,1,0
76,cgsp_fixed,factual_world,personal_state,explicit_user,0,0,1
76,plp,factual_world,personal_state,explicit_user,0,0,1
77,naive,recommendation,preference,explicit_user,0,0,1
77,cgsp_fixed,recommendation,preference,explicit_user,0,0,1
77,plp,recommendation,preference,explicit_user,0,0,1
78,naive,planning,constraint,explicit_user,0,0,1
78,cgsp_fixed,planning,constraint,explicit_user,0,0,1
78,plp,planning,constraint,explicit_user,0,0,1
79,naive,style,presentation,explicit_user,0,0,1
79,cgsp_fixed,style,presentation,explicit_user,0,0,1
79,plp,style,presentation,explicit_user,0,0,1
80,naive,factual_world,world_claim,explicit_user,0,1,0
80,cgsp_fixed,factual_world,world_claim,explicit_user,0,0,1
80,plp,factual_world,world_claim,explicit_user,0,0,1
81,naive,factual_world,world_claim,inferred,0,0,1
81,cgsp_fixed,factual_world,world_claim,inferred,0,0,1
81,plp,factual_world,world_claim,inferred,0,0,1
82,naive,factual_world,world_claim,tool_verified,1,1,1
82,cgsp_fixed,factual_world,world_claim,tool_verified,1,0,0
82,plp,factual_world,world_claim,tool_verified,1,1,1
83,naive,factual_world,world_claim,external_verified,1,1,1
83,cgsp_fixed,factual_world,world_claim,external_verified,1,0,0
83,plp,factual_world,world_claim,external_verified,1,1,1
84,naive,personal_state,personal_state,explicit_user,1,1,1
84,cgsp_fixed,personal_state,personal_state,explicit_user,1,0,0
84,plp,personal_state,personal_state,explicit_user,1,1,1
85,naive,personal_state,personal_state,tool_verified,1,1,1
85,cgsp_fixed,personal_state,personal_state,tool_verified,1,0,0
85,plp,personal_state,personal_state,tool_verified,1,1,1
86,naive,factual_world,personal_state,explicit_user,0,1,0
86,cgsp_fixed,factual_world,personal_state,explicit_user,0,0,1
86,plp,factual_world,personal_state,explicit_user,0,0,1
87,naive,recommendation,preference,explicit_user,0,0,1
87,cgsp_fixed,recommendation,preference,explicit_user,0,0,1
87,plp,recommendation,preference,explicit_user,0,0,1
88,naive,planning,constraint,explicit_user,0,0,1
88,cgsp_fixed,planning,constraint,explicit_user,0,0,1
88,plp,planning,constraint,explicit_user,0,0,1
89,naive,style,presentation,explicit_user,0,0,1
89,cgsp_fixed,style,presentation,explicit_user,0,0,1
89,plp,style,presentation,explicit_user,0,0,1
90,naive,factual_world,world_claim,explicit_user,0,1,0
90,cgsp_fixed,factual_world,world_claim,explicit_user,0,0,1
90,plp,factual_world,world_claim,explicit_user,0,0,1
91,naive,factual_world,world_claim,inferred,0,0,1
91,cgsp_fixed,factual_world,world_claim,inferred,0,0,1
91,plp,factual_world,world_claim,inferred,0,0,1
92,naive,factual_world,world_claim,tool_verified,1,1,1
92,cgsp_fixed,factual_world,world_claim,tool_verified,1,0,0
92,plp,factual_world,world_claim,tool_verified,1,1,1
93,naive,factual_world,world_claim,external_verified,1,1,1
93,cgsp_fixed,factual_world,world_claim,external_verified,1,0,0
93,plp,factual_world,world_claim,external_verified,1,1,1
94,naive,personal_state,personal_state,explicit_user,1,1,1
94,cgsp_fixed,personal_state,personal_state,explicit_user,1,0,0
94,plp,personal_state,personal_state,explicit_user,1,1,1
95,naive,personal_state,personal_state,tool_verified,1,1,1
95,cgsp_fixed,personal_state,personal_state,tool_verified,1,0,0
95,plp,personal_state,personal_state,tool_verified,1,1,1
96,naive,factual_world,personal_state,explicit_user,0,1,0
96,cgsp_fixed,factual_world,personal_state,explicit_user,0,0,1
96,plp,factual_world,personal_state,explicit_user,0,0,1
97,naive,recommendation,preference,explicit_user,0,0,1
97,cgsp_fixed,recommendation,preference,explicit_user,0,0,1
97,plp,recommendation,preference,explicit_user,0,0,1
98,naive,planning,constraint,explicit_user,0,0,1
98,cgsp_fixed,planning,constraint,explicit_user,0,0,1
98,plp,planning,constraint,explicit_user,0,0,1
99,naive,style,presentation,explicit_user,0,0,1
99,cgsp_fixed,style,presentation,explicit_user,0,0,1
99,plp,style,presentation,explicit_user,0,0,1
100,naive,factual_world,world_claim,explicit_user,0,1,0
100,cgsp_fixed,factual_world,world_claim,explicit_user,0,0,1
100,plp,factual_world,world_claim,explicit_user,0,0,1
101,naive,factual_world,world_claim,inferred,0,0,1
101,cgsp_fixed,factual_world,world_claim,inferred,0,0,1
101,plp,factual_world,world_claim,inferred,0,0,1
102,naive,factual_world,world_claim,tool_verified,1,1,1
102,cgsp_fixed,factual_world,world_claim,tool_verified,1,0,0
102,plp,factual_world,world_claim,tool_verified,1,1,1
103,naive,factual_world,world_claim,external_verified,1,1,1
103,cgsp_fixed,factual_world,world_claim,external_verified,1,0,0
103,plp,factual_world,world_claim,external_verified,1,1,1
104,naive,personal_state,personal_state,explicit_user,1,1,1
104,cgsp_fixed,personal_state,personal_state,explicit_user,1,0,0
104,plp,personal_state,personal_state,explicit_user,1,1,1
105,naive,personal_state,personal_state,tool_verified,1,1,1
105,cgsp_fixed,personal_state,personal_state,tool_verified,1,0,0
105,plp,personal_state,personal_state,tool_verified,1,1,1
106,naive,factual_world,personal_state,explicit_user,0,1,0
106,cgsp_fixed,factual_world,personal_state,explicit_user,0,0,1
106,plp,factual_world,personal_state,explicit_user,0,0,1
107,naive,recommendation,preference,explicit_user,0,0,1
107,cgsp_fixed,recommendation,preference,explicit_user,0,0,1
107,plp,recommendation,preference,explicit_user,0,0,1
108,naive,planning,constraint,explicit_user,0,0,1
108,cgsp_fixed,planning,constraint,explicit_user,0,0,1
108,plp,planning,constraint,explicit_user,0,0,1
109,naive,style,presentation,explicit_user,0,0,1
109,cgsp_fixed,style,presentation,explicit_user,0,0,1
109,plp,style,presentation,explicit_user,0,0,1
110,naive,factual_world,world_claim,explicit_user,0,1,0
110,cgsp_fixed,factual_world,world_claim,explicit_user,0,0,1
110,plp,factual_world,world_claim,explicit_user,0,0,1
111,naive,factual_world,world_claim,inferred,0,0,1
111,cgsp_fixed,factual_world,world_claim,inferred,0,0,1
111,plp,factual_world,world_claim,inferred,0,0,1
112,naive,factual_world,world_claim,tool_verified,1,1,1
112,cgsp_fixed,factual_world,world_claim,tool_verified,1,0,0
112,plp,factual_world,world_claim,tool_verified,1,1,1
113,naive,factual_world,world_claim,external_verified,1,1,1
113,cgsp_fixed,factual_world,world_claim,external_verified,1,0,0
113,plp,factual_world,world_claim,external_verified,1,1,1
114,naive,personal_state,personal_state,explicit_user,1,1,1
114,cgsp_fixed,personal_state,personal_state,explicit_user,1,0,0
114,plp,personal_state,personal_state,explicit_user,1,1,1
115,naive,personal_state,personal_state,tool_verified,1,1,1
115,cgsp_fixed,personal_state,personal_state,tool_verified,1,0,0
115,plp,personal_state,personal_state,tool_verified,1,1,1
116,naive,factual_world,personal_state,explicit_user,0,1,0
116,cgsp_fixed,factual_world,personal_state,explicit_user,0,0,1
116,plp,factual_world,personal_state,explicit_user,0,0,1
117,naive,recommendation,preference,explicit_user,0,0,1
117,cgsp_fixed,recommendation,preference,explicit_user,0,0,1
117,plp,recommendation,preference,explicit_user,0,0,1
118,naive,planning,constraint,explicit_user,0,0,1
118,cgsp_fixed,planning,constraint,explicit_user,0,0,1
118,plp,planning,constraint,explicit_user,0,0,1
119,naive,style,presentation,explicit_user,0,0,1
119,cgsp_fixed,style,presentation,explicit_user,0,0,1
119,plp,style,presentation,explicit_user,0,0,1
120,naive,factual_world,world_claim,explicit_user,0,1,0
120,cgsp_fixed,factual_world,world_claim,explicit_user,0,0,1
120,plp,factual_world,world_claim,explicit_user,0,0,1
121,naive,factual_world,world_claim,inferred,0,0,1
121,cgsp_fixed,factual_world,world_claim,inferred,0,0,1
121,plp,factual_world,world_claim,inferred,0,0,1
122,naive,factual_world,world_claim,tool_verified,1,1,1
122,cgsp_fixed,factual_world,world_claim,tool_verified,1,0,0
122,plp,factual_world,world_claim,tool_verified,1,1,1
123,naive,factual_world,world_claim,external_verified,1,1,1
123,cgsp_fixed,factual_world,world_claim,external_verified,1,0,0
123,plp,factual_world,world_claim,external_verified,1,1,1
124,naive,personal_state,personal_state,explicit_user,1,1,1
124,cgsp_fixed,personal_state,personal_state,explicit_user,1,0,0
124,plp,personal_state,personal_state,explicit_user,1,1,1
125,naive,personal_state,personal_state,tool_verified,1,1,1
125,cgsp_fixed,personal_state,personal_state,tool_verified,1,0,0
125,plp,personal_state,personal_state,tool_verified,1,1,1
126,naive,factual_world,personal_state,explicit_user,0,1,0
126,cgsp_fixed,factual_world,personal_state,explicit_user,0,0,1
126,plp,factual_world,personal_state,explicit_user,0,0,1
127,naive,recommendation,preference,explicit_user,0,0,1
127,cgsp_fixed,recommendation,preference,explicit_user,0,0,1
127,plp,recommendation,preference,explicit_user,0,0,1
128,naive,planning,constraint,explicit_user,0,0,1
128,cgsp_fixed,planning,constraint,explicit_user,0,0,1
128,plp,planning,constraint,explicit_user,0,0,1
129,naive,style,presentation,explicit_user,0,0,1
129,cgsp_fixed,style,presentation,explicit_user,0,0,1
129,plp,style,presentation,explicit_user,0,0,1
130,naive,factual_world,world_claim,explicit_user,0,1,0
130,cgsp_fixed,factual_world,world_claim,explicit_user,0,0,1
130,plp,factual_world,world_claim,explicit_user,0,0,1
131,naive,factual_world,world_claim,inferred,0,0,1
131,cgsp_fixed,factual_world,world_claim,inferred,0,0,1
131,plp,factual_world,world_claim,inferred,0,0,1
132,naive,factual_world,world_claim,tool_verified,1,1,1
132,cgsp_fixed,factual_world,world_claim,tool_verified,1,0,0
132,plp,factual_world,world_claim,tool_verified,1,1,1
133,naive,factual_world,world_claim,external_verified,1,1,1
133,cgsp_fixed,factual_world,world_claim,external_verified,1,0,0
133,plp,factual_world,world_claim,external_verified,1,1,1
134,naive,personal_state,personal_state,explicit_user,1,1,1
134,cgsp_fixed,personal_state,personal_state,explicit_user,1,0,0
134,plp,personal_state,personal_state,explicit_user,1,1,1
135,naive,personal_state,personal_state,tool_verified,1,1,1
135,cgsp_fixed,personal_state,personal_state,tool_verified,1,0,0
135,plp,personal_state,personal_state,tool_verified,1,1,1
136,naive,factual_world,personal_state,explicit_user,0,1,0
136,cgsp_fixed,factual_world,personal_state,explicit_user,0,0,1
136,plp,factual_world,personal_state,explicit_user,0,0,1
137,naive,recommendation,preference,explicit_user,0,0,1
137,cgsp_fixed,recommendation,preference,explicit_user,0,0,1
137,plp,recommendation,preference,explicit_user,0,0,1
138,naive,planning,constraint,explicit_user,0,0,1
138,cgsp_fixed,planning,constraint,explicit_user,0,0,1
138,plp,planning,constraint,explicit_user,0,0,1
139,naive,style,presentation,explicit_user,0,0,1
139,cgsp_fixed,style,presentation,explicit_user,0,0,1
139,plp,style,presentation,explicit_user,0,0,1
140,naive,factual_world,world_claim,explicit_user,0,1,0
140,cgsp_fixed,factual_world,world_claim,explicit_user,0,0,1
140,plp,factual_world,world_claim,explicit_user,0,0,1
141,naive,factual_world,world_claim,inferred,0,0,1
141,cgsp_fixed,factual_world,world_claim,inferred,0,0,1
141,plp,factual_world,world_claim,inferred,0,0,1
142,naive,factual_world,world_claim,tool_verified,1,1,1
142,cgsp_fixed,factual_world,world_claim,tool_verified,1,0,0
142,plp,factual_world,world_claim,tool_verified,1,1,1
143,naive,factual_world,world_claim,external_verified,1,1,1
143,cgsp_fixed,factual_world,world_claim,external_verified,1,0,0
143,plp,factual_world,world_claim,external_verified,1,1,1
144,naive,personal_state,personal_state,explicit_user,1,1,1
144,cgsp_fixed,personal_state,personal_state,explicit_user,1,0,0
144,plp,personal_state,personal_state,explicit_user,1,1,1
145,naive,personal_state,personal_state,tool_verified,1,1,1
145,cgsp_fixed,personal_state,personal_state,tool_verified,1,0,0
145,plp,personal_state,personal_state,tool_verified,1,1,1
146,naive,factual_world,personal_state,explicit_user,0,1,0
146,cgsp_fixed,factual_world,personal_state,explicit_user,0,0,1
146,plp,factual_world,personal_state,explicit_user,0,0,1
147,naive,recommendation,preference,explicit_user,0,0,1
147,cgsp_fixed,recommendation,preference,explicit_user,0,0,1
147,plp,recommendation,preference,explicit_user,0,0,1
148,naive,planning,constraint,explicit_user,0,0,1
148,cgsp_fixed,planning,constraint,explicit_user,0,0,1
148,plp,planning,constraint,explicit_user,0,0,1
149,naive,style,presentation,explicit_user,0,0,1
149,cgsp_fixed,style,presentation,explicit_user,0,0,1
149,plp,style,presentation,explicit_user,0,0,1
150,naive,factual_world,world_claim,explicit_user,0,1,0
150,cgsp_fixed,factual_world,world_claim,explicit_user,0,0,1
150,plp,factual_world,world_claim,explicit_user,0,0,1
151,naive,factual_world,world_claim,inferred,0,0,1
151,cgsp_fixed,factual_world,world_claim,inferred,0,0,1
151,plp,factual_world,world_claim,inferred,0,0,1
152,naive,factual_world,world_claim,tool_verified,1,1,1
152,cgsp_fixed,factual_world,world_claim,tool_verified,1,0,0
152,plp,factual_world,world_claim,tool_verified,1,1,1
153,naive,factual_world,world_claim,external_verified,1,1,1
153,cgsp_fixed,factual_world,world_claim,external_verified,1,0,0
153,plp,factual_world,world_claim,external_verified,1,1,1
154,naive,personal_state,personal_state,explicit_user,1,1,1
154,cgsp_fixed,personal_state,personal_state,explicit_user,1,0,0
154,plp,personal_state,personal_state,explicit_user,1,1,1
155,naive,personal_state,personal_state,tool_verified,1,1,1
155,cgsp_fixed,personal_state,personal_state,tool_verified,1,0,0
155,plp,personal_state,personal_state,tool_verified,1,1,1
156,naive,factual_world,personal_state,explicit_user,0,1,0
156,cgsp_fixed,factual_world,personal_state,explicit_user,0,0,1
156,plp,factual_world,personal_state,explicit_user,0,0,1
157,naive,recommendation,preference,explicit_user,0,0,1
157,cgsp_fixed,recommendation,preference,explicit_user,0,0,1
157,plp,recommendation,preference,explicit_user,0,0,1
158,naive,planning,constraint,explicit_user,0,0,1
158,cgsp_fixed,planning,constraint,explicit_user,0,0,1
158,plp,planning,constraint,explicit_user,0,0,1
159,naive,style,presentation,explicit_user,0,0,1
159,cgsp_fixed,style,presentation,explicit_user,0,0,1
159,plp,style,presentation,explicit_user,0,0,1
160,naive,factual_world,world_claim,explicit_user,0,1,0
160,cgsp_fixed,factual_world,world_claim,explicit_user,0,0,1
160,plp,factual_world,world_claim,explicit_user,0,0,1
161,naive,factual_world,world_claim,inferred,0,0,1
161,cgsp_fixed,factual_world,world_claim,inferred,0,0,1
161,plp,factual_world,world_claim,inferred,0,0,1
162,naive,factual_world,world_claim,tool_verified,1,1,1
162,cgsp_fixed,factual_world,world_claim,tool_verified,1,0,0
162,plp,factual_world,world_claim,tool_verified,1,1,1
163,naive,factual_world,world_claim,external_verified,1,1,1
163,cgsp_fixed,factual_world,world_claim,external_verified,1,0,0
163,plp,factual_world,world_claim,external_verified,1,1,1
164,naive,personal_state,personal_state,explicit_user,1,1,1
164,cgsp_fixed,personal_state,personal_state,explicit_user,1,0,0
164,plp,personal_state,personal_state,explicit_user,1,1,1
165,naive,personal_state,personal_state,tool_verified,1,1,1
165,cgsp_fixed,personal_state,personal_state,tool_verified,1,0,0
165,plp,personal_state,personal_state,tool_verified,1,1,1
166,naive,factual_world,personal_state,explicit_user,0,1,0
166,cgsp_fixed,factual_world,personal_state,explicit_user,0,0,1
166,plp,factual_world,personal_state,explicit_user,0,0,1
167,naive,recommendation,preference,explicit_user,0,0,1
167,cgsp_fixed,recommendation,preference,explicit_user,0,0,1
167,plp,recommendation,preference,explicit_user,0,0,1
168,naive,planning,constraint,explicit_user,0,0,1
168,cgsp_fixed,planning,constraint,explicit_user,0,0,1
168,plp,planning,constraint,explicit_user,0,0,1
169,naive,style,presentation,explicit_user,0,0,1
169,cgsp_fixed,style,presentation,explicit_user,0,0,1
169,plp,style,presentation,explicit_user,0,0,1
170,naive,factual_world,world_claim,explicit_user,0,1,0
170,cgsp_fixed,factual_world,world_claim,explicit_user,0,0,1
170,plp,factual_world,world_claim,explicit_user,0,0,1
171,naive,factual_world,world_claim,inferred,0,0,1
171,cgsp_fixed,factual_world,world_claim,inferred,0,0,1
171,plp,factual_world,world_claim,inferred,0,0,1
172,naive,factual_world,world_claim,tool_verified,1,1,1
172,cgsp_fixed,factual_world,world_claim,tool_verified,1,0,0
172,plp,factual_world,world_claim,tool_verified,1,1,1
173,naive,factual_world,world_claim,external_verified,1,1,1
173,cgsp_fixed,factual_world,world_claim,external_verified,1,0,0
173,plp,factual_world,world_claim,external_verified,1,1,1
174,naive,personal_state,personal_state,explicit_user,1,1,1
174,cgsp_fixed,personal_state,personal_state,explicit_user,1,0,0
174,plp,personal_state,personal_state,explicit_user,1,1,1
175,naive,personal_state,personal_state,tool_verified,1,1,1
175,cgsp_fixed,personal_state,personal_state,tool_verified,1,0,0
175,plp,personal_state,personal_state,tool_verified,1,1,1
176,naive,factual_world,personal_state,explicit_user,0,1,0
176,cgsp_fixed,factual_world,personal_state,explicit_user,0,0,1
176,plp,factual_world,personal_state,explicit_user,0,0,1
177,naive,recommendation,preference,explicit_user,0,0,1
177,cgsp_fixed,recommendation,preference,explicit_user,0,0,1
177,plp,recommendation,preference,explicit_user,0,0,1
178,naive,planning,constraint,explicit_user,0,0,1
178,cgsp_fixed,planning,constraint,explicit_user,0,0,1
178,plp,planning,constraint,explicit_user,0,0,1
179,naive,style,presentation,explicit_user,0,0,1
179,cgsp_fixed,style,presentation,explicit_user,0,0,1
179,plp,style,presentation,explicit_user,0,0,1
180,naive,factual_world,world_claim,explicit_user,0,1,0
180,cgsp_fixed,factual_world,world_claim,explicit_user,0,0,1
180,plp,factual_world,world_claim,explicit_user,0,0,1
181,naive,factual_world,world_claim,inferred,0,0,1
181,cgsp_fixed,factual_world,world_claim,inferred,0,0,1
181,plp,factual_world,world_claim,inferred,0,0,1
182,naive,factual_world,world_claim,tool_verified,1,1,1
182,cgsp_fixed,factual_world,world_claim,tool_verified,1,0,0
182,plp,factual_world,world_claim,tool_verified,1,1,1
183,naive,factual_world,world_claim,external_verified,1,1,1
183,cgsp_fixed,factual_world,world_claim,external_verified,1,0,0
183,plp,factual_world,world_claim,external_verified,1,1,1
184,naive,personal_state,personal_state,explicit_user,1,1,1
184,cgsp_fixed,personal_state,personal_state,explicit_user,1,0,0
184,plp,personal_state,personal_state,explicit_user,1,1,1
185,naive,personal_state,personal_state,tool_verified,1,1,1
185,cgsp_fixed,personal_state,personal_state,tool_verified,1,0,0
185,plp,personal_state,personal_state,tool_verified,1,1,1
186,naive,factual_world,personal_state,explicit_user,0,1,0
186,cgsp_fixed,factual_world,personal_state,explicit_user,0,0,1
186,plp,factual_world,personal_state,explicit_user,0,0,1
187,naive,recommendation,preference,explicit_user,0,0,1
187,cgsp_fixed,recommendation,preference,explicit_user,0,0,1
187,plp,recommendation,preference,explicit_user,0,0,1
188,naive,planning,constraint,explicit_user,0,0,1
188,cgsp_fixed,planning,constraint,explicit_user,0,0,1
188,plp,planning,constraint,explicit_user,0,0,1
189,naive,style,presentation,explicit_user,0,0,1
189,cgsp_fixed,style,presentation,explicit_user,0,0,1
189,plp,style,presentation,explicit_user,0,0,1
190,naive,factual_world,world_claim,explicit_user,0,1,0
190,cgsp_fixed,factual_world,world_claim,explicit_user,0,0,1
190,plp,factual_world,world_claim,explicit_user,0,0,1
191,naive,factual_world,world_claim,inferred,0,0,1
191,cgsp_fixed,factual_world,world_claim,inferred,0,0,1
191,plp,factual_world,world_claim,inferred,0,0,1
192,naive,factual_world,world_claim,tool_verified,1,1,1
192,cgsp_fixed,factual_world,world_claim,tool_verified,1,0,0
192,plp,factual_world,world_claim,tool_verified,1,1,1
193,naive,factual_world,world_claim,external_verified,1,1,1
193,cgsp_fixed,factual_world,world_claim,external_verified,1,0,0
193,plp,factual_world,world_claim,external_verified,1,1,1
194,naive,personal_state,personal_state,explicit_user,1,1,1
194,cgsp_fixed,personal_state,personal_state,explicit_user,1,0,0
194,plp,personal_state,personal_state,explicit_user,1,1,1
195,naive,personal_state,personal_state,tool_verified,1,1,1
195,cgsp_fixed,personal_state,personal_state,tool_verified,1,0,0
195,plp,personal_state,personal_state,tool_verified,1,1,1
196,naive,factual_world,personal_state,explicit_user,0,1,0
196,cgsp_fixed,factual_world,personal_state,explicit_user,0,0,1
196,plp,factual_world,personal_state,explicit_user,0,0,1
197,naive,recommendation,preference,explicit_user,0,0,1
197,cgsp_fixed,recommendation,preference,explicit_user,0,0,1
197,plp,recommendation,preference,explicit_user,0,0,1
198,naive,planning,constraint,explicit_user,0,0,1
198,cgsp_fixed,planning,constraint,explicit_user,0,0,1
198,plp,planning,constraint,explicit_user,0,0,1
199,naive,style,presentation,explicit_user,0,0,1
199,cgsp_fixed,style,presentation,explicit_user,0,0,1
199,plp,style,presentation,explicit_user,0,0,1
200,naive,factual_world,world_claim,explicit_user,0,1,0
200,cgsp_fixed,factual_world,world_claim,explicit_user,0,0,1
200,plp,factual_world,world_claim,explicit_user,0,0,1
201,naive,factual_world,world_claim,inferred,0,0,1
201,cgsp_fixed,factual_world,world_claim,inferred,0,0,1
201,plp,factual_world,world_claim,inferred,0,0,1
202,naive,factual_world,world_claim,tool_verified,1,1,1
202,cgsp_fixed,factual_world,world_claim,tool_verified,1,0,0
202,plp,factual_world,world_claim,tool_verified,1,1,1
203,naive,factual_world,world_claim,external_verified,1,1,1
203,cgsp_fixed,factual_world,world_claim,external_verified,1,0,0
203,plp,factual_world,world_claim,external_verified,1,1,1
204,naive,personal_state,personal_state,explicit_user,1,1,1
204,cgsp_fixed,personal_state,personal_state,explicit_user,1,0,0
204,plp,personal_state,personal_state,explicit_user,1,1,1
205,naive,personal_state,personal_state,tool_verified,1,1,1
205,cgsp_fixed,personal_state,personal_state,tool_verified,1,0,0
205,plp,personal_state,personal_state,tool_verified,1,1,1
206,naive,factual_world,personal_state,explicit_user,0,1,0
206,cgsp_fixed,factual_world,personal_state,explicit_user,0,0,1
206,plp,factual_world,personal_state,explicit_user,0,0,1
207,naive,recommendation,preference,explicit_user,0,0,1
207,cgsp_fixed,recommendation,preference,explicit_user,0,0,1
207,plp,recommendation,preference,explicit_user,0,0,1
208,naive,planning,constraint,explicit_user,0,0,1
208,cgsp_fixed,planning,constraint,explicit_user,0,0,1
208,plp,planning,constraint,explicit_user,0,0,1
209,naive,style,presentation,explicit_user,0,0,1
209,cgsp_fixed,style,presentation,explicit_user,0,0,1
209,plp,style,presentation,explicit_user,0,0,1
210,naive,factual_world,world_claim,explicit_user,0,1,0
210,cgsp_fixed,factual_world,world_claim,explicit_user,0,0,1
210,plp,factual_world,world_claim,explicit_user,0,0,1
211,naive,factual_world,world_claim,inferred,0,0,1
211,cgsp_fixed,factual_world,world_claim,inferred,0,0,1
211,plp,factual_world,world_claim,inferred,0,0,1
212,naive,factual_world,world_claim,tool_verified,1,1,1
212,cgsp_fixed,factual_world,world_claim,tool_verified,1,0,0
212,plp,factual_world,world_claim,tool_verified,1,1,1
213,naive,factual_world,world_claim,external_verified,1,1,1
213,cgsp_fixed,factual_world,world_claim,external_verified,1,0,0
213,plp,factual_world,world_claim,external_verified,1,1,1
214,naive,personal_state,personal_state,explicit_user,1,1,1
214,cgsp_fixed,personal_state,personal_state,explicit_user,1,0,0
214,plp,personal_state,personal_state,explicit_user,1,1,1
215,naive,personal_state,personal_state,tool_verified,1,1,1
215,cgsp_fixed,personal_state,personal_state,tool_verified,1,0,0
215,plp,personal_state,personal_state,tool_verified,1,1,1
216,naive,factual_world,personal_state,explicit_user,0,1,0
216,cgsp_fixed,factual_world,personal_state,explicit_user,0,0,1
216,plp,factual_world,personal_state,explicit_user,0,0,1
217,naive,recommendation,preference,explicit_user,0,0,1
217,cgsp_fixed,recommendation,preference,explicit_user,0,0,1
217,plp,recommendation,preference,explicit_user,0,0,1
218,naive,planning,constraint,explicit_user,0,0,1
218,cgsp_fixed,planning,constraint,explicit_user,0,0,1
218,plp,planning,constraint,explicit_user,0,0,1
219,naive,style,presentation,explicit_user,0,0,1
219,cgsp_fixed,style,presentation,explicit_user,0,0,1
219,plp,style,presentation,explicit_user,0,0,1
220,naive,factual_world,world_claim,explicit_user,0,1,0
220,cgsp_fixed,factual_world,world_claim,explicit_user,0,0,1
220,plp,factual_world,world_claim,explicit_user,0,0,1
221,naive,factual_world,world_claim,inferred,0,0,1
221,cgsp_fixed,factual_world,world_claim,inferred,0,0,1
221,plp,factual_world,world_claim,inferred,0,0,1
222,naive,factual_world,world_claim,tool_verified,1,1,1
222,cgsp_fixed,factual_world,world_claim,tool_verified,1,0,0
222,plp,factual_world,world_claim,tool_verified,1,1,1
223,naive,factual_world,world_claim,external_verified,1,1,1
223,cgsp_fixed,factual_world,world_claim,external_verified,1,0,0
223,plp,factual_world,world_claim,external_verified,1,1,1
224,naive,personal_state,personal_state,explicit_user,1,1,1
224,cgsp_fixed,personal_state,personal_state,explicit_user,1,0,0
224,plp,personal_state,personal_state,explicit_user,1,1,1
225,naive,personal_state,personal_state,tool_verified,1,1,1
225,cgsp_fixed,personal_state,personal_state,tool_verified,1,0,0
225,plp,personal_state,personal_state,tool_verified,1,1,1
226,naive,factual_world,personal_state,explicit_user,0,1,0
226,cgsp_fixed,factual_world,personal_state,explicit_user,0,0,1
226,plp,factual_world,personal_state,explicit_user,0,0,1
227,naive,recommendation,preference,explicit_user,0,0,1
227,cgsp_fixed,recommendation,preference,explicit_user,0,0,1
227,plp,recommendation,preference,explicit_user,0,0,1
228,naive,planning,constraint,explicit_user,0,0,1
228,cgsp_fixed,planning,constraint,explicit_user,0,0,1
228,plp,planning,constraint,explicit_user,0,0,1
229,naive,style,presentation,explicit_user,0,0,1
229,cgsp_fixed,style,presentation,explicit_user,0,0,1
229,plp,style,presentation,explicit_user,0,0,1
230,naive,factual_world,world_claim,explicit_user,0,1,0
230,cgsp_fixed,factual_world,world_claim,explicit_user,0,0,1
230,plp,factual_world,world_claim,explicit_user,0,0,1
231,naive,factual_world,world_claim,inferred,0,0,1
231,cgsp_fixed,factual_world,world_claim,inferred,0,0,1
231,plp,factual_world,world_claim,inferred,0,0,1
232,naive,factual_world,world_claim,tool_verified,1,1,1
232,cgsp_fixed,factual_world,world_claim,tool_verified,1,0,0
232,plp,factual_world,world_claim,tool_verified,1,1,1
233,naive,factual_world,world_claim,external_verified,1,1,1
233,cgsp_fixed,factual_world,world_claim,external_verified,1,0,0
233,plp,factual_world,world_claim,external_verified,1,1,1
234,naive,personal_state,personal_state,explicit_user,1,1,1
234,cgsp_fixed,personal_state,personal_state,explicit_user,1,0,0
234,plp,personal_state,personal_state,explicit_user,1,1,1
235,naive,personal_state,personal_state,tool_verified,1,1,1
235,cgsp_fixed,personal_state,personal_state,tool_verified,1,0,0
235,plp,personal_state,personal_state,tool_verified,1,1,1
236,naive,factual_world,personal_state,explicit_user,0,1,0
236,cgsp_fixed,factual_world,personal_state,explicit_user,0,0,1
236,plp,factual_world,personal_state,explicit_user,0,0,1
237,naive,recommendation,preference,explicit_user,0,0,1
237,cgsp_fixed,recommendation,preference,explicit_user,0,0,1
237,plp,recommendation,preference,explicit_user,0,0,1
238,naive,planning,constraint,explicit_user,0,0,1
238,cgsp_fixed,planning,constraint,explicit_user,0,0,1
238,plp,planning,constraint,explicit_user,0,0,1
239,naive,style,presentation,explicit_user,0,0,1
239,cgsp_fixed,style,presentation,explicit_user,0,0,1
239,plp,style,presentation,explicit_user,0,0,1
240,naive,factual_world,world_claim,explicit_user,0,1,0
240,cgsp_fixed,factual_world,world_claim,explicit_user,0,0,1
240,plp,factual_world,world_claim,explicit_user,0,0,1
241,naive,factual_world,world_claim,inferred,0,0,1
241,cgsp_fixed,factual_world,world_claim,inferred,0,0,1
241,plp,factual_world,world_claim,inferred,0,0,1
242,naive,factual_world,world_claim,tool_verified,1,1,1
242,cgsp_fixed,factual_world,world_claim,tool_verified,1,0,0
242,plp,factual_world,world_claim,tool_verified,1,1,1
243,naive,factual_world,world_claim,external_verified,1,1,1
243,cgsp_fixed,factual_world,world_claim,external_verified,1,0,0
243,plp,factual_world,world_claim,external_verified,1,1,1
244,naive,personal_state,personal_state,explicit_user,1,1,1
244,cgsp_fixed,personal_state,personal_state,explicit_user,1,0,0
244,plp,personal_state,personal_state,explicit_user,1,1,1
245,naive,personal_state,personal_state,tool_verified,1,1,1
245,cgsp_fixed,personal_state,personal_state,tool_verified,1,0,0
245,plp,personal_state,personal_state,tool_verified,1,1,1
246,naive,factual_world,personal_state,explicit_user,0,1,0
246,cgsp_fixed,factual_world,personal_state,explicit_user,0,0,1
246,plp,factual_world,personal_state,explicit_user,0,0,1
247,naive,recommendation,preference,explicit_user,0,0,1
247,cgsp_fixed,recommendation,preference,explicit_user,0,0,1
247,plp,recommendation,preference,explicit_user,0,0,1
248,naive,planning,constraint,explicit_user,0,0,1
248,cgsp_fixed,planning,constraint,explicit_user,0,0,1
248,plp,planning,constraint,explicit_user,0,0,1
249,naive,style,presentation,explicit_user,0,0,1
249,cgsp_fixed,style,presentation,explicit_user,0,0,1
249,plp,style,presentation,explicit_user,0,0,1
250,naive,factual_world,world_claim,explicit_user,0,1,0
250,cgsp_fixed,factual_world,world_claim,explicit_user,0,0,1
250,plp,factual_world,world_claim,explicit_user,0,0,1
251,naive,factual_world,world_claim,inferred,0,0,1
251,cgsp_fixed,factual_world,world_claim,inferred,0,0,1
251,plp,factual_world,world_claim,inferred,0,0,1
252,naive,factual_world,world_claim,tool_verified,1,1,1
252,cgsp_fixed,factual_world,world_claim,tool_verified,1,0,0
252,plp,factual_world,world_claim,tool_verified,1,1,1
253,naive,factual_world,world_claim,external_verified,1,1,1
253,cgsp_fixed,factual_world,world_claim,external_verified,1,0,0
253,plp,factual_world,world_claim,external_verified,1,1,1
254,naive,personal_state,personal_state,explicit_user,1,1,1
254,cgsp_fixed,personal_state,personal_state,explicit_user,1,0,0
254,plp,personal_state,personal_state,explicit_user,1,1,1
255,naive,personal_state,personal_state,tool_verified,1,1,1
255,cgsp_fixed,personal_state,personal_state,tool_verified,1,0,0
255,plp,personal_state,personal_state,tool_verified,1,1,1
256,naive,factual_world,personal_state,explicit_user,0,1,0
256,cgsp_fixed,factual_world,personal_state,explicit_user,0,0,1
256,plp,factual_world,personal_state,explicit_user,0,0,1
257,naive,recommendation,preference,explicit_user,0,0,1
257,cgsp_fixed,recommendation,preference,explicit_user,0,0,1
257,plp,recommendation,preference,explicit_user,0,0,1
258,naive,planning,constraint,explicit_user,0,0,1
258,cgsp_fixed,planning,constraint,explicit_user,0,0,1
258,plp,planning,constraint,explicit_user,0,0,1
259,naive,style,presentation,explicit_user,0,0,1
259,cgsp_fixed,style,presentation,explicit_user,0,0,1
259,plp,style,presentation,explicit_user,0,0,1
260,naive,factual_world,world_claim,explicit_user,0,1,0
260,cgsp_fixed,factual_world,world_claim,explicit_user,0,0,1
260,plp,factual_world,world_claim,explicit_user,0,0,1
261,naive,factual_world,world_claim,inferred,0,0,1
261,cgsp_fixed,factual_world,world_claim,inferred,0,0,1
261,plp,factual_world,world_claim,inferred,0,0,1
262,naive,factual_world,world_claim,tool_verified,1,1,1
262,cgsp_fixed,factual_world,world_claim,tool_verified,1,0,0
262,plp,factual_world,world_claim,tool_verified,1,1,1
263,naive,factual_world,world_claim,external_verified,1,1,1
263,cgsp_fixed,factual_world,world_claim,external_verified,1,0,0
263,plp,factual_world,world_claim,external_verified,1,1,1
264,naive,personal_state,personal_state,explicit_user,1,1,1
264,cgsp_fixed,personal_state,personal_state,explicit_user,1,0,0
264,plp,personal_state,personal_state,explicit_user,1,1,1
265,naive,personal_state,personal_state,tool_verified,1,1,1
265,cgsp_fixed,personal_state,personal_state,tool_verified,1,0,0
265,plp,personal_state,personal_state,tool_verified,1,1,1
266,naive,factual_world,personal_state,explicit_user,0,1,0
266,cgsp_fixed,factual_world,personal_state,explicit_user,0,0,1
266,plp,factual_world,personal_state,explicit_user,0,0,1
267,naive,recommendation,preference,explicit_user,0,0,1
267,cgsp_fixed,recommendation,preference,explicit_user,0,0,1
267,plp,recommendation,preference,explicit_user,0,0,1
268,naive,planning,constraint,explicit_user,0,0,1
268,cgsp_fixed,planning,constraint,explicit_user,0,0,1
268,plp,planning,constraint,explicit_user,0,0,1
269,naive,style,presentation,explicit_user,0,0,1
269,cgsp_fixed,style,presentation,explicit_user,0,0,1
269,plp,style,presentation,explicit_user,0,0,1
270,naive,factual_world,world_claim,explicit_user,0,1,0
270,cgsp_fixed,factual_world,world_claim,explicit_user,0,0,1
270,plp,factual_world,world_claim,explicit_user,0,0,1
271,naive,factual_world,world_claim,inferred,0,0,1
271,cgsp_fixed,factual_world,world_claim,inferred,0,0,1
271,plp,factual_world,world_claim,inferred,0,0,1
272,naive,factual_world,world_claim,tool_verified,1,1,1
272,cgsp_fixed,factual_world,world_claim,tool_verified,1,0,0
272,plp,factual_world,world_claim,tool_verified,1,1,1
273,naive,factual_world,world_claim,external_verified,1,1,1
273,cgsp_fixed,factual_world,world_claim,external_verified,1,0,0
273,plp,factual_world,world_claim,external_verified,1,1,1
274,naive,personal_state,personal_state,explicit_user,1,1,1
274,cgsp_fixed,personal_state,personal_state,explicit_user,1,0,0
274,plp,personal_state,personal_state,explicit_user,1,1,1
275,naive,personal_state,personal_state,tool_verified,1,1,1
275,cgsp_fixed,personal_state,personal_state,tool_verified,1,0,0
275,plp,personal_state,personal_state,tool_verified,1,1,1
276,naive,factual_world,personal_state,explicit_user,0,1,0
276,cgsp_fixed,factual_world,personal_state,explicit_user,0,0,1
276,plp,factual_world,personal_state,explicit_user,0,0,1
277,naive,recommendation,preference,explicit_user,0,0,1
277,cgsp_fixed,recommendation,preference,explicit_user,0,0,1
277,plp,recommendation,preference,explicit_user,0,0,1
278,naive,planning,constraint,explicit_user,0,0,1
278,cgsp_fixed,planning,constraint,explicit_user,0,0,1
278,plp,planning,constraint,explicit_user,0,0,1
279,naive,style,presentation,explicit_user,0,0,1
279,cgsp_fixed,style,presentation,explicit_user,0,0,1
279,plp,style,presentation,explicit_user,0,0,1
280,naive,factual_world,world_claim,explicit_user,0,1,0
280,cgsp_fixed,factual_world,world_claim,explicit_user,0,0,1
280,plp,factual_world,world_claim,explicit_user,0,0,1
281,naive,factual_world,world_claim,inferred,0,0,1
281,cgsp_fixed,factual_world,world_claim,inferred,0,0,1
281,plp,factual_world,world_claim,inferred,0,0,1
282,naive,factual_world,world_claim,tool_verified,1,1,1
282,cgsp_fixed,factual_world,world_claim,tool_verified,1,0,0
282,plp,factual_world,world_claim,tool_verified,1,1,1
283,naive,factual_world,world_claim,external_verified,1,1,1
283,cgsp_fixed,factual_world,world_claim,external_verified,1,0,0
283,plp,factual_world,world_claim,external_verified,1,1,1
284,naive,personal_state,personal_state,explicit_user,1,1,1
284,cgsp_fixed,personal_state,personal_state,explicit_user,1,0,0
284,plp,personal_state,personal_state,explicit_user,1,1,1
285,naive,personal_state,personal_state,tool_verified,1,1,1
285,cgsp_fixed,personal_state,personal_state,tool_verified,1,0,0
285,plp,personal_state,personal_state,tool_verified,1,1,1
286,naive,factual_world,personal_state,explicit_user,0,1,0
286,cgsp_fixed,factual_world,personal_state,explicit_user,0,0,1
286,plp,factual_world,personal_state,explicit_user,0,0,1
287,naive,recommendation,preference,explicit_user,0,0,1
287,cgsp_fixed,recommendation,preference,explicit_user,0,0,1
287,plp,recommendation,preference,explicit_user,0,0,1
288,naive,planning,constraint,explicit_user,0,0,1
288,cgsp_fixed,planning,constraint,explicit_user,0,0,1
288,plp,planning,constraint,explicit_user,0,0,1
289,naive,style,presentation,explicit_user,0,0,1
289,cgsp_fixed,style,presentation,explicit_user,0,0,1
289,plp,style,presentation,explicit_user,0,0,1
290,naive,factual_world,world_claim,explicit_user,0,1,0
290,cgsp_fixed,factual_world,world_claim,explicit_user,0,0,1
290,plp,factual_world,world_claim,explicit_user,0,0,1
291,naive,factual_world,world_claim,inferred,0,0,1
291,cgsp_fixed,factual_world,world_claim,inferred,0,0,1
291,plp,factual_world,world_claim,inferred,0,0,1
292,naive,factual_world,world_claim,tool_verified,1,1,1
292,cgsp_fixed,factual_world,world_claim,tool_verified,1,0,0
292,plp,factual_world,world_claim,tool_verified,1,1,1
293,naive,factual_world,world_claim,external_verified,1,1,1
293,cgsp_fixed,factual_world,world_claim,external_verified,1,0,0
293,plp,factual_world,world_claim,external_verified,1,1,1
294,naive,personal_state,personal_state,explicit_user,1,1,1
294,cgsp_fixed,personal_state,personal_state,explicit_user,1,0,0
294,plp,personal_state,personal_state,explicit_user,1,1,1
295,naive,personal_state,personal_state,tool_verified,1,1,1
295,cgsp_fixed,personal_state,personal_state,tool_verified,1,0,0
295,plp,personal_state,personal_state,tool_verified,1,1,1
296,naive,factual_world,personal_state,explicit_user,0,1,0
296,cgsp_fixed,factual_world,personal_state,explicit_user,0,0,1
296,plp,factual_world,personal_state,explicit_user,0,0,1
297,naive,recommendation,preference,explicit_user,0,0,1
297,cgsp_fixed,recommendation,preference,explicit_user,0,0,1
297,plp,recommendation,preference,explicit_user,0,0,1
298,naive,planning,constraint,explicit_user,0,0,1
298,cgsp_fixed,planning,constraint,explicit_user,0,0,1
298,plp,planning,constraint,explicit_user,0,0,1
299,naive,style,presentation,explicit_user,0,0,1
299,cgsp_fixed,style,presentation,explicit_user,0,0,1
299,plp,style,presentation,explicit_user,0,0,1
300,naive,factual_world,world_claim,explicit_user,0,1,0
300,cgsp_fixed,factual_world,world_claim,explicit_user,0,0,1
300,plp,factual_world,world_claim,explicit_user,0,0,1
301,naive,factual_world,world_claim,inferred,0,0,1
301,cgsp_fixed,factual_world,world_claim,inferred,0,0,1
301,plp,factual_world,world_claim,inferred,0,0,1
302,naive,factual_world,world_claim,tool_verified,1,1,1
302,cgsp_fixed,factual_world,world_claim,tool_verified,1,0,0
302,plp,factual_world,world_claim,tool_verified,1,1,1
303,naive,factual_world,world_claim,external_verified,1,1,1
303,cgsp_fixed,factual_world,world_claim,external_verified,1,0,0
303,plp,factual_world,world_claim,external_verified,1,1,1
304,naive,personal_state,personal_state,explicit_user,1,1,1
304,cgsp_fixed,personal_state,personal_state,explicit_user,1,0,0
304,plp,personal_state,personal_state,explicit_user,1,1,1
305,naive,personal_state,personal_state,tool_verified,1,1,1
305,cgsp_fixed,personal_state,personal_state,tool_verified,1,0,0
305,plp,personal_state,personal_state,tool_verified,1,1,1
306,naive,factual_world,personal_state,explicit_user,0,1,0
306,cgsp_fixed,factual_world,personal_state,explicit_user,0,0,1
306,plp,factual_world,personal_state,explicit_user,0,0,1
307,naive,recommendation,preference,explicit_user,0,0,1
307,cgsp_fixed,recommendation,preference,explicit_user,0,0,1
307,plp,recommendation,preference,explicit_user,0,0,1
308,naive,planning,constraint,explicit_user,0,0,1
308,cgsp_fixed,planning,constraint,explicit_user,0,0,1
308,plp,planning,constraint,explicit_user,0,0,1
309,naive,style,presentation,explicit_user,0,0,1
309,cgsp_fixed,style,presentation,explicit_user,0,0,1
309,plp,style,presentation,explicit_user,0,0,1
310,naive,factual_world,world_claim,explicit_user,0,1,0
310,cgsp_fixed,factual_world,world_claim,explicit_user,0,0,1
310,plp,factual_world,world_claim,explicit_user,0,0,1
311,naive,factual_world,world_claim,inferred,0,0,1
311,cgsp_fixed,factual_world,world_claim,inferred,0,0,1
311,plp,factual_world,world_claim,inferred,0,0,1
312,naive,factual_world,world_claim,tool_verified,1,1,1
312,cgsp_fixed,factual_world,world_claim,tool_verified,1,0,0
312,plp,factual_world,world_claim,tool_verified,1,1,1
313,naive,factual_world,world_claim,external_verified,1,1,1
313,cgsp_fixed,factual_world,world_claim,external_verified,1,0,0
313,plp,factual_world,world_claim,external_verified,1,1,1
314,naive,personal_state,personal_state,explicit_user,1,1,1
314,cgsp_fixed,personal_state,personal_state,explicit_user,1,0,0
314,plp,personal_state,personal_state,explicit_user,1,1,1
315,naive,personal_state,personal_state,tool_verified,1,1,1
315,cgsp_fixed,personal_state,personal_state,tool_verified,1,0,0
315,plp,personal_state,personal_state,tool_verified,1,1,1
316,naive,factual_world,personal_state,explicit_user,0,1,0
316,cgsp_fixed,factual_world,personal_state,explicit_user,0,0,1
316,plp,factual_world,personal_state,explicit_user,0,0,1
317,naive,recommendation,preference,explicit_user,0,0,1
317,cgsp_fixed,recommendation,preference,explicit_user,0,0,1
317,plp,recommendation,preference,explicit_user,0,0,1
318,naive,planning,constraint,explicit_user,0,0,1
318,cgsp_fixed,planning,constraint,explicit_user,0,0,1
318,plp,planning,constraint,explicit_user,0,0,1
319,naive,style,presentation,explicit_user,0,0,1
319,cgsp_fixed,style,presentation,explicit_user,0,0,1
319,plp,style,presentation,explicit_user,0,0,1
320,naive,factual_world,world_claim,explicit_user,0,1,0
320,cgsp_fixed,factual_world,world_claim,explicit_user,0,0,1
320,plp,factual_world,world_claim,explicit_user,0,0,1
321,naive,factual_world,world_claim,inferred,0,0,1
321,cgsp_fixed,factual_world,world_claim,inferred,0,0,1
321,plp,factual_world,world_claim,inferred,0,0,1
322,naive,factual_world,world_claim,tool_verified,1,1,1
322,cgsp_fixed,factual_world,world_claim,tool_verified,1,0,0
322,plp,factual_world,world_claim,tool_verified,1,1,1
323,naive,factual_world,world_claim,external_verified,1,1,1
323,cgsp_fixed,factual_world,world_claim,external_verified,1,0,0
323,plp,factual_world,world_claim,external_verified,1,1,1
324,naive,personal_state,personal_state,explicit_user,1,1,1
324,cgsp_fixed,personal_state,personal_state,explicit_user,1,0,0
324,plp,personal_state,personal_state,explicit_user,1,1,1
325,naive,personal_state,personal_state,tool_verified,1,1,1
325,cgsp_fixed,personal_state,personal_state,tool_verified,1,0,0
325,plp,personal_state,personal_state,tool_verified,1,1,1
326,naive,factual_world,personal_state,explicit_user,0,1,0
326,cgsp_fixed,factual_world,personal_state,explicit_user,0,0,1
326,plp,factual_world,personal_state,explicit_user,0,0,1
327,naive,recommendation,preference,explicit_user,0,0,1
327,cgsp_fixed,recommendation,preference,explicit_user,0,0,1
327,plp,recommendation,preference,explicit_user,0,0,1
328,naive,planning,constraint,explicit_user,0,0,1
328,cgsp_fixed,planning,constraint,explicit_user,0,0,1
328,plp,planning,constraint,explicit_user,0,0,1
329,naive,style,presentation,explicit_user,0,0,1
329,cgsp_fixed,style,presentation,explicit_user,0,0,1
329,plp,style,presentation,explicit_user,0,0,1
330,naive,factual_world,world_claim,explicit_user,0,1,0
330,cgsp_fixed,factual_world,world_claim,explicit_user,0,0,1
330,plp,factual_world,world_claim,explicit_user,0,0,1
331,naive,factual_world,world_claim,inferred,0,0,1
331,cgsp_fixed,factual_world,world_claim,inferred,0,0,1
331,plp,factual_world,world_claim,inferred,0,0,1
332,naive,factual_world,world_claim,tool_verified,1,1,1
332,cgsp_fixed,factual_world,world_claim,tool_verified,1,0,0
332,plp,factual_world,world_claim,tool_verified,1,1,1
333,naive,factual_world,world_claim,external_verified,1,1,1
333,cgsp_fixed,factual_world,world_claim,external_verified,1,0,0
333,plp,factual_world,world_claim,external_verified,1,1,1
334,naive,personal_state,personal_state,explicit_user,1,1,1
334,cgsp_fixed,personal_state,personal_state,explicit_user,1,0,0
334,plp,personal_state,personal_state,explicit_user,1,1,1
335,naive,personal_state,personal_state,tool_verified,1,1,1
335,cgsp_fixed,personal_state,personal_state,tool_verified,1,0,0
335,plp,personal_state,personal_state,tool_verified,1,1,1
336,naive,factual_world,personal_state,explicit_user,0,1,0
336,cgsp_fixed,factual_world,personal_state,explicit_user,0,0,1
336,plp,factual_world,personal_state,explicit_user,0,0,1
337,naive,recommendation,preference,explicit_user,0,0,1
337,cgsp_fixed,recommendation,preference,explicit_user,0,0,1
337,plp,recommendation,preference,explicit_user,0,0,1
338,naive,planning,constraint,explicit_user,0,0,1
338,cgsp_fixed,planning,constraint,explicit_user,0,0,1
338,plp,planning,constraint,explicit_user,0,0,1
339,naive,style,presentation,explicit_user,0,0,1
339,cgsp_fixed,style,presentation,explicit_user,0,0,1
339,plp,style,presentation,explicit_user,0,0,1
340,naive,factual_world,world_claim,explicit_user,0,1,0
340,cgsp_fixed,factual_world,world_claim,explicit_user,0,0,1
340,plp,factual_world,world_claim,explicit_user,0,0,1
341,naive,factual_world,world_claim,inferred,0,0,1
341,cgsp_fixed,factual_world,world_claim,inferred,0,0,1
341,plp,factual_world,world_claim,inferred,0,0,1
342,naive,factual_world,world_claim,tool_verified,1,1,1
342,cgsp_fixed,factual_world,world_claim,tool_verified,1,0,0
342,plp,factual_world,world_claim,tool_verified,1,1,1
343,naive,factual_world,world_claim,external_verified,1,1,1
343,cgsp_fixed,factual_world,world_claim,external_verified,1,0,0
343,plp,factual_world,world_claim,external_verified,1,1,1
344,naive,personal_state,personal_state,explicit_user,1,1,1
344,cgsp_fixed,personal_state,personal_state,explicit_user,1,0,0
344,plp,personal_state,personal_state,explicit_user,1,1,1
345,naive,personal_state,personal_state,tool_verified,1,1,1
345,cgsp_fixed,personal_state,personal_state,tool_verified,1,0,0
345,plp,personal_state,personal_state,tool_verified,1,1,1
346,naive,factual_world,personal_state,explicit_user,0,1,0
346,cgsp_fixed,factual_world,personal_state,explicit_user,0,0,1
346,plp,factual_world,personal_state,explicit_user,0,0,1
347,naive,recommendation,preference,explicit_user,0,0,1
347,cgsp_fixed,recommendation,preference,explicit_user,0,0,1
347,plp,recommendation,preference,explicit_user,0,0,1
348,naive,planning,constraint,explicit_user,0,0,1
348,cgsp_fixed,planning,constraint,explicit_user,0,0,1
348,plp,planning,constraint,explicit_user,0,0,1
349,naive,style,presentation,explicit_user,0,0,1
349,cgsp_fixed,style,presentation,explicit_user,0,0,1
349,plp,style,presentation,explicit_user,0,0,1
350,naive,factual_world,world_claim,explicit_user,0,1,0
350,cgsp_fixed,factual_world,world_claim,explicit_user,0,0,1
350,plp,factual_world,world_claim,explicit_user,0,0,1
351,naive,factual_world,world_claim,inferred,0,0,1
351,cgsp_fixed,factual_world,world_claim,inferred,0,0,1
351,plp,factual_world,world_claim,inferred,0,0,1
352,naive,factual_world,world_claim,tool_verified,1,1,1
352,cgsp_fixed,factual_world,world_claim,tool_verified,1,0,0
352,plp,factual_world,world_claim,tool_verified,1,1,1
353,naive,factual_world,world_claim,external_verified,1,1,1
353,cgsp_fixed,factual_world,world_claim,external_verified,1,0,0
353,plp,factual_world,world_claim,external_verified,1,1,1
354,naive,personal_state,personal_state,explicit_user,1,1,1
354,cgsp_fixed,personal_state,personal_state,explicit_user,1,0,0
354,plp,personal_state,personal_state,explicit_user,1,1,1
355,naive,personal_state,personal_state,tool_verified,1,1,1
355,cgsp_fixed,personal_state,personal_state,tool_verified,1,0,0
355,plp,personal_state,personal_state,tool_verified,1,1,1
356,naive,factual_world,personal_state,explicit_user,0,1,0
356,cgsp_fixed,factual_world,personal_state,explicit_user,0,0,1
356,plp,factual_world,personal_state,explicit_user,0,0,1
357,naive,recommendation,preference,explicit_user,0,0,1
357,cgsp_fixed,recommendation,preference,explicit_user,0,0,1
357,plp,recommendation,preference,explicit_user,0,0,1
358,naive,planning,constraint,explicit_user,0,0,1
358,cgsp_fixed,planning,constraint,explicit_user,0,0,1
358,plp,planning,constraint,explicit_user,0,0,1
359,naive,style,presentation,explicit_user,0,0,1
359,cgsp_fixed,style,presentation,explicit_user,0,0,1
359,plp,style,presentation,explicit_user,0,0,1
360,naive,factual_world,world_claim,explicit_user,0,1,0
360,cgsp_fixed,factual_world,world_claim,explicit_user,0,0,1
360,plp,factual_world,world_claim,explicit_user,0,0,1
361,naive,factual_world,world_claim,inferred,0,0,1
361,cgsp_fixed,factual_world,world_claim,inferred,0,0,1
361,plp,factual_world,world_claim,inferred,0,0,1
362,naive,factual_world,world_claim,tool_verified,1,1,1
362,cgsp_fixed,factual_world,world_claim,tool_verified,1,0,0
362,plp,factual_world,world_claim,tool_verified,1,1,1
363,naive,factual_world,world_claim,external_verified,1,1,1
363,cgsp_fixed,factual_world,world_claim,external_verified,1,0,0
363,plp,factual_world,world_claim,external_verified,1,1,1
364,naive,personal_state,personal_state,explicit_user,1,1,1
364,cgsp_fixed,personal_state,personal_state,explicit_user,1,0,0
364,plp,personal_state,personal_state,explicit_user,1,1,1
365,naive,personal_state,personal_state,tool_verified,1,1,1
365,cgsp_fixed,personal_state,personal_state,tool_verified,1,0,0
365,plp,personal_state,personal_state,tool_verified,1,1,1
366,naive,factual_world,personal_state,explicit_user,0,1,0
366,cgsp_fixed,factual_world,personal_state,explicit_user,0,0,1
366,plp,factual_world,personal_state,explicit_user,0,0,1
367,naive,recommendation,preference,explicit_user,0,0,1
367,cgsp_fixed,recommendation,preference,explicit_user,0,0,1
367,plp,recommendation,preference,explicit_user,0,0,1
368,naive,planning,constraint,explicit_user,0,0,1
368,cgsp_fixed,planning,constraint,explicit_user,0,0,1
368,plp,planning,constraint,explicit_user,0,0,1
369,naive,style,presentation,explicit_user,0,0,1
369,cgsp_fixed,style,presentation,explicit_user,0,0,1
369,plp,style,presentation,explicit_user,0,0,1
370,naive,factual_world,world_claim,explicit_user,0,1,0
370,cgsp_fixed,factual_world,world_claim,explicit_user,0,0,1
370,plp,factual_world,world_claim,explicit_user,0,0,1
371,naive,factual_world,world_claim,inferred,0,0,1
371,cgsp_fixed,factual_world,world_claim,inferred,0,0,1
371,plp,factual_world,world_claim,inferred,0,0,1
372,naive,factual_world,world_claim,tool_verified,1,1,1
372,cgsp_fixed,factual_world,world_claim,tool_verified,1,0,0
372,plp,factual_world,world_claim,tool_verified,1,1,1
373,naive,factual_world,world_claim,external_verified,1,1,1
373,cgsp_fixed,factual_world,world_claim,external_verified,1,0,0
373,plp,factual_world,world_claim,external_verified,1,1,1
374,naive,personal_state,personal_state,explicit_user,1,1,1
374,cgsp_fixed,personal_state,personal_state,explicit_user,1,0,0
374,plp,personal_state,personal_state,explicit_user,1,1,1
375,naive,personal_state,personal_state,tool_verified,1,1,1
375,cgsp_fixed,personal_state,personal_state,tool_verified,1,0,0
375,plp,personal_state,personal_state,tool_verified,1,1,1
376,naive,factual_world,personal_state,explicit_user,0,1,0
376,cgsp_fixed,factual_world,personal_state,explicit_user,0,0,1
376,plp,factual_world,personal_state,explicit_user,0,0,1
377,naive,recommendation,preference,explicit_user,0,0,1
377,cgsp_fixed,recommendation,preference,explicit_user,0,0,1
377,plp,recommendation,preference,explicit_user,0,0,1
378,naive,planning,constraint,explicit_user,0,0,1
378,cgsp_fixed,planning,constraint,explicit_user,0,0,1
378,plp,planning,constraint,explicit_user,0,0,1
379,naive,style,presentation,explicit_user,0,0,1
379,cgsp_fixed,style,presentation,explicit_user,0,0,1
379,plp,style,presentation,explicit_user,0,0,1
380,naive,factual_world,world_claim,explicit_user,0,1,0
380,cgsp_fixed,factual_world,world_claim,explicit_user,0,0,1
380,plp,factual_world,world_claim,explicit_user,0,0,1
381,naive,factual_world,world_claim,inferred,0,0,1
381,cgsp_fixed,factual_world,world_claim,inferred,0,0,1
381,plp,factual_world,world_claim,inferred,0,0,1
382,naive,factual_world,world_claim,tool_verified,1,1,1
382,cgsp_fixed,factual_world,world_claim,tool_verified,1,0,0
382,plp,factual_world,world_claim,tool_verified,1,1,1
383,naive,factual_world,world_claim,external_verified,1,1,1
383,cgsp_fixed,factual_world,world_claim,external_verified,1,0,0
383,plp,factual_world,world_claim,external_verified,1,1,1
384,naive,personal_state,personal_state,explicit_user,1,1,1
384,cgsp_fixed,personal_state,personal_state,explicit_user,1,0,0
384,plp,personal_state,personal_state,explicit_user,1,1,1
385,naive,personal_state,personal_state,tool_verified,1,1,1
385,cgsp_fixed,personal_state,personal_state,tool_verified,1,0,0
385,plp,personal_state,personal_state,tool_verified,1,1,1
386,naive,factual_world,personal_state,explicit_user,0,1,0
386,cgsp_fixed,factual_world,personal_state,explicit_user,0,0,1
386,plp,factual_world,personal_state,explicit_user,0,0,1
387,naive,recommendation,preference,explicit_user,0,0,1
387,cgsp_fixed,recommendation,preference,explicit_user,0,0,1
387,plp,recommendation,preference,explicit_user,0,0,1
388,naive,planning,constraint,explicit_user,0,0,1
388,cgsp_fixed,planning,constraint,explicit_user,0,0,1
388,plp,planning,constraint,explicit_user,0,0,1
389,naive,style,presentation,explicit_user,0,0,1
389,cgsp_fixed,style,presentation,explicit_user,0,0,1
389,plp,style,presentation,explicit_user,0,0,1
390,naive,factual_world,world_claim,explicit_user,0,1,0
390,cgsp_fixed,factual_world,world_claim,explicit_user,0,0,1
390,plp,factual_world,world_claim,explicit_user,0,0,1
391,naive,factual_world,world_claim,inferred,0,0,1
391,cgsp_fixed,factual_world,world_claim,inferred,0,0,1
391,plp,factual_world,world_claim,inferred,0,0,1
392,naive,factual_world,world_claim,tool_verified,1,1,1
392,cgsp_fixed,factual_world,world_claim,tool_verified,1,0,0
392,plp,factual_world,world_claim,tool_verified,1,1,1
393,naive,factual_world,world_claim,external_verified,1,1,1
393,cgsp_fixed,factual_world,world_claim,external_verified,1,0,0
393,plp,factual_world,world_claim,external_verified,1,1,1
394,naive,personal_state,personal_state,explicit_user,1,1,1
394,cgsp_fixed,personal_state,personal_state,explicit_user,1,0,0
394,plp,personal_state,personal_state,explicit_user,1,1,1
395,naive,personal_state,personal_state,tool_verified,1,1,1
395,cgsp_fixed,personal_state,personal_state,tool_verified,1,0,0
395,plp,personal_state,personal_state,tool_verified,1,1,1
396,naive,factual_world,personal_state,explicit_user,0,1,0
396,cgsp_fixed,factual_world,personal_state,explicit_user,0,0,1
396,plp,factual_world,personal_state,explicit_user,0,0,1
397,naive,recommendation,preference,explicit_user,0,0,1
397,cgsp_fixed,recommendation,preference,explicit_user,0,0,1
397,plp,recommendation,preference,explicit_user,0,0,1
398,naive,planning,constraint,explicit_user,0,0,1
398,cgsp_fixed,planning,constraint,explicit_user,0,0,1
398,plp,planning,constraint,explicit_user,0,0,1
399,naive,style,presentation,explicit_user,0,0,1
399,cgsp_fixed,style,presentation,explicit_user,0,0,1
399,plp,style,presentation,explicit_user,0,0,1
400,naive,factual_world,world_claim,explicit_user,0,1,0
400,cgsp_fixed,factual_world,world_claim,explicit_user,0,0,1
400,plp,factual_world,world_claim,explicit_user,0,0,1
401,naive,factual_world,world_claim,inferred,0,0,1
401,cgsp_fixed,factual_world,world_claim,inferred,0,0,1
401,plp,factual_world,world_claim,inferred,0,0,1
402,naive,factual_world,world_claim,tool_verified,1,1,1
402,cgsp_fixed,factual_world,world_claim,tool_verified,1,0,0
402,plp,factual_world,world_claim,tool_verified,1,1,1
403,naive,factual_world,world_claim,external_verified,1,1,1
403,cgsp_fixed,factual_world,world_claim,external_verified,1,0,0
403,plp,factual_world,world_claim,external_verified,1,1,1
404,naive,personal_state,personal_state,explicit_user,1,1,1
404,cgsp_fixed,personal_state,personal_state,explicit_user,1,0,0
404,plp,personal_state,personal_state,explicit_user,1,1,1
405,naive,personal_state,personal_state,tool_verified,1,1,1
405,cgsp_fixed,personal_state,personal_state,tool_verified,1,0,0
405,plp,personal_state,personal_state,tool_verified,1,1,1
406,naive,factual_world,personal_state,explicit_user,0,1,0
406,cgsp_fixed,factual_world,personal_state,explicit_user,0,0,1
406,plp,factual_world,personal_state,explicit_user,0,0,1
407,naive,recommendation,preference,explicit_user,0,0,1
407,cgsp_fixed,recommendation,preference,explicit_user,0,0,1
407,plp,recommendation,preference,explicit_user,0,0,1
408,naive,planning,constraint,explicit_user,0,0,1
408,cgsp_fixed,planning,constraint,explicit_user,0,0,1
408,plp,planning,constraint,explicit_user,0,0,1
409,naive,style,presentation,explicit_user,0,0,1
409,cgsp_fixed,style,presentation,explicit_user,0,0,1
409,plp,style,presentation,explicit_user,0,0,1
410,naive,factual_world,world_claim,explicit_user,0,1,0
410,cgsp_fixed,factual_world,world_claim,explicit_user,0,0,1
410,plp,factual_world,world_claim,explicit_user,0,0,1
411,naive,factual_world,world_claim,inferred,0,0,1
411,cgsp_fixed,factual_world,world_claim,inferred,0,0,1
411,plp,factual_world,world_claim,inferred,0,0,1
412,naive,factual_world,world_claim,tool_verified,1,1,1
412,cgsp_fixed,factual_world,world_claim,tool_verified,1,0,0
412,plp,factual_world,world_claim,tool_verified,1,1,1
413,naive,factual_world,world_claim,external_verified,1,1,1
413,cgsp_fixed,factual_world,world_claim,external_verified,1,0,0
413,plp,factual_world,world_claim,external_verified,1,1,1
414,naive,personal_state,personal_state,explicit_user,1,1,1
414,cgsp_fixed,personal_state,personal_state,explicit_user,1,0,0
414,plp,personal_state,personal_state,explicit_user,1,1,1
415,naive,personal_state,personal_state,tool_verified,1,1,1
415,cgsp_fixed,personal_state,personal_state,tool_verified,1,0,0
415,plp,personal_state,personal_state,tool_verified,1,1,1
416,naive,factual_world,personal_state,explicit_user,0,1,0
416,cgsp_fixed,factual_world,personal_state,explicit_user,0,0,1
416,plp,factual_world,personal_state,explicit_user,0,0,1
417,naive,recommendation,preference,explicit_user,0,0,1
417,cgsp_fixed,recommendation,preference,explicit_user,0,0,1
417,plp,recommendation,preference,explicit_user,0,0,1
418,naive,planning,constraint,explicit_user,0,0,1
418,cgsp_fixed,planning,constraint,explicit_user,0,0,1
418,plp,planning,constraint,explicit_user,0,0,1
419,naive,style,presentation,explicit_user,0,0,1
419,cgsp_fixed,style,presentation,explicit_user,0,0,1
419,plp,style,presentation,explicit_user,0,0,1
420,naive,factual_world,world_claim,explicit_user,0,1,0
420,cgsp_fixed,factual_world,world_claim,explicit_user,0,0,1
420,plp,factual_world,world_claim,explicit_user,0,0,1
421,naive,factual_world,world_claim,inferred,0,0,1
421,cgsp_fixed,factual_world,world_claim,inferred,0,0,1
421,plp,factual_world,world_claim,inferred,0,0,1
422,naive,factual_world,world_claim,tool_verified,1,1,1
422,cgsp_fixed,factual_world,world_claim,tool_verified,1,0,0
422,plp,factual_world,world_claim,tool_verified,1,1,1
423,naive,factual_world,world_claim,external_verified,1,1,1
423,cgsp_fixed,factual_world,world_claim,external_verified,1,0,0
423,plp,factual_world,world_claim,external_verified,1,1,1
424,naive,personal_state,personal_state,explicit_user,1,1,1
424,cgsp_fixed,personal_state,personal_state,explicit_user,1,0,0
424,plp,personal_state,personal_state,explicit_user,1,1,1
425,naive,personal_state,personal_state,tool_verified,1,1,1
425,cgsp_fixed,personal_state,personal_state,tool_verified,1,0,0
425,plp,personal_state,personal_state,tool_verified,1,1,1
426,naive,factual_world,personal_state,explicit_user,0,1,0
426,cgsp_fixed,factual_world,personal_state,explicit_user,0,0,1
426,plp,factual_world,personal_state,explicit_user,0,0,1
427,naive,recommendation,preference,explicit_user,0,0,1
427,cgsp_fixed,recommendation,preference,explicit_user,0,0,1
427,plp,recommendation,preference,explicit_user,0,0,1
428,naive,planning,constraint,explicit_user,0,0,1
428,cgsp_fixed,planning,constraint,explicit_user,0,0,1
428,plp,planning,constraint,explicit_user,0,0,1
429,naive,style,presentation,explicit_user,0,0,1
429,cgsp_fixed,style,presentation,explicit_user,0,0,1
429,plp,style,presentation,explicit_user,0,0,1
430,naive,factual_world,world_claim,explicit_user,0,1,0
430,cgsp_fixed,factual_world,world_claim,explicit_user,0,0,1
430,plp,factual_world,world_claim,explicit_user,0,0,1
431,naive,factual_world,world_claim,inferred,0,0,1
431,cgsp_fixed,factual_world,world_claim,inferred,0,0,1
431,plp,factual_world,world_claim,inferred,0,0,1
432,naive,factual_world,world_claim,tool_verified,1,1,1
432,cgsp_fixed,factual_world,world_claim,tool_verified,1,0,0
432,plp,factual_world,world_claim,tool_verified,1,1,1
433,naive,factual_world,world_claim,external_verified,1,1,1
433,cgsp_fixed,factual_world,world_claim,external_verified,1,0,0
433,plp,factual_world,world_claim,external_verified,1,1,1
434,naive,personal_state,personal_state,explicit_user,1,1,1
434,cgsp_fixed,personal_state,personal_state,explicit_user,1,0,0
434,plp,personal_state,personal_state,explicit_user,1,1,1
435,naive,personal_state,personal_state,tool_verified,1,1,1
435,cgsp_fixed,personal_state,personal_state,tool_verified,1,0,0
435,plp,personal_state,personal_state,tool_verified,1,1,1
436,naive,factual_world,personal_state,explicit_user,0,1,0
436,cgsp_fixed,factual_world,personal_state,explicit_user,0,0,1
436,plp,factual_world,personal_state,explicit_user,0,0,1
437,naive,recommendation,preference,explicit_user,0,0,1
437,cgsp_fixed,recommendation,preference,explicit_user,0,0,1
437,plp,recommendation,preference,explicit_user,0,0,1
438,naive,planning,constraint,explicit_user,0,0,1
438,cgsp_fixed,planning,constraint,explicit_user,0,0,1
438,plp,planning,constraint,explicit_user,0,0,1
439,naive,style,presentation,explicit_user,0,0,1
439,cgsp_fixed,style,presentation,explicit_user,0,0,1
439,plp,style,presentation,explicit_user,0,0,1
440,naive,factual_world,world_claim,explicit_user,0,1,0
440,cgsp_fixed,factual_world,world_claim,explicit_user,0,0,1
440,plp,factual_world,world_claim,explicit_user,0,0,1
441,naive,factual_world,world_claim,inferred,0,0,1
441,cgsp_fixed,factual_world,world_claim,inferred,0,0,1
441,plp,factual_world,world_claim,inferred,0,0,1
442,naive,factual_world,world_claim,tool_verified,1,1,1
442,cgsp_fixed,factual_world,world_claim,tool_verified,1,0,0
442,plp,factual_world,world_claim,tool_verified,1,1,1
443,naive,factual_world,world_claim,external_verified,1,1,1
443,cgsp_fixed,factual_world,world_claim,external_verified,1,0,0
443,plp,factual_world,world_claim,external_verified,1,1,1
444,naive,personal_state,personal_state,explicit_user,1,1,1
444,cgsp_fixed,personal_state,personal_state,explicit_user,1,0,0
444,plp,personal_state,personal_state,explicit_user,1,1,1
445,naive,personal_state,personal_state,tool_verified,1,1,1
445,cgsp_fixed,personal_state,personal_state,tool_verified,1,0,0
445,plp,personal_state,personal_state,tool_verified,1,1,1
446,naive,factual_world,personal_state,explicit_user,0,1,0
446,cgsp_fixed,factual_world,personal_state,explicit_user,0,0,1
446,plp,factual_world,personal_state,explicit_user,0,0,1
447,naive,recommendation,preference,explicit_user,0,0,1
447,cgsp_fixed,recommendation,preference,explicit_user,0,0,1
447,plp,recommendation,preference,explicit_user,0,0,1
448,naive,planning,constraint,explicit_user,0,0,1
448,cgsp_fixed,planning,constraint,explicit_user,0,0,1
448,plp,planning,constraint,explicit_user,0,0,1
449,naive,style,presentation,explicit_user,0,0,1
449,cgsp_fixed,style,presentation,explicit_user,0,0,1
449,plp,style,presentation,explicit_user,0,0,1
450,naive,factual_world,world_claim,explicit_user,0,1,0
450,cgsp_fixed,factual_world,world_claim,explicit_user,0,0,1
450,plp,factual_world,world_claim,explicit_user,0,0,1
451,naive,factual_world,world_claim,inferred,0,0,1
451,cgsp_fixed,factual_world,world_claim,inferred,0,0,1
451,plp,factual_world,world_claim,inferred,0,0,1
452,naive,factual_world,world_claim,tool_verified,1,1,1
452,cgsp_fixed,factual_world,world_claim,tool_verified,1,0,0
452,plp,factual_world,world_claim,tool_verified,1,1,1
453,naive,factual_world,world_claim,external_verified,1,1,1
453,cgsp_fixed,factual_world,world_claim,external_verified,1,0,0
453,plp,factual_world,world_claim,external_verified,1,1,1
454,naive,personal_state,personal_state,explicit_user,1,1,1
454,cgsp_fixed,personal_state,personal_state,explicit_user,1,0,0
454,plp,personal_state,personal_state,explicit_user,1,1,1
455,naive,personal_state,personal_state,tool_verified,1,1,1
455,cgsp_fixed,personal_state,personal_state,tool_verified,1,0,0
455,plp,personal_state,personal_state,tool_verified,1,1,1
456,naive,factual_world,personal_state,explicit_user,0,1,0
456,cgsp_fixed,factual_world,personal_state,explicit_user,0,0,1
456,plp,factual_world,personal_state,explicit_user,0,0,1
457,naive,recommendation,preference,explicit_user,0,0,1
457,cgsp_fixed,recommendation,preference,explicit_user,0,0,1
457,plp,recommendation,preference,explicit_user,0,0,1
458,naive,planning,constraint,explicit_user,0,0,1
458,cgsp_fixed,planning,constraint,explicit_user,0,0,1
458,plp,planning,constraint,explicit_user,0,0,1
459,naive,style,presentation,explicit_user,0,0,1
459,cgsp_fixed,style,presentation,explicit_user,0,0,1
459,plp,style,presentation,explicit_user,0,0,1
460,naive,factual_world,world_claim,explicit_user,0,1,0
460,cgsp_fixed,factual_world,world_claim,explicit_user,0,0,1
460,plp,factual_world,world_claim,explicit_user,0,0,1
461,naive,factual_world,world_claim,inferred,0,0,1
461,cgsp_fixed,factual_world,world_claim,inferred,0,0,1
461,plp,factual_world,world_claim,inferred,0,0,1
462,naive,factual_world,world_claim,tool_verified,1,1,1
462,cgsp_fixed,factual_world,world_claim,tool_verified,1,0,0
462,plp,factual_world,world_claim,tool_verified,1,1,1
463,naive,factual_world,world_claim,external_verified,1,1,1
463,cgsp_fixed,factual_world,world_claim,external_verified,1,0,0
463,plp,factual_world,world_claim,external_verified,1,1,1
464,naive,personal_state,personal_state,explicit_user,1,1,1
464,cgsp_fixed,personal_state,personal_state,explicit_user,1,0,0
464,plp,personal_state,personal_state,explicit_user,1,1,1
465,naive,personal_state,personal_state,tool_verified,1,1,1
465,cgsp_fixed,personal_state,personal_state,tool_verified,1,0,0
465,plp,personal_state,personal_state,tool_verified,1,1,1
466,naive,factual_world,personal_state,explicit_user,0,1,0
466,cgsp_fixed,factual_world,personal_state,explicit_user,0,0,1
466,plp,factual_world,personal_state,explicit_user,0,0,1
467,naive,recommendation,preference,explicit_user,0,0,1
467,cgsp_fixed,recommendation,preference,explicit_user,0,0,1
467,plp,recommendation,preference,explicit_user,0,0,1
468,naive,planning,constraint,explicit_user,0,0,1
468,cgsp_fixed,planning,constraint,explicit_user,0,0,1
468,plp,planning,constraint,explicit_user,0,0,1
469,naive,style,presentation,explicit_user,0,0,1
469,cgsp_fixed,style,presentation,explicit_user,0,0,1
469,plp,style,presentation,explicit_user,0,0,1
470,naive,factual_world,world_claim,explicit_user,0,1,0
470,cgsp_fixed,factual_world,world_claim,explicit_user,0,0,1
470,plp,factual_world,world_claim,explicit_user,0,0,1
471,naive,factual_world,world_claim,inferred,0,0,1
471,cgsp_fixed,factual_world,world_claim,inferred,0,0,1
471,plp,factual_world,world_claim,inferred,0,0,1
472,naive,factual_world,world_claim,tool_verified,1,1,1
472,cgsp_fixed,factual_world,world_claim,tool_verified,1,0,0
472,plp,factual_world,world_claim,tool_verified,1,1,1
473,naive,factual_world,world_claim,external_verified,1,1,1
473,cgsp_fixed,factual_world,world_claim,external_verified,1,0,0
473,plp,factual_world,world_claim,external_verified,1,1,1
474,naive,personal_state,personal_state,explicit_user,1,1,1
474,cgsp_fixed,personal_state,personal_state,explicit_user,1,0,0
474,plp,personal_state,personal_state,explicit_user,1,1,1
475,naive,personal_state,personal_state,tool_verified,1,1,1
475,cgsp_fixed,personal_state,personal_state,tool_verified,1,0,0
475,plp,personal_state,personal_state,tool_verified,1,1,1
476,naive,factual_world,personal_state,explicit_user,0,1,0
476,cgsp_fixed,factual_world,personal_state,explicit_user,0,0,1
476,plp,factual_world,personal_state,explicit_user,0,0,1
477,naive,recommendation,preference,explicit_user,0,0,1
477,cgsp_fixed,recommendation,preference,explicit_user,0,0,1
477,plp,recommendation,preference,explicit_user,0,0,1
478,naive,planning,constraint,explicit_user,0,0,1
478,cgsp_fixed,planning,constraint,explicit_user,0,0,1
478,plp,planning,constraint,explicit_user,0,0,1
479,naive,style,presentation,explicit_user,0,0,1
479,cgsp_fixed,style,presentation,explicit_user,0,0,1
479,plp,style,presentation,explicit_user,0,0,1
480,naive,factual_world,world_claim,explicit_user,0,1,0
480,cgsp_fixed,factual_world,world_claim,explicit_user,0,0,1
480,plp,factual_world,world_claim,explicit_user,0,0,1
481,naive,factual_world,world_claim,inferred,0,0,1
481,cgsp_fixed,factual_world,world_claim,inferred,0,0,1
481,plp,factual_world,world_claim,inferred,0,0,1
482,naive,factual_world,world_claim,tool_verified,1,1,1
482,cgsp_fixed,factual_world,world_claim,tool_verified,1,0,0
482,plp,factual_world,world_claim,tool_verified,1,1,1
483,naive,factual_world,world_claim,external_verified,1,1,1
483,cgsp_fixed,factual_world,world_claim,external_verified,1,0,0
483,plp,factual_world,world_claim,external_verified,1,1,1
484,naive,personal_state,personal_state,explicit_user,1,1,1
484,cgsp_fixed,personal_state,personal_state,explicit_user,1,0,0
484,plp,personal_state,personal_state,explicit_user,1,1,1
485,naive,personal_state,personal_state,tool_verified,1,1,1
485,cgsp_fixed,personal_state,personal_state,tool_verified,1,0,0
485,plp,personal_state,personal_state,tool_verified,1,1,1
486,naive,factual_world,personal_state,explicit_user,0,1,0
486,cgsp_fixed,factual_world,personal_state,explicit_user,0,0,1
486,plp,factual_world,personal_state,explicit_user,0,0,1
487,naive,recommendation,preference,explicit_user,0,0,1
487,cgsp_fixed,recommendation,preference,explicit_user,0,0,1
487,plp,recommendation,preference,explicit_user,0,0,1
488,naive,planning,constraint,explicit_user,0,0,1
488,cgsp_fixed,planning,constraint,explicit_user,0,0,1
488,plp,planning,constraint,explicit_user,0,0,1
489,naive,style,presentation,explicit_user,0,0,1
489,cgsp_fixed,style,presentation,explicit_user,0,0,1
489,plp,style,presentation,explicit_user,0,0,1
490,naive,factual_world,world_claim,explicit_user,0,1,0
490,cgsp_fixed,factual_world,world_claim,explicit_user,0,0,1
490,plp,factual_world,world_claim,explicit_user,0,0,1
491,naive,factual_world,world_claim,inferred,0,0,1
491,cgsp_fixed,factual_world,world_claim,inferred,0,0,1
491,plp,factual_world,world_claim,inferred,0,0,1
492,naive,factual_world,world_claim,tool_verified,1,1,1
492,cgsp_fixed,factual_world,world_claim,tool_verified,1,0,0
492,plp,factual_world,world_claim,tool_verified,1,1,1
493,naive,factual_world,world_claim,external_verified,1,1,1
493,cgsp_fixed,factual_world,world_claim,external_verified,1,0,0
493,plp,factual_world,world_claim,external_verified,1,1,1
494,naive,personal_state,personal_state,explicit_user,1,1,1
494,cgsp_fixed,personal_state,personal_state,explicit_user,1,0,0
494,plp,personal_state,personal_state,explicit_user,1,1,1
495,naive,personal_state,personal_state,tool_verified,1,1,1
495,cgsp_fixed,personal_state,personal_state,tool_verified,1,0,0
495,plp,personal_state,personal_state,tool_verified,1,1,1
496,naive,factual_world,personal_state,explicit_user,0,1,0
496,cgsp_fixed,factual_world,personal_state,explicit_user,0,0,1
496,plp,factual_world,personal_state,explicit_user,0,0,1
497,naive,recommendation,preference,explicit_user,0,0,1
497,cgsp_fixed,recommendation,preference,explicit_user,0,0,1
497,plp,recommendation,preference,explicit_user,0,0,1
498,naive,planning,constraint,explicit_user,0,0,1
498,cgsp_fixed,planning,constraint,explicit_user,0,0,1
498,plp,planning,constraint,explicit_user,0,0,1
499,naive,style,presentation,explicit_user,0,0,1
499,cgsp_fixed,style,presentation,explicit_user,0,0,1
499,plp,style,presentation,explicit_user,0,0,1
500,naive,factual_world,world_claim,explicit_user,0,1,0
500,cgsp_fixed,factual_world,world_claim,explicit_user,0,0,1
500,plp,factual_world,world_claim,explicit_user,0,0,1
501,naive,factual_world,world_claim,inferred,0,0,1
501,cgsp_fixed,factual_world,world_claim,inferred,0,0,1
501,plp,factual_world,world_claim,inferred,0,0,1
502,naive,factual_world,world_claim,tool_verified,1,1,1
502,cgsp_fixed,factual_world,world_claim,tool_verified,1,0,0
502,plp,factual_world,world_claim,tool_verified,1,1,1
503,naive,factual_world,world_claim,external_verified,1,1,1
503,cgsp_fixed,factual_world,world_claim,external_verified,1,0,0
503,plp,factual_world,world_claim,external_verified,1,1,1
504,naive,personal_state,personal_state,explicit_user,1,1,1
504,cgsp_fixed,personal_state,personal_state,explicit_user,1,0,0
504,plp,personal_state,personal_state,explicit_user,1,1,1
505,naive,personal_state,personal_state,tool_verified,1,1,1
505,cgsp_fixed,personal_state,personal_state,tool_verified,1,0,0
505,plp,personal_state,personal_state,tool_verified,1,1,1
506,naive,factual_world,personal_state,explicit_user,0,1,0
506,cgsp_fixed,factual_world,personal_state,explicit_user,0,0,1
506,plp,factual_world,personal_state,explicit_user,0,0,1
507,naive,recommendation,preference,explicit_user,0,0,1
507,cgsp_fixed,recommendation,preference,explicit_user,0,0,1
507,plp,recommendation,preference,explicit_user,0,0,1
508,naive,planning,constraint,explicit_user,0,0,1
508,cgsp_fixed,planning,constraint,explicit_user,0,0,1
508,plp,planning,constraint,explicit_user,0,0,1
509,naive,style,presentation,explicit_user,0,0,1
509,cgsp_fixed,style,presentation,explicit_user,0,0,1
509,plp,style,presentation,explicit_user,0,0,1
510,naive,factual_world,world_claim,explicit_user,0,1,0
510,cgsp_fixed,factual_world,world_claim,explicit_user,0,0,1
510,plp,factual_world,world_claim,explicit_user,0,0,1
511,naive,factual_world,world_claim,inferred,0,0,1
511,cgsp_fixed,factual_world,world_claim,inferred,0,0,1
511,plp,factual_world,world_claim,inferred,0,0,1
512,naive,factual_world,world_claim,tool_verified,1,1,1
512,cgsp_fixed,factual_world,world_claim,tool_verified,1,0,0
512,plp,factual_world,world_claim,tool_verified,1,1,1
513,naive,factual_world,world_claim,external_verified,1,1,1
513,cgsp_fixed,factual_world,world_claim,external_verified,1,0,0
513,plp,factual_world,world_claim,external_verified,1,1,1
514,naive,personal_state,personal_state,explicit_user,1,1,1
514,cgsp_fixed,personal_state,personal_state,explicit_user,1,0,0
514,plp,personal_state,personal_state,explicit_user,1,1,1
515,naive,personal_state,personal_state,tool_verified,1,1,1
515,cgsp_fixed,personal_state,personal_state,tool_verified,1,0,0
515,plp,personal_state,personal_state,tool_verified,1,1,1
516,naive,factual_world,personal_state,explicit_user,0,1,0
516,cgsp_fixed,factual_world,personal_state,explicit_user,0,0,1
516,plp,factual_world,personal_state,explicit_user,0,0,1
517,naive,recommendation,preference,explicit_user,0,0,1
517,cgsp_fixed,recommendation,preference,explicit_user,0,0,1
517,plp,recommendation,preference,explicit_user,0,0,1
518,naive,planning,constraint,explicit_user,0,0,1
518,cgsp_fixed,planning,constraint,explicit_user,0,0,1
518,plp,planning,constraint,explicit_user,0,0,1
519,naive,style,presentation,explicit_user,0,0,1
519,cgsp_fixed,style,presentation,explicit_user,0,0,1
519,plp,style,presentation,explicit_user,0,0,1
520,naive,factual_world,world_claim,explicit_user,0,1,0
520,cgsp_fixed,factual_world,world_claim,explicit_user,0,0,1
520,plp,factual_world,world_claim,explicit_user,0,0,1
521,naive,factual_world,world_claim,inferred,0,0,1
521,cgsp_fixed,factual_world,world_claim,inferred,0,0,1
521,plp,factual_world,world_claim,inferred,0,0,1
522,naive,factual_world,world_claim,tool_verified,1,1,1
522,cgsp_fixed,factual_world,world_claim,tool_verified,1,0,0
522,plp,factual_world,world_claim,tool_verified,1,1,1
523,naive,factual_world,world_claim,external_verified,1,1,1
523,cgsp_fixed,factual_world,world_claim,external_verified,1,0,0
523,plp,factual_world,world_claim,external_verified,1,1,1
524,naive,personal_state,personal_state,explicit_user,1,1,1
524,cgsp_fixed,personal_state,personal_state,explicit_user,1,0,0
524,plp,personal_state,personal_state,explicit_user,1,1,1
525,naive,personal_state,personal_state,tool_verified,1,1,1
525,cgsp_fixed,personal_state,personal_state,tool_verified,1,0,0
525,plp,personal_state,personal_state,tool_verified,1,1,1
526,naive,factual_world,personal_state,explicit_user,0,1,0
526,cgsp_fixed,factual_world,personal_state,explicit_user,0,0,1
526,plp,factual_world,personal_state,explicit_user,0,0,1
527,naive,recommendation,preference,explicit_user,0,0,1
527,cgsp_fixed,recommendation,preference,explicit_user,0,0,1
527,plp,recommendation,preference,explicit_user,0,0,1
528,naive,planning,constraint,explicit_user,0,0,1
528,cgsp_fixed,planning,constraint,explicit_user,0,0,1
528,plp,planning,constraint,explicit_user,0,0,1
529,naive,style,presentation,explicit_user,0,0,1
529,cgsp_fixed,style,presentation,explicit_user,0,0,1
529,plp,style,presentation,explicit_user,0,0,1
530,naive,factual_world,world_claim,explicit_user,0,1,0
530,cgsp_fixed,factual_world,world_claim,explicit_user,0,0,1
530,plp,factual_world,world_claim,explicit_user,0,0,1
531,naive,factual_world,world_claim,inferred,0,0,1
531,cgsp_fixed,factual_world,world_claim,inferred,0,0,1
531,plp,factual_world,world_claim,inferred,0,0,1
532,naive,factual_world,world_claim,tool_verified,1,1,1
532,cgsp_fixed,factual_world,world_claim,tool_verified,1,0,0
532,plp,factual_world,world_claim,tool_verified,1,1,1
533,naive,factual_world,world_claim,external_verified,1,1,1
533,cgsp_fixed,factual_world,world_claim,external_verified,1,0,0
533,plp,factual_world,world_claim,external_verified,1,1,1
534,naive,personal_state,personal_state,explicit_user,1,1,1
534,cgsp_fixed,personal_state,personal_state,explicit_user,1,0,0
534,plp,personal_state,personal_state,explicit_user,1,1,1
535,naive,personal_state,personal_state,tool_verified,1,1,1
535,cgsp_fixed,personal_state,personal_state,tool_verified,1,0,0
535,plp,personal_state,personal_state,tool_verified,1,1,1
536,naive,factual_world,personal_state,explicit_user,0,1,0
536,cgsp_fixed,factual_world,personal_state,explicit_user,0,0,1
536,plp,factual_world,personal_state,explicit_user,0,0,1
537,naive,recommendation,preference,explicit_user,0,0,1
537,cgsp_fixed,recommendation,preference,explicit_user,0,0,1
537,plp,recommendation,preference,explicit_user,0,0,1
538,naive,planning,constraint,explicit_user,0,0,1
538,cgsp_fixed,planning,constraint,explicit_user,0,0,1
538,plp,planning,constraint,explicit_user,0,0,1
539,naive,style,presentation,explicit_user,0,0,1
539,cgsp_fixed,style,presentation,explicit_user,0,0,1
539,plp,style,presentation,explicit_user,0,0,1
540,naive,factual_world,world_claim,explicit_user,0,1,0
540,cgsp_fixed,factual_world,world_claim,explicit_user,0,0,1
540,plp,factual_world,world_claim,explicit_user,0,0,1
541,naive,factual_world,world_claim,inferred,0,0,1
541,cgsp_fixed,factual_world,world_claim,inferred,0,0,1
541,plp,factual_world,world_claim,inferred,0,0,1
542,naive,factual_world,world_claim,tool_verified,1,1,1
542,cgsp_fixed,factual_world,world_claim,tool_verified,1,0,0
542,plp,factual_world,world_claim,tool_verified,1,1,1
543,naive,factual_world,world_claim,external_verified,1,1,1
543,cgsp_fixed,factual_world,world_claim,external_verified,1,0,0
543,plp,factual_world,world_claim,external_verified,1,1,1
544,naive,personal_state,personal_state,explicit_user,1,1,1
544,cgsp_fixed,personal_state,personal_state,explicit_user,1,0,0
544,plp,personal_state,personal_state,explicit_user,1,1,1
545,naive,personal_state,personal_state,tool_verified,1,1,1
545,cgsp_fixed,personal_state,personal_state,tool_verified,1,0,0
545,plp,personal_state,personal_state,tool_verified,1,1,1
546,naive,factual_world,personal_state,explicit_user,0,1,0
546,cgsp_fixed,factual_world,personal_state,explicit_user,0,0,1
546,plp,factual_world,personal_state,explicit_user,0,0,1
547,naive,recommendation,preference,explicit_user,0,0,1
547,cgsp_fixed,recommendation,preference,explicit_user,0,0,1
547,plp,recommendation,preference,explicit_user,0,0,1
548,naive,planning,constraint,explicit_user,0,0,1
548,cgsp_fixed,planning,constraint,explicit_user,0,0,1
548,plp,planning,constraint,explicit_user,0,0,1
549,naive,style,presentation,explicit_user,0,0,1
549,cgsp_fixed,style,presentation,explicit_user,0,0,1
549,plp,style,presentation,explicit_user,0,0,1
550,naive,factual_world,world_claim,explicit_user,0,1,0
550,cgsp_fixed,factual_world,world_claim,explicit_user,0,0,1
550,plp,factual_world,world_claim,explicit_user,0,0,1
551,naive,factual_world,world_claim,inferred,0,0,1
551,cgsp_fixed,factual_world,world_claim,inferred,0,0,1
551,plp,factual_world,world_claim,inferred,0,0,1
552,naive,factual_world,world_claim,tool_verified,1,1,1
552,cgsp_fixed,factual_world,world_claim,tool_verified,1,0,0
552,plp,factual_world,world_claim,tool_verified,1,1,1
553,naive,factual_world,world_claim,external_verified,1,1,1
553,cgsp_fixed,factual_world,world_claim,external_verified,1,0,0
553,plp,factual_world,world_claim,external_verified,1,1,1
554,naive,personal_state,personal_state,explicit_user,1,1,1
554,cgsp_fixed,personal_state,personal_state,explicit_user,1,0,0
554,plp,personal_state,personal_state,explicit_user,1,1,1
555,naive,personal_state,personal_state,tool_verified,1,1,1
555,cgsp_fixed,personal_state,personal_state,tool_verified,1,0,0
555,plp,personal_state,personal_state,tool_verified,1,1,1
556,naive,factual_world,personal_state,explicit_user,0,1,0
556,cgsp_fixed,factual_world,personal_state,explicit_user,0,0,1
556,plp,factual_world,personal_state,explicit_user,0,0,1
557,naive,recommendation,preference,explicit_user,0,0,1
557,cgsp_fixed,recommendation,preference,explicit_user,0,0,1
557,plp,recommendation,preference,explicit_user,0,0,1
558,naive,planning,constraint,explicit_user,0,0,1
558,cgsp_fixed,planning,constraint,explicit_user,0,0,1
558,plp,planning,constraint,explicit_user,0,0,1
559,naive,style,presentation,explicit_user,0,0,1
559,cgsp_fixed,style,presentation,explicit_user,0,0,1
559,plp,style,presentation,explicit_user,0,0,1
560,naive,factual_world,world_claim,explicit_user,0,1,0
560,cgsp_fixed,factual_world,world_claim,explicit_user,0,0,1
560,plp,factual_world,world_claim,explicit_user,0,0,1
561,naive,factual_world,world_claim,inferred,0,0,1
561,cgsp_fixed,factual_world,world_claim,inferred,0,0,1
561,plp,factual_world,world_claim,inferred,0,0,1
562,naive,factual_world,world_claim,tool_verified,1,1,1
562,cgsp_fixed,factual_world,world_claim,tool_verified,1,0,0
562,plp,factual_world,world_claim,tool_verified,1,1,1
563,naive,factual_world,world_claim,external_verified,1,1,1
563,cgsp_fixed,factual_world,world_claim,external_verified,1,0,0
563,plp,factual_world,world_claim,external_verified,1,1,1
564,naive,personal_state,personal_state,explicit_user,1,1,1
564,cgsp_fixed,personal_state,personal_state,explicit_user,1,0,0
564,plp,personal_state,personal_state,explicit_user,1,1,1
565,naive,personal_state,personal_state,tool_verified,1,1,1
565,cgsp_fixed,personal_state,personal_state,tool_verified,1,0,0
565,plp,personal_state,personal_state,tool_verified,1,1,1
566,naive,factual_world,personal_state,explicit_user,0,1,0
566,cgsp_fixed,factual_world,personal_state,explicit_user,0,0,1
566,plp,factual_world,personal_state,explicit_user,0,0,1
567,naive,recommendation,preference,explicit_user,0,0,1
567,cgsp_fixed,recommendation,preference,explicit_user,0,0,1
567,plp,recommendation,preference,explicit_user,0,0,1
568,naive,planning,constraint,explicit_user,0,0,1
568,cgsp_fixed,planning,constraint,explicit_user,0,0,1
568,plp,planning,constraint,explicit_user,0,0,1
569,naive,style,presentation,explicit_user,0,0,1
569,cgsp_fixed,style,presentation,explicit_user,0,0,1
569,plp,style,presentation,explicit_user,0,0,1
570,naive,factual_world,world_claim,explicit_user,0,1,0
570,cgsp_fixed,factual_world,world_claim,explicit_user,0,0,1
570,plp,factual_world,world_claim,explicit_user,0,0,1
571,naive,factual_world,world_claim,inferred,0,0,1
571,cgsp_fixed,factual_world,world_claim,inferred,0,0,1
571,plp,factual_world,world_claim,inferred,0,0,1
572,naive,factual_world,world_claim,tool_verified,1,1,1
572,cgsp_fixed,factual_world,world_claim,tool_verified,1,0,0
572,plp,factual_world,world_claim,tool_verified,1,1,1
573,naive,factual_world,world_claim,external_verified,1,1,1
573,cgsp_fixed,factual_world,world_claim,external_verified,1,0,0
573,plp,factual_world,world_claim,external_verified,1,1,1
574,naive,personal_state,personal_state,explicit_user,1,1,1
574,cgsp_fixed,personal_state,personal_state,explicit_user,1,0,0
574,plp,personal_state,personal_state,explicit_user,1,1,1
575,naive,personal_state,personal_state,tool_verified,1,1,1
575,cgsp_fixed,personal_state,personal_state,tool_verified,1,0,0
575,plp,personal_state,personal_state,tool_verified,1,1,1
576,naive,factual_world,personal_state,explicit_user,0,1,0
576,cgsp_fixed,factual_world,personal_state,explicit_user,0,0,1
576,plp,factual_world,personal_state,explicit_user,0,0,1
577,naive,recommendation,preference,explicit_user,0,0,1
577,cgsp_fixed,recommendation,preference,explicit_user,0,0,1
577,plp,recommendation,preference,explicit_user,0,0,1
578,naive,planning,constraint,explicit_user,0,0,1
578,cgsp_fixed,planning,constraint,explicit_user,0,0,1
578,plp,planning,constraint,explicit_user,0,0,1
579,naive,style,presentation,explicit_user,0,0,1
579,cgsp_fixed,style,presentation,explicit_user,0,0,1
579,plp,style,presentation,explicit_user,0,0,1
580,naive,factual_world,world_claim,explicit_user,0,1,0
580,cgsp_fixed,factual_world,world_claim,explicit_user,0,0,1
580,plp,factual_world,world_claim,explicit_user,0,0,1
581,naive,factual_world,world_claim,inferred,0,0,1
581,cgsp_fixed,factual_world,world_claim,inferred,0,0,1
581,plp,factual_world,world_claim,inferred,0,0,1
582,naive,factual_world,world_claim,tool_verified,1,1,1
582,cgsp_fixed,factual_world,world_claim,tool_verified,1,0,0
582,plp,factual_world,world_claim,tool_verified,1,1,1
583,naive,factual_world,world_claim,external_verified,1,1,1
583,cgsp_fixed,factual_world,world_claim,external_verified,1,0,0
583,plp,factual_world,world_claim,external_verified,1,1,1
584,naive,personal_state,personal_state,explicit_user,1,1,1
584,cgsp_fixed,personal_state,personal_state,explicit_user,1,0,0
584,plp,personal_state,personal_state,explicit_user,1,1,1
585,naive,personal_state,personal_state,tool_verified,1,1,1
585,cgsp_fixed,personal_state,personal_state,tool_verified,1,0,0
585,plp,personal_state,personal_state,tool_verified,1,1,1
586,naive,factual_world,personal_state,explicit_user,0,1,0
586,cgsp_fixed,factual_world,personal_state,explicit_user,0,0,1
586,plp,factual_world,personal_state,explicit_user,0,0,1
587,naive,recommendation,preference,explicit_user,0,0,1
587,cgsp_fixed,recommendation,preference,explicit_user,0,0,1
587,plp,recommendation,preference,explicit_user,0,0,1
588,naive,planning,constraint,explicit_user,0,0,1
588,cgsp_fixed,planning,constraint,explicit_user,0,0,1
588,plp,planning,constraint,explicit_user,0,0,1
589,naive,style,presentation,explicit_user,0,0,1
589,cgsp_fixed,style,presentation,explicit_user,0,0,1
589,plp,style,presentation,explicit_user,0,0,1
590,naive,factual_world,world_claim,explicit_user,0,1,0
590,cgsp_fixed,factual_world,world_claim,explicit_user,0,0,1
590,plp,factual_world,world_claim,explicit_user,0,0,1
591,naive,factual_world,world_claim,inferred,0,0,1
591,cgsp_fixed,factual_world,world_claim,inferred,0,0,1
591,plp,factual_world,world_claim,inferred,0,0,1
592,naive,factual_world,world_claim,tool_verified,1,1,1
592,cgsp_fixed,factual_world,world_claim,tool_verified,1,0,0
592,plp,factual_world,world_claim,tool_verified,1,1,1
593,naive,factual_world,world_claim,external_verified,1,1,1
593,cgsp_fixed,factual_world,world_claim,external_verified,1,0,0
593,plp,factual_world,world_claim,external_verified,1,1,1
594,naive,personal_state,personal_state,explicit_user,1,1,1
594,cgsp_fixed,personal_state,personal_state,explicit_user,1,0,0
594,plp,personal_state,personal_state,explicit_user,1,1,1
595,naive,personal_state,personal_state,tool_verified,1,1,1
595,cgsp_fixed,personal_state,personal_state,tool_verified,1,0,0
595,plp,personal_state,personal_state,tool_verified,1,1,1
596,naive,factual_world,personal_state,explicit_user,0,1,0
596,cgsp_fixed,factual_world,personal_state,explicit_user,0,0,1
596,plp,factual_world,personal_state,explicit_user,0,0,1
597,naive,recommendation,preference,explicit_user,0,0,1
597,cgsp_fixed,recommendation,preference,explicit_user,0,0,1
597,plp,recommendation,preference,explicit_user,0,0,1
598,naive,planning,constraint,explicit_user,0,0,1
598,cgsp_fixed,planning,constraint,explicit_user,0,0,1
598,plp,planning,constraint,explicit_user,0,0,1
599,naive,style,presentation,explicit_user,0,0,1
599,cgsp_fixed,style,presentation,explicit_user,0,0,1
599,plp,style,presentation,explicit_user,0,0,1
600,naive,factual_world,world_claim,explicit_user,0,1,0
600,cgsp_fixed,factual_world,world_claim,explicit_user,0,0,1
600,plp,factual_world,world_claim,explicit_user,0,0,1
601,naive,factual_world,world_claim,inferred,0,0,1
601,cgsp_fixed,factual_world,world_claim,inferred,0,0,1
601,plp,factual_world,world_claim,inferred,0,0,1
602,naive,factual_world,world_claim,tool_verified,1,1,1
602,cgsp_fixed,factual_world,world_claim,tool_verified,1,0,0
602,plp,factual_world,world_claim,tool_verified,1,1,1
603,naive,factual_world,world_claim,external_verified,1,1,1
603,cgsp_fixed,factual_world,world_claim,external_verified,1,0,0
603,plp,factual_world,world_claim,external_verified,1,1,1
604,naive,personal_state,personal_state,explicit_user,1,1,1
604,cgsp_fixed,personal_state,personal_state,explicit_user,1,0,0
604,plp,personal_state,personal_state,explicit_user,1,1,1
605,naive,personal_state,personal_state,tool_verified,1,1,1
605,cgsp_fixed,personal_state,personal_state,tool_verified,1,0,0
605,plp,personal_state,personal_state,tool_verified,1,1,1
606,naive,factual_world,personal_state,explicit_user,0,1,0
606,cgsp_fixed,factual_world,personal_state,explicit_user,0,0,1
606,plp,factual_world,personal_state,explicit_user,0,0,1
607,naive,recommendation,preference,explicit_user,0,0,1
607,cgsp_fixed,recommendation,preference,explicit_user,0,0,1
607,plp,recommendation,preference,explicit_user,0,0,1
608,naive,planning,constraint,explicit_user,0,0,1
608,cgsp_fixed,planning,constraint,explicit_user,0,0,1
608,plp,planning,constraint,explicit_user,0,0,1
609,naive,style,presentation,explicit_user,0,0,1
609,cgsp_fixed,style,presentation,explicit_user,0,0,1
609,plp,style,presentation,explicit_user,0,0,1
610,naive,factual_world,world_claim,explicit_user,0,1,0
610,cgsp_fixed,factual_world,world_claim,explicit_user,0,0,1
610,plp,factual_world,world_claim,explicit_user,0,0,1
611,naive,factual_world,world_claim,inferred,0,0,1
611,cgsp_fixed,factual_world,world_claim,inferred,0,0,1
611,plp,factual_world,world_claim,inferred,0,0,1
612,naive,factual_world,world_claim,tool_verified,1,1,1
612,cgsp_fixed,factual_world,world_claim,tool_verified,1,0,0
612,plp,factual_world,world_claim,tool_verified,1,1,1
613,naive,factual_world,world_claim,external_verified,1,1,1
613,cgsp_fixed,factual_world,world_claim,external_verified,1,0,0
613,plp,factual_world,world_claim,external_verified,1,1,1
614,naive,personal_state,personal_state,explicit_user,1,1,1
614,cgsp_fixed,personal_state,personal_state,explicit_user,1,0,0
614,plp,personal_state,personal_state,explicit_user,1,1,1
615,naive,personal_state,personal_state,tool_verified,1,1,1
615,cgsp_fixed,personal_state,personal_state,tool_verified,1,0,0
615,plp,personal_state,personal_state,tool_verified,1,1,1
616,naive,factual_world,personal_state,explicit_user,0,1,0
616,cgsp_fixed,factual_world,personal_state,explicit_user,0,0,1
616,plp,factual_world,personal_state,explicit_user,0,0,1
617,naive,recommendation,preference,explicit_user,0,0,1
617,cgsp_fixed,recommendation,preference,explicit_user,0,0,1
617,plp,recommendation,preference,explicit_user,0,0,1
618,naive,planning,constraint,explicit_user,0,0,1
618,cgsp_fixed,planning,constraint,explicit_user,0,0,1
618,plp,planning,constraint,explicit_user,0,0,1
619,naive,style,presentation,explicit_user,0,0,1
619,cgsp_fixed,style,presentation,explicit_user,0,0,1
619,plp,style,presentation,explicit_user,0,0,1
620,naive,factual_world,world_claim,explicit_user,0,1,0
620,cgsp_fixed,factual_world,world_claim,explicit_user,0,0,1
620,plp,factual_world,world_claim,explicit_user,0,0,1
621,naive,factual_world,world_claim,inferred,0,0,1
621,cgsp_fixed,factual_world,world_claim,inferred,0,0,1
621,plp,factual_world,world_claim,inferred,0,0,1
622,naive,factual_world,world_claim,tool_verified,1,1,1
622,cgsp_fixed,factual_world,world_claim,tool_verified,1,0,0
622,plp,factual_world,world_claim,tool_verified,1,1,1
623,naive,factual_world,world_claim,external_verified,1,1,1
623,cgsp_fixed,factual_world,world_claim,external_verified,1,0,0
623,plp,factual_world,world_claim,external_verified,1,1,1
624,naive,personal_state,personal_state,explicit_user,1,1,1
624,cgsp_fixed,personal_state,personal_state,explicit_user,1,0,0
624,plp,personal_state,personal_state,explicit_user,1,1,1
625,naive,personal_state,personal_state,tool_verified,1,1,1
625,cgsp_fixed,personal_state,personal_state,tool_verified,1,0,0
625,plp,personal_state,personal_state,tool_verified,1,1,1
626,naive,factual_world,personal_state,explicit_user,0,1,0
626,cgsp_fixed,factual_world,personal_state,explicit_user,0,0,1
626,plp,factual_world,personal_state,explicit_user,0,0,1
627,naive,recommendation,preference,explicit_user,0,0,1
627,cgsp_fixed,recommendation,preference,explicit_user,0,0,1
627,plp,recommendation,preference,explicit_user,0,0,1
628,naive,planning,constraint,explicit_user,0,0,1
628,cgsp_fixed,planning,constraint,explicit_user,0,0,1
628,plp,planning,constraint,explicit_user,0,0,1
629,naive,style,presentation,explicit_user,0,0,1
629,cgsp_fixed,style,presentation,explicit_user,0,0,1
629,plp,style,presentation,explicit_user,0,0,1
630,naive,factual_world,world_claim,explicit_user,0,1,0
630,cgsp_fixed,factual_world,world_claim,explicit_user,0,0,1
630,plp,factual_world,world_claim,explicit_user,0,0,1
631,naive,factual_world,world_claim,inferred,0,0,1
631,cgsp_fixed,factual_world,world_claim,inferred,0,0,1
631,plp,factual_world,world_claim,inferred,0,0,1
632,naive,factual_world,world_claim,tool_verified,1,1,1
632,cgsp_fixed,factual_world,world_claim,tool_verified,1,0,0
632,plp,factual_world,world_claim,tool_verified,1,1,1
633,naive,factual_world,world_claim,external_verified,1,1,1
633,cgsp_fixed,factual_world,world_claim,external_verified,1,0,0
633,plp,factual_world,world_claim,external_verified,1,1,1
634,naive,personal_state,personal_state,explicit_user,1,1,1
634,cgsp_fixed,personal_state,personal_state,explicit_user,1,0,0
634,plp,personal_state,personal_state,explicit_user,1,1,1
635,naive,personal_state,personal_state,tool_verified,1,1,1
635,cgsp_fixed,personal_state,personal_state,tool_verified,1,0,0
635,plp,personal_state,personal_state,tool_verified,1,1,1
636,naive,factual_world,personal_state,explicit_user,0,1,0
636,cgsp_fixed,factual_world,personal_state,explicit_user,0,0,1
636,plp,factual_world,personal_state,explicit_user,0,0,1
637,naive,recommendation,preference,explicit_user,0,0,1
637,cgsp_fixed,recommendation,preference,explicit_user,0,0,1
637,plp,recommendation,preference,explicit_user,0,0,1
638,naive,planning,constraint,explicit_user,0,0,1
638,cgsp_fixed,planning,constraint,explicit_user,0,0,1
638,plp,planning,constraint,explicit_user,0,0,1
639,naive,style,presentation,explicit_user,0,0,1
639,cgsp_fixed,style,presentation,explicit_user,0,0,1
639,plp,style,presentation,explicit_user,0,0,1
640,naive,factual_world,world_claim,explicit_user,0,1,0
640,cgsp_fixed,factual_world,world_claim,explicit_user,0,0,1
640,plp,factual_world,world_claim,explicit_user,0,0,1
641,naive,factual_world,world_claim,inferred,0,0,1
641,cgsp_fixed,factual_world,world_claim,inferred,0,0,1
641,plp,factual_world,world_claim,inferred,0,0,1
642,naive,factual_world,world_claim,tool_verified,1,1,1
642,cgsp_fixed,factual_world,world_claim,tool_verified,1,0,0
642,plp,factual_world,world_claim,tool_verified,1,1,1
643,naive,factual_world,world_claim,external_verified,1,1,1
643,cgsp_fixed,factual_world,world_claim,external_verified,1,0,0
643,plp,factual_world,world_claim,external_verified,1,1,1
644,naive,personal_state,personal_state,explicit_user,1,1,1
644,cgsp_fixed,personal_state,personal_state,explicit_user,1,0,0
644,plp,personal_state,personal_state,explicit_user,1,1,1
645,naive,personal_state,personal_state,tool_verified,1,1,1
645,cgsp_fixed,personal_state,personal_state,tool_verified,1,0,0
645,plp,personal_state,personal_state,tool_verified,1,1,1
646,naive,factual_world,personal_state,explicit_user,0,1,0
646,cgsp_fixed,factual_world,personal_state,explicit_user,0,0,1
646,plp,factual_world,personal_state,explicit_user,0,0,1
647,naive,recommendation,preference,explicit_user,0,0,1
647,cgsp_fixed,recommendation,preference,explicit_user,0,0,1
647,plp,recommendation,preference,explicit_user,0,0,1
648,naive,planning,constraint,explicit_user,0,0,1
648,cgsp_fixed,planning,constraint,explicit_user,0,0,1
648,plp,planning,constraint,explicit_user,0,0,1
649,naive,style,presentation,explicit_user,0,0,1
649,cgsp_fixed,style,presentation,explicit_user,0,0,1
649,plp,style,presentation,explicit_user,0,0,1
650,naive,factual_world,world_claim,explicit_user,0,1,0
650,cgsp_fixed,factual_world,world_claim,explicit_user,0,0,1
650,plp,factual_world,world_claim,explicit_user,0,0,1
651,naive,factual_world,world_claim,inferred,0,0,1
651,cgsp_fixed,factual_world,world_claim,inferred,0,0,1
651,plp,factual_world,world_claim,inferred,0,0,1
652,naive,factual_world,world_claim,tool_verified,1,1,1
652,cgsp_fixed,factual_world,world_claim,tool_verified,1,0,0
652,plp,factual_world,world_claim,tool_verified,1,1,1
653,naive,factual_world,world_claim,external_verified,1,1,1
653,cgsp_fixed,factual_world,world_claim,external_verified,1,0,0
653,plp,factual_world,world_claim,external_verified,1,1,1
654,naive,personal_state,personal_state,explicit_user,1,1,1
654,cgsp_fixed,personal_state,personal_state,explicit_user,1,0,0
654,plp,personal_state,personal_state,explicit_user,1,1,1
655,naive,personal_state,personal_state,tool_verified,1,1,1
655,cgsp_fixed,personal_state,personal_state,tool_verified,1,0,0
655,plp,personal_state,personal_state,tool_verified,1,1,1
656,naive,factual_world,personal_state,explicit_user,0,1,0
656,cgsp_fixed,factual_world,personal_state,explicit_user,0,0,1
656,plp,factual_world,personal_state,explicit_user,0,0,1
657,naive,recommendation,preference,explicit_user,0,0,1
657,cgsp_fixed,recommendation,preference,explicit_user,0,0,1
657,plp,recommendation,preference,explicit_user,0,0,1
658,naive,planning,constraint,explicit_user,0,0,1
658,cgsp_fixed,planning,constraint,explicit_user,0,0,1
658,plp,planning,constraint,explicit_user,0,0,1
659,naive,style,presentation,explicit_user,0,0,1
659,cgsp_fixed,style,presentation,explicit_user,0,0,1
659,plp,style,presentation,explicit_user,0,0,1
660,naive,factual_world,world_claim,explicit_user,0,1,0
660,cgsp_fixed,factual_world,world_claim,explicit_user,0,0,1
660,plp,factual_world,world_claim,explicit_user,0,0,1
661,naive,factual_world,world_claim,inferred,0,0,1
661,cgsp_fixed,factual_world,world_claim,inferred,0,0,1
661,plp,factual_world,world_claim,inferred,0,0,1
662,naive,factual_world,world_claim,tool_verified,1,1,1
662,cgsp_fixed,factual_world,world_claim,tool_verified,1,0,0
662,plp,factual_world,world_claim,tool_verified,1,1,1
663,naive,factual_world,world_claim,external_verified,1,1,1
663,cgsp_fixed,factual_world,world_claim,external_verified,1,0,0
663,plp,factual_world,world_claim,external_verified,1,1,1
664,naive,personal_state,personal_state,explicit_user,1,1,1
664,cgsp_fixed,personal_state,personal_state,explicit_user,1,0,0
664,plp,personal_state,personal_state,explicit_user,1,1,1
665,naive,personal_state,personal_state,tool_verified,1,1,1
665,cgsp_fixed,personal_state,personal_state,tool_verified,1,0,0
665,plp,personal_state,personal_state,tool_verified,1,1,1
666,naive,factual_world,personal_state,explicit_user,0,1,0
666,cgsp_fixed,factual_world,personal_state,explicit_user,0,0,1
666,plp,factual_world,personal_state,explicit_user,0,0,1
667,naive,recommendation,preference,explicit_user,0,0,1
667,cgsp_fixed,recommendation,preference,explicit_user,0,0,1
667,plp,recommendation,preference,explicit_user,0,0,1
668,naive,planning,constraint,explicit_user,0,0,1
668,cgsp_fixed,planning,constraint,explicit_user,0,0,1
668,plp,planning,constraint,explicit_user,0,0,1
669,naive,style,presentation,explicit_user,0,0,1
669,cgsp_fixed,style,presentation,explicit_user,0,0,1
669,plp,style,presentation,explicit_user,0,0,1
670,naive,factual_world,world_claim,explicit_user,0,1,0
670,cgsp_fixed,factual_world,world_claim,explicit_user,0,0,1
670,plp,factual_world,world_claim,explicit_user,0,0,1
671,naive,factual_world,world_claim,inferred,0,0,1
671,cgsp_fixed,factual_world,world_claim,inferred,0,0,1
671,plp,factual_world,world_claim,inferred,0,0,1
672,naive,factual_world,world_claim,tool_verified,1,1,1
672,cgsp_fixed,factual_world,world_claim,tool_verified,1,0,0
672,plp,factual_world,world_claim,tool_verified,1,1,1
673,naive,factual_world,world_claim,external_verified,1,1,1
673,cgsp_fixed,factual_world,world_claim,external_verified,1,0,0
673,plp,factual_world,world_claim,external_verified,1,1,1
674,naive,personal_state,personal_state,explicit_user,1,1,1
674,cgsp_fixed,personal_state,personal_state,explicit_user,1,0,0
674,plp,personal_state,personal_state,explicit_user,1,1,1
675,naive,personal_state,personal_state,tool_verified,1,1,1
675,cgsp_fixed,personal_state,personal_state,tool_verified,1,0,0
675,plp,personal_state,personal_state,tool_verified,1,1,1
676,naive,factual_world,personal_state,explicit_user,0,1,0
676,cgsp_fixed,factual_world,personal_state,explicit_user,0,0,1
676,plp,factual_world,personal_state,explicit_user,0,0,1
677,naive,recommendation,preference,explicit_user,0,0,1
677,cgsp_fixed,recommendation,preference,explicit_user,0,0,1
677,plp,recommendation,preference,explicit_user,0,0,1
678,naive,planning,constraint,explicit_user,0,0,1
678,cgsp_fixed,planning,constraint,explicit_user,0,0,1
678,plp,planning,constraint,explicit_user,0,0,1
679,naive,style,presentation,explicit_user,0,0,1
679,cgsp_fixed,style,presentation,explicit_user,0,0,1
679,plp,style,presentation,explicit_user,0,0,1
680,naive,factual_world,world_claim,explicit_user,0,1,0
680,cgsp_fixed,factual_world,world_claim,explicit_user,0,0,1
680,plp,factual_world,world_claim,explicit_user,0,0,1
681,naive,factual_world,world_claim,inferred,0,0,1
681,cgsp_fixed,factual_world,world_claim,inferred,0,0,1
681,plp,factual_world,world_claim,inferred,0,0,1
682,naive,factual_world,world_claim,tool_verified,1,1,1
682,cgsp_fixed,factual_world,world_claim,tool_verified,1,0,0
682,plp,factual_world,world_claim,tool_verified,1,1,1
683,naive,factual_world,world_claim,external_verified,1,1,1
683,cgsp_fixed,factual_world,world_claim,external_verified,1,0,0
683,plp,factual_world,world_claim,external_verified,1,1,1
684,naive,personal_state,personal_state,explicit_user,1,1,1
684,cgsp_fixed,personal_state,personal_state,explicit_user,1,0,0
684,plp,personal_state,personal_state,explicit_user,1,1,1
685,naive,personal_state,personal_state,tool_verified,1,1,1
685,cgsp_fixed,personal_state,personal_state,tool_verified,1,0,0
685,plp,personal_state,personal_state,tool_verified,1,1,1
686,naive,factual_world,personal_state,explicit_user,0,1,0
686,cgsp_fixed,factual_world,personal_state,explicit_user,0,0,1
686,plp,factual_world,personal_state,explicit_user,0,0,1
687,naive,recommendation,preference,explicit_user,0,0,1
687,cgsp_fixed,recommendation,preference,explicit_user,0,0,1
687,plp,recommendation,preference,explicit_user,0,0,1
688,naive,planning,constraint,explicit_user,0,0,1
688,cgsp_fixed,planning,constraint,explicit_user,0,0,1
688,plp,planning,constraint,explicit_user,0,0,1
689,naive,style,presentation,explicit_user,0,0,1
689,cgsp_fixed,style,presentation,explicit_user,0,0,1
689,plp,style,presentation,explicit_user,0,0,1
690,naive,factual_world,world_claim,explicit_user,0,1,0
690,cgsp_fixed,factual_world,world_claim,explicit_user,0,0,1
690,plp,factual_world,world_claim,explicit_user,0,0,1
691,naive,factual_world,world_claim,inferred,0,0,1
691,cgsp_fixed,factual_world,world_claim,inferred,0,0,1
691,plp,factual_world,world_claim,inferred,0,0,1
692,naive,factual_world,world_claim,tool_verified,1,1,1
692,cgsp_fixed,factual_world,world_claim,tool_verified,1,0,0
692,plp,factual_world,world_claim,tool_verified,1,1,1
693,naive,factual_world,world_claim,external_verified,1,1,1
693,cgsp_fixed,factual_world,world_claim,external_verified,1,0,0
693,plp,factual_world,world_claim,external_verified,1,1,1
694,naive,personal_state,personal_state,explicit_user,1,1,1
694,cgsp_fixed,personal_state,personal_state,explicit_user,1,0,0
694,plp,personal_state,personal_state,explicit_user,1,1,1
695,naive,personal_state,personal_state,tool_verified,1,1,1
695,cgsp_fixed,personal_state,personal_state,tool_verified,1,0,0
695,plp,personal_state,personal_state,tool_verified,1,1,1
696,naive,factual_world,personal_state,explicit_user,0,1,0
696,cgsp_fixed,factual_world,personal_state,explicit_user,0,0,1
696,plp,factual_world,personal_state,explicit_user,0,0,1
697,naive,recommendation,preference,explicit_user,0,0,1
697,cgsp_fixed,recommendation,preference,explicit_user,0,0,1
697,plp,recommendation,preference,explicit_user,0,0,1
698,naive,planning,constraint,explicit_user,0,0,1
698,cgsp_fixed,planning,constraint,explicit_user,0,0,1
698,plp,planning,constraint,explicit_user,0,0,1
699,naive,style,presentation,explicit_user,0,0,1
699,cgsp_fixed,style,presentation,explicit_user,0,0,1
699,plp,style,presentation,explicit_user,0,0,1
700,naive,factual_world,world_claim,explicit_user,0,1,0
700,cgsp_fixed,factual_world,world_claim,explicit_user,0,0,1
700,plp,factual_world,world_claim,explicit_user,0,0,1
701,naive,factual_world,world_claim,inferred,0,0,1
701,cgsp_fixed,factual_world,world_claim,inferred,0,0,1
701,plp,factual_world,world_claim,inferred,0,0,1
702,naive,factual_world,world_claim,tool_verified,1,1,1
702,cgsp_fixed,factual_world,world_claim,tool_verified,1,0,0
702,plp,factual_world,world_claim,tool_verified,1,1,1
703,naive,factual_world,world_claim,external_verified,1,1,1
703,cgsp_fixed,factual_world,world_claim,external_verified,1,0,0
703,plp,factual_world,world_claim,external_verified,1,1,1
704,naive,personal_state,personal_state,explicit_user,1,1,1
704,cgsp_fixed,personal_state,personal_state,explicit_user,1,0,0
704,plp,personal_state,personal_state,explicit_user,1,1,1
705,naive,personal_state,personal_state,tool_verified,1,1,1
705,cgsp_fixed,personal_state,personal_state,tool_verified,1,0,0
705,plp,personal_state,personal_state,tool_verified,1,1,1
706,naive,factual_world,personal_state,explicit_user,0,1,0
706,cgsp_fixed,factual_world,personal_state,explicit_user,0,0,1
706,plp,factual_world,personal_state,explicit_user,0,0,1
707,naive,recommendation,preference,explicit_user,0,0,1
707,cgsp_fixed,recommendation,preference,explicit_user,0,0,1
707,plp,recommendation,preference,explicit_user,0,0,1
708,naive,planning,constraint,explicit_user,0,0,1
708,cgsp_fixed,planning,constraint,explicit_user,0,0,1
708,plp,planning,constraint,explicit_user,0,0,1
709,naive,style,presentation,explicit_user,0,0,1
709,cgsp_fixed,style,presentation,explicit_user,0,0,1
709,plp,style,presentation,explicit_user,0,0,1
710,naive,factual_world,world_claim,explicit_user,0,1,0
710,cgsp_fixed,factual_world,world_claim,explicit_user,0,0,1
710,plp,factual_world,world_claim,explicit_user,0,0,1
711,naive,factual_world,world_claim,inferred,0,0,1
711,cgsp_fixed,factual_world,world_claim,inferred,0,0,1
711,plp,factual_world,world_claim,inferred,0,0,1
712,naive,factual_world,world_claim,tool_verified,1,1,1
712,cgsp_fixed,factual_world,world_claim,tool_verified,1,0,0
712,plp,factual_world,world_claim,tool_verified,1,1,1
713,naive,factual_world,world_claim,external_verified,1,1,1
713,cgsp_fixed,factual_world,world_claim,external_verified,1,0,0
713,plp,factual_world,world_claim,external_verified,1,1,1
714,naive,personal_state,personal_state,explicit_user,1,1,1
714,cgsp_fixed,personal_state,personal_state,explicit_user,1,0,0
714,plp,personal_state,personal_state,explicit_user,1,1,1
715,naive,personal_state,personal_state,tool_verified,1,1,1
715,cgsp_fixed,personal_state,personal_state,tool_verified,1,0,0
715,plp,personal_state,personal_state,tool_verified,1,1,1
716,naive,factual_world,personal_state,explicit_user,0,1,0
716,cgsp_fixed,factual_world,personal_state,explicit_user,0,0,1
716,plp,factual_world,personal_state,explicit_user,0,0,1
717,naive,recommendation,preference,explicit_user,0,0,1
717,cgsp_fixed,recommendation,preference,explicit_user,0,0,1
717,plp,recommendation,preference,explicit_user,0,0,1
718,naive,planning,constraint,explicit_user,0,0,1
718,cgsp_fixed,planning,constraint,explicit_user,0,0,1
718,plp,planning,constraint,explicit_user,0,0,1
719,naive,style,presentation,explicit_user,0,0,1
719,cgsp_fixed,style,presentation,explicit_user,0,0,1
719,plp,style,presentation,explicit_user,0,0,1
720,naive,factual_world,world_claim,explicit_user,0,1,0
720,cgsp_fixed,factual_world,world_claim,explicit_user,0,0,1
720,plp,factual_world,world_claim,explicit_user,0,0,1
721,naive,factual_world,world_claim,inferred,0,0,1
721,cgsp_fixed,factual_world,world_claim,inferred,0,0,1
721,plp,factual_world,world_claim,inferred,0,0,1
722,naive,factual_world,world_claim,tool_verified,1,1,1
722,cgsp_fixed,factual_world,world_claim,tool_verified,1,0,0
722,plp,factual_world,world_claim,tool_verified,1,1,1
723,naive,factual_world,world_claim,external_verified,1,1,1
723,cgsp_fixed,factual_world,world_claim,external_verified,1,0,0
723,plp,factual_world,world_claim,external_verified,1,1,1
724,naive,personal_state,personal_state,explicit_user,1,1,1
724,cgsp_fixed,personal_state,personal_state,explicit_user,1,0,0
724,plp,personal_state,personal_state,explicit_user,1,1,1
725,naive,personal_state,personal_state,tool_verified,1,1,1
725,cgsp_fixed,personal_state,personal_state,tool_verified,1,0,0
725,plp,personal_state,personal_state,tool_verified,1,1,1
726,naive,factual_world,personal_state,explicit_user,0,1,0
726,cgsp_fixed,factual_world,personal_state,explicit_user,0,0,1
726,plp,factual_world,personal_state,explicit_user,0,0,1
727,naive,recommendation,preference,explicit_user,0,0,1
727,cgsp_fixed,recommendation,preference,explicit_user,0,0,1
727,plp,recommendation,preference,explicit_user,0,0,1
728,naive,planning,constraint,explicit_user,0,0,1
728,cgsp_fixed,planning,constraint,explicit_user,0,0,1
728,plp,planning,constraint,explicit_user,0,0,1
729,naive,style,presentation,explicit_user,0,0,1
729,cgsp_fixed,style,presentation,explicit_user,0,0,1
729,plp,style,presentation,explicit_user,0,0,1
730,naive,factual_world,world_claim,explicit_user,0,1,0
730,cgsp_fixed,factual_world,world_claim,explicit_user,0,0,1
730,plp,factual_world,world_claim,explicit_user,0,0,1
731,naive,factual_world,world_claim,inferred,0,0,1
731,cgsp_fixed,factual_world,world_claim,inferred,0,0,1
731,plp,factual_world,world_claim,inferred,0,0,1
732,naive,factual_world,world_claim,tool_verified,1,1,1
732,cgsp_fixed,factual_world,world_claim,tool_verified,1,0,0
732,plp,factual_world,world_claim,tool_verified,1,1,1
733,naive,factual_world,world_claim,external_verified,1,1,1
733,cgsp_fixed,factual_world,world_claim,external_verified,1,0,0
733,plp,factual_world,world_claim,external_verified,1,1,1
734,naive,personal_state,personal_state,explicit_user,1,1,1
734,cgsp_fixed,personal_state,personal_state,explicit_user,1,0,0
734,plp,personal_state,personal_state,explicit_user,1,1,1
735,naive,personal_state,personal_state,tool_verified,1,1,1
735,cgsp_fixed,personal_state,personal_state,tool_verified,1,0,0
735,plp,personal_state,personal_state,tool_verified,1,1,1
736,naive,factual_world,personal_state,explicit_user,0,1,0
736,cgsp_fixed,factual_world,personal_state,explicit_user,0,0,1
736,plp,factual_world,personal_state,explicit_user,0,0,1
737,naive,recommendation,preference,explicit_user,0,0,1
737,cgsp_fixed,recommendation,preference,explicit_user,0,0,1
737,plp,recommendation,preference,explicit_user,0,0,1
738,naive,planning,constraint,explicit_user,0,0,1
738,cgsp_fixed,planning,constraint,explicit_user,0,0,1
738,plp,planning,constraint,explicit_user,0,0,1
739,naive,style,presentation,explicit_user,0,0,1
739,cgsp_fixed,style,presentation,explicit_user,0,0,1
739,plp,style,presentation,explicit_user,0,0,1
740,naive,factual_world,world_claim,explicit_user,0,1,0
740,cgsp_fixed,factual_world,world_claim,explicit_user,0,0,1
740,plp,factual_world,world_claim,explicit_user,0,0,1
741,naive,factual_world,world_claim,inferred,0,0,1
741,cgsp_fixed,factual_world,world_claim,inferred,0,0,1
741,plp,factual_world,world_claim,inferred,0,0,1
742,naive,factual_world,world_claim,tool_verified,1,1,1
742,cgsp_fixed,factual_world,world_claim,tool_verified,1,0,0
742,plp,factual_world,world_claim,tool_verified,1,1,1
743,naive,factual_world,world_claim,external_verified,1,1,1
743,cgsp_fixed,factual_world,world_claim,external_verified,1,0,0
743,plp,factual_world,world_claim,external_verified,1,1,1
744,naive,personal_state,personal_state,explicit_user,1,1,1
744,cgsp_fixed,personal_state,personal_state,explicit_user,1,0,0
744,plp,personal_state,personal_state,explicit_user,1,1,1
745,naive,personal_state,personal_state,tool_verified,1,1,1
745,cgsp_fixed,personal_state,personal_state,tool_verified,1,0,0
745,plp,personal_state,personal_state,tool_verified,1,1,1
746,naive,factual_world,personal_state,explicit_user,0,1,0
746,cgsp_fixed,factual_world,personal_state,explicit_user,0,0,1
746,plp,factual_world,personal_state,explicit_user,0,0,1
747,naive,recommendation,preference,explicit_user,0,0,1
747,cgsp_fixed,recommendation,preference,explicit_user,0,0,1
747,plp,recommendation,preference,explicit_user,0,0,1
748,naive,planning,constraint,explicit_user,0,0,1
748,cgsp_fixed,planning,constraint,explicit_user,0,0,1
748,plp,planning,constraint,explicit_user,0,0,1
749,naive,style,presentation,explicit_user,0,0,1
749,cgsp_fixed,style,presentation,explicit_user,0,0,1
749,plp,style,presentation,explicit_user,0,0,1
750,naive,factual_world,world_claim,explicit_user,0,1,0
750,cgsp_fixed,factual_world,world_claim,explicit_user,0,0,1
750,plp,factual_world,world_claim,explicit_user,0,0,1
751,naive,factual_world,world_claim,inferred,0,0,1
751,cgsp_fixed,factual_world,world_claim,inferred,0,0,1
751,plp,factual_world,world_claim,inferred,0,0,1
752,naive,factual_world,world_claim,tool_verified,1,1,1
752,cgsp_fixed,factual_world,world_claim,tool_verified,1,0,0
752,plp,factual_world,world_claim,tool_verified,1,1,1
753,naive,factual_world,world_claim,external_verified,1,1,1
753,cgsp_fixed,factual_world,world_claim,external_verified,1,0,0
753,plp,factual_world,world_claim,external_verified,1,1,1
754,naive,personal_state,personal_state,explicit_user,1,1,1
754,cgsp_fixed,personal_state,personal_state,explicit_user,1,0,0
754,plp,personal_state,personal_state,explicit_user,1,1,1
755,naive,personal_state,personal_state,tool_verified,1,1,1
755,cgsp_fixed,personal_state,personal_state,tool_verified,1,0,0
755,plp,personal_state,personal_state,tool_verified,1,1,1
756,naive,factual_world,personal_state,explicit_user,0,1,0
756,cgsp_fixed,factual_world,personal_state,explicit_user,0,0,1
756,plp,factual_world,personal_state,explicit_user,0,0,1
757,naive,recommendation,preference,explicit_user,0,0,1
757,cgsp_fixed,recommendation,preference,explicit_user,0,0,1
757,plp,recommendation,preference,explicit_user,0,0,1
758,naive,planning,constraint,explicit_user,0,0,1
758,cgsp_fixed,planning,constraint,explicit_user,0,0,1
758,plp,planning,constraint,explicit_user,0,0,1
759,naive,style,presentation,explicit_user,0,0,1
759,cgsp_fixed,style,presentation,explicit_user,0,0,1
759,plp,style,presentation,explicit_user,0,0,1
760,naive,factual_world,world_claim,explicit_user,0,1,0
760,cgsp_fixed,factual_world,world_claim,explicit_user,0,0,1
760,plp,factual_world,world_claim,explicit_user,0,0,1
761,naive,factual_world,world_claim,inferred,0,0,1
761,cgsp_fixed,factual_world,world_claim,inferred,0,0,1
761,plp,factual_world,world_claim,inferred,0,0,1
762,naive,factual_world,world_claim,tool_verified,1,1,1
762,cgsp_fixed,factual_world,world_claim,tool_verified,1,0,0
762,plp,factual_world,world_claim,tool_verified,1,1,1
763,naive,factual_world,world_claim,external_verified,1,1,1
763,cgsp_fixed,factual_world,world_claim,external_verified,1,0,0
763,plp,factual_world,world_claim,external_verified,1,1,1
764,naive,personal_state,personal_state,explicit_user,1,1,1
764,cgsp_fixed,personal_state,personal_state,explicit_user,1,0,0
764,plp,personal_state,personal_state,explicit_user,1,1,1
765,naive,personal_state,personal_state,tool_verified,1,1,1
765,cgsp_fixed,personal_state,personal_state,tool_verified,1,0,0
765,plp,personal_state,personal_state,tool_verified,1,1,1
766,naive,factual_world,personal_state,explicit_user,0,1,0
766,cgsp_fixed,factual_world,personal_state,explicit_user,0,0,1
766,plp,factual_world,personal_state,explicit_user,0,0,1
767,naive,recommendation,preference,explicit_user,0,0,1
767,cgsp_fixed,recommendation,preference,explicit_user,0,0,1
767,plp,recommendation,preference,explicit_user,0,0,1
768,naive,planning,constraint,explicit_user,0,0,1
768,cgsp_fixed,planning,constraint,explicit_user,0,0,1
768,plp,planning,constraint,explicit_user,0,0,1
769,naive,style,presentation,explicit_user,0,0,1
769,cgsp_fixed,style,presentation,explicit_user,0,0,1
769,plp,style,presentation,explicit_user,0,0,1
770,naive,factual_world,world_claim,explicit_user,0,1,0
770,cgsp_fixed,factual_world,world_claim,explicit_user,0,0,1
770,plp,factual_world,world_claim,explicit_user,0,0,1
771,naive,factual_world,world_claim,inferred,0,0,1
771,cgsp_fixed,factual_world,world_claim,inferred,0,0,1
771,plp,factual_world,world_claim,inferred,0,0,1
772,naive,factual_world,world_claim,tool_verified,1,1,1
772,cgsp_fixed,factual_world,world_claim,tool_verified,1,0,0
772,plp,factual_world,world_claim,tool_verified,1,1,1
773,naive,factual_world,world_claim,external_verified,1,1,1
773,cgsp_fixed,factual_world,world_claim,external_verified,1,0,0
773,plp,factual_world,world_claim,external_verified,1,1,1
774,naive,personal_state,personal_state,explicit_user,1,1,1
774,cgsp_fixed,personal_state,personal_state,explicit_user,1,0,0
774,plp,personal_state,personal_state,explicit_user,1,1,1
775,naive,personal_state,personal_state,tool_verified,1,1,1
775,cgsp_fixed,personal_state,personal_state,tool_verified,1,0,0
775,plp,personal_state,personal_state,tool_verified,1,1,1
776,naive,factual_world,personal_state,explicit_user,0,1,0
776,cgsp_fixed,factual_world,personal_state,explicit_user,0,0,1
776,plp,factual_world,personal_state,explicit_user,0,0,1
777,naive,recommendation,preference,explicit_user,0,0,1
777,cgsp_fixed,recommendation,preference,explicit_user,0,0,1
777,plp,recommendation,preference,explicit_user,0,0,1
778,naive,planning,constraint,explicit_user,0,0,1
778,cgsp_fixed,planning,constraint,explicit_user,0,0,1
778,plp,planning,constraint,explicit_user,0,0,1
779,naive,style,presentation,explicit_user,0,0,1
779,cgsp_fixed,style,presentation,explicit_user,0,0,1
779,plp,style,presentation,explicit_user,0,0,1
780,naive,factual_world,world_claim,explicit_user,0,1,0
780,cgsp_fixed,factual_world,world_claim,explicit_user,0,0,1
780,plp,factual_world,world_claim,explicit_user,0,0,1
781,naive,factual_world,world_claim,inferred,0,0,1
781,cgsp_fixed,factual_world,world_claim,inferred,0,0,1
781,plp,factual_world,world_claim,inferred,0,0,1
782,naive,factual_world,world_claim,tool_verified,1,1,1
782,cgsp_fixed,factual_world,world_claim,tool_verified,1,0,0
782,plp,factual_world,world_claim,tool_verified,1,1,1
783,naive,factual_world,world_claim,external_verified,1,1,1
783,cgsp_fixed,factual_world,world_claim,external_verified,1,0,0
783,plp,factual_world,world_claim,external_verified,1,1,1
784,naive,personal_state,personal_state,explicit_user,1,1,1
784,cgsp_fixed,personal_state,personal_state,explicit_user,1,0,0
784,plp,personal_state,personal_state,explicit_user,1,1,1
785,naive,personal_state,personal_state,tool_verified,1,1,1
785,cgsp_fixed,personal_state,personal_state,tool_verified,1,0,0
785,plp,personal_state,personal_state,tool_verified,1,1,1
786,naive,factual_world,personal_state,explicit_user,0,1,0
786,cgsp_fixed,factual_world,personal_state,explicit_user,0,0,1
786,plp,factual_world,personal_state,explicit_user,0,0,1
787,naive,recommendation,preference,explicit_user,0,0,1
787,cgsp_fixed,recommendation,preference,explicit_user,0,0,1
787,plp,recommendation,preference,explicit_user,0,0,1
788,naive,planning,constraint,explicit_user,0,0,1
788,cgsp_fixed,planning,constraint,explicit_user,0,0,1
788,plp,planning,constraint,explicit_user,0,0,1
789,naive,style,presentation,explicit_user,0,0,1
789,cgsp_fixed,style,presentation,explicit_user,0,0,1
789,plp,style,presentation,explicit_user,0,0,1
790,naive,factual_world,world_claim,explicit_user,0,1,0
790,cgsp_fixed,factual_world,world_claim,explicit_user,0,0,1
790,plp,factual_world,world_claim,explicit_user,0,0,1
791,naive,factual_world,world_claim,inferred,0,0,1
791,cgsp_fixed,factual_world,world_claim,inferred,0,0,1
791,plp,factual_world,world_claim,inferred,0,0,1
792,naive,factual_world,world_claim,tool_verified,1,1,1
792,cgsp_fixed,factual_world,world_claim,tool_verified,1,0,0
792,plp,factual_world,world_claim,tool_verified,1,1,1
793,naive,factual_world,world_claim,external_verified,1,1,1
793,cgsp_fixed,factual_world,world_claim,external_verified,1,0,0
793,plp,factual_world,world_claim,external_verified,1,1,1
794,naive,personal_state,personal_state,explicit_user,1,1,1
794,cgsp_fixed,personal_state,personal_state,explicit_user,1,0,0
794,plp,personal_state,personal_state,explicit_user,1,1,1
795,naive,personal_state,personal_state,tool_verified,1,1,1
795,cgsp_fixed,personal_state,personal_state,tool_verified,1,0,0
795,plp,personal_state,personal_state,tool_verified,1,1,1
796,naive,factual_world,personal_state,explicit_user,0,1,0
796,cgsp_fixed,factual_world,personal_state,explicit_user,0,0,1
796,plp,factual_world,personal_state,explicit_user,0,0,1
797,naive,recommendation,preference,explicit_user,0,0,1
797,cgsp_fixed,recommendation,preference,explicit_user,0,0,1
797,plp,recommendation,preference,explicit_user,0,0,1
798,naive,planning,constraint,explicit_user,0,0,1
798,cgsp_fixed,planning,constraint,explicit_user,0,0,1
798,plp,planning,constraint,explicit_user,0,0,1
799,naive,style,presentation,explicit_user,0,0,1
799,cgsp_fixed,style,presentation,explicit_user,0,0,1
799,plp,style,presentation,explicit_user,0,0,1
800,naive,factual_world,world_claim,explicit_user,0,1,0
800,cgsp_fixed,factual_world,world_claim,explicit_user,0,0,1
800,plp,factual_world,world_claim,explicit_user,0,0,1
801,naive,factual_world,world_claim,inferred,0,0,1
801,cgsp_fixed,factual_world,world_claim,inferred,0,0,1
801,plp,factual_world,world_claim,inferred,0,0,1
802,naive,factual_world,world_claim,tool_verified,1,1,1
802,cgsp_fixed,factual_world,world_claim,tool_verified,1,0,0
802,plp,factual_world,world_claim,tool_verified,1,1,1
803,naive,factual_world,world_claim,external_verified,1,1,1
803,cgsp_fixed,factual_world,world_claim,external_verified,1,0,0
803,plp,factual_world,world_claim,external_verified,1,1,1
804,naive,personal_state,personal_state,explicit_user,1,1,1
804,cgsp_fixed,personal_state,personal_state,explicit_user,1,0,0
804,plp,personal_state,personal_state,explicit_user,1,1,1
805,naive,personal_state,personal_state,tool_verified,1,1,1
805,cgsp_fixed,personal_state,personal_state,tool_verified,1,0,0
805,plp,personal_state,personal_state,tool_verified,1,1,1
806,naive,factual_world,personal_state,explicit_user,0,1,0
806,cgsp_fixed,factual_world,personal_state,explicit_user,0,0,1
806,plp,factual_world,personal_state,explicit_user,0,0,1
807,naive,recommendation,preference,explicit_user,0,0,1
807,cgsp_fixed,recommendation,preference,explicit_user,0,0,1
807,plp,recommendation,preference,explicit_user,0,0,1
808,naive,planning,constraint,explicit_user,0,0,1
808,cgsp_fixed,planning,constraint,explicit_user,0,0,1
808,plp,planning,constraint,explicit_user,0,0,1
809,naive,style,presentation,explicit_user,0,0,1
809,cgsp_fixed,style,presentation,explicit_user,0,0,1
809,plp,style,presentation,explicit_user,0,0,1
810,naive,factual_world,world_claim,explicit_user,0,1,0
810,cgsp_fixed,factual_world,world_claim,explicit_user,0,0,1
810,plp,factual_world,world_claim,explicit_user,0,0,1
811,naive,factual_world,world_claim,inferred,0,0,1
811,cgsp_fixed,factual_world,world_claim,inferred,0,0,1
811,plp,factual_world,world_claim,inferred,0,0,1
812,naive,factual_world,world_claim,tool_verified,1,1,1
812,cgsp_fixed,factual_world,world_claim,tool_verified,1,0,0
812,plp,factual_world,world_claim,tool_verified,1,1,1
813,naive,factual_world,world_claim,external_verified,1,1,1
813,cgsp_fixed,factual_world,world_claim,external_verified,1,0,0
813,plp,factual_world,world_claim,external_verified,1,1,1
814,naive,personal_state,personal_state,explicit_user,1,1,1
814,cgsp_fixed,personal_state,personal_state,explicit_user,1,0,0
814,plp,personal_state,personal_state,explicit_user,1,1,1
815,naive,personal_state,personal_state,tool_verified,1,1,1
815,cgsp_fixed,personal_state,personal_state,tool_verified,1,0,0
815,plp,personal_state,personal_state,tool_verified,1,1,1
816,naive,factual_world,personal_state,explicit_user,0,1,0
816,cgsp_fixed,factual_world,personal_state,explicit_user,0,0,1
816,plp,factual_world,personal_state,explicit_user,0,0,1
817,naive,recommendation,preference,explicit_user,0,0,1
817,cgsp_fixed,recommendation,preference,explicit_user,0,0,1
817,plp,recommendation,preference,explicit_user,0,0,1
818,naive,planning,constraint,explicit_user,0,0,1
818,cgsp_fixed,planning,constraint,explicit_user,0,0,1
818,plp,planning,constraint,explicit_user,0,0,1
819,naive,style,presentation,explicit_user,0,0,1
819,cgsp_fixed,style,presentation,explicit_user,0,0,1
819,plp,style,presentation,explicit_user,0,0,1
820,naive,factual_world,world_claim,explicit_user,0,1,0
820,cgsp_fixed,factual_world,world_claim,explicit_user,0,0,1
820,plp,factual_world,world_claim,explicit_user,0,0,1
821,naive,factual_world,world_claim,inferred,0,0,1
821,cgsp_fixed,factual_world,world_claim,inferred,0,0,1
821,plp,factual_world,world_claim,inferred,0,0,1
822,naive,factual_world,world_claim,tool_verified,1,1,1
822,cgsp_fixed,factual_world,world_claim,tool_verified,1,0,0
822,plp,factual_world,world_claim,tool_verified,1,1,1
823,naive,factual_world,world_claim,external_verified,1,1,1
823,cgsp_fixed,factual_world,world_claim,external_verified,1,0,0
823,plp,factual_world,world_claim,external_verified,1,1,1
824,naive,personal_state,personal_state,explicit_user,1,1,1
824,cgsp_fixed,personal_state,personal_state,explicit_user,1,0,0
824,plp,personal_state,personal_state,explicit_user,1,1,1
825,naive,personal_state,personal_state,tool_verified,1,1,1
825,cgsp_fixed,personal_state,personal_state,tool_verified,1,0,0
825,plp,personal_state,personal_state,tool_verified,1,1,1
826,naive,factual_world,personal_state,explicit_user,0,1,0
826,cgsp_fixed,factual_world,personal_state,explicit_user,0,0,1
826,plp,factual_world,personal_state,explicit_user,0,0,1
827,naive,recommendation,preference,explicit_user,0,0,1
827,cgsp_fixed,recommendation,preference,explicit_user,0,0,1
827,plp,recommendation,preference,explicit_user,0,0,1
828,naive,planning,constraint,explicit_user,0,0,1
828,cgsp_fixed,planning,constraint,explicit_user,0,0,1
828,plp,planning,constraint,explicit_user,0,0,1
829,naive,style,presentation,explicit_user,0,0,1
829,cgsp_fixed,style,presentation,explicit_user,0,0,1
829,plp,style,presentation,explicit_user,0,0,1
830,naive,factual_world,world_claim,explicit_user,0,1,0
830,cgsp_fixed,factual_world,world_claim,explicit_user,0,0,1
830,plp,factual_world,world_claim,explicit_user,0,0,1
831,naive,factual_world,world_claim,inferred,0,0,1
831,cgsp_fixed,factual_world,world_claim,inferred,0,0,1
831,plp,factual_world,world_claim,inferred,0,0,1
832,naive,factual_world,world_claim,tool_verified,1,1,1
832,cgsp_fixed,factual_world,world_claim,tool_verified,1,0,0
832,plp,factual_world,world_claim,tool_verified,1,1,1
833,naive,factual_world,world_claim,external_verified,1,1,1
833,cgsp_fixed,factual_world,world_claim,external_verified,1,0,0
833,plp,factual_world,world_claim,external_verified,1,1,1
834,naive,personal_state,personal_state,explicit_user,1,1,1
834,cgsp_fixed,personal_state,personal_state,explicit_user,1,0,0
834,plp,personal_state,personal_state,explicit_user,1,1,1
835,naive,personal_state,personal_state,tool_verified,1,1,1
835,cgsp_fixed,personal_state,personal_state,tool_verified,1,0,0
835,plp,personal_state,personal_state,tool_verified,1,1,1
836,naive,factual_world,personal_state,explicit_user,0,1,0
836,cgsp_fixed,factual_world,personal_state,explicit_user,0,0,1
836,plp,factual_world,personal_state,explicit_user,0,0,1
837,naive,recommendation,preference,explicit_user,0,0,1
837,cgsp_fixed,recommendation,preference,explicit_user,0,0,1
837,plp,recommendation,preference,explicit_user,0,0,1
838,naive,planning,constraint,explicit_user,0,0,1
838,cgsp_fixed,planning,constraint,explicit_user,0,0,1
838,plp,planning,constraint,explicit_user,0,0,1
839,naive,style,presentation,explicit_user,0,0,1
839,cgsp_fixed,style,presentation,explicit_user,0,0,1
839,plp,style,presentation,explicit_user,0,0,1
840,naive,factual_world,world_claim,explicit_user,0,1,0
840,cgsp_fixed,factual_world,world_claim,explicit_user,0,0,1
840,plp,factual_world,world_claim,explicit_user,0,0,1
841,naive,factual_world,world_claim,inferred,0,0,1
841,cgsp_fixed,factual_world,world_claim,inferred,0,0,1
841,plp,factual_world,world_claim,inferred,0,0,1
842,naive,factual_world,world_claim,tool_verified,1,1,1
842,cgsp_fixed,factual_world,world_claim,tool_verified,1,0,0
842,plp,factual_world,world_claim,tool_verified,1,1,1
843,naive,factual_world,world_claim,external_verified,1,1,1
843,cgsp_fixed,factual_world,world_claim,external_verified,1,0,0
843,plp,factual_world,world_claim,external_verified,1,1,1
844,naive,personal_state,personal_state,explicit_user,1,1,1
844,cgsp_fixed,personal_state,personal_state,explicit_user,1,0,0
844,plp,personal_state,personal_state,explicit_user,1,1,1
845,naive,personal_state,personal_state,tool_verified,1,1,1
845,cgsp_fixed,personal_state,personal_state,tool_verified,1,0,0
845,plp,personal_state,personal_state,tool_verified,1,1,1
846,naive,factual_world,personal_state,explicit_user,0,1,0
846,cgsp_fixed,factual_world,personal_state,explicit_user,0,0,1
846,plp,factual_world,personal_state,explicit_user,0,0,1
847,naive,recommendation,preference,explicit_user,0,0,1
847,cgsp_fixed,recommendation,preference,explicit_user,0,0,1
847,plp,recommendation,preference,explicit_user,0,0,1
848,naive,planning,constraint,explicit_user,0,0,1
848,cgsp_fixed,planning,constraint,explicit_user,0,0,1
848,plp,planning,constraint,explicit_user,0,0,1
849,naive,style,presentation,explicit_user,0,0,1
849,cgsp_fixed,style,presentation,explicit_user,0,0,1
849,plp,style,presentation,explicit_user,0,0,1
850,naive,factual_world,world_claim,explicit_user,0,1,0
850,cgsp_fixed,factual_world,world_claim,explicit_user,0,0,1
850,plp,factual_world,world_claim,explicit_user,0,0,1
851,naive,factual_world,world_claim,inferred,0,0,1
851,cgsp_fixed,factual_world,world_claim,inferred,0,0,1
851,plp,factual_world,world_claim,inferred,0,0,1
852,naive,factual_world,world_claim,tool_verified,1,1,1
852,cgsp_fixed,factual_world,world_claim,tool_verified,1,0,0
852,plp,factual_world,world_claim,tool_verified,1,1,1
853,naive,factual_world,world_claim,external_verified,1,1,1
853,cgsp_fixed,factual_world,world_claim,external_verified,1,0,0
853,plp,factual_world,world_claim,external_verified,1,1,1
854,naive,personal_state,personal_state,explicit_user,1,1,1
854,cgsp_fixed,personal_state,personal_state,explicit_user,1,0,0
854,plp,personal_state,personal_state,explicit_user,1,1,1
855,naive,personal_state,personal_state,tool_verified,1,1,1
855,cgsp_fixed,personal_state,personal_state,tool_verified,1,0,0
855,plp,personal_state,personal_state,tool_verified,1,1,1
856,naive,factual_world,personal_state,explicit_user,0,1,0
856,cgsp_fixed,factual_world,personal_state,explicit_user,0,0,1
856,plp,factual_world,personal_state,explicit_user,0,0,1
857,naive,recommendation,preference,explicit_user,0,0,1
857,cgsp_fixed,recommendation,preference,explicit_user,0,0,1
857,plp,recommendation,preference,explicit_user,0,0,1
858,naive,planning,constraint,explicit_user,0,0,1
858,cgsp_fixed,planning,constraint,explicit_user,0,0,1
858,plp,planning,constraint,explicit_user,0,0,1
859,naive,style,presentation,explicit_user,0,0,1
859,cgsp_fixed,style,presentation,explicit_user,0,0,1
859,plp,style,presentation,explicit_user,0,0,1
860,naive,factual_world,world_claim,explicit_user,0,1,0
860,cgsp_fixed,factual_world,world_claim,explicit_user,0,0,1
860,plp,factual_world,world_claim,explicit_user,0,0,1
861,naive,factual_world,world_claim,inferred,0,0,1
861,cgsp_fixed,factual_world,world_claim,inferred,0,0,1
861,plp,factual_world,world_claim,inferred,0,0,1
862,naive,factual_world,world_claim,tool_verified,1,1,1
862,cgsp_fixed,factual_world,world_claim,tool_verified,1,0,0
862,plp,factual_world,world_claim,tool_verified,1,1,1
863,naive,factual_world,world_claim,external_verified,1,1,1
863,cgsp_fixed,factual_world,world_claim,external_verified,1,0,0
863,plp,factual_world,world_claim,external_verified,1,1,1
864,naive,personal_state,personal_state,explicit_user,1,1,1
864,cgsp_fixed,personal_state,personal_state,explicit_user,1,0,0
864,plp,personal_state,personal_state,explicit_user,1,1,1
865,naive,personal_state,personal_state,tool_verified,1,1,1
865,cgsp_fixed,personal_state,personal_state,tool_verified,1,0,0
865,plp,personal_state,personal_state,tool_verified,1,1,1
866,naive,factual_world,personal_state,explicit_user,0,1,0
866,cgsp_fixed,factual_world,personal_state,explicit_user,0,0,1
866,plp,factual_world,personal_state,explicit_user,0,0,1
867,naive,recommendation,preference,explicit_user,0,0,1
867,cgsp_fixed,recommendation,preference,explicit_user,0,0,1
867,plp,recommendation,preference,explicit_user,0,0,1
868,naive,planning,constraint,explicit_user,0,0,1
868,cgsp_fixed,planning,constraint,explicit_user,0,0,1
868,plp,planning,constraint,explicit_user,0,0,1
869,naive,style,presentation,explicit_user,0,0,1
869,cgsp_fixed,style,presentation,explicit_user,0,0,1
869,plp,style,presentation,explicit_user,0,0,1
870,naive,factual_world,world_claim,explicit_user,0,1,0
870,cgsp_fixed,factual_world,world_claim,explicit_user,0,0,1
870,plp,factual_world,world_claim,explicit_user,0,0,1
871,naive,factual_world,world_claim,inferred,0,0,1
871,cgsp_fixed,factual_world,world_claim,inferred,0,0,1
871,plp,factual_world,world_claim,inferred,0,0,1
872,naive,factual_world,world_claim,tool_verified,1,1,1
872,cgsp_fixed,factual_world,world_claim,tool_verified,1,0,0
872,plp,factual_world,world_claim,tool_verified,1,1,1
873,naive,factual_world,world_claim,external_verified,1,1,1
873,cgsp_fixed,factual_world,world_claim,external_verified,1,0,0
873,plp,factual_world,world_claim,external_verified,1,1,1
874,naive,personal_state,personal_state,explicit_user,1,1,1
874,cgsp_fixed,personal_state,personal_state,explicit_user,1,0,0
874,plp,personal_state,personal_state,explicit_user,1,1,1
875,naive,personal_state,personal_state,tool_verified,1,1,1
875,cgsp_fixed,personal_state,personal_state,tool_verified,1,0,0
875,plp,personal_state,personal_state,tool_verified,1,1,1
876,naive,factual_world,personal_state,explicit_user,0,1,0
876,cgsp_fixed,factual_world,personal_state,explicit_user,0,0,1
876,plp,factual_world,personal_state,explicit_user,0,0,1
877,naive,recommendation,preference,explicit_user,0,0,1
877,cgsp_fixed,recommendation,preference,explicit_user,0,0,1
877,plp,recommendation,preference,explicit_user,0,0,1
878,naive,planning,constraint,explicit_user,0,0,1
878,cgsp_fixed,planning,constraint,explicit_user,0,0,1
878,plp,planning,constraint,explicit_user,0,0,1
879,naive,style,presentation,explicit_user,0,0,1
879,cgsp_fixed,style,presentation,explicit_user,0,0,1
879,plp,style,presentation,explicit_user,0,0,1
880,naive,factual_world,world_claim,explicit_user,0,1,0
880,cgsp_fixed,factual_world,world_claim,explicit_user,0,0,1
880,plp,factual_world,world_claim,explicit_user,0,0,1
881,naive,factual_world,world_claim,inferred,0,0,1
881,cgsp_fixed,factual_world,world_claim,inferred,0,0,1
881,plp,factual_world,world_claim,inferred,0,0,1
882,naive,factual_world,world_claim,tool_verified,1,1,1
882,cgsp_fixed,factual_world,world_claim,tool_verified,1,0,0
882,plp,factual_world,world_claim,tool_verified,1,1,1
883,naive,factual_world,world_claim,external_verified,1,1,1
883,cgsp_fixed,factual_world,world_claim,external_verified,1,0,0
883,plp,factual_world,world_claim,external_verified,1,1,1
884,naive,personal_state,personal_state,explicit_user,1,1,1
884,cgsp_fixed,personal_state,personal_state,explicit_user,1,0,0
884,plp,personal_state,personal_state,explicit_user,1,1,1
885,naive,personal_state,personal_state,tool_verified,1,1,1
885,cgsp_fixed,personal_state,personal_state,tool_verified,1,0,0
885,plp,personal_state,personal_state,tool_verified,1,1,1
886,naive,factual_world,personal_state,explicit_user,0,1,0
886,cgsp_fixed,factual_world,personal_state,explicit_user,0,0,1
886,plp,factual_world,personal_state,explicit_user,0,0,1
887,naive,recommendation,preference,explicit_user,0,0,1
887,cgsp_fixed,recommendation,preference,explicit_user,0,0,1
887,plp,recommendation,preference,explicit_user,0,0,1
888,naive,planning,constraint,explicit_user,0,0,1
888,cgsp_fixed,planning,constraint,explicit_user,0,0,1
888,plp,planning,constraint,explicit_user,0,0,1
889,naive,style,presentation,explicit_user,0,0,1
889,cgsp_fixed,style,presentation,explicit_user,0,0,1
889,plp,style,presentation,explicit_user,0,0,1
890,naive,factual_world,world_claim,explicit_user,0,1,0
890,cgsp_fixed,factual_world,world_claim,explicit_user,0,0,1
890,plp,factual_world,world_claim,explicit_user,0,0,1
891,naive,factual_world,world_claim,inferred,0,0,1
891,cgsp_fixed,factual_world,world_claim,inferred,0,0,1
891,plp,factual_world,world_claim,inferred,0,0,1
892,naive,factual_world,world_claim,tool_verified,1,1,1
892,cgsp_fixed,factual_world,world_claim,tool_verified,1,0,0
892,plp,factual_world,world_claim,tool_verified,1,1,1
893,naive,factual_world,world_claim,external_verified,1,1,1
893,cgsp_fixed,factual_world,world_claim,external_verified,1,0,0
893,plp,factual_world,world_claim,external_verified,1,1,1
894,naive,personal_state,personal_state,explicit_user,1,1,1
894,cgsp_fixed,personal_state,personal_state,explicit_user,1,0,0
894,plp,personal_state,personal_state,explicit_user,1,1,1
895,naive,personal_state,personal_state,tool_verified,1,1,1
895,cgsp_fixed,personal_state,personal_state,tool_verified,1,0,0
895,plp,personal_state,personal_state,tool_verified,1,1,1
896,naive,factual_world,personal_state,explicit_user,0,1,0
896,cgsp_fixed,factual_world,personal_state,explicit_user,0,0,1
896,plp,factual_world,personal_state,explicit_user,0,0,1
897,naive,recommendation,preference,explicit_user,0,0,1
897,cgsp_fixed,recommendation,preference,explicit_user,0,0,1
897,plp,recommendation,preference,explicit_user,0,0,1
898,naive,planning,constraint,explicit_user,0,0,1
898,cgsp_fixed,planning,constraint,explicit_user,0,0,1
898,plp,planning,constraint,explicit_user,0,0,1
899,naive,style,presentation,explicit_user,0,0,1
899,cgsp_fixed,style,presentation,explicit_user,0,0,1
899,plp,style,presentation,explicit_user,0,0,1
900,naive,factual_world,world_claim,explicit_user,0,1,0
900,cgsp_fixed,factual_world,world_claim,explicit_user,0,0,1
900,plp,factual_world,world_claim,explicit_user,0,0,1
901,naive,factual_world,world_claim,inferred,0,0,1
901,cgsp_fixed,factual_world,world_claim,inferred,0,0,1
901,plp,factual_world,world_claim,inferred,0,0,1
902,naive,factual_world,world_claim,tool_verified,1,1,1
902,cgsp_fixed,factual_world,world_claim,tool_verified,1,0,0
902,plp,factual_world,world_claim,tool_verified,1,1,1
903,naive,factual_world,world_claim,external_verified,1,1,1
903,cgsp_fixed,factual_world,world_claim,external_verified,1,0,0
903,plp,factual_world,world_claim,external_verified,1,1,1
904,naive,personal_state,personal_state,explicit_user,1,1,1
904,cgsp_fixed,personal_state,personal_state,explicit_user,1,0,0
904,plp,personal_state,personal_state,explicit_user,1,1,1
905,naive,personal_state,personal_state,tool_verified,1,1,1
905,cgsp_fixed,personal_state,personal_state,tool_verified,1,0,0
905,plp,personal_state,personal_state,tool_verified,1,1,1
906,naive,factual_world,personal_state,explicit_user,0,1,0
906,cgsp_fixed,factual_world,personal_state,explicit_user,0,0,1
906,plp,factual_world,personal_state,explicit_user,0,0,1
907,naive,recommendation,preference,explicit_user,0,0,1
907,cgsp_fixed,recommendation,preference,explicit_user,0,0,1
907,plp,recommendation,preference,explicit_user,0,0,1
908,naive,planning,constraint,explicit_user,0,0,1
908,cgsp_fixed,planning,constraint,explicit_user,0,0,1
908,plp,planning,constraint,explicit_user,0,0,1
909,naive,style,presentation,explicit_user,0,0,1
909,cgsp_fixed,style,presentation,explicit_user,0,0,1
909,plp,style,presentation,explicit_user,0,0,1
910,naive,factual_world,world_claim,explicit_user,0,1,0
910,cgsp_fixed,factual_world,world_claim,explicit_user,0,0,1
910,plp,factual_world,world_claim,explicit_user,0,0,1
911,naive,factual_world,world_claim,inferred,0,0,1
911,cgsp_fixed,factual_world,world_claim,inferred,0,0,1
911,plp,factual_world,world_claim,inferred,0,0,1
912,naive,factual_world,world_claim,tool_verified,1,1,1
912,cgsp_fixed,factual_world,world_claim,tool_verified,1,0,0
912,plp,factual_world,world_claim,tool_verified,1,1,1
913,naive,factual_world,world_claim,external_verified,1,1,1
913,cgsp_fixed,factual_world,world_claim,external_verified,1,0,0
913,plp,factual_world,world_claim,external_verified,1,1,1
914,naive,personal_state,personal_state,explicit_user,1,1,1
914,cgsp_fixed,personal_state,personal_state,explicit_user,1,0,0
914,plp,personal_state,personal_state,explicit_user,1,1,1
915,naive,personal_state,personal_state,tool_verified,1,1,1
915,cgsp_fixed,personal_state,personal_state,tool_verified,1,0,0
915,plp,personal_state,personal_state,tool_verified,1,1,1
916,naive,factual_world,personal_state,explicit_user,0,1,0
916,cgsp_fixed,factual_world,personal_state,explicit_user,0,0,1
916,plp,factual_world,personal_state,explicit_user,0,0,1
917,naive,recommendation,preference,explicit_user,0,0,1
917,cgsp_fixed,recommendation,preference,explicit_user,0,0,1
917,plp,recommendation,preference,explicit_user,0,0,1
918,naive,planning,constraint,explicit_user,0,0,1
918,cgsp_fixed,planning,constraint,explicit_user,0,0,1
918,plp,planning,constraint,explicit_user,0,0,1
919,naive,style,presentation,explicit_user,0,0,1
919,cgsp_fixed,style,presentation,explicit_user,0,0,1
919,plp,style,presentation,explicit_user,0,0,1
920,naive,factual_world,world_claim,explicit_user,0,1,0
920,cgsp_fixed,factual_world,world_claim,explicit_user,0,0,1
920,plp,factual_world,world_claim,explicit_user,0,0,1
921,naive,factual_world,world_claim,inferred,0,0,1
921,cgsp_fixed,factual_world,world_claim,inferred,0,0,1
921,plp,factual_world,world_claim,inferred,0,0,1
922,naive,factual_world,world_claim,tool_verified,1,1,1
922,cgsp_fixed,factual_world,world_claim,tool_verified,1,0,0
922,plp,factual_world,world_claim,tool_verified,1,1,1
923,naive,factual_world,world_claim,external_verified,1,1,1
923,cgsp_fixed,factual_world,world_claim,external_verified,1,0,0
923,plp,factual_world,world_claim,external_verified,1,1,1
924,naive,personal_state,personal_state,explicit_user,1,1,1
924,cgsp_fixed,personal_state,personal_state,explicit_user,1,0,0
924,plp,personal_state,personal_state,explicit_user,1,1,1
925,naive,personal_state,personal_state,tool_verified,1,1,1
925,cgsp_fixed,personal_state,personal_state,tool_verified,1,0,0
925,plp,personal_state,personal_state,tool_verified,1,1,1
926,naive,factual_world,personal_state,explicit_user,0,1,0
926,cgsp_fixed,factual_world,personal_state,explicit_user,0,0,1
926,plp,factual_world,personal_state,explicit_user,0,0,1
927,naive,recommendation,preference,explicit_user,0,0,1
927,cgsp_fixed,recommendation,preference,explicit_user,0,0,1
927,plp,recommendation,preference,explicit_user,0,0,1
928,naive,planning,constraint,explicit_user,0,0,1
928,cgsp_fixed,planning,constraint,explicit_user,0,0,1
928,plp,planning,constraint,explicit_user,0,0,1
929,naive,style,presentation,explicit_user,0,0,1
929,cgsp_fixed,style,presentation,explicit_user,0,0,1
929,plp,style,presentation,explicit_user,0,0,1
930,naive,factual_world,world_claim,explicit_user,0,1,0
930,cgsp_fixed,factual_world,world_claim,explicit_user,0,0,1
930,plp,factual_world,world_claim,explicit_user,0,0,1
931,naive,factual_world,world_claim,inferred,0,0,1
931,cgsp_fixed,factual_world,world_claim,inferred,0,0,1
931,plp,factual_world,world_claim,inferred,0,0,1
932,naive,factual_world,world_claim,tool_verified,1,1,1
932,cgsp_fixed,factual_world,world_claim,tool_verified,1,0,0
932,plp,factual_world,world_claim,tool_verified,1,1,1
933,naive,factual_world,world_claim,external_verified,1,1,1
933,cgsp_fixed,factual_world,world_claim,external_verified,1,0,0
933,plp,factual_world,world_claim,external_verified,1,1,1
934,naive,personal_state,personal_state,explicit_user,1,1,1
934,cgsp_fixed,personal_state,personal_state,explicit_user,1,0,0
934,plp,personal_state,personal_state,explicit_user,1,1,1
935,naive,personal_state,personal_state,tool_verified,1,1,1
935,cgsp_fixed,personal_state,personal_state,tool_verified,1,0,0
935,plp,personal_state,personal_state,tool_verified,1,1,1
936,naive,factual_world,personal_state,explicit_user,0,1,0
936,cgsp_fixed,factual_world,personal_state,explicit_user,0,0,1
936,plp,factual_world,personal_state,explicit_user,0,0,1
937,naive,recommendation,preference,explicit_user,0,0,1
937,cgsp_fixed,recommendation,preference,explicit_user,0,0,1
937,plp,recommendation,preference,explicit_user,0,0,1
938,naive,planning,constraint,explicit_user,0,0,1
938,cgsp_fixed,planning,constraint,explicit_user,0,0,1
938,plp,planning,constraint,explicit_user,0,0,1
939,naive,style,presentation,explicit_user,0,0,1
939,cgsp_fixed,style,presentation,explicit_user,0,0,1
939,plp,style,presentation,explicit_user,0,0,1
940,naive,factual_world,world_claim,explicit_user,0,1,0
940,cgsp_fixed,factual_world,world_claim,explicit_user,0,0,1
940,plp,factual_world,world_claim,explicit_user,0,0,1
941,naive,factual_world,world_claim,inferred,0,0,1
941,cgsp_fixed,factual_world,world_claim,inferred,0,0,1
941,plp,factual_world,world_claim,inferred,0,0,1
942,naive,factual_world,world_claim,tool_verified,1,1,1
942,cgsp_fixed,factual_world,world_claim,tool_verified,1,0,0
942,plp,factual_world,world_claim,tool_verified,1,1,1
943,naive,factual_world,world_claim,external_verified,1,1,1
943,cgsp_fixed,factual_world,world_claim,external_verified,1,0,0
943,plp,factual_world,world_claim,external_verified,1,1,1
944,naive,personal_state,personal_state,explicit_user,1,1,1
944,cgsp_fixed,personal_state,personal_state,explicit_user,1,0,0
944,plp,personal_state,personal_state,explicit_user,1,1,1
945,naive,personal_state,personal_state,tool_verified,1,1,1
945,cgsp_fixed,personal_state,personal_state,tool_verified,1,0,0
945,plp,personal_state,personal_state,tool_verified,1,1,1
946,naive,factual_world,personal_state,explicit_user,0,1,0
946,cgsp_fixed,factual_world,personal_state,explicit_user,0,0,1
946,plp,factual_world,personal_state,explicit_user,0,0,1
947,naive,recommendation,preference,explicit_user,0,0,1
947,cgsp_fixed,recommendation,preference,explicit_user,0,0,1
947,plp,recommendation,preference,explicit_user,0,0,1
948,naive,planning,constraint,explicit_user,0,0,1
948,cgsp_fixed,planning,constraint,explicit_user,0,0,1
948,plp,planning,constraint,explicit_user,0,0,1
949,naive,style,presentation,explicit_user,0,0,1
949,cgsp_fixed,style,presentation,explicit_user,0,0,1
949,plp,style,presentation,explicit_user,0,0,1
950,naive,factual_world,world_claim,explicit_user,0,1,0
950,cgsp_fixed,factual_world,world_claim,explicit_user,0,0,1
950,plp,factual_world,world_claim,explicit_user,0,0,1
951,naive,factual_world,world_claim,inferred,0,0,1
951,cgsp_fixed,factual_world,world_claim,inferred,0,0,1
951,plp,factual_world,world_claim,inferred,0,0,1
952,naive,factual_world,world_claim,tool_verified,1,1,1
952,cgsp_fixed,factual_world,world_claim,tool_verified,1,0,0
952,plp,factual_world,world_claim,tool_verified,1,1,1
953,naive,factual_world,world_claim,external_verified,1,1,1
953,cgsp_fixed,factual_world,world_claim,external_verified,1,0,0
953,plp,factual_world,world_claim,external_verified,1,1,1
954,naive,personal_state,personal_state,explicit_user,1,1,1
954,cgsp_fixed,personal_state,personal_state,explicit_user,1,0,0
954,plp,personal_state,personal_state,explicit_user,1,1,1
955,naive,personal_state,personal_state,tool_verified,1,1,1
955,cgsp_fixed,personal_state,personal_state,tool_verified,1,0,0
955,plp,personal_state,personal_state,tool_verified,1,1,1
956,naive,factual_world,personal_state,explicit_user,0,1,0
956,cgsp_fixed,factual_world,personal_state,explicit_user,0,0,1
956,plp,factual_world,personal_state,explicit_user,0,0,1
957,naive,recommendation,preference,explicit_user,0,0,1
957,cgsp_fixed,recommendation,preference,explicit_user,0,0,1
957,plp,recommendation,preference,explicit_user,0,0,1
958,naive,planning,constraint,explicit_user,0,0,1
958,cgsp_fixed,planning,constraint,explicit_user,0,0,1
958,plp,planning,constraint,explicit_user,0,0,1
959,naive,style,presentation,explicit_user,0,0,1
959,cgsp_fixed,style,presentation,explicit_user,0,0,1
959,plp,style,presentation,explicit_user,0,0,1
960,naive,factual_world,world_claim,explicit_user,0,1,0
960,cgsp_fixed,factual_world,world_claim,explicit_user,0,0,1
960,plp,factual_world,world_claim,explicit_user,0,0,1
961,naive,factual_world,world_claim,inferred,0,0,1
961,cgsp_fixed,factual_world,world_claim,inferred,0,0,1
961,plp,factual_world,world_claim,inferred,0,0,1
962,naive,factual_world,world_claim,tool_verified,1,1,1
962,cgsp_fixed,factual_world,world_claim,tool_verified,1,0,0
962,plp,factual_world,world_claim,tool_verified,1,1,1
963,naive,factual_world,world_claim,external_verified,1,1,1
963,cgsp_fixed,factual_world,world_claim,external_verified,1,0,0
963,plp,factual_world,world_claim,external_verified,1,1,1
964,naive,personal_state,personal_state,explicit_user,1,1,1
964,cgsp_fixed,personal_state,personal_state,explicit_user,1,0,0
964,plp,personal_state,personal_state,explicit_user,1,1,1
965,naive,personal_state,personal_state,tool_verified,1,1,1
965,cgsp_fixed,personal_state,personal_state,tool_verified,1,0,0
965,plp,personal_state,personal_state,tool_verified,1,1,1
966,naive,factual_world,personal_state,explicit_user,0,1,0
966,cgsp_fixed,factual_world,personal_state,explicit_user,0,0,1
966,plp,factual_world,personal_state,explicit_user,0,0,1
967,naive,recommendation,preference,explicit_user,0,0,1
967,cgsp_fixed,recommendation,preference,explicit_user,0,0,1
967,plp,recommendation,preference,explicit_user,0,0,1
968,naive,planning,constraint,explicit_user,0,0,1
968,cgsp_fixed,planning,constraint,explicit_user,0,0,1
968,plp,planning,constraint,explicit_user,0,0,1
969,naive,style,presentation,explicit_user,0,0,1
969,cgsp_fixed,style,presentation,explicit_user,0,0,1
969,plp,style,presentation,explicit_user,0,0,1
970,naive,factual_world,world_claim,explicit_user,0,1,0
970,cgsp_fixed,factual_world,world_claim,explicit_user,0,0,1
970,plp,factual_world,world_claim,explicit_user,0,0,1
971,naive,factual_world,world_claim,inferred,0,0,1
971,cgsp_fixed,factual_world,world_claim,inferred,0,0,1
971,plp,factual_world,world_claim,inferred,0,0,1
972,naive,factual_world,world_claim,tool_verified,1,1,1
972,cgsp_fixed,factual_world,world_claim,tool_verified,1,0,0
972,plp,factual_world,world_claim,tool_verified,1,1,1
973,naive,factual_world,world_claim,external_verified,1,1,1
973,cgsp_fixed,factual_world,world_claim,external_verified,1,0,0
973,plp,factual_world,world_claim,external_verified,1,1,1
974,naive,personal_state,personal_state,explicit_user,1,1,1
974,cgsp_fixed,personal_state,personal_state,explicit_user,1,0,0
974,plp,personal_state,personal_state,explicit_user,1,1,1
975,naive,personal_state,personal_state,tool_verified,1,1,1
975,cgsp_fixed,personal_state,personal_state,tool_verified,1,0,0
975,plp,personal_state,personal_state,tool_verified,1,1,1
976,naive,factual_world,personal_state,explicit_user,0,1,0
976,cgsp_fixed,factual_world,personal_state,explicit_user,0,0,1
976,plp,factual_world,personal_state,explicit_user,0,0,1
977,naive,recommendation,preference,explicit_user,0,0,1
977,cgsp_fixed,recommendation,preference,explicit_user,0,0,1
977,plp,recommendation,preference,explicit_user,0,0,1
978,naive,planning,constraint,explicit_user,0,0,1
978,cgsp_fixed,planning,constraint,explicit_user,0,0,1
978,plp,planning,constraint,explicit_user,0,0,1
979,naive,style,presentation,explicit_user,0,0,1
979,cgsp_fixed,style,presentation,explicit_user,0,0,1
979,plp,style,presentation,explicit_user,0,0,1
980,naive,factual_world,world_claim,explicit_user,0,1,0
980,cgsp_fixed,factual_world,world_claim,explicit_user,0,0,1
980,plp,factual_world,world_claim,explicit_user,0,0,1
981,naive,factual_world,world_claim,inferred,0,0,1
981,cgsp_fixed,factual_world,world_claim,inferred,0,0,1
981,plp,factual_world,world_claim,inferred,0,0,1
982,naive,factual_world,world_claim,tool_verified,1,1,1
982,cgsp_fixed,factual_world,world_claim,tool_verified,1,0,0
982,plp,factual_world,world_claim,tool_verified,1,1,1
983,naive,factual_world,world_claim,external_verified,1,1,1
983,cgsp_fixed,factual_world,world_claim,external_verified,1,0,0
983,plp,factual_world,world_claim,external_verified,1,1,1
984,naive,personal_state,personal_state,explicit_user,1,1,1
984,cgsp_fixed,personal_state,personal_state,explicit_user,1,0,0
984,plp,personal_state,personal_state,explicit_user,1,1,1
985,naive,personal_state,personal_state,tool_verified,1,1,1
985,cgsp_fixed,personal_state,personal_state,tool_verified,1,0,0
985,plp,personal_state,personal_state,tool_verified,1,1,1
986,naive,factual_world,personal_state,explicit_user,0,1,0
986,cgsp_fixed,factual_world,personal_state,explicit_user,0,0,1
986,plp,factual_world,personal_state,explicit_user,0,0,1
987,naive,recommendation,preference,explicit_user,0,0,1
987,cgsp_fixed,recommendation,preference,explicit_user,0,0,1
987,plp,recommendation,preference,explicit_user,0,0,1
988,naive,planning,constraint,explicit_user,0,0,1
988,cgsp_fixed,planning,constraint,explicit_user,0,0,1
988,plp,planning,constraint,explicit_user,0,0,1
989,naive,style,presentation,explicit_user,0,0,1
989,cgsp_fixed,style,presentation,explicit_user,0,0,1
989,plp,style,presentation,explicit_user,0,0,1
990,naive,factual_world,world_claim,explicit_user,0,1,0
990,cgsp_fixed,factual_world,world_claim,explicit_user,0,0,1
990,plp,factual_world,world_claim,explicit_user,0,0,1
991,naive,factual_world,world_claim,inferred,0,0,1
991,cgsp_fixed,factual_world,world_claim,inferred,0,0,1
991,plp,factual_world,world_claim,inferred,0,0,1
992,naive,factual_world,world_claim,tool_verified,1,1,1
992,cgsp_fixed,factual_world,world_claim,tool_verified,1,0,0
992,plp,factual_world,world_claim,tool_verified,1,1,1
993,naive,factual_world,world_claim,external_verified,1,1,1
993,cgsp_fixed,factual_world,world_claim,external_verified,1,0,0
993,plp,factual_world,world_claim,external_verified,1,1,1
994,naive,personal_state,personal_state,explicit_user,1,1,1
994,cgsp_fixed,personal_state,personal_state,explicit_user,1,0,0
994,plp,personal_state,personal_state,explicit_user,1,1,1
995,naive,personal_state,personal_state,tool_verified,1,1,1
995,cgsp_fixed,personal_state,personal_state,tool_verified,1,0,0
995,plp,personal_state,personal_state,tool_verified,1,1,1
996,naive,factual_world,personal_state,explicit_user,0,1,0
996,cgsp_fixed,factual_world,personal_state,explicit_user,0,0,1
996,plp,factual_world,personal_state,explicit_user,0,0,1
997,naive,recommendation,preference,explicit_user,0,0,1
997,cgsp_fixed,recommendation,preference,explicit_user,0,0,1
997,plp,recommendation,preference,explicit_user,0,0,1
998,naive,planning,constraint,explicit_user,0,0,1
998,cgsp_fixed,planning,constraint,explicit_user,0,0,1
998,plp,planning,constraint,explicit_user,0,0,1
999,naive,style,presentation,explicit_user,0,0,1
999,cgsp_fixed,style,presentation,explicit_user,0,0,1
999,plp,style,presentation,explicit_user,0,0,1
1000,naive,factual_world,world_claim,explicit_user,0,1,0
1000,cgsp_fixed,factual_world,world_claim,explicit_user,0,0,1
1000,plp,factual_world,world_claim,explicit_user,0,0,1
1001,naive,factual_world,world_claim,inferred,0,0,1
1001,cgsp_fixed,factual_world,world_claim,inferred,0,0,1
1001,plp,factual_world,world_claim,inferred,0,0,1
1002,naive,factual_world,world_claim,tool_verified,1,1,1
1002,cgsp_fixed,factual_world,world_claim,tool_verified,1,0,0
1002,plp,factual_world,world_claim,tool_verified,1,1,1
1003,naive,factual_world,world_claim,external_verified,1,1,1
1003,cgsp_fixed,factual_world,world_claim,external_verified,1,0,0
1003,plp,factual_world,world_claim,external_verified,1,1,1
1004,naive,personal_state,personal_state,explicit_user,1,1,1
1004,cgsp_fixed,personal_state,personal_state,explicit_user,1,0,0
1004,plp,personal_state,personal_state,explicit_user,1,1,1
1005,naive,personal_state,personal_state,tool_verified,1,1,1
1005,cgsp_fixed,personal_state,personal_state,tool_verified,1,0,0
1005,plp,personal_state,personal_state,tool_verified,1,1,1
1006,naive,factual_world,personal_state,explicit_user,0,1,0
1006,cgsp_fixed,factual_world,personal_state,explicit_user,0,0,1
1006,plp,factual_world,personal_state,explicit_user,0,0,1
1007,naive,recommendation,preference,explicit_user,0,0,1
1007,cgsp_fixed,recommendation,preference,explicit_user,0,0,1
1007,plp,recommendation,preference,explicit_user,0,0,1
1008,naive,planning,constraint,explicit_user,0,0,1
1008,cgsp_fixed,planning,constraint,explicit_user,0,0,1
1008,plp,planning,constraint,explicit_user,0,0,1
1009,naive,style,presentation,explicit_user,0,0,1
1009,cgsp_fixed,style,presentation,explicit_user,0,0,1
1009,plp,style,presentation,explicit_user,0,0,1
1010,naive,factual_world,world_claim,explicit_user,0,1,0
1010,cgsp_fixed,factual_world,world_claim,explicit_user,0,0,1
1010,plp,factual_world,world_claim,explicit_user,0,0,1
1011,naive,factual_world,world_claim,inferred,0,0,1
1011,cgsp_fixed,factual_world,world_claim,inferred,0,0,1
1011,plp,factual_world,world_claim,inferred,0,0,1
1012,naive,factual_world,world_claim,tool_verified,1,1,1
1012,cgsp_fixed,factual_world,world_claim,tool_verified,1,0,0
1012,plp,factual_world,world_claim,tool_verified,1,1,1
1013,naive,factual_world,world_claim,external_verified,1,1,1
1013,cgsp_fixed,factual_world,world_claim,external_verified,1,0,0
1013,plp,factual_world,world_claim,external_verified,1,1,1
1014,naive,personal_state,personal_state,explicit_user,1,1,1
1014,cgsp_fixed,personal_state,personal_state,explicit_user,1,0,0
1014,plp,personal_state,personal_state,explicit_user,1,1,1
1015,naive,personal_state,personal_state,tool_verified,1,1,1
1015,cgsp_fixed,personal_state,personal_state,tool_verified,1,0,0
1015,plp,personal_state,personal_state,tool_verified,1,1,1
1016,naive,factual_world,personal_state,explicit_user,0,1,0
1016,cgsp_fixed,factual_world,personal_state,explicit_user,0,0,1
1016,plp,factual_world,personal_state,explicit_user,0,0,1
1017,naive,recommendation,preference,explicit_user,0,0,1
1017,cgsp_fixed,recommendation,preference,explicit_user,0,0,1
1017,plp,recommendation,preference,explicit_user,0,0,1
1018,naive,planning,constraint,explicit_user,0,0,1
1018,cgsp_fixed,planning,constraint,explicit_user,0,0,1
1018,plp,planning,constraint,explicit_user,0,0,1
1019,naive,style,presentation,explicit_user,0,0,1
1019,cgsp_fixed,style,presentation,explicit_user,0,0,1
1019,plp,style,presentation,explicit_user,0,0,1
1020,naive,factual_world,world_claim,explicit_user,0,1,0
1020,cgsp_fixed,factual_world,world_claim,explicit_user,0,0,1
1020,plp,factual_world,world_claim,explicit_user,0,0,1
1021,naive,factual_world,world_claim,inferred,0,0,1
1021,cgsp_fixed,factual_world,world_claim,inferred,0,0,1
1021,plp,factual_world,world_claim,inferred,0,0,1
1022,naive,factual_world,world_claim,tool_verified,1,1,1
1022,cgsp_fixed,factual_world,world_claim,tool_verified,1,0,0
1022,plp,factual_world,world_claim,tool_verified,1,1,1
1023,naive,factual_world,world_claim,external_verified,1,1,1
1023,cgsp_fixed,factual_world,world_claim,external_verified,1,0,0
1023,plp,factual_world,world_claim,external_verified,1,1,1
1024,naive,personal_state,personal_state,explicit_user,1,1,1
1024,cgsp_fixed,personal_state,personal_state,explicit_user,1,0,0
1024,plp,personal_state,personal_state,explicit_user,1,1,1
1025,naive,personal_state,personal_state,tool_verified,1,1,1
1025,cgsp_fixed,personal_state,personal_state,tool_verified,1,0,0
1025,plp,personal_state,personal_state,tool_verified,1,1,1
1026,naive,factual_world,personal_state,explicit_user,0,1,0
1026,cgsp_fixed,factual_world,personal_state,explicit_user,0,0,1
1026,plp,factual_world,personal_state,explicit_user,0,0,1
1027,naive,recommendation,preference,explicit_user,0,0,1
1027,cgsp_fixed,recommendation,preference,explicit_user,0,0,1
1027,plp,recommendation,preference,explicit_user,0,0,1
1028,naive,planning,constraint,explicit_user,0,0,1
1028,cgsp_fixed,planning,constraint,explicit_user,0,0,1
1028,plp,planning,constraint,explicit_user,0,0,1
1029,naive,style,presentation,explicit_user,0,0,1
1029,cgsp_fixed,style,presentation,explicit_user,0,0,1
1029,plp,style,presentation,explicit_user,0,0,1
1030,naive,factual_world,world_claim,explicit_user,0,1,0
1030,cgsp_fixed,factual_world,world_claim,explicit_user,0,0,1
1030,plp,factual_world,world_claim,explicit_user,0,0,1
1031,naive,factual_world,world_claim,inferred,0,0,1
1031,cgsp_fixed,factual_world,world_claim,inferred,0,0,1
1031,plp,factual_world,world_claim,inferred,0,0,1
1032,naive,factual_world,world_claim,tool_verified,1,1,1
1032,cgsp_fixed,factual_world,world_claim,tool_verified,1,0,0
1032,plp,factual_world,world_claim,tool_verified,1,1,1
1033,naive,factual_world,world_claim,external_verified,1,1,1
1033,cgsp_fixed,factual_world,world_claim,external_verified,1,0,0
1033,plp,factual_world,world_claim,external_verified,1,1,1
1034,naive,personal_state,personal_state,explicit_user,1,1,1
1034,cgsp_fixed,personal_state,personal_state,explicit_user,1,0,0
1034,plp,personal_state,personal_state,explicit_user,1,1,1
1035,naive,personal_state,personal_state,tool_verified,1,1,1
1035,cgsp_fixed,personal_state,personal_state,tool_verified,1,0,0
1035,plp,personal_state,personal_state,tool_verified,1,1,1
1036,naive,factual_world,personal_state,explicit_user,0,1,0
1036,cgsp_fixed,factual_world,personal_state,explicit_user,0,0,1
1036,plp,factual_world,personal_state,explicit_user,0,0,1
1037,naive,recommendation,preference,explicit_user,0,0,1
1037,cgsp_fixed,recommendation,preference,explicit_user,0,0,1
1037,plp,recommendation,preference,explicit_user,0,0,1
1038,naive,planning,constraint,explicit_user,0,0,1
1038,cgsp_fixed,planning,constraint,explicit_user,0,0,1
1038,plp,planning,constraint,explicit_user,0,0,1
1039,naive,style,presentation,explicit_user,0,0,1
1039,cgsp_fixed,style,presentation,explicit_user,0,0,1
1039,plp,style,presentation,explicit_user,0,0,1
1040,naive,factual_world,world_claim,explicit_user,0,1,0
1040,cgsp_fixed,factual_world,world_claim,explicit_user,0,0,1
1040,plp,factual_world,world_claim,explicit_user,0,0,1
1041,naive,factual_world,world_claim,inferred,0,0,1
1041,cgsp_fixed,factual_world,world_claim,inferred,0,0,1
1041,plp,factual_world,world_claim,inferred,0,0,1
1042,naive,factual_world,world_claim,tool_verified,1,1,1
1042,cgsp_fixed,factual_world,world_claim,tool_verified,1,0,0
1042,plp,factual_world,world_claim,tool_verified,1,1,1
1043,naive,factual_world,world_claim,external_verified,1,1,1
1043,cgsp_fixed,factual_world,world_claim,external_verified,1,0,0
1043,plp,factual_world,world_claim,external_verified,1,1,1
1044,naive,personal_state,personal_state,explicit_user,1,1,1
1044,cgsp_fixed,personal_state,personal_state,explicit_user,1,0,0
1044,plp,personal_state,personal_state,explicit_user,1,1,1
1045,naive,personal_state,personal_state,tool_verified,1,1,1
1045,cgsp_fixed,personal_state,personal_state,tool_verified,1,0,0
1045,plp,personal_state,personal_state,tool_verified,1,1,1
1046,naive,factual_world,personal_state,explicit_user,0,1,0
1046,cgsp_fixed,factual_world,personal_state,explicit_user,0,0,1
1046,plp,factual_world,personal_state,explicit_user,0,0,1
1047,naive,recommendation,preference,explicit_user,0,0,1
1047,cgsp_fixed,recommendation,preference,explicit_user,0,0,1
1047,plp,recommendation,preference,explicit_user,0,0,1
1048,naive,planning,constraint,explicit_user,0,0,1
1048,cgsp_fixed,planning,constraint,explicit_user,0,0,1
1048,plp,planning,constraint,explicit_user,0,0,1
1049,naive,style,presentation,explicit_user,0,0,1
1049,cgsp_fixed,style,presentation,explicit_user,0,0,1
1049,plp,style,presentation,explicit_user,0,0,1
1050,naive,factual_world,world_claim,explicit_user,0,1,0
1050,cgsp_fixed,factual_world,world_claim,explicit_user,0,0,1
1050,plp,factual_world,world_claim,explicit_user,0,0,1
1051,naive,factual_world,world_claim,inferred,0,0,1
1051,cgsp_fixed,factual_world,world_claim,inferred,0,0,1
1051,plp,factual_world,world_claim,inferred,0,0,1
1052,naive,factual_world,world_claim,tool_verified,1,1,1
1052,cgsp_fixed,factual_world,world_claim,tool_verified,1,0,0
1052,plp,factual_world,world_claim,tool_verified,1,1,1
1053,naive,factual_world,world_claim,external_verified,1,1,1
1053,cgsp_fixed,factual_world,world_claim,external_verified,1,0,0
1053,plp,factual_world,world_claim,external_verified,1,1,1
1054,naive,personal_state,personal_state,explicit_user,1,1,1
1054,cgsp_fixed,personal_state,personal_state,explicit_user,1,0,0
1054,plp,personal_state,personal_state,explicit_user,1,1,1
1055,naive,personal_state,personal_state,tool_verified,1,1,1
1055,cgsp_fixed,personal_state,personal_state,tool_verified,1,0,0
1055,plp,personal_state,personal_state,tool_verified,1,1,1
1056,naive,factual_world,personal_state,explicit_user,0,1,0
1056,cgsp_fixed,factual_world,personal_state,explicit_user,0,0,1
1056,plp,factual_world,personal_state,explicit_user,0,0,1
1057,naive,recommendation,preference,explicit_user,0,0,1
1057,cgsp_fixed,recommendation,preference,explicit_user,0,0,1
1057,plp,recommendation,preference,explicit_user,0,0,1
1058,naive,planning,constraint,explicit_user,0,0,1
1058,cgsp_fixed,planning,constraint,explicit_user,0,0,1
1058,plp,planning,constraint,explicit_user,0,0,1
1059,naive,style,presentation,explicit_user,0,0,1
1059,cgsp_fixed,style,presentation,explicit_user,0,0,1
1059,plp,style,presentation,explicit_user,0,0,1
1060,naive,factual_world,world_claim,explicit_user,0,1,0
1060,cgsp_fixed,factual_world,world_claim,explicit_user,0,0,1
1060,plp,factual_world,world_claim,explicit_user,0,0,1
1061,naive,factual_world,world_claim,inferred,0,0,1
1061,cgsp_fixed,factual_world,world_claim,inferred,0,0,1
1061,plp,factual_world,world_claim,inferred,0,0,1
1062,naive,factual_world,world_claim,tool_verified,1,1,1
1062,cgsp_fixed,factual_world,world_claim,tool_verified,1,0,0
1062,plp,factual_world,world_claim,tool_verified,1,1,1
1063,naive,factual_world,world_claim,external_verified,1,1,1
1063,cgsp_fixed,factual_world,world_claim,external_verified,1,0,0
1063,plp,factual_world,world_claim,external_verified,1,1,1
1064,naive,personal_state,personal_state,explicit_user,1,1,1
1064,cgsp_fixed,personal_state,personal_state,explicit_user,1,0,0
1064,plp,personal_state,personal_state,explicit_user,1,1,1
1065,naive,personal_state,personal_state,tool_verified,1,1,1
1065,cgsp_fixed,personal_state,personal_state,tool_verified,1,0,0
1065,plp,personal_state,personal_state,tool_verified,1,1,1
1066,naive,factual_world,personal_state,explicit_user,0,1,0
1066,cgsp_fixed,factual_world,personal_state,explicit_user,0,0,1
1066,plp,factual_world,personal_state,explicit_user,0,0,1
1067,naive,recommendation,preference,explicit_user,0,0,1
1067,cgsp_fixed,recommendation,preference,explicit_user,0,0,1
1067,plp,recommendation,preference,explicit_user,0,0,1
1068,naive,planning,constraint,explicit_user,0,0,1
1068,cgsp_fixed,planning,constraint,explicit_user,0,0,1
1068,plp,planning,constraint,explicit_user,0,0,1
1069,naive,style,presentation,explicit_user,0,0,1
1069,cgsp_fixed,style,presentation,explicit_user,0,0,1
1069,plp,style,presentation,explicit_user,0,0,1
1070,naive,factual_world,world_claim,explicit_user,0,1,0
1070,cgsp_fixed,factual_world,world_claim,explicit_user,0,0,1
1070,plp,factual_world,world_claim,explicit_user,0,0,1
1071,naive,factual_world,world_claim,inferred,0,0,1
1071,cgsp_fixed,factual_world,world_claim,inferred,0,0,1
1071,plp,factual_world,world_claim,inferred,0,0,1
1072,naive,factual_world,world_claim,tool_verified,1,1,1
1072,cgsp_fixed,factual_world,world_claim,tool_verified,1,0,0
1072,plp,factual_world,world_claim,tool_verified,1,1,1
1073,naive,factual_world,world_claim,external_verified,1,1,1
1073,cgsp_fixed,factual_world,world_claim,external_verified,1,0,0
1073,plp,factual_world,world_claim,external_verified,1,1,1
1074,naive,personal_state,personal_state,explicit_user,1,1,1
1074,cgsp_fixed,personal_state,personal_state,explicit_user,1,0,0
1074,plp,personal_state,personal_state,explicit_user,1,1,1
1075,naive,personal_state,personal_state,tool_verified,1,1,1
1075,cgsp_fixed,personal_state,personal_state,tool_verified,1,0,0
1075,plp,personal_state,personal_state,tool_verified,1,1,1
1076,naive,factual_world,personal_state,explicit_user,0,1,0
1076,cgsp_fixed,factual_world,personal_state,explicit_user,0,0,1
1076,plp,factual_world,personal_state,explicit_user,0,0,1
1077,naive,recommendation,preference,explicit_user,0,0,1
1077,cgsp_fixed,recommendation,preference,explicit_user,0,0,1
1077,plp,recommendation,preference,explicit_user,0,0,1
1078,naive,planning,constraint,explicit_user,0,0,1
1078,cgsp_fixed,planning,constraint,explicit_user,0,0,1
1078,plp,planning,constraint,explicit_user,0,0,1
1079,naive,style,presentation,explicit_user,0,0,1
1079,cgsp_fixed,style,presentation,explicit_user,0,0,1
1079,plp,style,presentation,explicit_user,0,0,1
1080,naive,factual_world,world_claim,explicit_user,0,1,0
1080,cgsp_fixed,factual_world,world_claim,explicit_user,0,0,1
1080,plp,factual_world,world_claim,explicit_user,0,0,1
1081,naive,factual_world,world_claim,inferred,0,0,1
1081,cgsp_fixed,factual_world,world_claim,inferred,0,0,1
1081,plp,factual_world,world_claim,inferred,0,0,1
1082,naive,factual_world,world_claim,tool_verified,1,1,1
1082,cgsp_fixed,factual_world,world_claim,tool_verified,1,0,0
1082,plp,factual_world,world_claim,tool_verified,1,1,1
1083,naive,factual_world,world_claim,external_verified,1,1,1
1083,cgsp_fixed,factual_world,world_claim,external_verified,1,0,0
1083,plp,factual_world,world_claim,external_verified,1,1,1
1084,naive,personal_state,personal_state,explicit_user,1,1,1
1084,cgsp_fixed,personal_state,personal_state,explicit_user,1,0,0
1084,plp,personal_state,personal_state,explicit_user,1,1,1
1085,naive,personal_state,personal_state,tool_verified,1,1,1
1085,cgsp_fixed,personal_state,personal_state,tool_verified,1,0,0
1085,plp,personal_state,personal_state,tool_verified,1,1,1
1086,naive,factual_world,personal_state,explicit_user,0,1,0
1086,cgsp_fixed,factual_world,personal_state,explicit_user,0,0,1
1086,plp,factual_world,personal_state,explicit_user,0,0,1
1087,naive,recommendation,preference,explicit_user,0,0,1
1087,cgsp_fixed,recommendation,preference,explicit_user,0,0,1
1087,plp,recommendation,preference,explicit_user,0,0,1
1088,naive,planning,constraint,explicit_user,0,0,1
1088,cgsp_fixed,planning,constraint,explicit_user,0,0,1
1088,plp,planning,constraint,explicit_user,0,0,1
1089,naive,style,presentation,explicit_user,0,0,1
1089,cgsp_fixed,style,presentation,explicit_user,0,0,1
1089,plp,style,presentation,explicit_user,0,0,1
1090,naive,factual_world,world_claim,explicit_user,0,1,0
1090,cgsp_fixed,factual_world,world_claim,explicit_user,0,0,1
1090,plp,factual_world,world_claim,explicit_user,0,0,1
1091,naive,factual_world,world_claim,inferred,0,0,1
1091,cgsp_fixed,factual_world,world_claim,inferred,0,0,1
1091,plp,factual_world,world_claim,inferred,0,0,1
1092,naive,factual_world,world_claim,tool_verified,1,1,1
1092,cgsp_fixed,factual_world,world_claim,tool_verified,1,0,0
1092,plp,factual_world,world_claim,tool_verified,1,1,1
1093,naive,factual_world,world_claim,external_verified,1,1,1
1093,cgsp_fixed,factual_world,world_claim,external_verified,1,0,0
1093,plp,factual_world,world_claim,external_verified,1,1,1
1094,naive,personal_state,personal_state,explicit_user,1,1,1
1094,cgsp_fixed,personal_state,personal_state,explicit_user,1,0,0
1094,plp,personal_state,personal_state,explicit_user,1,1,1
1095,naive,personal_state,personal_state,tool_verified,1,1,1
1095,cgsp_fixed,personal_state,personal_state,tool_verified,1,0,0
1095,plp,personal_state,personal_state,tool_verified,1,1,1
1096,naive,factual_world,personal_state,explicit_user,0,1,0
1096,cgsp_fixed,factual_world,personal_state,explicit_user,0,0,1
1096,plp,factual_world,personal_state,explicit_user,0,0,1
1097,naive,recommendation,preference,explicit_user,0,0,1
1097,cgsp_fixed,recommendation,preference,explicit_user,0,0,1
1097,plp,recommendation,preference,explicit_user,0,0,1
1098,naive,planning,constraint,explicit_user,0,0,1
1098,cgsp_fixed,planning,constraint,explicit_user,0,0,1
1098,plp,planning,constraint,explicit_user,0,0,1
1099,naive,style,presentation,explicit_user,0,0,1
1099,cgsp_fixed,style,presentation,explicit_user,0,0,1
1099,plp,style,presentation,explicit_user,0,0,1
1100,naive,factual_world,world_claim,explicit_user,0,1,0
1100,cgsp_fixed,factual_world,world_claim,explicit_user,0,0,1
1100,plp,factual_world,world_claim,explicit_user,0,0,1
1101,naive,factual_world,world_claim,inferred,0,0,1
1101,cgsp_fixed,factual_world,world_claim,inferred,0,0,1
1101,plp,factual_world,world_claim,inferred,0,0,1
1102,naive,factual_world,world_claim,tool_verified,1,1,1
1102,cgsp_fixed,factual_world,world_claim,tool_verified,1,0,0
1102,plp,factual_world,world_claim,tool_verified,1,1,1
1103,naive,factual_world,world_claim,external_verified,1,1,1
1103,cgsp_fixed,factual_world,world_claim,external_verified,1,0,0
1103,plp,factual_world,world_claim,external_verified,1,1,1
1104,naive,personal_state,personal_state,explicit_user,1,1,1
1104,cgsp_fixed,personal_state,personal_state,explicit_user,1,0,0
1104,plp,personal_state,personal_state,explicit_user,1,1,1
1105,naive,personal_state,personal_state,tool_verified,1,1,1
1105,cgsp_fixed,personal_state,personal_state,tool_verified,1,0,0
1105,plp,personal_state,personal_state,tool_verified,1,1,1
1106,naive,factual_world,personal_state,explicit_user,0,1,0
1106,cgsp_fixed,factual_world,personal_state,explicit_user,0,0,1
1106,plp,factual_world,personal_state,explicit_user,0,0,1
1107,naive,recommendation,preference,explicit_user,0,0,1
1107,cgsp_fixed,recommendation,preference,explicit_user,0,0,1
1107,plp,recommendation,preference,explicit_user,0,0,1
1108,naive,planning,constraint,explicit_user,0,0,1
1108,cgsp_fixed,planning,constraint,explicit_user,0,0,1
1108,plp,planning,constraint,explicit_user,0,0,1
1109,naive,style,presentation,explicit_user,0,0,1
1109,cgsp_fixed,style,presentation,explicit_user,0,0,1
1109,plp,style,presentation,explicit_user,0,0,1
1110,naive,factual_world,world_claim,explicit_user,0,1,0
1110,cgsp_fixed,factual_world,world_claim,explicit_user,0,0,1
1110,plp,factual_world,world_claim,explicit_user,0,0,1
1111,naive,factual_world,world_claim,inferred,0,0,1
1111,cgsp_fixed,factual_world,world_claim,inferred,0,0,1
1111,plp,factual_world,world_claim,inferred,0,0,1
1112,naive,factual_world,world_claim,tool_verified,1,1,1
1112,cgsp_fixed,factual_world,world_claim,tool_verified,1,0,0
1112,plp,factual_world,world_claim,tool_verified,1,1,1
1113,naive,factual_world,world_claim,external_verified,1,1,1
1113,cgsp_fixed,factual_world,world_claim,external_verified,1,0,0
1113,plp,factual_world,world_claim,external_verified,1,1,1
1114,naive,personal_state,personal_state,explicit_user,1,1,1
1114,cgsp_fixed,personal_state,personal_state,explicit_user,1,0,0
1114,plp,personal_state,personal_state,explicit_user,1,1,1
1115,naive,personal_state,personal_state,tool_verified,1,1,1
1115,cgsp_fixed,personal_state,personal_state,tool_verified,1,0,0
1115,plp,personal_state,personal_state,tool_verified,1,1,1
1116,naive,factual_world,personal_state,explicit_user,0,1,0
1116,cgsp_fixed,factual_world,personal_state,explicit_user,0,0,1
1116,plp,factual_world,personal_state,explicit_user,0,0,1
1117,naive,recommendation,preference,explicit_user,0,0,1
1117,cgsp_fixed,recommendation,preference,explicit_user,0,0,1
1117,plp,recommendation,preference,explicit_user,0,0,1
1118,naive,planning,constraint,explicit_user,0,0,1
1118,cgsp_fixed,planning,constraint,explicit_user,0,0,1
1118,plp,planning,constraint,explicit_user,0,0,1
1119,naive,style,presentation,explicit_user,0,0,1
1119,cgsp_fixed,style,presentation,explicit_user,0,0,1
1119,plp,style,presentation,explicit_user,0,0,1
1120,naive,factual_world,world_claim,explicit_user,0,1,0
1120,cgsp_fixed,factual_world,world_claim,explicit_user,0,0,1
1120,plp,factual_world,world_claim,explicit_user,0,0,1
1121,naive,factual_world,world_claim,inferred,0,0,1
1121,cgsp_fixed,factual_world,world_claim,inferred,0,0,1
1121,plp,factual_world,world_claim,inferred,0,0,1
1122,naive,factual_world,world_claim,tool_verified,1,1,1
1122,cgsp_fixed,factual_world,world_claim,tool_verified,1,0,0
1122,plp,factual_world,world_claim,tool_verified,1,1,1
1123,naive,factual_world,world_claim,external_verified,1,1,1
1123,cgsp_fixed,factual_world,world_claim,external_verified,1,0,0
1123,plp,factual_world,world_claim,external_verified,1,1,1
1124,naive,personal_state,personal_state,explicit_user,1,1,1
1124,cgsp_fixed,personal_state,personal_state,explicit_user,1,0,0
1124,plp,personal_state,personal_state,explicit_user,1,1,1
1125,naive,personal_state,personal_state,tool_verified,1,1,1
1125,cgsp_fixed,personal_state,personal_state,tool_verified,1,0,0
1125,plp,personal_state,personal_state,tool_verified,1,1,1
1126,naive,factual_world,personal_state,explicit_user,0,1,0
1126,cgsp_fixed,factual_world,personal_state,explicit_user,0,0,1
1126,plp,factual_world,personal_state,explicit_user,0,0,1
1127,naive,recommendation,preference,explicit_user,0,0,1
1127,cgsp_fixed,recommendation,preference,explicit_user,0,0,1
1127,plp,recommendation,preference,explicit_user,0,0,1
1128,naive,planning,constraint,explicit_user,0,0,1
1128,cgsp_fixed,planning,constraint,explicit_user,0,0,1
1128,plp,planning,constraint,explicit_user,0,0,1
1129,naive,style,presentation,explicit_user,0,0,1
1129,cgsp_fixed,style,presentation,explicit_user,0,0,1
1129,plp,style,presentation,explicit_user,0,0,1
1130,naive,factual_world,world_claim,explicit_user,0,1,0
1130,cgsp_fixed,factual_world,world_claim,explicit_user,0,0,1
1130,plp,factual_world,world_claim,explicit_user,0,0,1
1131,naive,factual_world,world_claim,inferred,0,0,1
1131,cgsp_fixed,factual_world,world_claim,inferred,0,0,1
1131,plp,factual_world,world_claim,inferred,0,0,1
1132,naive,factual_world,world_claim,tool_verified,1,1,1
1132,cgsp_fixed,factual_world,world_claim,tool_verified,1,0,0
1132,plp,factual_world,world_claim,tool_verified,1,1,1
1133,naive,factual_world,world_claim,external_verified,1,1,1
1133,cgsp_fixed,factual_world,world_claim,external_verified,1,0,0
1133,plp,factual_world,world_claim,external_verified,1,1,1
1134,naive,personal_state,personal_state,explicit_user,1,1,1
1134,cgsp_fixed,personal_state,personal_state,explicit_user,1,0,0
1134,plp,personal_state,personal_state,explicit_user,1,1,1
1135,naive,personal_state,personal_state,tool_verified,1,1,1
1135,cgsp_fixed,personal_state,personal_state,tool_verified,1,0,0
1135,plp,personal_state,personal_state,tool_verified,1,1,1
1136,naive,factual_world,personal_state,explicit_user,0,1,0
1136,cgsp_fixed,factual_world,personal_state,explicit_user,0,0,1
1136,plp,factual_world,personal_state,explicit_user,0,0,1
1137,naive,recommendation,preference,explicit_user,0,0,1
1137,cgsp_fixed,recommendation,preference,explicit_user,0,0,1
1137,plp,recommendation,preference,explicit_user,0,0,1
1138,naive,planning,constraint,explicit_user,0,0,1
1138,cgsp_fixed,planning,constraint,explicit_user,0,0,1
1138,plp,planning,constraint,explicit_user,0,0,1
1139,naive,style,presentation,explicit_user,0,0,1
1139,cgsp_fixed,style,presentation,explicit_user,0,0,1
1139,plp,style,presentation,explicit_user,0,0,1
1140,naive,factual_world,world_claim,explicit_user,0,1,0
1140,cgsp_fixed,factual_world,world_claim,explicit_user,0,0,1
1140,plp,factual_world,world_claim,explicit_user,0,0,1
1141,naive,factual_world,world_claim,inferred,0,0,1
1141,cgsp_fixed,factual_world,world_claim,inferred,0,0,1
1141,plp,factual_world,world_claim,inferred,0,0,1
1142,naive,factual_world,world_claim,tool_verified,1,1,1
1142,cgsp_fixed,factual_world,world_claim,tool_verified,1,0,0
1142,plp,factual_world,world_claim,tool_verified,1,1,1
1143,naive,factual_world,world_claim,external_verified,1,1,1
1143,cgsp_fixed,factual_world,world_claim,external_verified,1,0,0
1143,plp,factual_world,world_claim,external_verified,1,1,1
1144,naive,personal_state,personal_state,explicit_user,1,1,1
1144,cgsp_fixed,personal_state,personal_state,explicit_user,1,0,0
1144,plp,personal_state,personal_state,explicit_user,1,1,1
1145,naive,personal_state,personal_state,tool_verified,1,1,1
1145,cgsp_fixed,personal_state,personal_state,tool_verified,1,0,0
1145,plp,personal_state,personal_state,tool_verified,1,1,1
1146,naive,factual_world,personal_state,explicit_user,0,1,0
1146,cgsp_fixed,factual_world,personal_state,explicit_user,0,0,1
1146,plp,factual_world,personal_state,explicit_user,0,0,1
1147,naive,recommendation,preference,explicit_user,0,0,1
1147,cgsp_fixed,recommendation,preference,explicit_user,0,0,1
1147,plp,recommendation,preference,explicit_user,0,0,1
1148,naive,planning,constraint,explicit_user,0,0,1
1148,cgsp_fixed,planning,constraint,explicit_user,0,0,1
1148,plp,planning,constraint,explicit_user,0,0,1
1149,naive,style,presentation,explicit_user,0,0,1
1149,cgsp_fixed,style,presentation,explicit_user,0,0,1
1149,plp,style,presentation,explicit_user,0,0,1
1150,naive,factual_world,world_claim,explicit_user,0,1,0
1150,cgsp_fixed,factual_world,world_claim,explicit_user,0,0,1
1150,plp,factual_world,world_claim,explicit_user,0,0,1
1151,naive,factual_world,world_claim,inferred,0,0,1
1151,cgsp_fixed,factual_world,world_claim,inferred,0,0,1
1151,plp,factual_world,world_claim,inferred,0,0,1
1152,naive,factual_world,world_claim,tool_verified,1,1,1
1152,cgsp_fixed,factual_world,world_claim,tool_verified,1,0,0
1152,plp,factual_world,world_claim,tool_verified,1,1,1
1153,naive,factual_world,world_claim,external_verified,1,1,1
1153,cgsp_fixed,factual_world,world_claim,external_verified,1,0,0
1153,plp,factual_world,world_claim,external_verified,1,1,1
1154,naive,personal_state,personal_state,explicit_user,1,1,1
1154,cgsp_fixed,personal_state,personal_state,explicit_user,1,0,0
1154,plp,personal_state,personal_state,explicit_user,1,1,1
1155,naive,personal_state,personal_state,tool_verified,1,1,1
1155,cgsp_fixed,personal_state,personal_state,tool_verified,1,0,0
1155,plp,personal_state,personal_state,tool_verified,1,1,1
1156,naive,factual_world,personal_state,explicit_user,0,1,0
1156,cgsp_fixed,factual_world,personal_state,explicit_user,0,0,1
1156,plp,factual_world,personal_state,explicit_user,0,0,1
1157,naive,recommendation,preference,explicit_user,0,0,1
1157,cgsp_fixed,recommendation,preference,explicit_user,0,0,1
1157,plp,recommendation,preference,explicit_user,0,0,1
1158,naive,planning,constraint,explicit_user,0,0,1
1158,cgsp_fixed,planning,constraint,explicit_user,0,0,1
1158,plp,planning,constraint,explicit_user,0,0,1
1159,naive,style,presentation,explicit_user,0,0,1
1159,cgsp_fixed,style,presentation,explicit_user,0,0,1
1159,plp,style,presentation,explicit_user,0,0,1
1160,naive,factual_world,world_claim,explicit_user,0,1,0
1160,cgsp_fixed,factual_world,world_claim,explicit_user,0,0,1
1160,plp,factual_world,world_claim,explicit_user,0,0,1
1161,naive,factual_world,world_claim,inferred,0,0,1
1161,cgsp_fixed,factual_world,world_claim,inferred,0,0,1
1161,plp,factual_world,world_claim,inferred,0,0,1
1162,naive,factual_world,world_claim,tool_verified,1,1,1
1162,cgsp_fixed,factual_world,world_claim,tool_verified,1,0,0
1162,plp,factual_world,world_claim,tool_verified,1,1,1
1163,naive,factual_world,world_claim,external_verified,1,1,1
1163,cgsp_fixed,factual_world,world_claim,external_verified,1,0,0
1163,plp,factual_world,world_claim,external_verified,1,1,1
1164,naive,personal_state,personal_state,explicit_user,1,1,1
1164,cgsp_fixed,personal_state,personal_state,explicit_user,1,0,0
1164,plp,personal_state,personal_state,explicit_user,1,1,1
1165,naive,personal_state,personal_state,tool_verified,1,1,1
1165,cgsp_fixed,personal_state,personal_state,tool_verified,1,0,0
1165,plp,personal_state,personal_state,tool_verified,1,1,1
1166,naive,factual_world,personal_state,explicit_user,0,1,0
1166,cgsp_fixed,factual_world,personal_state,explicit_user,0,0,1
1166,plp,factual_world,personal_state,explicit_user,0,0,1
1167,naive,recommendation,preference,explicit_user,0,0,1
1167,cgsp_fixed,recommendation,preference,explicit_user,0,0,1
1167,plp,recommendation,preference,explicit_user,0,0,1
1168,naive,planning,constraint,explicit_user,0,0,1
1168,cgsp_fixed,planning,constraint,explicit_user,0,0,1
1168,plp,planning,constraint,explicit_user,0,0,1
1169,naive,style,presentation,explicit_user,0,0,1
1169,cgsp_fixed,style,presentation,explicit_user,0,0,1
1169,plp,style,presentation,explicit_user,0,0,1
1170,naive,factual_world,world_claim,explicit_user,0,1,0
1170,cgsp_fixed,factual_world,world_claim,explicit_user,0,0,1
1170,plp,factual_world,world_claim,explicit_user,0,0,1
1171,naive,factual_world,world_claim,inferred,0,0,1
1171,cgsp_fixed,factual_world,world_claim,inferred,0,0,1
1171,plp,factual_world,world_claim,inferred,0,0,1
1172,naive,factual_world,world_claim,tool_verified,1,1,1
1172,cgsp_fixed,factual_world,world_claim,tool_verified,1,0,0
1172,plp,factual_world,world_claim,tool_verified,1,1,1
1173,naive,factual_world,world_claim,external_verified,1,1,1
1173,cgsp_fixed,factual_world,world_claim,external_verified,1,0,0
1173,plp,factual_world,world_claim,external_verified,1,1,1
1174,naive,personal_state,personal_state,explicit_user,1,1,1
1174,cgsp_fixed,personal_state,personal_state,explicit_user,1,0,0
1174,plp,personal_state,personal_state,explicit_user,1,1,1
1175,naive,personal_state,personal_state,tool_verified,1,1,1
1175,cgsp_fixed,personal_state,personal_state,tool_verified,1,0,0
1175,plp,personal_state,personal_state,tool_verified,1,1,1
1176,naive,factual_world,personal_state,explicit_user,0,1,0
1176,cgsp_fixed,factual_world,personal_state,explicit_user,0,0,1
1176,plp,factual_world,personal_state,explicit_user,0,0,1
1177,naive,recommendation,preference,explicit_user,0,0,1
1177,cgsp_fixed,recommendation,preference,explicit_user,0,0,1
1177,plp,recommendation,preference,explicit_user,0,0,1
1178,naive,planning,constraint,explicit_user,0,0,1
1178,cgsp_fixed,planning,constraint,explicit_user,0,0,1
1178,plp,planning,constraint,explicit_user,0,0,1
1179,naive,style,presentation,explicit_user,0,0,1
1179,cgsp_fixed,style,presentation,explicit_user,0,0,1
1179,plp,style,presentation,explicit_user,0,0,1
1180,naive,factual_world,world_claim,explicit_user,0,1,0
1180,cgsp_fixed,factual_world,world_claim,explicit_user,0,0,1
1180,plp,factual_world,world_claim,explicit_user,0,0,1
1181,naive,factual_world,world_claim,inferred,0,0,1
1181,cgsp_fixed,factual_world,world_claim,inferred,0,0,1
1181,plp,factual_world,world_claim,inferred,0,0,1
1182,naive,factual_world,world_claim,tool_verified,1,1,1
1182,cgsp_fixed,factual_world,world_claim,tool_verified,1,0,0
1182,plp,factual_world,world_claim,tool_verified,1,1,1
1183,naive,factual_world,world_claim,external_verified,1,1,1
1183,cgsp_fixed,factual_world,world_claim,external_verified,1,0,0
1183,plp,factual_world,world_claim,external_verified,1,1,1
1184,naive,personal_state,personal_state,explicit_user,1,1,1
1184,cgsp_fixed,personal_state,personal_state,explicit_user,1,0,0
1184,plp,personal_state,personal_state,explicit_user,1,1,1
1185,naive,personal_state,personal_state,tool_verified,1,1,1
1185,cgsp_fixed,personal_state,personal_state,tool_verified,1,0,0
1185,plp,personal_state,personal_state,tool_verified,1,1,1
1186,naive,factual_world,personal_state,explicit_user,0,1,0
1186,cgsp_fixed,factual_world,personal_state,explicit_user,0,0,1
1186,plp,factual_world,personal_state,explicit_user,0,0,1
1187,naive,recommendation,preference,explicit_user,0,0,1
1187,cgsp_fixed,recommendation,preference,explicit_user,0,0,1
1187,plp,recommendation,preference,explicit_user,0,0,1
1188,naive,planning,constraint,explicit_user,0,0,1
1188,cgsp_fixed,planning,constraint,explicit_user,0,0,1
1188,plp,planning,constraint,explicit_user,0,0,1
1189,naive,style,presentation,explicit_user,0,0,1
1189,cgsp_fixed,style,presentation,explicit_user,0,0,1
1189,plp,style,presentation,explicit_user,0,0,1
1190,naive,factual_world,world_claim,explicit_user,0,1,0
1190,cgsp_fixed,factual_world,world_claim,explicit_user,0,0,1
1190,plp,factual_world,world_claim,explicit_user,0,0,1
1191,naive,factual_world,world_claim,inferred,0,0,1
1191,cgsp_fixed,factual_world,world_claim,inferred,0,0,1
1191,plp,factual_world,world_claim,inferred,0,0,1
1192,naive,factual_world,world_claim,tool_verified,1,1,1
1192,cgsp_fixed,factual_world,world_claim,tool_verified,1,0,0
1192,plp,factual_world,world_claim,tool_verified,1,1,1
1193,naive,factual_world,world_claim,external_verified,1,1,1
1193,cgsp_fixed,factual_world,world_claim,external_verified,1,0,0
1193,plp,factual_world,world_claim,external_verified,1,1,1
1194,naive,personal_state,personal_state,explicit_user,1,1,1
1194,cgsp_fixed,personal_state,personal_state,explicit_user,1,0,0
1194,plp,personal_state,personal_state,explicit_user,1,1,1
1195,naive,personal_state,personal_state,tool_verified,1,1,1
1195,cgsp_fixed,personal_state,personal_state,tool_verified,1,0,0
1195,plp,personal_state,personal_state,tool_verified,1,1,1
1196,naive,factual_world,personal_state,explicit_user,0,1,0
1196,cgsp_fixed,factual_world,personal_state,explicit_user,0,0,1
1196,plp,factual_world,personal_state,explicit_user,0,0,1
1197,naive,recommendation,preference,explicit_user,0,0,1
1197,cgsp_fixed,recommendation,preference,explicit_user,0,0,1
1197,plp,recommendation,preference,explicit_user,0,0,1
1198,naive,planning,constraint,explicit_user,0,0,1
1198,cgsp_fixed,planning,constraint,explicit_user,0,0,1
1198,plp,planning,constraint,explicit_user,0,0,1
1199,naive,style,presentation,explicit_user,0,0,1
1199,cgsp_fixed,style,presentation,explicit_user,0,0,1
1199,plp,style,presentation,explicit_user,0,0,1
1200,naive,factual_world,world_claim,explicit_user,0,1,0
1200,cgsp_fixed,factual_world,world_claim,explicit_user,0,0,1
1200,plp,factual_world,world_claim,explicit_user,0,0,1
1201,naive,factual_world,world_claim,inferred,0,0,1
1201,cgsp_fixed,factual_world,world_claim,inferred,0,0,1
1201,plp,factual_world,world_claim,inferred,0,0,1
1202,naive,factual_world,world_claim,tool_verified,1,1,1
1202,cgsp_fixed,factual_world,world_claim,tool_verified,1,0,0
1202,plp,factual_world,world_claim,tool_verified,1,1,1
1203,naive,factual_world,world_claim,external_verified,1,1,1
1203,cgsp_fixed,factual_world,world_claim,external_verified,1,0,0
1203,plp,factual_world,world_claim,external_verified,1,1,1
1204,naive,personal_state,personal_state,explicit_user,1,1,1
1204,cgsp_fixed,personal_state,personal_state,explicit_user,1,0,0
1204,plp,personal_state,personal_state,explicit_user,1,1,1
1205,naive,personal_state,personal_state,tool_verified,1,1,1
1205,cgsp_fixed,personal_state,personal_state,tool_verified,1,0,0
1205,plp,personal_state,personal_state,tool_verified,1,1,1
1206,naive,factual_world,personal_state,explicit_user,0,1,0
1206,cgsp_fixed,factual_world,personal_state,explicit_user,0,0,1
1206,plp,factual_world,personal_state,explicit_user,0,0,1
1207,naive,recommendation,preference,explicit_user,0,0,1
1207,cgsp_fixed,recommendation,preference,explicit_user,0,0,1
1207,plp,recommendation,preference,explicit_user,0,0,1
1208,naive,planning,constraint,explicit_user,0,0,1
1208,cgsp_fixed,planning,constraint,explicit_user,0,0,1
1208,plp,planning,constraint,explicit_user,0,0,1
1209,naive,style,presentation,explicit_user,0,0,1
1209,cgsp_fixed,style,presentation,explicit_user,0,0,1
1209,plp,style,presentation,explicit_user,0,0,1
1210,naive,factual_world,world_claim,explicit_user,0,1,0
1210,cgsp_fixed,factual_world,world_claim,explicit_user,0,0,1
1210,plp,factual_world,world_claim,explicit_user,0,0,1
1211,naive,factual_world,world_claim,inferred,0,0,1
1211,cgsp_fixed,factual_world,world_claim,inferred,0,0,1
1211,plp,factual_world,world_claim,inferred,0,0,1
1212,naive,factual_world,world_claim,tool_verified,1,1,1
1212,cgsp_fixed,factual_world,world_claim,tool_verified,1,0,0
1212,plp,factual_world,world_claim,tool_verified,1,1,1
1213,naive,factual_world,world_claim,external_verified,1,1,1
1213,cgsp_fixed,factual_world,world_claim,external_verified,1,0,0
1213,plp,factual_world,world_claim,external_verified,1,1,1
1214,naive,personal_state,personal_state,explicit_user,1,1,1
1214,cgsp_fixed,personal_state,personal_state,explicit_user,1,0,0
1214,plp,personal_state,personal_state,explicit_user,1,1,1
1215,naive,personal_state,personal_state,tool_verified,1,1,1
1215,cgsp_fixed,personal_state,personal_state,tool_verified,1,0,0
1215,plp,personal_state,personal_state,tool_verified,1,1,1
1216,naive,factual_world,personal_state,explicit_user,0,1,0
1216,cgsp_fixed,factual_world,personal_state,explicit_user,0,0,1
1216,plp,factual_world,personal_state,explicit_user,0,0,1
1217,naive,recommendation,preference,explicit_user,0,0,1
1217,cgsp_fixed,recommendation,preference,explicit_user,0,0,1
1217,plp,recommendation,preference,explicit_user,0,0,1
1218,naive,planning,constraint,explicit_user,0,0,1
1218,cgsp_fixed,planning,constraint,explicit_user,0,0,1
1218,plp,planning,constraint,explicit_user,0,0,1
1219,naive,style,presentation,explicit_user,0,0,1
1219,cgsp_fixed,style,presentation,explicit_user,0,0,1
1219,plp,style,presentation,explicit_user,0,0,1
1220,naive,factual_world,world_claim,explicit_user,0,1,0
1220,cgsp_fixed,factual_world,world_claim,explicit_user,0,0,1
1220,plp,factual_world,world_claim,explicit_user,0,0,1
1221,naive,factual_world,world_claim,inferred,0,0,1
1221,cgsp_fixed,factual_world,world_claim,inferred,0,0,1
1221,plp,factual_world,world_claim,inferred,0,0,1
1222,naive,factual_world,world_claim,tool_verified,1,1,1
1222,cgsp_fixed,factual_world,world_claim,tool_verified,1,0,0
1222,plp,factual_world,world_claim,tool_verified,1,1,1
1223,naive,factual_world,world_claim,external_verified,1,1,1
1223,cgsp_fixed,factual_world,world_claim,external_verified,1,0,0
1223,plp,factual_world,world_claim,external_verified,1,1,1
1224,naive,personal_state,personal_state,explicit_user,1,1,1
1224,cgsp_fixed,personal_state,personal_state,explicit_user,1,0,0
1224,plp,personal_state,personal_state,explicit_user,1,1,1
1225,naive,personal_state,personal_state,tool_verified,1,1,1
1225,cgsp_fixed,personal_state,personal_state,tool_verified,1,0,0
1225,plp,personal_state,personal_state,tool_verified,1,1,1
1226,naive,factual_world,personal_state,explicit_user,0,1,0
1226,cgsp_fixed,factual_world,personal_state,explicit_user,0,0,1
1226,plp,factual_world,personal_state,explicit_user,0,0,1
1227,naive,recommendation,preference,explicit_user,0,0,1
1227,cgsp_fixed,recommendation,preference,explicit_user,0,0,1
1227,plp,recommendation,preference,explicit_user,0,0,1
1228,naive,planning,constraint,explicit_user,0,0,1
1228,cgsp_fixed,planning,constraint,explicit_user,0,0,1
1228,plp,planning,constraint,explicit_user,0,0,1
1229,naive,style,presentation,explicit_user,0,0,1
1229,cgsp_fixed,style,presentation,explicit_user,0,0,1
1229,plp,style,presentation,explicit_user,0,0,1
1230,naive,factual_world,world_claim,explicit_user,0,1,0
1230,cgsp_fixed,factual_world,world_claim,explicit_user,0,0,1
1230,plp,factual_world,world_claim,explicit_user,0,0,1
1231,naive,factual_world,world_claim,inferred,0,0,1
1231,cgsp_fixed,factual_world,world_claim,inferred,0,0,1
1231,plp,factual_world,world_claim,inferred,0,0,1
1232,naive,factual_world,world_claim,tool_verified,1,1,1
1232,cgsp_fixed,factual_world,world_claim,tool_verified,1,0,0
1232,plp,factual_world,world_claim,tool_verified,1,1,1
1233,naive,factual_world,world_claim,external_verified,1,1,1
1233,cgsp_fixed,factual_world,world_claim,external_verified,1,0,0
1233,plp,factual_world,world_claim,external_verified,1,1,1
1234,naive,personal_state,personal_state,explicit_user,1,1,1
1234,cgsp_fixed,personal_state,personal_state,explicit_user,1,0,0
1234,plp,personal_state,personal_state,explicit_user,1,1,1
1235,naive,personal_state,personal_state,tool_verified,1,1,1
1235,cgsp_fixed,personal_state,personal_state,tool_verified,1,0,0
1235,plp,personal_state,personal_state,tool_verified,1,1,1
1236,naive,factual_world,personal_state,explicit_user,0,1,0
1236,cgsp_fixed,factual_world,personal_state,explicit_user,0,0,1
1236,plp,factual_world,personal_state,explicit_user,0,0,1
1237,naive,recommendation,preference,explicit_user,0,0,1
1237,cgsp_fixed,recommendation,preference,explicit_user,0,0,1
1237,plp,recommendation,preference,explicit_user,0,0,1
1238,naive,planning,constraint,explicit_user,0,0,1
1238,cgsp_fixed,planning,constraint,explicit_user,0,0,1
1238,plp,planning,constraint,explicit_user,0,0,1
1239,naive,style,presentation,explicit_user,0,0,1
1239,cgsp_fixed,style,presentation,explicit_user,0,0,1
1239,plp,style,presentation,explicit_user,0,0,1
1240,naive,factual_world,world_claim,explicit_user,0,1,0
1240,cgsp_fixed,factual_world,world_claim,explicit_user,0,0,1
1240,plp,factual_world,world_claim,explicit_user,0,0,1
1241,naive,factual_world,world_claim,inferred,0,0,1
1241,cgsp_fixed,factual_world,world_claim,inferred,0,0,1
1241,plp,factual_world,world_claim,inferred,0,0,1
1242,naive,factual_world,world_claim,tool_verified,1,1,1
1242,cgsp_fixed,factual_world,world_claim,tool_verified,1,0,0
1242,plp,factual_world,world_claim,tool_verified,1,1,1
1243,naive,factual_world,world_claim,external_verified,1,1,1
1243,cgsp_fixed,factual_world,world_claim,external_verified,1,0,0
1243,plp,factual_world,world_claim,external_verified,1,1,1
1244,naive,personal_state,personal_state,explicit_user,1,1,1
1244,cgsp_fixed,personal_state,personal_state,explicit_user,1,0,0
1244,plp,personal_state,personal_state,explicit_user,1,1,1
1245,naive,personal_state,personal_state,tool_verified,1,1,1
1245,cgsp_fixed,personal_state,personal_state,tool_verified,1,0,0
1245,plp,personal_state,personal_state,tool_verified,1,1,1
1246,naive,factual_world,personal_state,explicit_user,0,1,0
1246,cgsp_fixed,factual_world,personal_state,explicit_user,0,0,1
1246,plp,factual_world,personal_state,explicit_user,0,0,1
1247,naive,recommendation,preference,explicit_user,0,0,1
1247,cgsp_fixed,recommendation,preference,explicit_user,0,0,1
1247,plp,recommendation,preference,explicit_user,0,0,1
1248,naive,planning,constraint,explicit_user,0,0,1
1248,cgsp_fixed,planning,constraint,explicit_user,0,0,1
1248,plp,planning,constraint,explicit_user,0,0,1
1249,naive,style,presentation,explicit_user,0,0,1
1249,cgsp_fixed,style,presentation,explicit_user,0,0,1
1249,plp,style,presentation,explicit_user,0,0,1
1250,naive,factual_world,world_claim,explicit_user,0,1,0
1250,cgsp_fixed,factual_world,world_claim,explicit_user,0,0,1
1250,plp,factual_world,world_claim,explicit_user,0,0,1
1251,naive,factual_world,world_claim,inferred,0,0,1
1251,cgsp_fixed,factual_world,world_claim,inferred,0,0,1
1251,plp,factual_world,world_claim,inferred,0,0,1
1252,naive,factual_world,world_claim,tool_verified,1,1,1
1252,cgsp_fixed,factual_world,world_claim,tool_verified,1,0,0
1252,plp,factual_world,world_claim,tool_verified,1,1,1
1253,naive,factual_world,world_claim,external_verified,1,1,1
1253,cgsp_fixed,factual_world,world_claim,external_verified,1,0,0
1253,plp,factual_world,world_claim,external_verified,1,1,1
1254,naive,personal_state,personal_state,explicit_user,1,1,1
1254,cgsp_fixed,personal_state,personal_state,explicit_user,1,0,0
1254,plp,personal_state,personal_state,explicit_user,1,1,1
1255,naive,personal_state,personal_state,tool_verified,1,1,1
1255,cgsp_fixed,personal_state,personal_state,tool_verified,1,0,0
1255,plp,personal_state,personal_state,tool_verified,1,1,1
1256,naive,factual_world,personal_state,explicit_user,0,1,0
1256,cgsp_fixed,factual_world,personal_state,explicit_user,0,0,1
1256,plp,factual_world,personal_state,explicit_user,0,0,1
1257,naive,recommendation,preference,explicit_user,0,0,1
1257,cgsp_fixed,recommendation,preference,explicit_user,0,0,1
1257,plp,recommendation,preference,explicit_user,0,0,1
1258,naive,planning,constraint,explicit_user,0,0,1
1258,cgsp_fixed,planning,constraint,explicit_user,0,0,1
1258,plp,planning,constraint,explicit_user,0,0,1
1259,naive,style,presentation,explicit_user,0,0,1
1259,cgsp_fixed,style,presentation,explicit_user,0,0,1
1259,plp,style,presentation,explicit_user,0,0,1
1260,naive,factual_world,world_claim,explicit_user,0,1,0
1260,cgsp_fixed,factual_world,world_claim,explicit_user,0,0,1
1260,plp,factual_world,world_claim,explicit_user,0,0,1
1261,naive,factual_world,world_claim,inferred,0,0,1
1261,cgsp_fixed,factual_world,world_claim,inferred,0,0,1
1261,plp,factual_world,world_claim,inferred,0,0,1
1262,naive,factual_world,world_claim,tool_verified,1,1,1
1262,cgsp_fixed,factual_world,world_claim,tool_verified,1,0,0
1262,plp,factual_world,world_claim,tool_verified,1,1,1
1263,naive,factual_world,world_claim,external_verified,1,1,1
1263,cgsp_fixed,factual_world,world_claim,external_verified,1,0,0
1263,plp,factual_world,world_claim,external_verified,1,1,1
1264,naive,personal_state,personal_state,explicit_user,1,1,1
1264,cgsp_fixed,personal_state,personal_state,explicit_user,1,0,0
1264,plp,personal_state,personal_state,explicit_user,1,1,1
1265,naive,personal_state,personal_state,tool_verified,1,1,1
1265,cgsp_fixed,personal_state,personal_state,tool_verified,1,0,0
1265,plp,personal_state,personal_state,tool_verified,1,1,1
1266,naive,factual_world,personal_state,explicit_user,0,1,0
1266,cgsp_fixed,factual_world,personal_state,explicit_user,0,0,1
1266,plp,factual_world,personal_state,explicit_user,0,0,1
1267,naive,recommendation,preference,explicit_user,0,0,1
1267,cgsp_fixed,recommendation,preference,explicit_user,0,0,1
1267,plp,recommendation,preference,explicit_user,0,0,1
1268,naive,planning,constraint,explicit_user,0,0,1
1268,cgsp_fixed,planning,constraint,explicit_user,0,0,1
1268,plp,planning,constraint,explicit_user,0,0,1
1269,naive,style,presentation,explicit_user,0,0,1
1269,cgsp_fixed,style,presentation,explicit_user,0,0,1
1269,plp,style,presentation,explicit_user,0,0,1
1270,naive,factual_world,world_claim,explicit_user,0,1,0
1270,cgsp_fixed,factual_world,world_claim,explicit_user,0,0,1
1270,plp,factual_world,world_claim,explicit_user,0,0,1
1271,naive,factual_world,world_claim,inferred,0,0,1
1271,cgsp_fixed,factual_world,world_claim,inferred,0,0,1
1271,plp,factual_world,world_claim,inferred,0,0,1
1272,naive,factual_world,world_claim,tool_verified,1,1,1
1272,cgsp_fixed,factual_world,world_claim,tool_verified,1,0,0
1272,plp,factual_world,world_claim,tool_verified,1,1,1
1273,naive,factual_world,world_claim,external_verified,1,1,1
1273,cgsp_fixed,factual_world,world_claim,external_verified,1,0,0
1273,plp,factual_world,world_claim,external_verified,1,1,1
1274,naive,personal_state,personal_state,explicit_user,1,1,1
1274,cgsp_fixed,personal_state,personal_state,explicit_user,1,0,0
1274,plp,personal_state,personal_state,explicit_user,1,1,1
1275,naive,personal_state,personal_state,tool_verified,1,1,1
1275,cgsp_fixed,personal_state,personal_state,tool_verified,1,0,0
1275,plp,personal_state,personal_state,tool_verified,1,1,1
1276,naive,factual_world,personal_state,explicit_user,0,1,0
1276,cgsp_fixed,factual_world,personal_state,explicit_user,0,0,1
1276,plp,factual_world,personal_state,explicit_user,0,0,1
1277,naive,recommendation,preference,explicit_user,0,0,1
1277,cgsp_fixed,recommendation,preference,explicit_user,0,0,1
1277,plp,recommendation,preference,explicit_user,0,0,1
1278,naive,planning,constraint,explicit_user,0,0,1
1278,cgsp_fixed,planning,constraint,explicit_user,0,0,1
1278,plp,planning,constraint,explicit_user,0,0,1
1279,naive,style,presentation,explicit_user,0,0,1
1279,cgsp_fixed,style,presentation,explicit_user,0,0,1
1279,plp,style,presentation,explicit_user,0,0,1
1280,naive,factual_world,world_claim,explicit_user,0,1,0
1280,cgsp_fixed,factual_world,world_claim,explicit_user,0,0,1
1280,plp,factual_world,world_claim,explicit_user,0,0,1
1281,naive,factual_world,world_claim,inferred,0,0,1
1281,cgsp_fixed,factual_world,world_claim,inferred,0,0,1
1281,plp,factual_world,world_claim,inferred,0,0,1
1282,naive,factual_world,world_claim,tool_verified,1,1,1
1282,cgsp_fixed,factual_world,world_claim,tool_verified,1,0,0
1282,plp,factual_world,world_claim,tool_verified,1,1,1
1283,naive,factual_world,world_claim,external_verified,1,1,1
1283,cgsp_fixed,factual_world,world_claim,external_verified,1,0,0
1283,plp,factual_world,world_claim,external_verified,1,1,1
1284,naive,personal_state,personal_state,explicit_user,1,1,1
1284,cgsp_fixed,personal_state,personal_state,explicit_user,1,0,0
1284,plp,personal_state,personal_state,explicit_user,1,1,1
1285,naive,personal_state,personal_state,tool_verified,1,1,1
1285,cgsp_fixed,personal_state,personal_state,tool_verified,1,0,0
1285,plp,personal_state,personal_state,tool_verified,1,1,1
1286,naive,factual_world,personal_state,explicit_user,0,1,0
1286,cgsp_fixed,factual_world,personal_state,explicit_user,0,0,1
1286,plp,factual_world,personal_state,explicit_user,0,0,1
1287,naive,recommendation,preference,explicit_user,0,0,1
1287,cgsp_fixed,recommendation,preference,explicit_user,0,0,1
1287,plp,recommendation,preference,explicit_user,0,0,1
1288,naive,planning,constraint,explicit_user,0,0,1
1288,cgsp_fixed,planning,constraint,explicit_user,0,0,1
1288,plp,planning,constraint,explicit_user,0,0,1
1289,naive,style,presentation,explicit_user,0,0,1
1289,cgsp_fixed,style,presentation,explicit_user,0,0,1
1289,plp,style,presentation,explicit_user,0,0,1
1290,naive,factual_world,world_claim,explicit_user,0,1,0
1290,cgsp_fixed,factual_world,world_claim,explicit_user,0,0,1
1290,plp,factual_world,world_claim,explicit_user,0,0,1
1291,naive,factual_world,world_claim,inferred,0,0,1
1291,cgsp_fixed,factual_world,world_claim,inferred,0,0,1
1291,plp,factual_world,world_claim,inferred,0,0,1
1292,naive,factual_world,world_claim,tool_verified,1,1,1
1292,cgsp_fixed,factual_world,world_claim,tool_verified,1,0,0
1292,plp,factual_world,world_claim,tool_verified,1,1,1
1293,naive,factual_world,world_claim,external_verified,1,1,1
1293,cgsp_fixed,factual_world,world_claim,external_verified,1,0,0
1293,plp,factual_world,world_claim,external_verified,1,1,1
1294,naive,personal_state,personal_state,explicit_user,1,1,1
1294,cgsp_fixed,personal_state,personal_state,explicit_user,1,0,0
1294,plp,personal_state,personal_state,explicit_user,1,1,1
1295,naive,personal_state,personal_state,tool_verified,1,1,1
1295,cgsp_fixed,personal_state,personal_state,tool_verified,1,0,0
1295,plp,personal_state,personal_state,tool_verified,1,1,1
1296,naive,factual_world,personal_state,explicit_user,0,1,0
1296,cgsp_fixed,factual_world,personal_state,explicit_user,0,0,1
1296,plp,factual_world,personal_state,explicit_user,0,0,1
1297,naive,recommendation,preference,explicit_user,0,0,1
1297,cgsp_fixed,recommendation,preference,explicit_user,0,0,1
1297,plp,recommendation,preference,explicit_user,0,0,1
1298,naive,planning,constraint,explicit_user,0,0,1
1298,cgsp_fixed,planning,constraint,explicit_user,0,0,1
1298,plp,planning,constraint,explicit_user,0,0,1
1299,naive,style,presentation,explicit_user,0,0,1
1299,cgsp_fixed,style,presentation,explicit_user,0,0,1
1299,plp,style,presentation,explicit_user,0,0,1
1300,naive,factual_world,world_claim,explicit_user,0,1,0
1300,cgsp_fixed,factual_world,world_claim,explicit_user,0,0,1
1300,plp,factual_world,world_claim,explicit_user,0,0,1
1301,naive,factual_world,world_claim,inferred,0,0,1
1301,cgsp_fixed,factual_world,world_claim,inferred,0,0,1
1301,plp,factual_world,world_claim,inferred,0,0,1
1302,naive,factual_world,world_claim,tool_verified,1,1,1
1302,cgsp_fixed,factual_world,world_claim,tool_verified,1,0,0
1302,plp,factual_world,world_claim,tool_verified,1,1,1
1303,naive,factual_world,world_claim,external_verified,1,1,1
1303,cgsp_fixed,factual_world,world_claim,external_verified,1,0,0
1303,plp,factual_world,world_claim,external_verified,1,1,1
1304,naive,personal_state,personal_state,explicit_user,1,1,1
1304,cgsp_fixed,personal_state,personal_state,explicit_user,1,0,0
1304,plp,personal_state,personal_state,explicit_user,1,1,1
1305,naive,personal_state,personal_state,tool_verified,1,1,1
1305,cgsp_fixed,personal_state,personal_state,tool_verified,1,0,0
1305,plp,personal_state,personal_state,tool_verified,1,1,1
1306,naive,factual_world,personal_state,explicit_user,0,1,0
1306,cgsp_fixed,factual_world,personal_state,explicit_user,0,0,1
1306,plp,factual_world,personal_state,explicit_user,0,0,1
1307,naive,recommendation,preference,explicit_user,0,0,1
1307,cgsp_fixed,recommendation,preference,explicit_user,0,0,1
1307,plp,recommendation,preference,explicit_user,0,0,1
1308,naive,planning,constraint,explicit_user,0,0,1
1308,cgsp_fixed,planning,constraint,explicit_user,0,0,1
1308,plp,planning,constraint,explicit_user,0,0,1
1309,naive,style,presentation,explicit_user,0,0,1
1309,cgsp_fixed,style,presentation,explicit_user,0,0,1
1309,plp,style,presentation,explicit_user,0,0,1
1310,naive,factual_world,world_claim,explicit_user,0,1,0
1310,cgsp_fixed,factual_world,world_claim,explicit_user,0,0,1
1310,plp,factual_world,world_claim,explicit_user,0,0,1
1311,naive,factual_world,world_claim,inferred,0,0,1
1311,cgsp_fixed,factual_world,world_claim,inferred,0,0,1
1311,plp,factual_world,world_claim,inferred,0,0,1
1312,naive,factual_world,world_claim,tool_verified,1,1,1
1312,cgsp_fixed,factual_world,world_claim,tool_verified,1,0,0
1312,plp,factual_world,world_claim,tool_verified,1,1,1
1313,naive,factual_world,world_claim,external_verified,1,1,1
1313,cgsp_fixed,factual_world,world_claim,external_verified,1,0,0
1313,plp,factual_world,world_claim,external_verified,1,1,1
1314,naive,personal_state,personal_state,explicit_user,1,1,1
1314,cgsp_fixed,personal_state,personal_state,explicit_user,1,0,0
1314,plp,personal_state,personal_state,explicit_user,1,1,1
1315,naive,personal_state,personal_state,tool_verified,1,1,1
1315,cgsp_fixed,personal_state,personal_state,tool_verified,1,0,0
1315,plp,personal_state,personal_state,tool_verified,1,1,1
1316,naive,factual_world,personal_state,explicit_user,0,1,0
1316,cgsp_fixed,factual_world,personal_state,explicit_user,0,0,1
1316,plp,factual_world,personal_state,explicit_user,0,0,1
1317,naive,recommendation,preference,explicit_user,0,0,1
1317,cgsp_fixed,recommendation,preference,explicit_user,0,0,1
1317,plp,recommendation,preference,explicit_user,0,0,1
1318,naive,planning,constraint,explicit_user,0,0,1
1318,cgsp_fixed,planning,constraint,explicit_user,0,0,1
1318,plp,planning,constraint,explicit_user,0,0,1
1319,naive,style,presentation,explicit_user,0,0,1
1319,cgsp_fixed,style,presentation,explicit_user,0,0,1
1319,plp,style,presentation,explicit_user,0,0,1
1320,naive,factual_world,world_claim,explicit_user,0,1,0
1320,cgsp_fixed,factual_world,world_claim,explicit_user,0,0,1
1320,plp,factual_world,world_claim,explicit_user,0,0,1
1321,naive,factual_world,world_claim,inferred,0,0,1
1321,cgsp_fixed,factual_world,world_claim,inferred,0,0,1
1321,plp,factual_world,world_claim,inferred,0,0,1
1322,naive,factual_world,world_claim,tool_verified,1,1,1
1322,cgsp_fixed,factual_world,world_claim,tool_verified,1,0,0
1322,plp,factual_world,world_claim,tool_verified,1,1,1
1323,naive,factual_world,world_claim,external_verified,1,1,1
1323,cgsp_fixed,factual_world,world_claim,external_verified,1,0,0
1323,plp,factual_world,world_claim,external_verified,1,1,1
1324,naive,personal_state,personal_state,explicit_user,1,1,1
1324,cgsp_fixed,personal_state,personal_state,explicit_user,1,0,0
1324,plp,personal_state,personal_state,explicit_user,1,1,1
1325,naive,personal_state,personal_state,tool_verified,1,1,1
1325,cgsp_fixed,personal_state,personal_state,tool_verified,1,0,0
1325,plp,personal_state,personal_state,tool_verified,1,1,1
1326,naive,factual_world,personal_state,explicit_user,0,1,0
1326,cgsp_fixed,factual_world,personal_state,explicit_user,0,0,1
1326,plp,factual_world,personal_state,explicit_user,0,0,1
1327,naive,recommendation,preference,explicit_user,0,0,1
1327,cgsp_fixed,recommendation,preference,explicit_user,0,0,1
1327,plp,recommendation,preference,explicit_user,0,0,1
1328,naive,planning,constraint,explicit_user,0,0,1
1328,cgsp_fixed,planning,constraint,explicit_user,0,0,1
1328,plp,planning,constraint,explicit_user,0,0,1
1329,naive,style,presentation,explicit_user,0,0,1
1329,cgsp_fixed,style,presentation,explicit_user,0,0,1
1329,plp,style,presentation,explicit_user,0,0,1
1330,naive,factual_world,world_claim,explicit_user,0,1,0
1330,cgsp_fixed,factual_world,world_claim,explicit_user,0,0,1
1330,plp,factual_world,world_claim,explicit_user,0,0,1
1331,naive,factual_world,world_claim,inferred,0,0,1
1331,cgsp_fixed,factual_world,world_claim,inferred,0,0,1
1331,plp,factual_world,world_claim,inferred,0,0,1
1332,naive,factual_world,world_claim,tool_verified,1,1,1
1332,cgsp_fixed,factual_world,world_claim,tool_verified,1,0,0
1332,plp,factual_world,world_claim,tool_verified,1,1,1
1333,naive,factual_world,world_claim,external_verified,1,1,1
1333,cgsp_fixed,factual_world,world_claim,external_verified,1,0,0
1333,plp,factual_world,world_claim,external_verified,1,1,1
1334,naive,personal_state,personal_state,explicit_user,1,1,1
1334,cgsp_fixed,personal_state,personal_state,explicit_user,1,0,0
1334,plp,personal_state,personal_state,explicit_user,1,1,1
1335,naive,personal_state,personal_state,tool_verified,1,1,1
1335,cgsp_fixed,personal_state,personal_state,tool_verified,1,0,0
1335,plp,personal_state,personal_state,tool_verified,1,1,1
1336,naive,factual_world,personal_state,explicit_user,0,1,0
1336,cgsp_fixed,factual_world,personal_state,explicit_user,0,0,1
1336,plp,factual_world,personal_state,explicit_user,0,0,1
1337,naive,recommendation,preference,explicit_user,0,0,1
1337,cgsp_fixed,recommendation,preference,explicit_user,0,0,1
1337,plp,recommendation,preference,explicit_user,0,0,1
1338,naive,planning,constraint,explicit_user,0,0,1
1338,cgsp_fixed,planning,constraint,explicit_user,0,0,1
1338,plp,planning,constraint,explicit_user,0,0,1
1339,naive,style,presentation,explicit_user,0,0,1
1339,cgsp_fixed,style,presentation,explicit_user,0,0,1
1339,plp,style,presentation,explicit_user,0,0,1
1340,naive,factual_world,world_claim,explicit_user,0,1,0
1340,cgsp_fixed,factual_world,world_claim,explicit_user,0,0,1
1340,plp,factual_world,world_claim,explicit_user,0,0,1
1341,naive,factual_world,world_claim,inferred,0,0,1
1341,cgsp_fixed,factual_world,world_claim,inferred,0,0,1
1341,plp,factual_world,world_claim,inferred,0,0,1
1342,naive,factual_world,world_claim,tool_verified,1,1,1
1342,cgsp_fixed,factual_world,world_claim,tool_verified,1,0,0
1342,plp,factual_world,world_claim,tool_verified,1,1,1
1343,naive,factual_world,world_claim,external_verified,1,1,1
1343,cgsp_fixed,factual_world,world_claim,external_verified,1,0,0
1343,plp,factual_world,world_claim,external_verified,1,1,1
1344,naive,personal_state,personal_state,explicit_user,1,1,1
1344,cgsp_fixed,personal_state,personal_state,explicit_user,1,0,0
1344,plp,personal_state,personal_state,explicit_user,1,1,1
1345,naive,personal_state,personal_state,tool_verified,1,1,1
1345,cgsp_fixed,personal_state,personal_state,tool_verified,1,0,0
1345,plp,personal_state,personal_state,tool_verified,1,1,1
1346,naive,factual_world,personal_state,explicit_user,0,1,0
1346,cgsp_fixed,factual_world,personal_state,explicit_user,0,0,1
1346,plp,factual_world,personal_state,explicit_user,0,0,1
1347,naive,recommendation,preference,explicit_user,0,0,1
1347,cgsp_fixed,recommendation,preference,explicit_user,0,0,1
1347,plp,recommendation,preference,explicit_user,0,0,1
1348,naive,planning,constraint,explicit_user,0,0,1
1348,cgsp_fixed,planning,constraint,explicit_user,0,0,1
1348,plp,planning,constraint,explicit_user,0,0,1
1349,naive,style,presentation,explicit_user,0,0,1
1349,cgsp_fixed,style,presentation,explicit_user,0,0,1
1349,plp,style,presentation,explicit_user,0,0,1
1350,naive,factual_world,world_claim,explicit_user,0,1,0
1350,cgsp_fixed,factual_world,world_claim,explicit_user,0,0,1
1350,plp,factual_world,world_claim,explicit_user,0,0,1
1351,naive,factual_world,world_claim,inferred,0,0,1
1351,cgsp_fixed,factual_world,world_claim,inferred,0,0,1
1351,plp,factual_world,world_claim,inferred,0,0,1
1352,naive,factual_world,world_claim,tool_verified,1,1,1
1352,cgsp_fixed,factual_world,world_claim,tool_verified,1,0,0
1352,plp,factual_world,world_claim,tool_verified,1,1,1
1353,naive,factual_world,world_claim,external_verified,1,1,1
1353,cgsp_fixed,factual_world,world_claim,external_verified,1,0,0
1353,plp,factual_world,world_claim,external_verified,1,1,1
1354,naive,personal_state,personal_state,explicit_user,1,1,1
1354,cgsp_fixed,personal_state,personal_state,explicit_user,1,0,0
1354,plp,personal_state,personal_state,explicit_user,1,1,1
1355,naive,personal_state,personal_state,tool_verified,1,1,1
1355,cgsp_fixed,personal_state,personal_state,tool_verified,1,0,0
1355,plp,personal_state,personal_state,tool_verified,1,1,1
1356,naive,factual_world,personal_state,explicit_user,0,1,0
1356,cgsp_fixed,factual_world,personal_state,explicit_user,0,0,1
1356,plp,factual_world,personal_state,explicit_user,0,0,1
1357,naive,recommendation,preference,explicit_user,0,0,1
1357,cgsp_fixed,recommendation,preference,explicit_user,0,0,1
1357,plp,recommendation,preference,explicit_user,0,0,1
1358,naive,planning,constraint,explicit_user,0,0,1
1358,cgsp_fixed,planning,constraint,explicit_user,0,0,1
1358,plp,planning,constraint,explicit_user,0,0,1
1359,naive,style,presentation,explicit_user,0,0,1
1359,cgsp_fixed,style,presentation,explicit_user,0,0,1
1359,plp,style,presentation,explicit_user,0,0,1
1360,naive,factual_world,world_claim,explicit_user,0,1,0
1360,cgsp_fixed,factual_world,world_claim,explicit_user,0,0,1
1360,plp,factual_world,world_claim,explicit_user,0,0,1
1361,naive,factual_world,world_claim,inferred,0,0,1
1361,cgsp_fixed,factual_world,world_claim,inferred,0,0,1
1361,plp,factual_world,world_claim,inferred,0,0,1
1362,naive,factual_world,world_claim,tool_verified,1,1,1
1362,cgsp_fixed,factual_world,world_claim,tool_verified,1,0,0
1362,plp,factual_world,world_claim,tool_verified,1,1,1
1363,naive,factual_world,world_claim,external_verified,1,1,1
1363,cgsp_fixed,factual_world,world_claim,external_verified,1,0,0
1363,plp,factual_world,world_claim,external_verified,1,1,1
1364,naive,personal_state,personal_state,explicit_user,1,1,1
1364,cgsp_fixed,personal_state,personal_state,explicit_user,1,0,0
1364,plp,personal_state,personal_state,explicit_user,1,1,1
1365,naive,personal_state,personal_state,tool_verified,1,1,1
1365,cgsp_fixed,personal_state,personal_state,tool_verified,1,0,0
1365,plp,personal_state,personal_state,tool_verified,1,1,1
1366,naive,factual_world,personal_state,explicit_user,0,1,0
1366,cgsp_fixed,factual_world,personal_state,explicit_user,0,0,1
1366,plp,factual_world,personal_state,explicit_user,0,0,1
1367,naive,recommendation,preference,explicit_user,0,0,1
1367,cgsp_fixed,recommendation,preference,explicit_user,0,0,1
1367,plp,recommendation,preference,explicit_user,0,0,1
1368,naive,planning,constraint,explicit_user,0,0,1
1368,cgsp_fixed,planning,constraint,explicit_user,0,0,1
1368,plp,planning,constraint,explicit_user,0,0,1
1369,naive,style,presentation,explicit_user,0,0,1
1369,cgsp_fixed,style,presentation,explicit_user,0,0,1
1369,plp,style,presentation,explicit_user,0,0,1
1370,naive,factual_world,world_claim,explicit_user,0,1,0
1370,cgsp_fixed,factual_world,world_claim,explicit_user,0,0,1
1370,plp,factual_world,world_claim,explicit_user,0,0,1
1371,naive,factual_world,world_claim,inferred,0,0,1
1371,cgsp_fixed,factual_world,world_claim,inferred,0,0,1
1371,plp,factual_world,world_claim,inferred,0,0,1
1372,naive,factual_world,world_claim,tool_verified,1,1,1
1372,cgsp_fixed,factual_world,world_claim,tool_verified,1,0,0
1372,plp,factual_world,world_claim,tool_verified,1,1,1
1373,naive,factual_world,world_claim,external_verified,1,1,1
1373,cgsp_fixed,factual_world,world_claim,external_verified,1,0,0
1373,plp,factual_world,world_claim,external_verified,1,1,1
1374,naive,personal_state,personal_state,explicit_user,1,1,1
1374,cgsp_fixed,personal_state,personal_state,explicit_user,1,0,0
1374,plp,personal_state,personal_state,explicit_user,1,1,1
1375,naive,personal_state,personal_state,tool_verified,1,1,1
1375,cgsp_fixed,personal_state,personal_state,tool_verified,1,0,0
1375,plp,personal_state,personal_state,tool_verified,1,1,1
1376,naive,factual_world,personal_state,explicit_user,0,1,0
1376,cgsp_fixed,factual_world,personal_state,explicit_user,0,0,1
1376,plp,factual_world,personal_state,explicit_user,0,0,1
1377,naive,recommendation,preference,explicit_user,0,0,1
1377,cgsp_fixed,recommendation,preference,explicit_user,0,0,1
1377,plp,recommendation,preference,explicit_user,0,0,1
1378,naive,planning,constraint,explicit_user,0,0,1
1378,cgsp_fixed,planning,constraint,explicit_user,0,0,1
1378,plp,planning,constraint,explicit_user,0,0,1
1379,naive,style,presentation,explicit_user,0,0,1
1379,cgsp_fixed,style,presentation,explicit_user,0,0,1
1379,plp,style,presentation,explicit_user,0,0,1
1380,naive,factual_world,world_claim,explicit_user,0,1,0
1380,cgsp_fixed,factual_world,world_claim,explicit_user,0,0,1
1380,plp,factual_world,world_claim,explicit_user,0,0,1
1381,naive,factual_world,world_claim,inferred,0,0,1
1381,cgsp_fixed,factual_world,world_claim,inferred,0,0,1
1381,plp,factual_world,world_claim,inferred,0,0,1
1382,naive,factual_world,world_claim,tool_verified,1,1,1
1382,cgsp_fixed,factual_world,world_claim,tool_verified,1,0,0
1382,plp,factual_world,world_claim,tool_verified,1,1,1
1383,naive,factual_world,world_claim,external_verified,1,1,1
1383,cgsp_fixed,factual_world,world_claim,external_verified,1,0,0
1383,plp,factual_world,world_claim,external_verified,1,1,1
1384,naive,personal_state,personal_state,explicit_user,1,1,1
1384,cgsp_fixed,personal_state,personal_state,explicit_user,1,0,0
1384,plp,personal_state,personal_state,explicit_user,1,1,1
1385,naive,personal_state,personal_state,tool_verified,1,1,1
1385,cgsp_fixed,personal_state,personal_state,tool_verified,1,0,0
1385,plp,personal_state,personal_state,tool_verified,1,1,1
1386,naive,factual_world,personal_state,explicit_user,0,1,0
1386,cgsp_fixed,factual_world,personal_state,explicit_user,0,0,1
1386,plp,factual_world,personal_state,explicit_user,0,0,1
1387,naive,recommendation,preference,explicit_user,0,0,1
1387,cgsp_fixed,recommendation,preference,explicit_user,0,0,1
1387,plp,recommendation,preference,explicit_user,0,0,1
1388,naive,planning,constraint,explicit_user,0,0,1
1388,cgsp_fixed,planning,constraint,explicit_user,0,0,1
1388,plp,planning,constraint,explicit_user,0,0,1
1389,naive,style,presentation,explicit_user,0,0,1
1389,cgsp_fixed,style,presentation,explicit_user,0,0,1
1389,plp,style,presentation,explicit_user,0,0,1
1390,naive,factual_world,world_claim,explicit_user,0,1,0
1390,cgsp_fixed,factual_world,world_claim,explicit_user,0,0,1
1390,plp,factual_world,world_claim,explicit_user,0,0,1
1391,naive,factual_world,world_claim,inferred,0,0,1
1391,cgsp_fixed,factual_world,world_claim,inferred,0,0,1
1391,plp,factual_world,world_claim,inferred,0,0,1
1392,naive,factual_world,world_claim,tool_verified,1,1,1
1392,cgsp_fixed,factual_world,world_claim,tool_verified,1,0,0
1392,plp,factual_world,world_claim,tool_verified,1,1,1
1393,naive,factual_world,world_claim,external_verified,1,1,1
1393,cgsp_fixed,factual_world,world_claim,external_verified,1,0,0
1393,plp,factual_world,world_claim,external_verified,1,1,1
1394,naive,personal_state,personal_state,explicit_user,1,1,1
1394,cgsp_fixed,personal_state,personal_state,explicit_user,1,0,0
1394,plp,personal_state,personal_state,explicit_user,1,1,1
1395,naive,personal_state,personal_state,tool_verified,1,1,1
1395,cgsp_fixed,personal_state,personal_state,tool_verified,1,0,0
1395,plp,personal_state,personal_state,tool_verified,1,1,1
1396,naive,factual_world,personal_state,explicit_user,0,1,0
1396,cgsp_fixed,factual_world,personal_state,explicit_user,0,0,1
1396,plp,factual_world,personal_state,explicit_user,0,0,1
1397,naive,recommendation,preference,explicit_user,0,0,1
1397,cgsp_fixed,recommendation,preference,explicit_user,0,0,1
1397,plp,recommendation,preference,explicit_user,0,0,1
1398,naive,planning,constraint,explicit_user,0,0,1
1398,cgsp_fixed,planning,constraint,explicit_user,0,0,1
1398,plp,planning,constraint,explicit_user,0,0,1
1399,naive,style,presentation,explicit_user,0,0,1
1399,cgsp_fixed,style,presentation,explicit_user,0,0,1
1399,plp,style,presentation,explicit_user,0,0,1
1400,naive,factual_world,world_claim,explicit_user,0,1,0
1400,cgsp_fixed,factual_world,world_claim,explicit_user,0,0,1
1400,plp,factual_world,world_claim,explicit_user,0,0,1
1401,naive,factual_world,world_claim,inferred,0,0,1
1401,cgsp_fixed,factual_world,world_claim,inferred,0,0,1
1401,plp,factual_world,world_claim,inferred,0,0,1
1402,naive,factual_world,world_claim,tool_verified,1,1,1
1402,cgsp_fixed,factual_world,world_claim,tool_verified,1,0,0
1402,plp,factual_world,world_claim,tool_verified,1,1,1
1403,naive,factual_world,world_claim,external_verified,1,1,1
1403,cgsp_fixed,factual_world,world_claim,external_verified,1,0,0
1403,plp,factual_world,world_claim,external_verified,1,1,1
1404,naive,personal_state,personal_state,explicit_user,1,1,1
1404,cgsp_fixed,personal_state,personal_state,explicit_user,1,0,0
1404,plp,personal_state,personal_state,explicit_user,1,1,1
1405,naive,personal_state,personal_state,tool_verified,1,1,1
1405,cgsp_fixed,personal_state,personal_state,tool_verified,1,0,0
1405,plp,personal_state,personal_state,tool_verified,1,1,1
1406,naive,factual_world,personal_state,explicit_user,0,1,0
1406,cgsp_fixed,factual_world,personal_state,explicit_user,0,0,1
1406,plp,factual_world,personal_state,explicit_user,0,0,1
1407,naive,recommendation,preference,explicit_user,0,0,1
1407,cgsp_fixed,recommendation,preference,explicit_user,0,0,1
1407,plp,recommendation,preference,explicit_user,0,0,1
1408,naive,planning,constraint,explicit_user,0,0,1
1408,cgsp_fixed,planning,constraint,explicit_user,0,0,1
1408,plp,planning,constraint,explicit_user,0,0,1
1409,naive,style,presentation,explicit_user,0,0,1
1409,cgsp_fixed,style,presentation,explicit_user,0,0,1
1409,plp,style,presentation,explicit_user,0,0,1
1410,naive,factual_world,world_claim,explicit_user,0,1,0
1410,cgsp_fixed,factual_world,world_claim,explicit_user,0,0,1
1410,plp,factual_world,world_claim,explicit_user,0,0,1
1411,naive,factual_world,world_claim,inferred,0,0,1
1411,cgsp_fixed,factual_world,world_claim,inferred,0,0,1
1411,plp,factual_world,world_claim,inferred,0,0,1
1412,naive,factual_world,world_claim,tool_verified,1,1,1
1412,cgsp_fixed,factual_world,world_claim,tool_verified,1,0,0
1412,plp,factual_world,world_claim,tool_verified,1,1,1
1413,naive,factual_world,world_claim,external_verified,1,1,1
1413,cgsp_fixed,factual_world,world_claim,external_verified,1,0,0
1413,plp,factual_world,world_claim,external_verified,1,1,1
1414,naive,personal_state,personal_state,explicit_user,1,1,1
1414,cgsp_fixed,personal_state,personal_state,explicit_user,1,0,0
1414,plp,personal_state,personal_state,explicit_user,1,1,1
1415,naive,personal_state,personal_state,tool_verified,1,1,1
1415,cgsp_fixed,personal_state,personal_state,tool_verified,1,0,0
1415,plp,personal_state,personal_state,tool_verified,1,1,1
1416,naive,factual_world,personal_state,explicit_user,0,1,0
1416,cgsp_fixed,factual_world,personal_state,explicit_user,0,0,1
1416,plp,factual_world,personal_state,explicit_user,0,0,1
1417,naive,recommendation,preference,explicit_user,0,0,1
1417,cgsp_fixed,recommendation,preference,explicit_user,0,0,1
1417,plp,recommendation,preference,explicit_user,0,0,1
1418,naive,planning,constraint,explicit_user,0,0,1
1418,cgsp_fixed,planning,constraint,explicit_user,0,0,1
1418,plp,planning,constraint,explicit_user,0,0,1
1419,naive,style,presentation,explicit_user,0,0,1
1419,cgsp_fixed,style,presentation,explicit_user,0,0,1
1419,plp,style,presentation,explicit_user,0,0,1
1420,naive,factual_world,world_claim,explicit_user,0,1,0
1420,cgsp_fixed,factual_world,world_claim,explicit_user,0,0,1
1420,plp,factual_world,world_claim,explicit_user,0,0,1
1421,naive,factual_world,world_claim,inferred,0,0,1
1421,cgsp_fixed,factual_world,world_claim,inferred,0,0,1
1421,plp,factual_world,world_claim,inferred,0,0,1
1422,naive,factual_world,world_claim,tool_verified,1,1,1
1422,cgsp_fixed,factual_world,world_claim,tool_verified,1,0,0
1422,plp,factual_world,world_claim,tool_verified,1,1,1
1423,naive,factual_world,world_claim,external_verified,1,1,1
1423,cgsp_fixed,factual_world,world_claim,external_verified,1,0,0
1423,plp,factual_world,world_claim,external_verified,1,1,1
1424,naive,personal_state,personal_state,explicit_user,1,1,1
1424,cgsp_fixed,personal_state,personal_state,explicit_user,1,0,0
1424,plp,personal_state,personal_state,explicit_user,1,1,1
1425,naive,personal_state,personal_state,tool_verified,1,1,1
1425,cgsp_fixed,personal_state,personal_state,tool_verified,1,0,0
1425,plp,personal_state,personal_state,tool_verified,1,1,1
1426,naive,factual_world,personal_state,explicit_user,0,1,0
1426,cgsp_fixed,factual_world,personal_state,explicit_user,0,0,1
1426,plp,factual_world,personal_state,explicit_user,0,0,1
1427,naive,recommendation,preference,explicit_user,0,0,1
1427,cgsp_fixed,recommendation,preference,explicit_user,0,0,1
1427,plp,recommendation,preference,explicit_user,0,0,1
1428,naive,planning,constraint,explicit_user,0,0,1
1428,cgsp_fixed,planning,constraint,explicit_user,0,0,1
1428,plp,planning,constraint,explicit_user,0,0,1
1429,naive,style,presentation,explicit_user,0,0,1
1429,cgsp_fixed,style,presentation,explicit_user,0,0,1
1429,plp,style,presentation,explicit_user,0,0,1
1430,naive,factual_world,world_claim,explicit_user,0,1,0
1430,cgsp_fixed,factual_world,world_claim,explicit_user,0,0,1
1430,plp,factual_world,world_claim,explicit_user,0,0,1
1431,naive,factual_world,world_claim,inferred,0,0,1
1431,cgsp_fixed,factual_world,world_claim,inferred,0,0,1
1431,plp,factual_world,world_claim,inferred,0,0,1
1432,naive,factual_world,world_claim,tool_verified,1,1,1
1432,cgsp_fixed,factual_world,world_claim,tool_verified,1,0,0
1432,plp,factual_world,world_claim,tool_verified,1,1,1
1433,naive,factual_world,world_claim,external_verified,1,1,1
1433,cgsp_fixed,factual_world,world_claim,external_verified,1,0,0
1433,plp,factual_world,world_claim,external_verified,1,1,1
1434,naive,personal_state,personal_state,explicit_user,1,1,1
1434,cgsp_fixed,personal_state,personal_state,explicit_user,1,0,0
1434,plp,personal_state,personal_state,explicit_user,1,1,1
1435,naive,personal_state,personal_state,tool_verified,1,1,1
1435,cgsp_fixed,personal_state,personal_state,tool_verified,1,0,0
1435,plp,personal_state,personal_state,tool_verified,1,1,1
1436,naive,factual_world,personal_state,explicit_user,0,1,0
1436,cgsp_fixed,factual_world,personal_state,explicit_user,0,0,1
1436,plp,factual_world,personal_state,explicit_user,0,0,1
1437,naive,recommendation,preference,explicit_user,0,0,1
1437,cgsp_fixed,recommendation,preference,explicit_user,0,0,1
1437,plp,recommendation,preference,explicit_user,0,0,1
1438,naive,planning,constraint,explicit_user,0,0,1
1438,cgsp_fixed,planning,constraint,explicit_user,0,0,1
1438,plp,planning,constraint,explicit_user,0,0,1
1439,naive,style,presentation,explicit_user,0,0,1
1439,cgsp_fixed,style,presentation,explicit_user,0,0,1
1439,plp,style,presentation,explicit_user,0,0,1
1440,naive,factual_world,world_claim,explicit_user,0,1,0
1440,cgsp_fixed,factual_world,world_claim,explicit_user,0,0,1
1440,plp,factual_world,world_claim,explicit_user,0,0,1
1441,naive,factual_world,world_claim,inferred,0,0,1
1441,cgsp_fixed,factual_world,world_claim,inferred,0,0,1
1441,plp,factual_world,world_claim,inferred,0,0,1
1442,naive,factual_world,world_claim,tool_verified,1,1,1
1442,cgsp_fixed,factual_world,world_claim,tool_verified,1,0,0
1442,plp,factual_world,world_claim,tool_verified,1,1,1
1443,naive,factual_world,world_claim,external_verified,1,1,1
1443,cgsp_fixed,factual_world,world_claim,external_verified,1,0,0
1443,plp,factual_world,world_claim,external_verified,1,1,1
1444,naive,personal_state,personal_state,explicit_user,1,1,1
1444,cgsp_fixed,personal_state,personal_state,explicit_user,1,0,0
1444,plp,personal_state,personal_state,explicit_user,1,1,1
1445,naive,personal_state,personal_state,tool_verified,1,1,1
1445,cgsp_fixed,personal_state,personal_state,tool_verified,1,0,0
1445,plp,personal_state,personal_state,tool_verified,1,1,1
1446,naive,factual_world,personal_state,explicit_user,0,1,0
1446,cgsp_fixed,factual_world,personal_state,explicit_user,0,0,1
1446,plp,factual_world,personal_state,explicit_user,0,0,1
1447,naive,recommendation,preference,explicit_user,0,0,1
1447,cgsp_fixed,recommendation,preference,explicit_user,0,0,1
1447,plp,recommendation,preference,explicit_user,0,0,1
1448,naive,planning,constraint,explicit_user,0,0,1
1448,cgsp_fixed,planning,constraint,explicit_user,0,0,1
1448,plp,planning,constraint,explicit_user,0,0,1
1449,naive,style,presentation,explicit_user,0,0,1
1449,cgsp_fixed,style,presentation,explicit_user,0,0,1
1449,plp,style,presentation,explicit_user,0,0,1
1450,naive,factual_world,world_claim,explicit_user,0,1,0
1450,cgsp_fixed,factual_world,world_claim,explicit_user,0,0,1
1450,plp,factual_world,world_claim,explicit_user,0,0,1
1451,naive,factual_world,world_claim,inferred,0,0,1
1451,cgsp_fixed,factual_world,world_claim,inferred,0,0,1
1451,plp,factual_world,world_claim,inferred,0,0,1
1452,naive,factual_world,world_claim,tool_verified,1,1,1
1452,cgsp_fixed,factual_world,world_claim,tool_verified,1,0,0
1452,plp,factual_world,world_claim,tool_verified,1,1,1
1453,naive,factual_world,world_claim,external_verified,1,1,1
1453,cgsp_fixed,factual_world,world_claim,external_verified,1,0,0
1453,plp,factual_world,world_claim,external_verified,1,1,1
1454,naive,personal_state,personal_state,explicit_user,1,1,1
1454,cgsp_fixed,personal_state,personal_state,explicit_user,1,0,0
1454,plp,personal_state,personal_state,explicit_user,1,1,1
1455,naive,personal_state,personal_state,tool_verified,1,1,1
1455,cgsp_fixed,personal_state,personal_state,tool_verified,1,0,0
1455,plp,personal_state,personal_state,tool_verified,1,1,1
1456,naive,factual_world,personal_state,explicit_user,0,1,0
1456,cgsp_fixed,factual_world,personal_state,explicit_user,0,0,1
1456,plp,factual_world,personal_state,explicit_user,0,0,1
1457,naive,recommendation,preference,explicit_user,0,0,1
1457,cgsp_fixed,recommendation,preference,explicit_user,0,0,1
1457,plp,recommendation,preference,explicit_user,0,0,1
1458,naive,planning,constraint,explicit_user,0,0,1
1458,cgsp_fixed,planning,constraint,explicit_user,0,0,1
1458,plp,planning,constraint,explicit_user,0,0,1
1459,naive,style,presentation,explicit_user,0,0,1
1459,cgsp_fixed,style,presentation,explicit_user,0,0,1
1459,plp,style,presentation,explicit_user,0,0,1
1460,naive,factual_world,world_claim,explicit_user,0,1,0
1460,cgsp_fixed,factual_world,world_claim,explicit_user,0,0,1
1460,plp,factual_world,world_claim,explicit_user,0,0,1
1461,naive,factual_world,world_claim,inferred,0,0,1
1461,cgsp_fixed,factual_world,world_claim,inferred,0,0,1
1461,plp,factual_world,world_claim,inferred,0,0,1
1462,naive,factual_world,world_claim,tool_verified,1,1,1
1462,cgsp_fixed,factual_world,world_claim,tool_verified,1,0,0
1462,plp,factual_world,world_claim,tool_verified,1,1,1
1463,naive,factual_world,world_claim,external_verified,1,1,1
1463,cgsp_fixed,factual_world,world_claim,external_verified,1,0,0
1463,plp,factual_world,world_claim,external_verified,1,1,1
1464,naive,personal_state,personal_state,explicit_user,1,1,1
1464,cgsp_fixed,personal_state,personal_state,explicit_user,1,0,0
1464,plp,personal_state,personal_state,explicit_user,1,1,1
1465,naive,personal_state,personal_state,tool_verified,1,1,1
1465,cgsp_fixed,personal_state,personal_state,tool_verified,1,0,0
1465,plp,personal_state,personal_state,tool_verified,1,1,1
1466,naive,factual_world,personal_state,explicit_user,0,1,0
1466,cgsp_fixed,factual_world,personal_state,explicit_user,0,0,1
1466,plp,factual_world,personal_state,explicit_user,0,0,1
1467,naive,recommendation,preference,explicit_user,0,0,1
1467,cgsp_fixed,recommendation,preference,explicit_user,0,0,1
1467,plp,recommendation,preference,explicit_user,0,0,1
1468,naive,planning,constraint,explicit_user,0,0,1
1468,cgsp_fixed,planning,constraint,explicit_user,0,0,1
1468,plp,planning,constraint,explicit_user,0,0,1
1469,naive,style,presentation,explicit_user,0,0,1
1469,cgsp_fixed,style,presentation,explicit_user,0,0,1
1469,plp,style,presentation,explicit_user,0,0,1
1470,naive,factual_world,world_claim,explicit_user,0,1,0
1470,cgsp_fixed,factual_world,world_claim,explicit_user,0,0,1
1470,plp,factual_world,world_claim,explicit_user,0,0,1
1471,naive,factual_world,world_claim,inferred,0,0,1
1471,cgsp_fixed,factual_world,world_claim,inferred,0,0,1
1471,plp,factual_world,world_claim,inferred,0,0,1
1472,naive,factual_world,world_claim,tool_verified,1,1,1
1472,cgsp_fixed,factual_world,world_claim,tool_verified,1,0,0
1472,plp,factual_world,world_claim,tool_verified,1,1,1
1473,naive,factual_world,world_claim,external_verified,1,1,1
1473,cgsp_fixed,factual_world,world_claim,external_verified,1,0,0
1473,plp,factual_world,world_claim,external_verified,1,1,1
1474,naive,personal_state,personal_state,explicit_user,1,1,1
1474,cgsp_fixed,personal_state,personal_state,explicit_user,1,0,0
1474,plp,personal_state,personal_state,explicit_user,1,1,1
1475,naive,personal_state,personal_state,tool_verified,1,1,1
1475,cgsp_fixed,personal_state,personal_state,tool_verified,1,0,0
1475,plp,personal_state,personal_state,tool_verified,1,1,1
1476,naive,factual_world,personal_state,explicit_user,0,1,0
1476,cgsp_fixed,factual_world,personal_state,explicit_user,0,0,1
1476,plp,factual_world,personal_state,explicit_user,0,0,1
1477,naive,recommendation,preference,explicit_user,0,0,1
1477,cgsp_fixed,recommendation,preference,explicit_user,0,0,1
1477,plp,recommendation,preference,explicit_user,0,0,1
1478,naive,planning,constraint,explicit_user,0,0,1
1478,cgsp_fixed,planning,constraint,explicit_user,0,0,1
1478,plp,planning,constraint,explicit_user,0,0,1
1479,naive,style,presentation,explicit_user,0,0,1
1479,cgsp_fixed,style,presentation,explicit_user,0,0,1
1479,plp,style,presentation,explicit_user,0,0,1
1480,naive,factual_world,world_claim,explicit_user,0,1,0
1480,cgsp_fixed,factual_world,world_claim,explicit_user,0,0,1
1480,plp,factual_world,world_claim,explicit_user,0,0,1
1481,naive,factual_world,world_claim,inferred,0,0,1
1481,cgsp_fixed,factual_world,world_claim,inferred,0,0,1
1481,plp,factual_world,world_claim,inferred,0,0,1
1482,naive,factual_world,world_claim,tool_verified,1,1,1
1482,cgsp_fixed,factual_world,world_claim,tool_verified,1,0,0
1482,plp,factual_world,world_claim,tool_verified,1,1,1
1483,naive,factual_world,world_claim,external_verified,1,1,1
1483,cgsp_fixed,factual_world,world_claim,external_verified,1,0,0
1483,plp,factual_world,world_claim,external_verified,1,1,1
1484,naive,personal_state,personal_state,explicit_user,1,1,1
1484,cgsp_fixed,personal_state,personal_state,explicit_user,1,0,0
1484,plp,personal_state,personal_state,explicit_user,1,1,1
1485,naive,personal_state,personal_state,tool_verified,1,1,1
1485,cgsp_fixed,personal_state,personal_state,tool_verified,1,0,0
1485,plp,personal_state,personal_state,tool_verified,1,1,1
1486,naive,factual_world,personal_state,explicit_user,0,1,0
1486,cgsp_fixed,factual_world,personal_state,explicit_user,0,0,1
1486,plp,factual_world,personal_state,explicit_user,0,0,1
1487,naive,recommendation,preference,explicit_user,0,0,1
1487,cgsp_fixed,recommendation,preference,explicit_user,0,0,1
1487,plp,recommendation,preference,explicit_user,0,0,1
1488,naive,planning,constraint,explicit_user,0,0,1
1488,cgsp_fixed,planning,constraint,explicit_user,0,0,1
1488,plp,planning,constraint,explicit_user,0,0,1
1489,naive,style,presentation,explicit_user,0,0,1
1489,cgsp_fixed,style,presentation,explicit_user,0,0,1
1489,plp,style,presentation,explicit_user,0,0,1
1490,naive,factual_world,world_claim,explicit_user,0,1,0
1490,cgsp_fixed,factual_world,world_claim,explicit_user,0,0,1
1490,plp,factual_world,world_claim,explicit_user,0,0,1
1491,naive,factual_world,world_claim,inferred,0,0,1
1491,cgsp_fixed,factual_world,world_claim,inferred,0,0,1
1491,plp,factual_world,world_claim,inferred,0,0,1
1492,naive,factual_world,world_claim,tool_verified,1,1,1
1492,cgsp_fixed,factual_world,world_claim,tool_verified,1,0,0
1492,plp,factual_world,world_claim,tool_verified,1,1,1
1493,naive,factual_world,world_claim,external_verified,1,1,1
1493,cgsp_fixed,factual_world,world_claim,external_verified,1,0,0
1493,plp,factual_world,world_claim,external_verified,1,1,1
1494,naive,personal_state,personal_state,explicit_user,1,1,1
1494,cgsp_fixed,personal_state,personal_state,explicit_user,1,0,0
1494,plp,personal_state,personal_state,explicit_user,1,1,1
1495,naive,personal_state,personal_state,tool_verified,1,1,1
1495,cgsp_fixed,personal_state,personal_state,tool_verified,1,0,0
1495,plp,personal_state,personal_state,tool_verified,1,1,1
1496,naive,factual_world,personal_state,explicit_user,0,1,0
1496,cgsp_fixed,factual_world,personal_state,explicit_user,0,0,1
1496,plp,factual_world,personal_state,explicit_user,0,0,1
1497,naive,recommendation,preference,explicit_user,0,0,1
1497,cgsp_fixed,recommendation,preference,explicit_user,0,0,1
1497,plp,recommendation,preference,explicit_user,0,0,1
1498,naive,planning,constraint,explicit_user,0,0,1
1498,cgsp_fixed,planning,constraint,explicit_user,0,0,1
1498,plp,planning,constraint,explicit_user,0,0,1
1499,naive,style,presentation,explicit_user,0,0,1
1499,cgsp_fixed,style,presentation,explicit_user,0,0,1
1499,plp,style,presentation,explicit_user,0,0,1
